Country,Country code,State,State code,State type,Year,Category,Subcategory,Variable,Unit,Value
India,IND,Andaman and Nicobar,AN,Union territory,2019,Electricity generation,Fuel,Bioenergy,%,0.0
India,IND,Andaman and Nicobar,AN,Union territory,2019,Electricity generation,Fuel,Coal,%,0.0
India,IND,Andaman and Nicobar,AN,Union territory,2019,Electricity generation,Fuel,Gas,%,0.0
India,IND,Andaman and Nicobar,AN,Union territory,2019,Electricity generation,Fuel,Hydro,%,6.84
India,IND,Andaman and Nicobar,AN,Union territory,2019,Electricity generation,Fuel,Nuclear,%,0.0
India,IND,Andaman and Nicobar,AN,Union territory,2019,Electricity generation,Fuel,Other Fossil,%,80.31
India,IND,Andaman and Nicobar,AN,Union territory,2019,Electricity generation,Fuel,Other Renewables,%,0.0
India,IND,Andaman and Nicobar,AN,Union territory,2019,Electricity generation,Fuel,Solar,%,12.85
India,IND,Andaman and Nicobar,AN,Union territory,2019,Electricity generation,Fuel,Wind,%,0.0
India,IND,Andaman and Nicobar,AN,Union territory,2019,Electricity generation,Fuel,Bioenergy,GWh,0.0
India,IND,Andaman and Nicobar,AN,Union territory,2019,Electricity generation,Fuel,Coal,GWh,0.0
India,IND,Andaman and Nicobar,AN,Union territory,2019,Electricity generation,Fuel,Gas,GWh,0.0
India,IND,Andaman and Nicobar,AN,Union territory,2019,Electricity generation,Fuel,Hydro,GWh,7.55
India,IND,Andaman and Nicobar,AN,Union territory,2019,Electricity generation,Fuel,Nuclear,GWh,0.0
India,IND,Andaman and Nicobar,AN,Union territory,2019,Electricity generation,Fuel,Other Fossil,GWh,88.62
India,IND,Andaman and Nicobar,AN,Union territory,2019,Electricity generation,Fuel,Other Renewables,GWh,0.0
India,IND,Andaman and Nicobar,AN,Union territory,2019,Electricity generation,Fuel,Solar,GWh,14.18
India,IND,Andaman and Nicobar,AN,Union territory,2019,Electricity generation,Fuel,Wind,GWh,0.0
India,IND,Andaman and Nicobar,AN,Union territory,2019,Electricity generation,Total,Total Generation,GWh,110.35
India,IND,Andaman and Nicobar,AN,Union territory,2020,Electricity generation,Fuel,Bioenergy,%,0.0
India,IND,Andaman and Nicobar,AN,Union territory,2020,Electricity generation,Fuel,Coal,%,0.0
India,IND,Andaman and Nicobar,AN,Union territory,2020,Electricity generation,Fuel,Gas,%,0.0
India,IND,Andaman and Nicobar,AN,Union territory,2020,Electricity generation,Fuel,Hydro,%,8.94
India,IND,Andaman and Nicobar,AN,Union territory,2020,Electricity generation,Fuel,Nuclear,%,0.0
India,IND,Andaman and Nicobar,AN,Union territory,2020,Electricity generation,Fuel,Other Fossil,%,78.28
India,IND,Andaman and Nicobar,AN,Union territory,2020,Electricity generation,Fuel,Other Renewables,%,0.0
India,IND,Andaman and Nicobar,AN,Union territory,2020,Electricity generation,Fuel,Solar,%,12.79
India,IND,Andaman and Nicobar,AN,Union territory,2020,Electricity generation,Fuel,Wind,%,0.0
India,IND,Andaman and Nicobar,AN,Union territory,2020,Electricity generation,Fuel,Bioenergy,GWh,0.0
India,IND,Andaman and Nicobar,AN,Union territory,2020,Electricity generation,Fuel,Coal,GWh,0.0
India,IND,Andaman and Nicobar,AN,Union territory,2020,Electricity generation,Fuel,Gas,GWh,0.0
India,IND,Andaman and Nicobar,AN,Union territory,2020,Electricity generation,Fuel,Hydro,GWh,14.41
India,IND,Andaman and Nicobar,AN,Union territory,2020,Electricity generation,Fuel,Nuclear,GWh,0.0
India,IND,Andaman and Nicobar,AN,Union territory,2020,Electricity generation,Fuel,Other Fossil,GWh,126.22
India,IND,Andaman and Nicobar,AN,Union territory,2020,Electricity generation,Fuel,Other Renewables,GWh,0.0
India,IND,Andaman and Nicobar,AN,Union territory,2020,Electricity generation,Fuel,Solar,GWh,20.62
India,IND,Andaman and Nicobar,AN,Union territory,2020,Electricity generation,Fuel,Wind,GWh,0.0
India,IND,Andaman and Nicobar,AN,Union territory,2020,Electricity generation,Total,Total Generation,GWh,161.25
India,IND,Andaman and Nicobar,AN,Union territory,2021,Electricity generation,Fuel,Bioenergy,%,0.0
India,IND,Andaman and Nicobar,AN,Union territory,2021,Electricity generation,Fuel,Coal,%,0.0
India,IND,Andaman and Nicobar,AN,Union territory,2021,Electricity generation,Fuel,Gas,%,0.0
India,IND,Andaman and Nicobar,AN,Union territory,2021,Electricity generation,Fuel,Hydro,%,9.92
India,IND,Andaman and Nicobar,AN,Union territory,2021,Electricity generation,Fuel,Nuclear,%,0.0
India,IND,Andaman and Nicobar,AN,Union territory,2021,Electricity generation,Fuel,Other Fossil,%,72.93
India,IND,Andaman and Nicobar,AN,Union territory,2021,Electricity generation,Fuel,Other Renewables,%,0.0
India,IND,Andaman and Nicobar,AN,Union territory,2021,Electricity generation,Fuel,Solar,%,17.16
India,IND,Andaman and Nicobar,AN,Union territory,2021,Electricity generation,Fuel,Wind,%,0.0
India,IND,Andaman and Nicobar,AN,Union territory,2021,Electricity generation,Fuel,Bioenergy,GWh,0.0
India,IND,Andaman and Nicobar,AN,Union territory,2021,Electricity generation,Fuel,Coal,GWh,0.0
India,IND,Andaman and Nicobar,AN,Union territory,2021,Electricity generation,Fuel,Gas,GWh,0.0
India,IND,Andaman and Nicobar,AN,Union territory,2021,Electricity generation,Fuel,Hydro,GWh,12.98
India,IND,Andaman and Nicobar,AN,Union territory,2021,Electricity generation,Fuel,Nuclear,GWh,0.0
India,IND,Andaman and Nicobar,AN,Union territory,2021,Electricity generation,Fuel,Other Fossil,GWh,95.43
India,IND,Andaman and Nicobar,AN,Union territory,2021,Electricity generation,Fuel,Other Renewables,GWh,0.0
India,IND,Andaman and Nicobar,AN,Union territory,2021,Electricity generation,Fuel,Solar,GWh,22.45
India,IND,Andaman and Nicobar,AN,Union territory,2021,Electricity generation,Fuel,Wind,GWh,0.0
India,IND,Andaman and Nicobar,AN,Union territory,2021,Electricity generation,Total,Total Generation,GWh,130.86
India,IND,Andaman and Nicobar,AN,Union territory,2022,Electricity generation,Fuel,Bioenergy,%,0.0
India,IND,Andaman and Nicobar,AN,Union territory,2022,Electricity generation,Fuel,Coal,%,0.0
India,IND,Andaman and Nicobar,AN,Union territory,2022,Electricity generation,Fuel,Gas,%,0.0
India,IND,Andaman and Nicobar,AN,Union territory,2022,Electricity generation,Fuel,Hydro,%,6.65
India,IND,Andaman and Nicobar,AN,Union territory,2022,Electricity generation,Fuel,Nuclear,%,0.0
India,IND,Andaman and Nicobar,AN,Union territory,2022,Electricity generation,Fuel,Other Fossil,%,82.43
India,IND,Andaman and Nicobar,AN,Union territory,2022,Electricity generation,Fuel,Other Renewables,%,0.0
India,IND,Andaman and Nicobar,AN,Union territory,2022,Electricity generation,Fuel,Solar,%,10.92
India,IND,Andaman and Nicobar,AN,Union territory,2022,Electricity generation,Fuel,Wind,%,0.0
India,IND,Andaman and Nicobar,AN,Union territory,2022,Electricity generation,Fuel,Bioenergy,GWh,0.0
India,IND,Andaman and Nicobar,AN,Union territory,2022,Electricity generation,Fuel,Coal,GWh,0.0
India,IND,Andaman and Nicobar,AN,Union territory,2022,Electricity generation,Fuel,Gas,GWh,0.0
India,IND,Andaman and Nicobar,AN,Union territory,2022,Electricity generation,Fuel,Hydro,GWh,14.29
India,IND,Andaman and Nicobar,AN,Union territory,2022,Electricity generation,Fuel,Nuclear,GWh,0.0
India,IND,Andaman and Nicobar,AN,Union territory,2022,Electricity generation,Fuel,Other Fossil,GWh,177.17
India,IND,Andaman and Nicobar,AN,Union territory,2022,Electricity generation,Fuel,Other Renewables,GWh,0.0
India,IND,Andaman and Nicobar,AN,Union territory,2022,Electricity generation,Fuel,Solar,GWh,23.47
India,IND,Andaman and Nicobar,AN,Union territory,2022,Electricity generation,Fuel,Wind,GWh,0.0
India,IND,Andaman and Nicobar,AN,Union territory,2022,Electricity generation,Total,Total Generation,GWh,214.93
India,IND,Andaman and Nicobar,AN,Union territory,2023,Electricity generation,Fuel,Bioenergy,%,0.0
India,IND,Andaman and Nicobar,AN,Union territory,2023,Electricity generation,Fuel,Coal,%,0.0
India,IND,Andaman and Nicobar,AN,Union territory,2023,Electricity generation,Fuel,Gas,%,0.0
India,IND,Andaman and Nicobar,AN,Union territory,2023,Electricity generation,Fuel,Hydro,%,3.07
India,IND,Andaman and Nicobar,AN,Union territory,2023,Electricity generation,Fuel,Nuclear,%,0.0
India,IND,Andaman and Nicobar,AN,Union territory,2023,Electricity generation,Fuel,Other Fossil,%,90.29
India,IND,Andaman and Nicobar,AN,Union territory,2023,Electricity generation,Fuel,Other Renewables,%,0.0
India,IND,Andaman and Nicobar,AN,Union territory,2023,Electricity generation,Fuel,Solar,%,6.65
India,IND,Andaman and Nicobar,AN,Union territory,2023,Electricity generation,Fuel,Wind,%,0.0
India,IND,Andaman and Nicobar,AN,Union territory,2023,Electricity generation,Fuel,Bioenergy,GWh,0.0
India,IND,Andaman and Nicobar,AN,Union territory,2023,Electricity generation,Fuel,Coal,GWh,0.0
India,IND,Andaman and Nicobar,AN,Union territory,2023,Electricity generation,Fuel,Gas,GWh,0.0
India,IND,Andaman and Nicobar,AN,Union territory,2023,Electricity generation,Fuel,Hydro,GWh,11.3
India,IND,Andaman and Nicobar,AN,Union territory,2023,Electricity generation,Fuel,Nuclear,GWh,0.0
India,IND,Andaman and Nicobar,AN,Union territory,2023,Electricity generation,Fuel,Other Fossil,GWh,332.49
India,IND,Andaman and Nicobar,AN,Union territory,2023,Electricity generation,Fuel,Other Renewables,GWh,0.0
India,IND,Andaman and Nicobar,AN,Union territory,2023,Electricity generation,Fuel,Solar,GWh,24.47
India,IND,Andaman and Nicobar,AN,Union territory,2023,Electricity generation,Fuel,Wind,GWh,0.0
India,IND,Andaman and Nicobar,AN,Union territory,2023,Electricity generation,Total,Total Generation,GWh,368.26
India,IND,Andaman and Nicobar,AN,Union territory,2024,Electricity generation,Fuel,Bioenergy,%,0.0
India,IND,Andaman and Nicobar,AN,Union territory,2024,Electricity generation,Fuel,Coal,%,0.0
India,IND,Andaman and Nicobar,AN,Union territory,2024,Electricity generation,Fuel,Gas,%,0.0
India,IND,Andaman and Nicobar,AN,Union territory,2024,Electricity generation,Fuel,Hydro,%,3.83
India,IND,Andaman and Nicobar,AN,Union territory,2024,Electricity generation,Fuel,Nuclear,%,0.0
India,IND,Andaman and Nicobar,AN,Union territory,2024,Electricity generation,Fuel,Other Fossil,%,89.36
India,IND,Andaman and Nicobar,AN,Union territory,2024,Electricity generation,Fuel,Other Renewables,%,0.0
India,IND,Andaman and Nicobar,AN,Union territory,2024,Electricity generation,Fuel,Solar,%,6.81
India,IND,Andaman and Nicobar,AN,Union territory,2024,Electricity generation,Fuel,Wind,%,0.0
India,IND,Andaman and Nicobar,AN,Union territory,2024,Electricity generation,Fuel,Bioenergy,GWh,0.0
India,IND,Andaman and Nicobar,AN,Union territory,2024,Electricity generation,Fuel,Coal,GWh,0.0
India,IND,Andaman and Nicobar,AN,Union territory,2024,Electricity generation,Fuel,Gas,GWh,0.0
India,IND,Andaman and Nicobar,AN,Union territory,2024,Electricity generation,Fuel,Hydro,GWh,15.5
India,IND,Andaman and Nicobar,AN,Union territory,2024,Electricity generation,Fuel,Nuclear,GWh,0.0
India,IND,Andaman and Nicobar,AN,Union territory,2024,Electricity generation,Fuel,Other Fossil,GWh,361.4
India,IND,Andaman and Nicobar,AN,Union territory,2024,Electricity generation,Fuel,Other Renewables,GWh,0.0
India,IND,Andaman and Nicobar,AN,Union territory,2024,Electricity generation,Fuel,Solar,GWh,27.53
India,IND,Andaman and Nicobar,AN,Union territory,2024,Electricity generation,Fuel,Wind,GWh,0.0
India,IND,Andaman and Nicobar,AN,Union territory,2024,Electricity generation,Total,Total Generation,GWh,404.43
India,IND,Andhra Pradesh,AP,state,2019,Electricity generation,Fuel,Bioenergy,%,0.34
India,IND,Andhra Pradesh,AP,state,2019,Electricity generation,Fuel,Coal,%,74.06
India,IND,Andhra Pradesh,AP,state,2019,Electricity generation,Fuel,Gas,%,3.91
India,IND,Andhra Pradesh,AP,state,2019,Electricity generation,Fuel,Hydro,%,4.1
India,IND,Andhra Pradesh,AP,state,2019,Electricity generation,Fuel,Nuclear,%,0.0
India,IND,Andhra Pradesh,AP,state,2019,Electricity generation,Fuel,Other Fossil,%,0.0
India,IND,Andhra Pradesh,AP,state,2019,Electricity generation,Fuel,Other Renewables,%,0.01
India,IND,Andhra Pradesh,AP,state,2019,Electricity generation,Fuel,Solar,%,7.24
India,IND,Andhra Pradesh,AP,state,2019,Electricity generation,Fuel,Wind,%,10.34
India,IND,Andhra Pradesh,AP,state,2019,Electricity generation,Fuel,Bioenergy,GWh,260.99
India,IND,Andhra Pradesh,AP,state,2019,Electricity generation,Fuel,Coal,GWh,56674.98
India,IND,Andhra Pradesh,AP,state,2019,Electricity generation,Fuel,Gas,GWh,2995.04
India,IND,Andhra Pradesh,AP,state,2019,Electricity generation,Fuel,Hydro,GWh,3133.97
India,IND,Andhra Pradesh,AP,state,2019,Electricity generation,Fuel,Nuclear,GWh,0.0
India,IND,Andhra Pradesh,AP,state,2019,Electricity generation,Fuel,Other Fossil,GWh,0.0
India,IND,Andhra Pradesh,AP,state,2019,Electricity generation,Fuel,Other Renewables,GWh,7.28
India,IND,Andhra Pradesh,AP,state,2019,Electricity generation,Fuel,Solar,GWh,5544.21
India,IND,Andhra Pradesh,AP,state,2019,Electricity generation,Fuel,Wind,GWh,7911.17
India,IND,Andhra Pradesh,AP,state,2019,Electricity generation,Total,Total Generation,GWh,76527.64
India,IND,Andhra Pradesh,AP,state,2020,Electricity generation,Fuel,Bioenergy,%,0.31
India,IND,Andhra Pradesh,AP,state,2020,Electricity generation,Fuel,Coal,%,68.6
India,IND,Andhra Pradesh,AP,state,2020,Electricity generation,Fuel,Gas,%,5.41
India,IND,Andhra Pradesh,AP,state,2020,Electricity generation,Fuel,Hydro,%,5.56
India,IND,Andhra Pradesh,AP,state,2020,Electricity generation,Fuel,Nuclear,%,0.0
India,IND,Andhra Pradesh,AP,state,2020,Electricity generation,Fuel,Other Fossil,%,0.0
India,IND,Andhra Pradesh,AP,state,2020,Electricity generation,Fuel,Other Renewables,%,0.06
India,IND,Andhra Pradesh,AP,state,2020,Electricity generation,Fuel,Solar,%,10.17
India,IND,Andhra Pradesh,AP,state,2020,Electricity generation,Fuel,Wind,%,9.89
India,IND,Andhra Pradesh,AP,state,2020,Electricity generation,Fuel,Bioenergy,GWh,200.57
India,IND,Andhra Pradesh,AP,state,2020,Electricity generation,Fuel,Coal,GWh,44290.94
India,IND,Andhra Pradesh,AP,state,2020,Electricity generation,Fuel,Gas,GWh,3494.37
India,IND,Andhra Pradesh,AP,state,2020,Electricity generation,Fuel,Hydro,GWh,3588.07
India,IND,Andhra Pradesh,AP,state,2020,Electricity generation,Fuel,Nuclear,GWh,0.0
India,IND,Andhra Pradesh,AP,state,2020,Electricity generation,Fuel,Other Fossil,GWh,0.0
India,IND,Andhra Pradesh,AP,state,2020,Electricity generation,Fuel,Other Renewables,GWh,38.27
India,IND,Andhra Pradesh,AP,state,2020,Electricity generation,Fuel,Solar,GWh,6566.31
India,IND,Andhra Pradesh,AP,state,2020,Electricity generation,Fuel,Wind,GWh,6381.84
India,IND,Andhra Pradesh,AP,state,2020,Electricity generation,Total,Total Generation,GWh,64560.37
India,IND,Andhra Pradesh,AP,state,2021,Electricity generation,Fuel,Bioenergy,%,0.24
India,IND,Andhra Pradesh,AP,state,2021,Electricity generation,Fuel,Coal,%,71.62
India,IND,Andhra Pradesh,AP,state,2021,Electricity generation,Fuel,Gas,%,3.25
India,IND,Andhra Pradesh,AP,state,2021,Electricity generation,Fuel,Hydro,%,4.82
India,IND,Andhra Pradesh,AP,state,2021,Electricity generation,Fuel,Nuclear,%,0.0
India,IND,Andhra Pradesh,AP,state,2021,Electricity generation,Fuel,Other Fossil,%,0.0
India,IND,Andhra Pradesh,AP,state,2021,Electricity generation,Fuel,Other Renewables,%,0.14
India,IND,Andhra Pradesh,AP,state,2021,Electricity generation,Fuel,Solar,%,10.31
India,IND,Andhra Pradesh,AP,state,2021,Electricity generation,Fuel,Wind,%,9.61
India,IND,Andhra Pradesh,AP,state,2021,Electricity generation,Fuel,Bioenergy,GWh,183.93
India,IND,Andhra Pradesh,AP,state,2021,Electricity generation,Fuel,Coal,GWh,53958.91
India,IND,Andhra Pradesh,AP,state,2021,Electricity generation,Fuel,Gas,GWh,2450.25
India,IND,Andhra Pradesh,AP,state,2021,Electricity generation,Fuel,Hydro,GWh,3630.57
India,IND,Andhra Pradesh,AP,state,2021,Electricity generation,Fuel,Nuclear,GWh,0.0
India,IND,Andhra Pradesh,AP,state,2021,Electricity generation,Fuel,Other Fossil,GWh,0.0
India,IND,Andhra Pradesh,AP,state,2021,Electricity generation,Fuel,Other Renewables,GWh,107.7
India,IND,Andhra Pradesh,AP,state,2021,Electricity generation,Fuel,Solar,GWh,7764.92
India,IND,Andhra Pradesh,AP,state,2021,Electricity generation,Fuel,Wind,GWh,7243.53
India,IND,Andhra Pradesh,AP,state,2021,Electricity generation,Total,Total Generation,GWh,75339.81
India,IND,Andhra Pradesh,AP,state,2022,Electricity generation,Fuel,Bioenergy,%,0.22
India,IND,Andhra Pradesh,AP,state,2022,Electricity generation,Fuel,Coal,%,74.03
India,IND,Andhra Pradesh,AP,state,2022,Electricity generation,Fuel,Gas,%,1.21
India,IND,Andhra Pradesh,AP,state,2022,Electricity generation,Fuel,Hydro,%,5.09
India,IND,Andhra Pradesh,AP,state,2022,Electricity generation,Fuel,Nuclear,%,0.0
India,IND,Andhra Pradesh,AP,state,2022,Electricity generation,Fuel,Other Fossil,%,0.0
India,IND,Andhra Pradesh,AP,state,2022,Electricity generation,Fuel,Other Renewables,%,0.33
India,IND,Andhra Pradesh,AP,state,2022,Electricity generation,Fuel,Solar,%,9.98
India,IND,Andhra Pradesh,AP,state,2022,Electricity generation,Fuel,Wind,%,9.14
India,IND,Andhra Pradesh,AP,state,2022,Electricity generation,Fuel,Bioenergy,GWh,176.79
India,IND,Andhra Pradesh,AP,state,2022,Electricity generation,Fuel,Coal,GWh,59458.07
India,IND,Andhra Pradesh,AP,state,2022,Electricity generation,Fuel,Gas,GWh,969.93
India,IND,Andhra Pradesh,AP,state,2022,Electricity generation,Fuel,Hydro,GWh,4088.55
India,IND,Andhra Pradesh,AP,state,2022,Electricity generation,Fuel,Nuclear,GWh,0.0
India,IND,Andhra Pradesh,AP,state,2022,Electricity generation,Fuel,Other Fossil,GWh,0.0
India,IND,Andhra Pradesh,AP,state,2022,Electricity generation,Fuel,Other Renewables,GWh,261.78
India,IND,Andhra Pradesh,AP,state,2022,Electricity generation,Fuel,Solar,GWh,8016.28
India,IND,Andhra Pradesh,AP,state,2022,Electricity generation,Fuel,Wind,GWh,7342.75
India,IND,Andhra Pradesh,AP,state,2022,Electricity generation,Total,Total Generation,GWh,80314.15
India,IND,Andhra Pradesh,AP,state,2023,Electricity generation,Fuel,Bioenergy,%,0.1
India,IND,Andhra Pradesh,AP,state,2023,Electricity generation,Fuel,Coal,%,78.39
India,IND,Andhra Pradesh,AP,state,2023,Electricity generation,Fuel,Gas,%,0.0
India,IND,Andhra Pradesh,AP,state,2023,Electricity generation,Fuel,Hydro,%,2.22
India,IND,Andhra Pradesh,AP,state,2023,Electricity generation,Fuel,Nuclear,%,0.0
India,IND,Andhra Pradesh,AP,state,2023,Electricity generation,Fuel,Other Fossil,%,0.0
India,IND,Andhra Pradesh,AP,state,2023,Electricity generation,Fuel,Other Renewables,%,0.34
India,IND,Andhra Pradesh,AP,state,2023,Electricity generation,Fuel,Solar,%,9.42
India,IND,Andhra Pradesh,AP,state,2023,Electricity generation,Fuel,Wind,%,9.53
India,IND,Andhra Pradesh,AP,state,2023,Electricity generation,Fuel,Bioenergy,GWh,85.76
India,IND,Andhra Pradesh,AP,state,2023,Electricity generation,Fuel,Coal,GWh,69108.69
India,IND,Andhra Pradesh,AP,state,2023,Electricity generation,Fuel,Gas,GWh,0.0
India,IND,Andhra Pradesh,AP,state,2023,Electricity generation,Fuel,Hydro,GWh,1953.55
India,IND,Andhra Pradesh,AP,state,2023,Electricity generation,Fuel,Nuclear,GWh,0.0
India,IND,Andhra Pradesh,AP,state,2023,Electricity generation,Fuel,Other Fossil,GWh,0.0
India,IND,Andhra Pradesh,AP,state,2023,Electricity generation,Fuel,Other Renewables,GWh,303.64
India,IND,Andhra Pradesh,AP,state,2023,Electricity generation,Fuel,Solar,GWh,8303.21
India,IND,Andhra Pradesh,AP,state,2023,Electricity generation,Fuel,Wind,GWh,8400.81
India,IND,Andhra Pradesh,AP,state,2023,Electricity generation,Total,Total Generation,GWh,88155.66
India,IND,Andhra Pradesh,AP,state,2024,Electricity generation,Fuel,Bioenergy,%,0.1
India,IND,Andhra Pradesh,AP,state,2024,Electricity generation,Fuel,Coal,%,79.06
India,IND,Andhra Pradesh,AP,state,2024,Electricity generation,Fuel,Gas,%,0.04
India,IND,Andhra Pradesh,AP,state,2024,Electricity generation,Fuel,Hydro,%,3.48
India,IND,Andhra Pradesh,AP,state,2024,Electricity generation,Fuel,Nuclear,%,0.0
India,IND,Andhra Pradesh,AP,state,2024,Electricity generation,Fuel,Other Fossil,%,0.0
India,IND,Andhra Pradesh,AP,state,2024,Electricity generation,Fuel,Other Renewables,%,0.34
India,IND,Andhra Pradesh,AP,state,2024,Electricity generation,Fuel,Solar,%,8.8
India,IND,Andhra Pradesh,AP,state,2024,Electricity generation,Fuel,Wind,%,8.18
India,IND,Andhra Pradesh,AP,state,2024,Electricity generation,Fuel,Bioenergy,GWh,86.5
India,IND,Andhra Pradesh,AP,state,2024,Electricity generation,Fuel,Coal,GWh,71659.23
India,IND,Andhra Pradesh,AP,state,2024,Electricity generation,Fuel,Gas,GWh,36.45
India,IND,Andhra Pradesh,AP,state,2024,Electricity generation,Fuel,Hydro,GWh,3158.6
India,IND,Andhra Pradesh,AP,state,2024,Electricity generation,Fuel,Nuclear,GWh,0.0
India,IND,Andhra Pradesh,AP,state,2024,Electricity generation,Fuel,Other Fossil,GWh,0.0
India,IND,Andhra Pradesh,AP,state,2024,Electricity generation,Fuel,Other Renewables,GWh,304.81
India,IND,Andhra Pradesh,AP,state,2024,Electricity generation,Fuel,Solar,GWh,7978.5
India,IND,Andhra Pradesh,AP,state,2024,Electricity generation,Fuel,Wind,GWh,7415.17
India,IND,Andhra Pradesh,AP,state,2024,Electricity generation,Total,Total Generation,GWh,90639.26
India,IND,Arunachal Pradesh,AR,state,2019,Electricity generation,Fuel,Bioenergy,%,0.0
India,IND,Arunachal Pradesh,AR,state,2019,Electricity generation,Fuel,Coal,%,0.0
India,IND,Arunachal Pradesh,AR,state,2019,Electricity generation,Fuel,Gas,%,0.0
India,IND,Arunachal Pradesh,AR,state,2019,Electricity generation,Fuel,Hydro,%,99.91
India,IND,Arunachal Pradesh,AR,state,2019,Electricity generation,Fuel,Nuclear,%,0.0
India,IND,Arunachal Pradesh,AR,state,2019,Electricity generation,Fuel,Other Fossil,%,0.0
India,IND,Arunachal Pradesh,AR,state,2019,Electricity generation,Fuel,Other Renewables,%,0.0
India,IND,Arunachal Pradesh,AR,state,2019,Electricity generation,Fuel,Solar,%,0.09
India,IND,Arunachal Pradesh,AR,state,2019,Electricity generation,Fuel,Wind,%,0.0
India,IND,Arunachal Pradesh,AR,state,2019,Electricity generation,Fuel,Bioenergy,GWh,0.0
India,IND,Arunachal Pradesh,AR,state,2019,Electricity generation,Fuel,Coal,GWh,0.0
India,IND,Arunachal Pradesh,AR,state,2019,Electricity generation,Fuel,Gas,GWh,0.0
India,IND,Arunachal Pradesh,AR,state,2019,Electricity generation,Fuel,Hydro,GWh,1648.44
India,IND,Arunachal Pradesh,AR,state,2019,Electricity generation,Fuel,Nuclear,GWh,0.0
India,IND,Arunachal Pradesh,AR,state,2019,Electricity generation,Fuel,Other Fossil,GWh,0.0
India,IND,Arunachal Pradesh,AR,state,2019,Electricity generation,Fuel,Other Renewables,GWh,0.0
India,IND,Arunachal Pradesh,AR,state,2019,Electricity generation,Fuel,Solar,GWh,1.41
India,IND,Arunachal Pradesh,AR,state,2019,Electricity generation,Fuel,Wind,GWh,0.0
India,IND,Arunachal Pradesh,AR,state,2019,Electricity generation,Total,Total Generation,GWh,1649.85
India,IND,Arunachal Pradesh,AR,state,2020,Electricity generation,Fuel,Bioenergy,%,0.0
India,IND,Arunachal Pradesh,AR,state,2020,Electricity generation,Fuel,Coal,%,0.0
India,IND,Arunachal Pradesh,AR,state,2020,Electricity generation,Fuel,Gas,%,0.0
India,IND,Arunachal Pradesh,AR,state,2020,Electricity generation,Fuel,Hydro,%,99.95
India,IND,Arunachal Pradesh,AR,state,2020,Electricity generation,Fuel,Nuclear,%,0.0
India,IND,Arunachal Pradesh,AR,state,2020,Electricity generation,Fuel,Other Fossil,%,0.0
India,IND,Arunachal Pradesh,AR,state,2020,Electricity generation,Fuel,Other Renewables,%,0.0
India,IND,Arunachal Pradesh,AR,state,2020,Electricity generation,Fuel,Solar,%,0.05
India,IND,Arunachal Pradesh,AR,state,2020,Electricity generation,Fuel,Wind,%,0.0
India,IND,Arunachal Pradesh,AR,state,2020,Electricity generation,Fuel,Bioenergy,GWh,0.0
India,IND,Arunachal Pradesh,AR,state,2020,Electricity generation,Fuel,Coal,GWh,0.0
India,IND,Arunachal Pradesh,AR,state,2020,Electricity generation,Fuel,Gas,GWh,0.0
India,IND,Arunachal Pradesh,AR,state,2020,Electricity generation,Fuel,Hydro,GWh,3198.96
India,IND,Arunachal Pradesh,AR,state,2020,Electricity generation,Fuel,Nuclear,GWh,0.0
India,IND,Arunachal Pradesh,AR,state,2020,Electricity generation,Fuel,Other Fossil,GWh,0.0
India,IND,Arunachal Pradesh,AR,state,2020,Electricity generation,Fuel,Other Renewables,GWh,0.0
India,IND,Arunachal Pradesh,AR,state,2020,Electricity generation,Fuel,Solar,GWh,1.64
India,IND,Arunachal Pradesh,AR,state,2020,Electricity generation,Fuel,Wind,GWh,0.0
India,IND,Arunachal Pradesh,AR,state,2020,Electricity generation,Total,Total Generation,GWh,3200.6
India,IND,Arunachal Pradesh,AR,state,2021,Electricity generation,Fuel,Bioenergy,%,0.0
India,IND,Arunachal Pradesh,AR,state,2021,Electricity generation,Fuel,Coal,%,0.0
India,IND,Arunachal Pradesh,AR,state,2021,Electricity generation,Fuel,Gas,%,0.0
India,IND,Arunachal Pradesh,AR,state,2021,Electricity generation,Fuel,Hydro,%,99.96
India,IND,Arunachal Pradesh,AR,state,2021,Electricity generation,Fuel,Nuclear,%,0.0
India,IND,Arunachal Pradesh,AR,state,2021,Electricity generation,Fuel,Other Fossil,%,0.0
India,IND,Arunachal Pradesh,AR,state,2021,Electricity generation,Fuel,Other Renewables,%,0.0
India,IND,Arunachal Pradesh,AR,state,2021,Electricity generation,Fuel,Solar,%,0.04
India,IND,Arunachal Pradesh,AR,state,2021,Electricity generation,Fuel,Wind,%,0.0
India,IND,Arunachal Pradesh,AR,state,2021,Electricity generation,Fuel,Bioenergy,GWh,0.0
India,IND,Arunachal Pradesh,AR,state,2021,Electricity generation,Fuel,Coal,GWh,0.0
India,IND,Arunachal Pradesh,AR,state,2021,Electricity generation,Fuel,Gas,GWh,0.0
India,IND,Arunachal Pradesh,AR,state,2021,Electricity generation,Fuel,Hydro,GWh,4062.6
India,IND,Arunachal Pradesh,AR,state,2021,Electricity generation,Fuel,Nuclear,GWh,0.0
India,IND,Arunachal Pradesh,AR,state,2021,Electricity generation,Fuel,Other Fossil,GWh,0.0
India,IND,Arunachal Pradesh,AR,state,2021,Electricity generation,Fuel,Other Renewables,GWh,0.0
India,IND,Arunachal Pradesh,AR,state,2021,Electricity generation,Fuel,Solar,GWh,1.71
India,IND,Arunachal Pradesh,AR,state,2021,Electricity generation,Fuel,Wind,GWh,0.0
India,IND,Arunachal Pradesh,AR,state,2021,Electricity generation,Total,Total Generation,GWh,4064.31
India,IND,Arunachal Pradesh,AR,state,2022,Electricity generation,Fuel,Bioenergy,%,0.0
India,IND,Arunachal Pradesh,AR,state,2022,Electricity generation,Fuel,Coal,%,0.0
India,IND,Arunachal Pradesh,AR,state,2022,Electricity generation,Fuel,Gas,%,0.0
India,IND,Arunachal Pradesh,AR,state,2022,Electricity generation,Fuel,Hydro,%,99.54
India,IND,Arunachal Pradesh,AR,state,2022,Electricity generation,Fuel,Nuclear,%,0.0
India,IND,Arunachal Pradesh,AR,state,2022,Electricity generation,Fuel,Other Fossil,%,0.0
India,IND,Arunachal Pradesh,AR,state,2022,Electricity generation,Fuel,Other Renewables,%,0.0
India,IND,Arunachal Pradesh,AR,state,2022,Electricity generation,Fuel,Solar,%,0.46
India,IND,Arunachal Pradesh,AR,state,2022,Electricity generation,Fuel,Wind,%,0.0
India,IND,Arunachal Pradesh,AR,state,2022,Electricity generation,Fuel,Bioenergy,GWh,0.0
India,IND,Arunachal Pradesh,AR,state,2022,Electricity generation,Fuel,Coal,GWh,0.0
India,IND,Arunachal Pradesh,AR,state,2022,Electricity generation,Fuel,Gas,GWh,0.0
India,IND,Arunachal Pradesh,AR,state,2022,Electricity generation,Fuel,Hydro,GWh,4836.98
India,IND,Arunachal Pradesh,AR,state,2022,Electricity generation,Fuel,Nuclear,GWh,0.0
India,IND,Arunachal Pradesh,AR,state,2022,Electricity generation,Fuel,Other Fossil,GWh,0.0
India,IND,Arunachal Pradesh,AR,state,2022,Electricity generation,Fuel,Other Renewables,GWh,0.03
India,IND,Arunachal Pradesh,AR,state,2022,Electricity generation,Fuel,Solar,GWh,22.2
India,IND,Arunachal Pradesh,AR,state,2022,Electricity generation,Fuel,Wind,GWh,0.0
India,IND,Arunachal Pradesh,AR,state,2022,Electricity generation,Total,Total Generation,GWh,4859.21
India,IND,Arunachal Pradesh,AR,state,2023,Electricity generation,Fuel,Bioenergy,%,0.0
India,IND,Arunachal Pradesh,AR,state,2023,Electricity generation,Fuel,Coal,%,0.0
India,IND,Arunachal Pradesh,AR,state,2023,Electricity generation,Fuel,Gas,%,0.0
India,IND,Arunachal Pradesh,AR,state,2023,Electricity generation,Fuel,Hydro,%,99.95
India,IND,Arunachal Pradesh,AR,state,2023,Electricity generation,Fuel,Nuclear,%,0.0
India,IND,Arunachal Pradesh,AR,state,2023,Electricity generation,Fuel,Other Fossil,%,0.0
India,IND,Arunachal Pradesh,AR,state,2023,Electricity generation,Fuel,Other Renewables,%,0.0
India,IND,Arunachal Pradesh,AR,state,2023,Electricity generation,Fuel,Solar,%,0.05
India,IND,Arunachal Pradesh,AR,state,2023,Electricity generation,Fuel,Wind,%,0.0
India,IND,Arunachal Pradesh,AR,state,2023,Electricity generation,Fuel,Bioenergy,GWh,0.0
India,IND,Arunachal Pradesh,AR,state,2023,Electricity generation,Fuel,Coal,GWh,0.0
India,IND,Arunachal Pradesh,AR,state,2023,Electricity generation,Fuel,Gas,GWh,0.0
India,IND,Arunachal Pradesh,AR,state,2023,Electricity generation,Fuel,Hydro,GWh,4289.87
India,IND,Arunachal Pradesh,AR,state,2023,Electricity generation,Fuel,Nuclear,GWh,0.0
India,IND,Arunachal Pradesh,AR,state,2023,Electricity generation,Fuel,Other Fossil,GWh,0.0
India,IND,Arunachal Pradesh,AR,state,2023,Electricity generation,Fuel,Other Renewables,GWh,0.0
India,IND,Arunachal Pradesh,AR,state,2023,Electricity generation,Fuel,Solar,GWh,2.13
India,IND,Arunachal Pradesh,AR,state,2023,Electricity generation,Fuel,Wind,GWh,0.0
India,IND,Arunachal Pradesh,AR,state,2023,Electricity generation,Total,Total Generation,GWh,4292.0
India,IND,Arunachal Pradesh,AR,state,2024,Electricity generation,Fuel,Bioenergy,%,0.0
India,IND,Arunachal Pradesh,AR,state,2024,Electricity generation,Fuel,Coal,%,0.0
India,IND,Arunachal Pradesh,AR,state,2024,Electricity generation,Fuel,Gas,%,0.0
India,IND,Arunachal Pradesh,AR,state,2024,Electricity generation,Fuel,Hydro,%,99.97
India,IND,Arunachal Pradesh,AR,state,2024,Electricity generation,Fuel,Nuclear,%,0.0
India,IND,Arunachal Pradesh,AR,state,2024,Electricity generation,Fuel,Other Fossil,%,0.0
India,IND,Arunachal Pradesh,AR,state,2024,Electricity generation,Fuel,Other Renewables,%,0.0
India,IND,Arunachal Pradesh,AR,state,2024,Electricity generation,Fuel,Solar,%,0.03
India,IND,Arunachal Pradesh,AR,state,2024,Electricity generation,Fuel,Wind,%,0.0
India,IND,Arunachal Pradesh,AR,state,2024,Electricity generation,Fuel,Bioenergy,GWh,0.0
India,IND,Arunachal Pradesh,AR,state,2024,Electricity generation,Fuel,Coal,GWh,0.0
India,IND,Arunachal Pradesh,AR,state,2024,Electricity generation,Fuel,Gas,GWh,0.0
India,IND,Arunachal Pradesh,AR,state,2024,Electricity generation,Fuel,Hydro,GWh,4295.97
India,IND,Arunachal Pradesh,AR,state,2024,Electricity generation,Fuel,Nuclear,GWh,0.0
India,IND,Arunachal Pradesh,AR,state,2024,Electricity generation,Fuel,Other Fossil,GWh,0.0
India,IND,Arunachal Pradesh,AR,state,2024,Electricity generation,Fuel,Other Renewables,GWh,0.0
India,IND,Arunachal Pradesh,AR,state,2024,Electricity generation,Fuel,Solar,GWh,1.18
India,IND,Arunachal Pradesh,AR,state,2024,Electricity generation,Fuel,Wind,GWh,0.0
India,IND,Arunachal Pradesh,AR,state,2024,Electricity generation,Total,Total Generation,GWh,4297.15
India,IND,Assam,AS,state,2019,Electricity generation,Fuel,Bioenergy,%,0.0
India,IND,Assam,AS,state,2019,Electricity generation,Fuel,Coal,%,45.93
India,IND,Assam,AS,state,2019,Electricity generation,Fuel,Gas,%,35.77
India,IND,Assam,AS,state,2019,Electricity generation,Fuel,Hydro,%,18.22
India,IND,Assam,AS,state,2019,Electricity generation,Fuel,Nuclear,%,0.0
India,IND,Assam,AS,state,2019,Electricity generation,Fuel,Other Fossil,%,0.0
India,IND,Assam,AS,state,2019,Electricity generation,Fuel,Other Renewables,%,0.0
India,IND,Assam,AS,state,2019,Electricity generation,Fuel,Solar,%,0.08
India,IND,Assam,AS,state,2019,Electricity generation,Fuel,Wind,%,0.0
India,IND,Assam,AS,state,2019,Electricity generation,Fuel,Bioenergy,GWh,0.0
India,IND,Assam,AS,state,2019,Electricity generation,Fuel,Coal,GWh,3653.01
India,IND,Assam,AS,state,2019,Electricity generation,Fuel,Gas,GWh,2845.15
India,IND,Assam,AS,state,2019,Electricity generation,Fuel,Hydro,GWh,1449.59
India,IND,Assam,AS,state,2019,Electricity generation,Fuel,Nuclear,GWh,0.0
India,IND,Assam,AS,state,2019,Electricity generation,Fuel,Other Fossil,GWh,0.0
India,IND,Assam,AS,state,2019,Electricity generation,Fuel,Other Renewables,GWh,0.0
India,IND,Assam,AS,state,2019,Electricity generation,Fuel,Solar,GWh,6.38
India,IND,Assam,AS,state,2019,Electricity generation,Fuel,Wind,GWh,0.0
India,IND,Assam,AS,state,2019,Electricity generation,Total,Total Generation,GWh,7954.13
India,IND,Assam,AS,state,2020,Electricity generation,Fuel,Bioenergy,%,0.0
India,IND,Assam,AS,state,2020,Electricity generation,Fuel,Coal,%,51.88
India,IND,Assam,AS,state,2020,Electricity generation,Fuel,Gas,%,43.24
India,IND,Assam,AS,state,2020,Electricity generation,Fuel,Hydro,%,4.79
India,IND,Assam,AS,state,2020,Electricity generation,Fuel,Nuclear,%,0.0
India,IND,Assam,AS,state,2020,Electricity generation,Fuel,Other Fossil,%,0.0
India,IND,Assam,AS,state,2020,Electricity generation,Fuel,Other Renewables,%,0.0
India,IND,Assam,AS,state,2020,Electricity generation,Fuel,Solar,%,0.09
India,IND,Assam,AS,state,2020,Electricity generation,Fuel,Wind,%,0.0
India,IND,Assam,AS,state,2020,Electricity generation,Fuel,Bioenergy,GWh,0.0
India,IND,Assam,AS,state,2020,Electricity generation,Fuel,Coal,GWh,3131.0
India,IND,Assam,AS,state,2020,Electricity generation,Fuel,Gas,GWh,2609.37
India,IND,Assam,AS,state,2020,Electricity generation,Fuel,Hydro,GWh,288.98
India,IND,Assam,AS,state,2020,Electricity generation,Fuel,Nuclear,GWh,0.0
India,IND,Assam,AS,state,2020,Electricity generation,Fuel,Other Fossil,GWh,0.0
India,IND,Assam,AS,state,2020,Electricity generation,Fuel,Other Renewables,GWh,0.0
India,IND,Assam,AS,state,2020,Electricity generation,Fuel,Solar,GWh,5.71
India,IND,Assam,AS,state,2020,Electricity generation,Fuel,Wind,GWh,0.0
India,IND,Assam,AS,state,2020,Electricity generation,Total,Total Generation,GWh,6035.06
India,IND,Assam,AS,state,2021,Electricity generation,Fuel,Bioenergy,%,0.0
India,IND,Assam,AS,state,2021,Electricity generation,Fuel,Coal,%,49.38
India,IND,Assam,AS,state,2021,Electricity generation,Fuel,Gas,%,40.61
India,IND,Assam,AS,state,2021,Electricity generation,Fuel,Hydro,%,9.23
India,IND,Assam,AS,state,2021,Electricity generation,Fuel,Nuclear,%,0.0
India,IND,Assam,AS,state,2021,Electricity generation,Fuel,Other Fossil,%,0.0
India,IND,Assam,AS,state,2021,Electricity generation,Fuel,Other Renewables,%,0.0
India,IND,Assam,AS,state,2021,Electricity generation,Fuel,Solar,%,0.77
India,IND,Assam,AS,state,2021,Electricity generation,Fuel,Wind,%,0.0
India,IND,Assam,AS,state,2021,Electricity generation,Fuel,Bioenergy,GWh,0.0
India,IND,Assam,AS,state,2021,Electricity generation,Fuel,Coal,GWh,3976.42
India,IND,Assam,AS,state,2021,Electricity generation,Fuel,Gas,GWh,3270.27
India,IND,Assam,AS,state,2021,Electricity generation,Fuel,Hydro,GWh,743.37
India,IND,Assam,AS,state,2021,Electricity generation,Fuel,Nuclear,GWh,0.0
India,IND,Assam,AS,state,2021,Electricity generation,Fuel,Other Fossil,GWh,0.0
India,IND,Assam,AS,state,2021,Electricity generation,Fuel,Other Renewables,GWh,0.0
India,IND,Assam,AS,state,2021,Electricity generation,Fuel,Solar,GWh,62.04
India,IND,Assam,AS,state,2021,Electricity generation,Fuel,Wind,GWh,0.0
India,IND,Assam,AS,state,2021,Electricity generation,Total,Total Generation,GWh,8052.1
India,IND,Assam,AS,state,2022,Electricity generation,Fuel,Bioenergy,%,0.0
India,IND,Assam,AS,state,2022,Electricity generation,Fuel,Coal,%,53.88
India,IND,Assam,AS,state,2022,Electricity generation,Fuel,Gas,%,38.18
India,IND,Assam,AS,state,2022,Electricity generation,Fuel,Hydro,%,5.95
India,IND,Assam,AS,state,2022,Electricity generation,Fuel,Nuclear,%,0.0
India,IND,Assam,AS,state,2022,Electricity generation,Fuel,Other Fossil,%,0.0
India,IND,Assam,AS,state,2022,Electricity generation,Fuel,Other Renewables,%,0.0
India,IND,Assam,AS,state,2022,Electricity generation,Fuel,Solar,%,1.99
India,IND,Assam,AS,state,2022,Electricity generation,Fuel,Wind,%,0.0
India,IND,Assam,AS,state,2022,Electricity generation,Fuel,Bioenergy,GWh,0.0
India,IND,Assam,AS,state,2022,Electricity generation,Fuel,Coal,GWh,4896.74
India,IND,Assam,AS,state,2022,Electricity generation,Fuel,Gas,GWh,3469.94
India,IND,Assam,AS,state,2022,Electricity generation,Fuel,Hydro,GWh,540.55
India,IND,Assam,AS,state,2022,Electricity generation,Fuel,Nuclear,GWh,0.0
India,IND,Assam,AS,state,2022,Electricity generation,Fuel,Other Fossil,GWh,0.0
India,IND,Assam,AS,state,2022,Electricity generation,Fuel,Other Renewables,GWh,0.0
India,IND,Assam,AS,state,2022,Electricity generation,Fuel,Solar,GWh,180.97
India,IND,Assam,AS,state,2022,Electricity generation,Fuel,Wind,GWh,0.0
India,IND,Assam,AS,state,2022,Electricity generation,Total,Total Generation,GWh,9088.2
India,IND,Assam,AS,state,2023,Electricity generation,Fuel,Bioenergy,%,0.0
India,IND,Assam,AS,state,2023,Electricity generation,Fuel,Coal,%,54.32
India,IND,Assam,AS,state,2023,Electricity generation,Fuel,Gas,%,35.8
India,IND,Assam,AS,state,2023,Electricity generation,Fuel,Hydro,%,6.68
India,IND,Assam,AS,state,2023,Electricity generation,Fuel,Nuclear,%,0.0
India,IND,Assam,AS,state,2023,Electricity generation,Fuel,Other Fossil,%,0.0
India,IND,Assam,AS,state,2023,Electricity generation,Fuel,Other Renewables,%,0.0
India,IND,Assam,AS,state,2023,Electricity generation,Fuel,Solar,%,3.2
India,IND,Assam,AS,state,2023,Electricity generation,Fuel,Wind,%,0.0
India,IND,Assam,AS,state,2023,Electricity generation,Fuel,Bioenergy,GWh,0.0
India,IND,Assam,AS,state,2023,Electricity generation,Fuel,Coal,GWh,5139.81
India,IND,Assam,AS,state,2023,Electricity generation,Fuel,Gas,GWh,3387.7
India,IND,Assam,AS,state,2023,Electricity generation,Fuel,Hydro,GWh,631.74
India,IND,Assam,AS,state,2023,Electricity generation,Fuel,Nuclear,GWh,0.0
India,IND,Assam,AS,state,2023,Electricity generation,Fuel,Other Fossil,GWh,0.0
India,IND,Assam,AS,state,2023,Electricity generation,Fuel,Other Renewables,GWh,0.39
India,IND,Assam,AS,state,2023,Electricity generation,Fuel,Solar,GWh,302.65
India,IND,Assam,AS,state,2023,Electricity generation,Fuel,Wind,GWh,0.0
India,IND,Assam,AS,state,2023,Electricity generation,Total,Total Generation,GWh,9462.29
India,IND,Assam,AS,state,2024,Electricity generation,Fuel,Bioenergy,%,0.0
India,IND,Assam,AS,state,2024,Electricity generation,Fuel,Coal,%,49.97
India,IND,Assam,AS,state,2024,Electricity generation,Fuel,Gas,%,35.2
India,IND,Assam,AS,state,2024,Electricity generation,Fuel,Hydro,%,11.64
India,IND,Assam,AS,state,2024,Electricity generation,Fuel,Nuclear,%,0.0
India,IND,Assam,AS,state,2024,Electricity generation,Fuel,Other Fossil,%,0.0
India,IND,Assam,AS,state,2024,Electricity generation,Fuel,Other Renewables,%,0.01
India,IND,Assam,AS,state,2024,Electricity generation,Fuel,Solar,%,3.19
India,IND,Assam,AS,state,2024,Electricity generation,Fuel,Wind,%,0.0
India,IND,Assam,AS,state,2024,Electricity generation,Fuel,Bioenergy,GWh,0.0
India,IND,Assam,AS,state,2024,Electricity generation,Fuel,Coal,GWh,4811.53
India,IND,Assam,AS,state,2024,Electricity generation,Fuel,Gas,GWh,3389.18
India,IND,Assam,AS,state,2024,Electricity generation,Fuel,Hydro,GWh,1120.63
India,IND,Assam,AS,state,2024,Electricity generation,Fuel,Nuclear,GWh,0.0
India,IND,Assam,AS,state,2024,Electricity generation,Fuel,Other Fossil,GWh,0.0
India,IND,Assam,AS,state,2024,Electricity generation,Fuel,Other Renewables,GWh,0.62
India,IND,Assam,AS,state,2024,Electricity generation,Fuel,Solar,GWh,306.91
India,IND,Assam,AS,state,2024,Electricity generation,Fuel,Wind,GWh,0.0
India,IND,Assam,AS,state,2024,Electricity generation,Total,Total Generation,GWh,9628.87
India,IND,Bihar,BR,state,2019,Electricity generation,Fuel,Bioenergy,%,0.76
India,IND,Bihar,BR,state,2019,Electricity generation,Fuel,Coal,%,98.7
India,IND,Bihar,BR,state,2019,Electricity generation,Fuel,Gas,%,0.0
India,IND,Bihar,BR,state,2019,Electricity generation,Fuel,Hydro,%,0.05
India,IND,Bihar,BR,state,2019,Electricity generation,Fuel,Nuclear,%,0.0
India,IND,Bihar,BR,state,2019,Electricity generation,Fuel,Other Fossil,%,0.0
India,IND,Bihar,BR,state,2019,Electricity generation,Fuel,Other Renewables,%,0.0
India,IND,Bihar,BR,state,2019,Electricity generation,Fuel,Solar,%,0.49
India,IND,Bihar,BR,state,2019,Electricity generation,Fuel,Wind,%,0.0
India,IND,Bihar,BR,state,2019,Electricity generation,Fuel,Bioenergy,GWh,268.48
India,IND,Bihar,BR,state,2019,Electricity generation,Fuel,Coal,GWh,34992.35
India,IND,Bihar,BR,state,2019,Electricity generation,Fuel,Gas,GWh,0.0
India,IND,Bihar,BR,state,2019,Electricity generation,Fuel,Hydro,GWh,17.55
India,IND,Bihar,BR,state,2019,Electricity generation,Fuel,Nuclear,GWh,0.0
India,IND,Bihar,BR,state,2019,Electricity generation,Fuel,Other Fossil,GWh,0.0
India,IND,Bihar,BR,state,2019,Electricity generation,Fuel,Other Renewables,GWh,0.0
India,IND,Bihar,BR,state,2019,Electricity generation,Fuel,Solar,GWh,173.59
India,IND,Bihar,BR,state,2019,Electricity generation,Fuel,Wind,GWh,0.0
India,IND,Bihar,BR,state,2019,Electricity generation,Total,Total Generation,GWh,35451.97
India,IND,Bihar,BR,state,2020,Electricity generation,Fuel,Bioenergy,%,0.33
India,IND,Bihar,BR,state,2020,Electricity generation,Fuel,Coal,%,99.02
India,IND,Bihar,BR,state,2020,Electricity generation,Fuel,Gas,%,0.0
India,IND,Bihar,BR,state,2020,Electricity generation,Fuel,Hydro,%,0.13
India,IND,Bihar,BR,state,2020,Electricity generation,Fuel,Nuclear,%,0.0
India,IND,Bihar,BR,state,2020,Electricity generation,Fuel,Other Fossil,%,0.0
India,IND,Bihar,BR,state,2020,Electricity generation,Fuel,Other Renewables,%,0.0
India,IND,Bihar,BR,state,2020,Electricity generation,Fuel,Solar,%,0.51
India,IND,Bihar,BR,state,2020,Electricity generation,Fuel,Wind,%,0.0
India,IND,Bihar,BR,state,2020,Electricity generation,Fuel,Bioenergy,GWh,109.74
India,IND,Bihar,BR,state,2020,Electricity generation,Fuel,Coal,GWh,32460.22
India,IND,Bihar,BR,state,2020,Electricity generation,Fuel,Gas,GWh,0.0
India,IND,Bihar,BR,state,2020,Electricity generation,Fuel,Hydro,GWh,44.01
India,IND,Bihar,BR,state,2020,Electricity generation,Fuel,Nuclear,GWh,0.0
India,IND,Bihar,BR,state,2020,Electricity generation,Fuel,Other Fossil,GWh,0.0
India,IND,Bihar,BR,state,2020,Electricity generation,Fuel,Other Renewables,GWh,0.0
India,IND,Bihar,BR,state,2020,Electricity generation,Fuel,Solar,GWh,166.71
India,IND,Bihar,BR,state,2020,Electricity generation,Fuel,Wind,GWh,0.0
India,IND,Bihar,BR,state,2020,Electricity generation,Total,Total Generation,GWh,32780.68
India,IND,Bihar,BR,state,2021,Electricity generation,Fuel,Bioenergy,%,0.08
India,IND,Bihar,BR,state,2021,Electricity generation,Fuel,Coal,%,99.54
India,IND,Bihar,BR,state,2021,Electricity generation,Fuel,Gas,%,0.0
India,IND,Bihar,BR,state,2021,Electricity generation,Fuel,Hydro,%,0.01
India,IND,Bihar,BR,state,2021,Electricity generation,Fuel,Nuclear,%,0.0
India,IND,Bihar,BR,state,2021,Electricity generation,Fuel,Other Fossil,%,0.0
India,IND,Bihar,BR,state,2021,Electricity generation,Fuel,Other Renewables,%,0.0
India,IND,Bihar,BR,state,2021,Electricity generation,Fuel,Solar,%,0.37
India,IND,Bihar,BR,state,2021,Electricity generation,Fuel,Wind,%,0.0
India,IND,Bihar,BR,state,2021,Electricity generation,Fuel,Bioenergy,GWh,31.07
India,IND,Bihar,BR,state,2021,Electricity generation,Fuel,Coal,GWh,41197.35
India,IND,Bihar,BR,state,2021,Electricity generation,Fuel,Gas,GWh,0.0
India,IND,Bihar,BR,state,2021,Electricity generation,Fuel,Hydro,GWh,4.51
India,IND,Bihar,BR,state,2021,Electricity generation,Fuel,Nuclear,GWh,0.0
India,IND,Bihar,BR,state,2021,Electricity generation,Fuel,Other Fossil,GWh,0.0
India,IND,Bihar,BR,state,2021,Electricity generation,Fuel,Other Renewables,GWh,0.0
India,IND,Bihar,BR,state,2021,Electricity generation,Fuel,Solar,GWh,153.43
India,IND,Bihar,BR,state,2021,Electricity generation,Fuel,Wind,GWh,0.0
India,IND,Bihar,BR,state,2021,Electricity generation,Total,Total Generation,GWh,41386.36
India,IND,Bihar,BR,state,2022,Electricity generation,Fuel,Bioenergy,%,0.15
India,IND,Bihar,BR,state,2022,Electricity generation,Fuel,Coal,%,99.51
India,IND,Bihar,BR,state,2022,Electricity generation,Fuel,Gas,%,0.0
India,IND,Bihar,BR,state,2022,Electricity generation,Fuel,Hydro,%,0.03
India,IND,Bihar,BR,state,2022,Electricity generation,Fuel,Nuclear,%,0.0
India,IND,Bihar,BR,state,2022,Electricity generation,Fuel,Other Fossil,%,0.0
India,IND,Bihar,BR,state,2022,Electricity generation,Fuel,Other Renewables,%,0.0
India,IND,Bihar,BR,state,2022,Electricity generation,Fuel,Solar,%,0.32
India,IND,Bihar,BR,state,2022,Electricity generation,Fuel,Wind,%,0.0
India,IND,Bihar,BR,state,2022,Electricity generation,Fuel,Bioenergy,GWh,78.97
India,IND,Bihar,BR,state,2022,Electricity generation,Fuel,Coal,GWh,54060.14
India,IND,Bihar,BR,state,2022,Electricity generation,Fuel,Gas,GWh,0.0
India,IND,Bihar,BR,state,2022,Electricity generation,Fuel,Hydro,GWh,14.16
India,IND,Bihar,BR,state,2022,Electricity generation,Fuel,Nuclear,GWh,0.0
India,IND,Bihar,BR,state,2022,Electricity generation,Fuel,Other Fossil,GWh,0.0
India,IND,Bihar,BR,state,2022,Electricity generation,Fuel,Other Renewables,GWh,0.0
India,IND,Bihar,BR,state,2022,Electricity generation,Fuel,Solar,GWh,171.22
India,IND,Bihar,BR,state,2022,Electricity generation,Fuel,Wind,GWh,0.0
India,IND,Bihar,BR,state,2022,Electricity generation,Total,Total Generation,GWh,54324.49
India,IND,Bihar,BR,state,2023,Electricity generation,Fuel,Bioenergy,%,0.25
India,IND,Bihar,BR,state,2023,Electricity generation,Fuel,Coal,%,99.42
India,IND,Bihar,BR,state,2023,Electricity generation,Fuel,Gas,%,0.0
India,IND,Bihar,BR,state,2023,Electricity generation,Fuel,Hydro,%,0.01
India,IND,Bihar,BR,state,2023,Electricity generation,Fuel,Nuclear,%,0.0
India,IND,Bihar,BR,state,2023,Electricity generation,Fuel,Other Fossil,%,0.0
India,IND,Bihar,BR,state,2023,Electricity generation,Fuel,Other Renewables,%,0.0
India,IND,Bihar,BR,state,2023,Electricity generation,Fuel,Solar,%,0.32
India,IND,Bihar,BR,state,2023,Electricity generation,Fuel,Wind,%,0.0
India,IND,Bihar,BR,state,2023,Electricity generation,Fuel,Bioenergy,GWh,143.78
India,IND,Bihar,BR,state,2023,Electricity generation,Fuel,Coal,GWh,57364.11
India,IND,Bihar,BR,state,2023,Electricity generation,Fuel,Gas,GWh,0.0
India,IND,Bihar,BR,state,2023,Electricity generation,Fuel,Hydro,GWh,8.24
India,IND,Bihar,BR,state,2023,Electricity generation,Fuel,Nuclear,GWh,0.0
India,IND,Bihar,BR,state,2023,Electricity generation,Fuel,Other Fossil,GWh,0.0
India,IND,Bihar,BR,state,2023,Electricity generation,Fuel,Other Renewables,GWh,0.0
India,IND,Bihar,BR,state,2023,Electricity generation,Fuel,Solar,GWh,183.25
India,IND,Bihar,BR,state,2023,Electricity generation,Fuel,Wind,GWh,0.0
India,IND,Bihar,BR,state,2023,Electricity generation,Total,Total Generation,GWh,57699.38
India,IND,Bihar,BR,state,2024,Electricity generation,Fuel,Bioenergy,%,0.17
India,IND,Bihar,BR,state,2024,Electricity generation,Fuel,Coal,%,99.33
India,IND,Bihar,BR,state,2024,Electricity generation,Fuel,Gas,%,0.0
India,IND,Bihar,BR,state,2024,Electricity generation,Fuel,Hydro,%,0.02
India,IND,Bihar,BR,state,2024,Electricity generation,Fuel,Nuclear,%,0.0
India,IND,Bihar,BR,state,2024,Electricity generation,Fuel,Other Fossil,%,0.0
India,IND,Bihar,BR,state,2024,Electricity generation,Fuel,Other Renewables,%,0.0
India,IND,Bihar,BR,state,2024,Electricity generation,Fuel,Solar,%,0.48
India,IND,Bihar,BR,state,2024,Electricity generation,Fuel,Wind,%,0.0
India,IND,Bihar,BR,state,2024,Electricity generation,Fuel,Bioenergy,GWh,101.95
India,IND,Bihar,BR,state,2024,Electricity generation,Fuel,Coal,GWh,60576.29
India,IND,Bihar,BR,state,2024,Electricity generation,Fuel,Gas,GWh,0.0
India,IND,Bihar,BR,state,2024,Electricity generation,Fuel,Hydro,GWh,12.33
India,IND,Bihar,BR,state,2024,Electricity generation,Fuel,Nuclear,GWh,0.0
India,IND,Bihar,BR,state,2024,Electricity generation,Fuel,Other Fossil,GWh,0.0
India,IND,Bihar,BR,state,2024,Electricity generation,Fuel,Other Renewables,GWh,0.0
India,IND,Bihar,BR,state,2024,Electricity generation,Fuel,Solar,GWh,293.17
India,IND,Bihar,BR,state,2024,Electricity generation,Fuel,Wind,GWh,0.0
India,IND,Bihar,BR,state,2024,Electricity generation,Total,Total Generation,GWh,60983.74
India,IND,Chandigarh,CH,Union territory,2019,Electricity generation,Fuel,Bioenergy,%,0.0
India,IND,Chandigarh,CH,Union territory,2019,Electricity generation,Fuel,Coal,%,0.0
India,IND,Chandigarh,CH,Union territory,2019,Electricity generation,Fuel,Gas,%,0.0
India,IND,Chandigarh,CH,Union territory,2019,Electricity generation,Fuel,Hydro,%,0.0
India,IND,Chandigarh,CH,Union territory,2019,Electricity generation,Fuel,Nuclear,%,0.0
India,IND,Chandigarh,CH,Union territory,2019,Electricity generation,Fuel,Other Fossil,%,0.0
India,IND,Chandigarh,CH,Union territory,2019,Electricity generation,Fuel,Other Renewables,%,0.0
India,IND,Chandigarh,CH,Union territory,2019,Electricity generation,Fuel,Solar,%,100.0
India,IND,Chandigarh,CH,Union territory,2019,Electricity generation,Fuel,Wind,%,0.0
India,IND,Chandigarh,CH,Union territory,2019,Electricity generation,Fuel,Bioenergy,GWh,0.0
India,IND,Chandigarh,CH,Union territory,2019,Electricity generation,Fuel,Coal,GWh,0.0
India,IND,Chandigarh,CH,Union territory,2019,Electricity generation,Fuel,Gas,GWh,0.0
India,IND,Chandigarh,CH,Union territory,2019,Electricity generation,Fuel,Hydro,GWh,0.0
India,IND,Chandigarh,CH,Union territory,2019,Electricity generation,Fuel,Nuclear,GWh,0.0
India,IND,Chandigarh,CH,Union territory,2019,Electricity generation,Fuel,Other Fossil,GWh,0.0
India,IND,Chandigarh,CH,Union territory,2019,Electricity generation,Fuel,Other Renewables,GWh,0.0
India,IND,Chandigarh,CH,Union territory,2019,Electricity generation,Fuel,Solar,GWh,11.99
India,IND,Chandigarh,CH,Union territory,2019,Electricity generation,Fuel,Wind,GWh,0.0
India,IND,Chandigarh,CH,Union territory,2019,Electricity generation,Total,Total Generation,GWh,11.99
India,IND,Chandigarh,CH,Union territory,2020,Electricity generation,Fuel,Bioenergy,%,0.0
India,IND,Chandigarh,CH,Union territory,2020,Electricity generation,Fuel,Coal,%,0.0
India,IND,Chandigarh,CH,Union territory,2020,Electricity generation,Fuel,Gas,%,0.0
India,IND,Chandigarh,CH,Union territory,2020,Electricity generation,Fuel,Hydro,%,0.0
India,IND,Chandigarh,CH,Union territory,2020,Electricity generation,Fuel,Nuclear,%,0.0
India,IND,Chandigarh,CH,Union territory,2020,Electricity generation,Fuel,Other Fossil,%,0.0
India,IND,Chandigarh,CH,Union territory,2020,Electricity generation,Fuel,Other Renewables,%,0.0
India,IND,Chandigarh,CH,Union territory,2020,Electricity generation,Fuel,Solar,%,100.0
India,IND,Chandigarh,CH,Union territory,2020,Electricity generation,Fuel,Wind,%,0.0
India,IND,Chandigarh,CH,Union territory,2020,Electricity generation,Fuel,Bioenergy,GWh,0.0
India,IND,Chandigarh,CH,Union territory,2020,Electricity generation,Fuel,Coal,GWh,0.0
India,IND,Chandigarh,CH,Union territory,2020,Electricity generation,Fuel,Gas,GWh,0.0
India,IND,Chandigarh,CH,Union territory,2020,Electricity generation,Fuel,Hydro,GWh,0.0
India,IND,Chandigarh,CH,Union territory,2020,Electricity generation,Fuel,Nuclear,GWh,0.0
India,IND,Chandigarh,CH,Union territory,2020,Electricity generation,Fuel,Other Fossil,GWh,0.0
India,IND,Chandigarh,CH,Union territory,2020,Electricity generation,Fuel,Other Renewables,GWh,0.0
India,IND,Chandigarh,CH,Union territory,2020,Electricity generation,Fuel,Solar,GWh,9.86
India,IND,Chandigarh,CH,Union territory,2020,Electricity generation,Fuel,Wind,GWh,0.0
India,IND,Chandigarh,CH,Union territory,2020,Electricity generation,Total,Total Generation,GWh,9.86
India,IND,Chandigarh,CH,Union territory,2021,Electricity generation,Fuel,Bioenergy,%,0.0
India,IND,Chandigarh,CH,Union territory,2021,Electricity generation,Fuel,Coal,%,0.0
India,IND,Chandigarh,CH,Union territory,2021,Electricity generation,Fuel,Gas,%,0.0
India,IND,Chandigarh,CH,Union territory,2021,Electricity generation,Fuel,Hydro,%,0.0
India,IND,Chandigarh,CH,Union territory,2021,Electricity generation,Fuel,Nuclear,%,0.0
India,IND,Chandigarh,CH,Union territory,2021,Electricity generation,Fuel,Other Fossil,%,0.0
India,IND,Chandigarh,CH,Union territory,2021,Electricity generation,Fuel,Other Renewables,%,0.0
India,IND,Chandigarh,CH,Union territory,2021,Electricity generation,Fuel,Solar,%,100.0
India,IND,Chandigarh,CH,Union territory,2021,Electricity generation,Fuel,Wind,%,0.0
India,IND,Chandigarh,CH,Union territory,2021,Electricity generation,Fuel,Bioenergy,GWh,0.0
India,IND,Chandigarh,CH,Union territory,2021,Electricity generation,Fuel,Coal,GWh,0.0
India,IND,Chandigarh,CH,Union territory,2021,Electricity generation,Fuel,Gas,GWh,0.0
India,IND,Chandigarh,CH,Union territory,2021,Electricity generation,Fuel,Hydro,GWh,0.0
India,IND,Chandigarh,CH,Union territory,2021,Electricity generation,Fuel,Nuclear,GWh,0.0
India,IND,Chandigarh,CH,Union territory,2021,Electricity generation,Fuel,Other Fossil,GWh,0.0
India,IND,Chandigarh,CH,Union territory,2021,Electricity generation,Fuel,Other Renewables,GWh,0.0
India,IND,Chandigarh,CH,Union territory,2021,Electricity generation,Fuel,Solar,GWh,14.81
India,IND,Chandigarh,CH,Union territory,2021,Electricity generation,Fuel,Wind,GWh,0.0
India,IND,Chandigarh,CH,Union territory,2021,Electricity generation,Total,Total Generation,GWh,14.81
India,IND,Chandigarh,CH,Union territory,2022,Electricity generation,Fuel,Bioenergy,%,0.0
India,IND,Chandigarh,CH,Union territory,2022,Electricity generation,Fuel,Hydro,%,0.0
India,IND,Chandigarh,CH,Union territory,2022,Electricity generation,Fuel,Other Renewables,%,0.0
India,IND,Chandigarh,CH,Union territory,2022,Electricity generation,Fuel,Solar,%,100.0
India,IND,Chandigarh,CH,Union territory,2022,Electricity generation,Fuel,Wind,%,0.0
India,IND,Chandigarh,CH,Union territory,2022,Electricity generation,Fuel,Bioenergy,GWh,0.0
India,IND,Chandigarh,CH,Union territory,2022,Electricity generation,Fuel,Hydro,GWh,0.0
India,IND,Chandigarh,CH,Union territory,2022,Electricity generation,Fuel,Other Renewables,GWh,0.0
India,IND,Chandigarh,CH,Union territory,2022,Electricity generation,Fuel,Solar,GWh,12.0
India,IND,Chandigarh,CH,Union territory,2022,Electricity generation,Fuel,Wind,GWh,0.0
India,IND,Chandigarh,CH,Union territory,2022,Electricity generation,Total,Total Generation,GWh,12.0
India,IND,Chandigarh,CH,Union territory,2023,Electricity generation,Fuel,Bioenergy,%,0.0
India,IND,Chandigarh,CH,Union territory,2023,Electricity generation,Fuel,Hydro,%,0.0
India,IND,Chandigarh,CH,Union territory,2023,Electricity generation,Fuel,Other Renewables,%,0.0
India,IND,Chandigarh,CH,Union territory,2023,Electricity generation,Fuel,Solar,%,100.0
India,IND,Chandigarh,CH,Union territory,2023,Electricity generation,Fuel,Wind,%,0.0
India,IND,Chandigarh,CH,Union territory,2023,Electricity generation,Fuel,Bioenergy,GWh,0.0
India,IND,Chandigarh,CH,Union territory,2023,Electricity generation,Fuel,Hydro,GWh,0.0
India,IND,Chandigarh,CH,Union territory,2023,Electricity generation,Fuel,Other Renewables,GWh,0.0
India,IND,Chandigarh,CH,Union territory,2023,Electricity generation,Fuel,Solar,GWh,13.57
India,IND,Chandigarh,CH,Union territory,2023,Electricity generation,Fuel,Wind,GWh,0.0
India,IND,Chandigarh,CH,Union territory,2023,Electricity generation,Total,Total Generation,GWh,13.57
India,IND,Chandigarh,CH,Union territory,2024,Electricity generation,Fuel,Bioenergy,%,0.0
India,IND,Chandigarh,CH,Union territory,2024,Electricity generation,Fuel,Hydro,%,0.0
India,IND,Chandigarh,CH,Union territory,2024,Electricity generation,Fuel,Other Renewables,%,0.0
India,IND,Chandigarh,CH,Union territory,2024,Electricity generation,Fuel,Solar,%,100.0
India,IND,Chandigarh,CH,Union territory,2024,Electricity generation,Fuel,Wind,%,0.0
India,IND,Chandigarh,CH,Union territory,2024,Electricity generation,Fuel,Bioenergy,GWh,0.0
India,IND,Chandigarh,CH,Union territory,2024,Electricity generation,Fuel,Hydro,GWh,0.0
India,IND,Chandigarh,CH,Union territory,2024,Electricity generation,Fuel,Other Renewables,GWh,0.0
India,IND,Chandigarh,CH,Union territory,2024,Electricity generation,Fuel,Solar,GWh,9.3
India,IND,Chandigarh,CH,Union territory,2024,Electricity generation,Fuel,Wind,GWh,0.0
India,IND,Chandigarh,CH,Union territory,2024,Electricity generation,Total,Total Generation,GWh,9.3
India,IND,Chhattisgarh,CT,state,2019,Electricity generation,Fuel,Bioenergy,%,0.51
India,IND,Chhattisgarh,CT,state,2019,Electricity generation,Fuel,Coal,%,98.94
India,IND,Chhattisgarh,CT,state,2019,Electricity generation,Fuel,Gas,%,0.0
India,IND,Chhattisgarh,CT,state,2019,Electricity generation,Fuel,Hydro,%,0.27
India,IND,Chhattisgarh,CT,state,2019,Electricity generation,Fuel,Nuclear,%,0.0
India,IND,Chhattisgarh,CT,state,2019,Electricity generation,Fuel,Other Fossil,%,0.0
India,IND,Chhattisgarh,CT,state,2019,Electricity generation,Fuel,Other Renewables,%,0.0
India,IND,Chhattisgarh,CT,state,2019,Electricity generation,Fuel,Solar,%,0.28
India,IND,Chhattisgarh,CT,state,2019,Electricity generation,Fuel,Wind,%,0.0
India,IND,Chhattisgarh,CT,state,2019,Electricity generation,Fuel,Bioenergy,GWh,585.72
India,IND,Chhattisgarh,CT,state,2019,Electricity generation,Fuel,Coal,GWh,113634.97
India,IND,Chhattisgarh,CT,state,2019,Electricity generation,Fuel,Gas,GWh,0.0
India,IND,Chhattisgarh,CT,state,2019,Electricity generation,Fuel,Hydro,GWh,310.85
India,IND,Chhattisgarh,CT,state,2019,Electricity generation,Fuel,Nuclear,GWh,0.0
India,IND,Chhattisgarh,CT,state,2019,Electricity generation,Fuel,Other Fossil,GWh,0.0
India,IND,Chhattisgarh,CT,state,2019,Electricity generation,Fuel,Other Renewables,GWh,0.0
India,IND,Chhattisgarh,CT,state,2019,Electricity generation,Fuel,Solar,GWh,325.52
India,IND,Chhattisgarh,CT,state,2019,Electricity generation,Fuel,Wind,GWh,0.0
India,IND,Chhattisgarh,CT,state,2019,Electricity generation,Total,Total Generation,GWh,114857.06
India,IND,Chhattisgarh,CT,state,2020,Electricity generation,Fuel,Bioenergy,%,0.71
India,IND,Chhattisgarh,CT,state,2020,Electricity generation,Fuel,Coal,%,98.62
India,IND,Chhattisgarh,CT,state,2020,Electricity generation,Fuel,Gas,%,0.0
India,IND,Chhattisgarh,CT,state,2020,Electricity generation,Fuel,Hydro,%,0.4
India,IND,Chhattisgarh,CT,state,2020,Electricity generation,Fuel,Nuclear,%,0.0
India,IND,Chhattisgarh,CT,state,2020,Electricity generation,Fuel,Other Fossil,%,0.0
India,IND,Chhattisgarh,CT,state,2020,Electricity generation,Fuel,Other Renewables,%,0.0
India,IND,Chhattisgarh,CT,state,2020,Electricity generation,Fuel,Solar,%,0.27
India,IND,Chhattisgarh,CT,state,2020,Electricity generation,Fuel,Wind,%,0.0
India,IND,Chhattisgarh,CT,state,2020,Electricity generation,Fuel,Bioenergy,GWh,934.16
India,IND,Chhattisgarh,CT,state,2020,Electricity generation,Fuel,Coal,GWh,130680.88
India,IND,Chhattisgarh,CT,state,2020,Electricity generation,Fuel,Gas,GWh,0.0
India,IND,Chhattisgarh,CT,state,2020,Electricity generation,Fuel,Hydro,GWh,528.33
India,IND,Chhattisgarh,CT,state,2020,Electricity generation,Fuel,Nuclear,GWh,0.0
India,IND,Chhattisgarh,CT,state,2020,Electricity generation,Fuel,Other Fossil,GWh,0.0
India,IND,Chhattisgarh,CT,state,2020,Electricity generation,Fuel,Other Renewables,GWh,0.0
India,IND,Chhattisgarh,CT,state,2020,Electricity generation,Fuel,Solar,GWh,360.87
India,IND,Chhattisgarh,CT,state,2020,Electricity generation,Fuel,Wind,GWh,0.0
India,IND,Chhattisgarh,CT,state,2020,Electricity generation,Total,Total Generation,GWh,132504.24
India,IND,Chhattisgarh,CT,state,2021,Electricity generation,Fuel,Bioenergy,%,0.94
India,IND,Chhattisgarh,CT,state,2021,Electricity generation,Fuel,Coal,%,98.35
India,IND,Chhattisgarh,CT,state,2021,Electricity generation,Fuel,Gas,%,0.0
India,IND,Chhattisgarh,CT,state,2021,Electricity generation,Fuel,Hydro,%,0.42
India,IND,Chhattisgarh,CT,state,2021,Electricity generation,Fuel,Nuclear,%,0.0
India,IND,Chhattisgarh,CT,state,2021,Electricity generation,Fuel,Other Fossil,%,0.0
India,IND,Chhattisgarh,CT,state,2021,Electricity generation,Fuel,Other Renewables,%,0.0
India,IND,Chhattisgarh,CT,state,2021,Electricity generation,Fuel,Solar,%,0.29
India,IND,Chhattisgarh,CT,state,2021,Electricity generation,Fuel,Wind,%,0.0
India,IND,Chhattisgarh,CT,state,2021,Electricity generation,Fuel,Bioenergy,GWh,1326.13
India,IND,Chhattisgarh,CT,state,2021,Electricity generation,Fuel,Coal,GWh,139148.95
India,IND,Chhattisgarh,CT,state,2021,Electricity generation,Fuel,Gas,GWh,0.0
India,IND,Chhattisgarh,CT,state,2021,Electricity generation,Fuel,Hydro,GWh,596.21
India,IND,Chhattisgarh,CT,state,2021,Electricity generation,Fuel,Nuclear,GWh,0.0
India,IND,Chhattisgarh,CT,state,2021,Electricity generation,Fuel,Other Fossil,GWh,0.0
India,IND,Chhattisgarh,CT,state,2021,Electricity generation,Fuel,Other Renewables,GWh,0.0
India,IND,Chhattisgarh,CT,state,2021,Electricity generation,Fuel,Solar,GWh,409.98
India,IND,Chhattisgarh,CT,state,2021,Electricity generation,Fuel,Wind,GWh,0.0
India,IND,Chhattisgarh,CT,state,2021,Electricity generation,Total,Total Generation,GWh,141481.27
India,IND,Chhattisgarh,CT,state,2022,Electricity generation,Fuel,Bioenergy,%,0.84
India,IND,Chhattisgarh,CT,state,2022,Electricity generation,Fuel,Coal,%,98.48
India,IND,Chhattisgarh,CT,state,2022,Electricity generation,Fuel,Gas,%,0.0
India,IND,Chhattisgarh,CT,state,2022,Electricity generation,Fuel,Hydro,%,0.3
India,IND,Chhattisgarh,CT,state,2022,Electricity generation,Fuel,Nuclear,%,0.0
India,IND,Chhattisgarh,CT,state,2022,Electricity generation,Fuel,Other Fossil,%,0.0
India,IND,Chhattisgarh,CT,state,2022,Electricity generation,Fuel,Other Renewables,%,0.0
India,IND,Chhattisgarh,CT,state,2022,Electricity generation,Fuel,Solar,%,0.38
India,IND,Chhattisgarh,CT,state,2022,Electricity generation,Fuel,Wind,%,0.0
India,IND,Chhattisgarh,CT,state,2022,Electricity generation,Fuel,Bioenergy,GWh,1189.42
India,IND,Chhattisgarh,CT,state,2022,Electricity generation,Fuel,Coal,GWh,139254.89
India,IND,Chhattisgarh,CT,state,2022,Electricity generation,Fuel,Gas,GWh,0.0
India,IND,Chhattisgarh,CT,state,2022,Electricity generation,Fuel,Hydro,GWh,420.46
India,IND,Chhattisgarh,CT,state,2022,Electricity generation,Fuel,Nuclear,GWh,0.0
India,IND,Chhattisgarh,CT,state,2022,Electricity generation,Fuel,Other Fossil,GWh,0.0
India,IND,Chhattisgarh,CT,state,2022,Electricity generation,Fuel,Other Renewables,GWh,0.0
India,IND,Chhattisgarh,CT,state,2022,Electricity generation,Fuel,Solar,GWh,540.98
India,IND,Chhattisgarh,CT,state,2022,Electricity generation,Fuel,Wind,GWh,0.0
India,IND,Chhattisgarh,CT,state,2022,Electricity generation,Total,Total Generation,GWh,141405.75
India,IND,Chhattisgarh,CT,state,2023,Electricity generation,Fuel,Bioenergy,%,0.88
India,IND,Chhattisgarh,CT,state,2023,Electricity generation,Fuel,Coal,%,98.32
India,IND,Chhattisgarh,CT,state,2023,Electricity generation,Fuel,Gas,%,0.0
India,IND,Chhattisgarh,CT,state,2023,Electricity generation,Fuel,Hydro,%,0.28
India,IND,Chhattisgarh,CT,state,2023,Electricity generation,Fuel,Nuclear,%,0.0
India,IND,Chhattisgarh,CT,state,2023,Electricity generation,Fuel,Other Fossil,%,0.0
India,IND,Chhattisgarh,CT,state,2023,Electricity generation,Fuel,Other Renewables,%,0.0
India,IND,Chhattisgarh,CT,state,2023,Electricity generation,Fuel,Solar,%,0.52
India,IND,Chhattisgarh,CT,state,2023,Electricity generation,Fuel,Wind,%,0.0
India,IND,Chhattisgarh,CT,state,2023,Electricity generation,Fuel,Bioenergy,GWh,1434.37
India,IND,Chhattisgarh,CT,state,2023,Electricity generation,Fuel,Coal,GWh,160512.8
India,IND,Chhattisgarh,CT,state,2023,Electricity generation,Fuel,Gas,GWh,0.0
India,IND,Chhattisgarh,CT,state,2023,Electricity generation,Fuel,Hydro,GWh,457.33
India,IND,Chhattisgarh,CT,state,2023,Electricity generation,Fuel,Nuclear,GWh,0.0
India,IND,Chhattisgarh,CT,state,2023,Electricity generation,Fuel,Other Fossil,GWh,0.0
India,IND,Chhattisgarh,CT,state,2023,Electricity generation,Fuel,Other Renewables,GWh,0.0
India,IND,Chhattisgarh,CT,state,2023,Electricity generation,Fuel,Solar,GWh,846.29
India,IND,Chhattisgarh,CT,state,2023,Electricity generation,Fuel,Wind,GWh,0.0
India,IND,Chhattisgarh,CT,state,2023,Electricity generation,Total,Total Generation,GWh,163250.79
India,IND,Chhattisgarh,CT,state,2024,Electricity generation,Fuel,Bioenergy,%,0.88
India,IND,Chhattisgarh,CT,state,2024,Electricity generation,Fuel,Coal,%,97.99
India,IND,Chhattisgarh,CT,state,2024,Electricity generation,Fuel,Gas,%,0.0
India,IND,Chhattisgarh,CT,state,2024,Electricity generation,Fuel,Hydro,%,0.29
India,IND,Chhattisgarh,CT,state,2024,Electricity generation,Fuel,Nuclear,%,0.0
India,IND,Chhattisgarh,CT,state,2024,Electricity generation,Fuel,Other Fossil,%,0.0
India,IND,Chhattisgarh,CT,state,2024,Electricity generation,Fuel,Other Renewables,%,0.0
India,IND,Chhattisgarh,CT,state,2024,Electricity generation,Fuel,Solar,%,0.84
India,IND,Chhattisgarh,CT,state,2024,Electricity generation,Fuel,Wind,%,0.0
India,IND,Chhattisgarh,CT,state,2024,Electricity generation,Fuel,Bioenergy,GWh,1482.92
India,IND,Chhattisgarh,CT,state,2024,Electricity generation,Fuel,Coal,GWh,164482.22
India,IND,Chhattisgarh,CT,state,2024,Electricity generation,Fuel,Gas,GWh,0.0
India,IND,Chhattisgarh,CT,state,2024,Electricity generation,Fuel,Hydro,GWh,487.25
India,IND,Chhattisgarh,CT,state,2024,Electricity generation,Fuel,Nuclear,GWh,0.0
India,IND,Chhattisgarh,CT,state,2024,Electricity generation,Fuel,Other Fossil,GWh,0.0
India,IND,Chhattisgarh,CT,state,2024,Electricity generation,Fuel,Other Renewables,GWh,0.0
India,IND,Chhattisgarh,CT,state,2024,Electricity generation,Fuel,Solar,GWh,1407.01
India,IND,Chhattisgarh,CT,state,2024,Electricity generation,Fuel,Wind,GWh,0.0
India,IND,Chhattisgarh,CT,state,2024,Electricity generation,Total,Total Generation,GWh,167859.4
India,IND,Dadra and Nagar Haveli and Daman and Diu,DH,Union territory,2019,Electricity generation,Fuel,Bioenergy,%,0.0
India,IND,Dadra and Nagar Haveli and Daman and Diu,DH,Union territory,2019,Electricity generation,Fuel,Coal,%,0.0
India,IND,Dadra and Nagar Haveli and Daman and Diu,DH,Union territory,2019,Electricity generation,Fuel,Gas,%,0.0
India,IND,Dadra and Nagar Haveli and Daman and Diu,DH,Union territory,2019,Electricity generation,Fuel,Hydro,%,0.0
India,IND,Dadra and Nagar Haveli and Daman and Diu,DH,Union territory,2019,Electricity generation,Fuel,Nuclear,%,0.0
India,IND,Dadra and Nagar Haveli and Daman and Diu,DH,Union territory,2019,Electricity generation,Fuel,Other Fossil,%,0.0
India,IND,Dadra and Nagar Haveli and Daman and Diu,DH,Union territory,2019,Electricity generation,Fuel,Other Renewables,%,0.0
India,IND,Dadra and Nagar Haveli and Daman and Diu,DH,Union territory,2019,Electricity generation,Fuel,Solar,%,100.0
India,IND,Dadra and Nagar Haveli and Daman and Diu,DH,Union territory,2019,Electricity generation,Fuel,Wind,%,0.0
India,IND,Dadra and Nagar Haveli and Daman and Diu,DH,Union territory,2019,Electricity generation,Fuel,Bioenergy,GWh,0.0
India,IND,Dadra and Nagar Haveli and Daman and Diu,DH,Union territory,2019,Electricity generation,Fuel,Coal,GWh,0.0
India,IND,Dadra and Nagar Haveli and Daman and Diu,DH,Union territory,2019,Electricity generation,Fuel,Gas,GWh,0.0
India,IND,Dadra and Nagar Haveli and Daman and Diu,DH,Union territory,2019,Electricity generation,Fuel,Hydro,GWh,0.0
India,IND,Dadra and Nagar Haveli and Daman and Diu,DH,Union territory,2019,Electricity generation,Fuel,Nuclear,GWh,0.0
India,IND,Dadra and Nagar Haveli and Daman and Diu,DH,Union territory,2019,Electricity generation,Fuel,Other Fossil,GWh,0.0
India,IND,Dadra and Nagar Haveli and Daman and Diu,DH,Union territory,2019,Electricity generation,Fuel,Other Renewables,GWh,0.0
India,IND,Dadra and Nagar Haveli and Daman and Diu,DH,Union territory,2019,Electricity generation,Fuel,Solar,GWh,27.68
India,IND,Dadra and Nagar Haveli and Daman and Diu,DH,Union territory,2019,Electricity generation,Fuel,Wind,GWh,0.0
India,IND,Dadra and Nagar Haveli and Daman and Diu,DH,Union territory,2019,Electricity generation,Total,Total Generation,GWh,27.68
India,IND,Dadra and Nagar Haveli and Daman and Diu,DH,Union territory,2020,Electricity generation,Fuel,Bioenergy,%,18.73
India,IND,Dadra and Nagar Haveli and Daman and Diu,DH,Union territory,2020,Electricity generation,Fuel,Coal,%,0.0
India,IND,Dadra and Nagar Haveli and Daman and Diu,DH,Union territory,2020,Electricity generation,Fuel,Gas,%,0.0
India,IND,Dadra and Nagar Haveli and Daman and Diu,DH,Union territory,2020,Electricity generation,Fuel,Hydro,%,0.0
India,IND,Dadra and Nagar Haveli and Daman and Diu,DH,Union territory,2020,Electricity generation,Fuel,Nuclear,%,0.0
India,IND,Dadra and Nagar Haveli and Daman and Diu,DH,Union territory,2020,Electricity generation,Fuel,Other Fossil,%,0.0
India,IND,Dadra and Nagar Haveli and Daman and Diu,DH,Union territory,2020,Electricity generation,Fuel,Other Renewables,%,0.0
India,IND,Dadra and Nagar Haveli and Daman and Diu,DH,Union territory,2020,Electricity generation,Fuel,Solar,%,81.27
India,IND,Dadra and Nagar Haveli and Daman and Diu,DH,Union territory,2020,Electricity generation,Fuel,Wind,%,0.0
India,IND,Dadra and Nagar Haveli and Daman and Diu,DH,Union territory,2020,Electricity generation,Fuel,Bioenergy,GWh,7.23
India,IND,Dadra and Nagar Haveli and Daman and Diu,DH,Union territory,2020,Electricity generation,Fuel,Coal,GWh,0.0
India,IND,Dadra and Nagar Haveli and Daman and Diu,DH,Union territory,2020,Electricity generation,Fuel,Gas,GWh,0.0
India,IND,Dadra and Nagar Haveli and Daman and Diu,DH,Union territory,2020,Electricity generation,Fuel,Hydro,GWh,0.0
India,IND,Dadra and Nagar Haveli and Daman and Diu,DH,Union territory,2020,Electricity generation,Fuel,Nuclear,GWh,0.0
India,IND,Dadra and Nagar Haveli and Daman and Diu,DH,Union territory,2020,Electricity generation,Fuel,Other Fossil,GWh,0.0
India,IND,Dadra and Nagar Haveli and Daman and Diu,DH,Union territory,2020,Electricity generation,Fuel,Other Renewables,GWh,0.0
India,IND,Dadra and Nagar Haveli and Daman and Diu,DH,Union territory,2020,Electricity generation,Fuel,Solar,GWh,31.37
India,IND,Dadra and Nagar Haveli and Daman and Diu,DH,Union territory,2020,Electricity generation,Fuel,Wind,GWh,0.0
India,IND,Dadra and Nagar Haveli and Daman and Diu,DH,Union territory,2020,Electricity generation,Total,Total Generation,GWh,38.6
India,IND,Dadra and Nagar Haveli and Daman and Diu,DH,Union territory,2021,Electricity generation,Fuel,Bioenergy,%,13.46
India,IND,Dadra and Nagar Haveli and Daman and Diu,DH,Union territory,2021,Electricity generation,Fuel,Coal,%,0.0
India,IND,Dadra and Nagar Haveli and Daman and Diu,DH,Union territory,2021,Electricity generation,Fuel,Gas,%,0.0
India,IND,Dadra and Nagar Haveli and Daman and Diu,DH,Union territory,2021,Electricity generation,Fuel,Hydro,%,0.0
India,IND,Dadra and Nagar Haveli and Daman and Diu,DH,Union territory,2021,Electricity generation,Fuel,Nuclear,%,0.0
India,IND,Dadra and Nagar Haveli and Daman and Diu,DH,Union territory,2021,Electricity generation,Fuel,Other Fossil,%,0.0
India,IND,Dadra and Nagar Haveli and Daman and Diu,DH,Union territory,2021,Electricity generation,Fuel,Other Renewables,%,0.0
India,IND,Dadra and Nagar Haveli and Daman and Diu,DH,Union territory,2021,Electricity generation,Fuel,Solar,%,86.54
India,IND,Dadra and Nagar Haveli and Daman and Diu,DH,Union territory,2021,Electricity generation,Fuel,Wind,%,0.0
India,IND,Dadra and Nagar Haveli and Daman and Diu,DH,Union territory,2021,Electricity generation,Fuel,Bioenergy,GWh,12.21
India,IND,Dadra and Nagar Haveli and Daman and Diu,DH,Union territory,2021,Electricity generation,Fuel,Coal,GWh,0.0
India,IND,Dadra and Nagar Haveli and Daman and Diu,DH,Union territory,2021,Electricity generation,Fuel,Gas,GWh,0.0
India,IND,Dadra and Nagar Haveli and Daman and Diu,DH,Union territory,2021,Electricity generation,Fuel,Hydro,GWh,0.0
India,IND,Dadra and Nagar Haveli and Daman and Diu,DH,Union territory,2021,Electricity generation,Fuel,Nuclear,GWh,0.0
India,IND,Dadra and Nagar Haveli and Daman and Diu,DH,Union territory,2021,Electricity generation,Fuel,Other Fossil,GWh,0.0
India,IND,Dadra and Nagar Haveli and Daman and Diu,DH,Union territory,2021,Electricity generation,Fuel,Other Renewables,GWh,0.0
India,IND,Dadra and Nagar Haveli and Daman and Diu,DH,Union territory,2021,Electricity generation,Fuel,Solar,GWh,78.53
India,IND,Dadra and Nagar Haveli and Daman and Diu,DH,Union territory,2021,Electricity generation,Fuel,Wind,GWh,0.0
India,IND,Dadra and Nagar Haveli and Daman and Diu,DH,Union territory,2021,Electricity generation,Total,Total Generation,GWh,90.74
India,IND,Dadra and Nagar Haveli and Daman and Diu,DH,Union territory,2022,Electricity generation,Fuel,Bioenergy,%,12.32
India,IND,Dadra and Nagar Haveli and Daman and Diu,DH,Union territory,2022,Electricity generation,Fuel,Hydro,%,0.0
India,IND,Dadra and Nagar Haveli and Daman and Diu,DH,Union territory,2022,Electricity generation,Fuel,Other Renewables,%,0.0
India,IND,Dadra and Nagar Haveli and Daman and Diu,DH,Union territory,2022,Electricity generation,Fuel,Solar,%,87.68
India,IND,Dadra and Nagar Haveli and Daman and Diu,DH,Union territory,2022,Electricity generation,Fuel,Wind,%,0.0
India,IND,Dadra and Nagar Haveli and Daman and Diu,DH,Union territory,2022,Electricity generation,Fuel,Bioenergy,GWh,6.65
India,IND,Dadra and Nagar Haveli and Daman and Diu,DH,Union territory,2022,Electricity generation,Fuel,Hydro,GWh,0.0
India,IND,Dadra and Nagar Haveli and Daman and Diu,DH,Union territory,2022,Electricity generation,Fuel,Other Renewables,GWh,0.0
India,IND,Dadra and Nagar Haveli and Daman and Diu,DH,Union territory,2022,Electricity generation,Fuel,Solar,GWh,47.32
India,IND,Dadra and Nagar Haveli and Daman and Diu,DH,Union territory,2022,Electricity generation,Fuel,Wind,GWh,0.0
India,IND,Dadra and Nagar Haveli and Daman and Diu,DH,Union territory,2022,Electricity generation,Total,Total Generation,GWh,53.97
India,IND,Dadra and Nagar Haveli and Daman and Diu,DH,Union territory,2023,Electricity generation,Fuel,Bioenergy,%,38.78
India,IND,Dadra and Nagar Haveli and Daman and Diu,DH,Union territory,2023,Electricity generation,Fuel,Hydro,%,0.0
India,IND,Dadra and Nagar Haveli and Daman and Diu,DH,Union territory,2023,Electricity generation,Fuel,Other Renewables,%,0.0
India,IND,Dadra and Nagar Haveli and Daman and Diu,DH,Union territory,2023,Electricity generation,Fuel,Solar,%,61.22
India,IND,Dadra and Nagar Haveli and Daman and Diu,DH,Union territory,2023,Electricity generation,Fuel,Wind,%,0.0
India,IND,Dadra and Nagar Haveli and Daman and Diu,DH,Union territory,2023,Electricity generation,Fuel,Bioenergy,GWh,9.71
India,IND,Dadra and Nagar Haveli and Daman and Diu,DH,Union territory,2023,Electricity generation,Fuel,Hydro,GWh,0.0
India,IND,Dadra and Nagar Haveli and Daman and Diu,DH,Union territory,2023,Electricity generation,Fuel,Other Renewables,GWh,0.0
India,IND,Dadra and Nagar Haveli and Daman and Diu,DH,Union territory,2023,Electricity generation,Fuel,Solar,GWh,15.33
India,IND,Dadra and Nagar Haveli and Daman and Diu,DH,Union territory,2023,Electricity generation,Fuel,Wind,GWh,0.0
India,IND,Dadra and Nagar Haveli and Daman and Diu,DH,Union territory,2023,Electricity generation,Total,Total Generation,GWh,25.04
India,IND,Dadra and Nagar Haveli and Daman and Diu,DH,Union territory,2024,Electricity generation,Fuel,Bioenergy,%,44.45
India,IND,Dadra and Nagar Haveli and Daman and Diu,DH,Union territory,2024,Electricity generation,Fuel,Hydro,%,0.0
India,IND,Dadra and Nagar Haveli and Daman and Diu,DH,Union territory,2024,Electricity generation,Fuel,Other Renewables,%,0.0
India,IND,Dadra and Nagar Haveli and Daman and Diu,DH,Union territory,2024,Electricity generation,Fuel,Solar,%,55.55
India,IND,Dadra and Nagar Haveli and Daman and Diu,DH,Union territory,2024,Electricity generation,Fuel,Wind,%,0.0
India,IND,Dadra and Nagar Haveli and Daman and Diu,DH,Union territory,2024,Electricity generation,Fuel,Bioenergy,GWh,12.78
India,IND,Dadra and Nagar Haveli and Daman and Diu,DH,Union territory,2024,Electricity generation,Fuel,Hydro,GWh,0.0
India,IND,Dadra and Nagar Haveli and Daman and Diu,DH,Union territory,2024,Electricity generation,Fuel,Other Renewables,GWh,0.0
India,IND,Dadra and Nagar Haveli and Daman and Diu,DH,Union territory,2024,Electricity generation,Fuel,Solar,GWh,15.98
India,IND,Dadra and Nagar Haveli and Daman and Diu,DH,Union territory,2024,Electricity generation,Fuel,Wind,GWh,0.0
India,IND,Dadra and Nagar Haveli and Daman and Diu,DH,Union territory,2024,Electricity generation,Total,Total Generation,GWh,28.76
India,IND,Delhi,DL,Union territory,2019,Electricity generation,Fuel,Bioenergy,%,0.0
India,IND,Delhi,DL,Union territory,2019,Electricity generation,Fuel,Coal,%,0.0
India,IND,Delhi,DL,Union territory,2019,Electricity generation,Fuel,Gas,%,93.39
India,IND,Delhi,DL,Union territory,2019,Electricity generation,Fuel,Hydro,%,0.0
India,IND,Delhi,DL,Union territory,2019,Electricity generation,Fuel,Nuclear,%,0.0
India,IND,Delhi,DL,Union territory,2019,Electricity generation,Fuel,Other Fossil,%,0.0
India,IND,Delhi,DL,Union territory,2019,Electricity generation,Fuel,Other Renewables,%,4.79
India,IND,Delhi,DL,Union territory,2019,Electricity generation,Fuel,Solar,%,1.83
India,IND,Delhi,DL,Union territory,2019,Electricity generation,Fuel,Wind,%,0.0
India,IND,Delhi,DL,Union territory,2019,Electricity generation,Fuel,Bioenergy,GWh,0.0
India,IND,Delhi,DL,Union territory,2019,Electricity generation,Fuel,Coal,GWh,0.0
India,IND,Delhi,DL,Union territory,2019,Electricity generation,Fuel,Gas,GWh,5680.24
India,IND,Delhi,DL,Union territory,2019,Electricity generation,Fuel,Hydro,GWh,0.0
India,IND,Delhi,DL,Union territory,2019,Electricity generation,Fuel,Nuclear,GWh,0.0
India,IND,Delhi,DL,Union territory,2019,Electricity generation,Fuel,Other Fossil,GWh,0.0
India,IND,Delhi,DL,Union territory,2019,Electricity generation,Fuel,Other Renewables,GWh,291.11
India,IND,Delhi,DL,Union territory,2019,Electricity generation,Fuel,Solar,GWh,111.19
India,IND,Delhi,DL,Union territory,2019,Electricity generation,Fuel,Wind,GWh,0.0
India,IND,Delhi,DL,Union territory,2019,Electricity generation,Total,Total Generation,GWh,6082.54
India,IND,Delhi,DL,Union territory,2020,Electricity generation,Fuel,Bioenergy,%,0.0
India,IND,Delhi,DL,Union territory,2020,Electricity generation,Fuel,Coal,%,0.0
India,IND,Delhi,DL,Union territory,2020,Electricity generation,Fuel,Gas,%,92.81
India,IND,Delhi,DL,Union territory,2020,Electricity generation,Fuel,Hydro,%,0.0
India,IND,Delhi,DL,Union territory,2020,Electricity generation,Fuel,Nuclear,%,0.0
India,IND,Delhi,DL,Union territory,2020,Electricity generation,Fuel,Other Fossil,%,0.0
India,IND,Delhi,DL,Union territory,2020,Electricity generation,Fuel,Other Renewables,%,4.13
India,IND,Delhi,DL,Union territory,2020,Electricity generation,Fuel,Solar,%,3.06
India,IND,Delhi,DL,Union territory,2020,Electricity generation,Fuel,Wind,%,0.0
India,IND,Delhi,DL,Union territory,2020,Electricity generation,Fuel,Bioenergy,GWh,0.0
India,IND,Delhi,DL,Union territory,2020,Electricity generation,Fuel,Coal,GWh,0.0
India,IND,Delhi,DL,Union territory,2020,Electricity generation,Fuel,Gas,GWh,5391.43
India,IND,Delhi,DL,Union territory,2020,Electricity generation,Fuel,Hydro,GWh,0.0
India,IND,Delhi,DL,Union territory,2020,Electricity generation,Fuel,Nuclear,GWh,0.0
India,IND,Delhi,DL,Union territory,2020,Electricity generation,Fuel,Other Fossil,GWh,0.0
India,IND,Delhi,DL,Union territory,2020,Electricity generation,Fuel,Other Renewables,GWh,240.17
India,IND,Delhi,DL,Union territory,2020,Electricity generation,Fuel,Solar,GWh,177.5
India,IND,Delhi,DL,Union territory,2020,Electricity generation,Fuel,Wind,GWh,0.0
India,IND,Delhi,DL,Union territory,2020,Electricity generation,Total,Total Generation,GWh,5809.1
India,IND,Delhi,DL,Union territory,2021,Electricity generation,Fuel,Bioenergy,%,0.0
India,IND,Delhi,DL,Union territory,2021,Electricity generation,Fuel,Coal,%,0.0
India,IND,Delhi,DL,Union territory,2021,Electricity generation,Fuel,Gas,%,92.06
India,IND,Delhi,DL,Union territory,2021,Electricity generation,Fuel,Hydro,%,0.0
India,IND,Delhi,DL,Union territory,2021,Electricity generation,Fuel,Nuclear,%,0.0
India,IND,Delhi,DL,Union territory,2021,Electricity generation,Fuel,Other Fossil,%,0.0
India,IND,Delhi,DL,Union territory,2021,Electricity generation,Fuel,Other Renewables,%,4.25
India,IND,Delhi,DL,Union territory,2021,Electricity generation,Fuel,Solar,%,3.69
India,IND,Delhi,DL,Union territory,2021,Electricity generation,Fuel,Wind,%,0.0
India,IND,Delhi,DL,Union territory,2021,Electricity generation,Fuel,Bioenergy,GWh,0.0
India,IND,Delhi,DL,Union territory,2021,Electricity generation,Fuel,Coal,GWh,0.0
India,IND,Delhi,DL,Union territory,2021,Electricity generation,Fuel,Gas,GWh,5110.29
India,IND,Delhi,DL,Union territory,2021,Electricity generation,Fuel,Hydro,GWh,0.0
India,IND,Delhi,DL,Union territory,2021,Electricity generation,Fuel,Nuclear,GWh,0.0
India,IND,Delhi,DL,Union territory,2021,Electricity generation,Fuel,Other Fossil,GWh,0.0
India,IND,Delhi,DL,Union territory,2021,Electricity generation,Fuel,Other Renewables,GWh,235.66
India,IND,Delhi,DL,Union territory,2021,Electricity generation,Fuel,Solar,GWh,204.83
India,IND,Delhi,DL,Union territory,2021,Electricity generation,Fuel,Wind,GWh,0.0
India,IND,Delhi,DL,Union territory,2021,Electricity generation,Total,Total Generation,GWh,5550.78
India,IND,Delhi,DL,Union territory,2022,Electricity generation,Fuel,Bioenergy,%,0.0
India,IND,Delhi,DL,Union territory,2022,Electricity generation,Fuel,Coal,%,0.0
India,IND,Delhi,DL,Union territory,2022,Electricity generation,Fuel,Gas,%,89.35
India,IND,Delhi,DL,Union territory,2022,Electricity generation,Fuel,Hydro,%,0.0
India,IND,Delhi,DL,Union territory,2022,Electricity generation,Fuel,Nuclear,%,0.0
India,IND,Delhi,DL,Union territory,2022,Electricity generation,Fuel,Other Fossil,%,0.0
India,IND,Delhi,DL,Union territory,2022,Electricity generation,Fuel,Other Renewables,%,5.42
India,IND,Delhi,DL,Union territory,2022,Electricity generation,Fuel,Solar,%,5.23
India,IND,Delhi,DL,Union territory,2022,Electricity generation,Fuel,Wind,%,0.0
India,IND,Delhi,DL,Union territory,2022,Electricity generation,Fuel,Bioenergy,GWh,0.0
India,IND,Delhi,DL,Union territory,2022,Electricity generation,Fuel,Coal,GWh,0.0
India,IND,Delhi,DL,Union territory,2022,Electricity generation,Fuel,Gas,GWh,4176.02
India,IND,Delhi,DL,Union territory,2022,Electricity generation,Fuel,Hydro,GWh,0.0
India,IND,Delhi,DL,Union territory,2022,Electricity generation,Fuel,Nuclear,GWh,0.0
India,IND,Delhi,DL,Union territory,2022,Electricity generation,Fuel,Other Fossil,GWh,0.0
India,IND,Delhi,DL,Union territory,2022,Electricity generation,Fuel,Other Renewables,GWh,253.35
India,IND,Delhi,DL,Union territory,2022,Electricity generation,Fuel,Solar,GWh,244.59
India,IND,Delhi,DL,Union territory,2022,Electricity generation,Fuel,Wind,GWh,0.0
India,IND,Delhi,DL,Union territory,2022,Electricity generation,Total,Total Generation,GWh,4673.96
India,IND,Delhi,DL,Union territory,2023,Electricity generation,Fuel,Bioenergy,%,0.0
India,IND,Delhi,DL,Union territory,2023,Electricity generation,Fuel,Coal,%,0.0
India,IND,Delhi,DL,Union territory,2023,Electricity generation,Fuel,Gas,%,83.9
India,IND,Delhi,DL,Union territory,2023,Electricity generation,Fuel,Hydro,%,0.0
India,IND,Delhi,DL,Union territory,2023,Electricity generation,Fuel,Nuclear,%,0.0
India,IND,Delhi,DL,Union territory,2023,Electricity generation,Fuel,Other Fossil,%,0.0
India,IND,Delhi,DL,Union territory,2023,Electricity generation,Fuel,Other Renewables,%,11.24
India,IND,Delhi,DL,Union territory,2023,Electricity generation,Fuel,Solar,%,4.86
India,IND,Delhi,DL,Union territory,2023,Electricity generation,Fuel,Wind,%,0.0
India,IND,Delhi,DL,Union territory,2023,Electricity generation,Fuel,Bioenergy,GWh,0.0
India,IND,Delhi,DL,Union territory,2023,Electricity generation,Fuel,Coal,GWh,0.0
India,IND,Delhi,DL,Union territory,2023,Electricity generation,Fuel,Gas,GWh,3565.49
India,IND,Delhi,DL,Union territory,2023,Electricity generation,Fuel,Hydro,GWh,0.0
India,IND,Delhi,DL,Union territory,2023,Electricity generation,Fuel,Nuclear,GWh,0.0
India,IND,Delhi,DL,Union territory,2023,Electricity generation,Fuel,Other Fossil,GWh,0.0
India,IND,Delhi,DL,Union territory,2023,Electricity generation,Fuel,Other Renewables,GWh,477.71
India,IND,Delhi,DL,Union territory,2023,Electricity generation,Fuel,Solar,GWh,206.53
India,IND,Delhi,DL,Union territory,2023,Electricity generation,Fuel,Wind,GWh,0.0
India,IND,Delhi,DL,Union territory,2023,Electricity generation,Total,Total Generation,GWh,4249.73
India,IND,Delhi,DL,Union territory,2024,Electricity generation,Fuel,Bioenergy,%,0.0
India,IND,Delhi,DL,Union territory,2024,Electricity generation,Fuel,Coal,%,0.0
India,IND,Delhi,DL,Union territory,2024,Electricity generation,Fuel,Gas,%,84.65
India,IND,Delhi,DL,Union territory,2024,Electricity generation,Fuel,Hydro,%,0.0
India,IND,Delhi,DL,Union territory,2024,Electricity generation,Fuel,Nuclear,%,0.0
India,IND,Delhi,DL,Union territory,2024,Electricity generation,Fuel,Other Fossil,%,0.0
India,IND,Delhi,DL,Union territory,2024,Electricity generation,Fuel,Other Renewables,%,11.2
India,IND,Delhi,DL,Union territory,2024,Electricity generation,Fuel,Solar,%,4.14
India,IND,Delhi,DL,Union territory,2024,Electricity generation,Fuel,Wind,%,0.0
India,IND,Delhi,DL,Union territory,2024,Electricity generation,Fuel,Bioenergy,GWh,0.0
India,IND,Delhi,DL,Union territory,2024,Electricity generation,Fuel,Coal,GWh,0.0
India,IND,Delhi,DL,Union territory,2024,Electricity generation,Fuel,Gas,GWh,4218.63
India,IND,Delhi,DL,Union territory,2024,Electricity generation,Fuel,Hydro,GWh,0.0
India,IND,Delhi,DL,Union territory,2024,Electricity generation,Fuel,Nuclear,GWh,0.0
India,IND,Delhi,DL,Union territory,2024,Electricity generation,Fuel,Other Fossil,GWh,0.0
India,IND,Delhi,DL,Union territory,2024,Electricity generation,Fuel,Other Renewables,GWh,558.28
India,IND,Delhi,DL,Union territory,2024,Electricity generation,Fuel,Solar,GWh,206.53
India,IND,Delhi,DL,Union territory,2024,Electricity generation,Fuel,Wind,GWh,0.0
India,IND,Delhi,DL,Union territory,2024,Electricity generation,Total,Total Generation,GWh,4983.44
India,IND,Goa,GA,state,2019,Electricity generation,Fuel,Bioenergy,%,0.0
India,IND,Goa,GA,state,2019,Electricity generation,Fuel,Coal,%,0.0
India,IND,Goa,GA,state,2019,Electricity generation,Fuel,Gas,%,0.0
India,IND,Goa,GA,state,2019,Electricity generation,Fuel,Hydro,%,0.0
India,IND,Goa,GA,state,2019,Electricity generation,Fuel,Nuclear,%,0.0
India,IND,Goa,GA,state,2019,Electricity generation,Fuel,Other Fossil,%,0.0
India,IND,Goa,GA,state,2019,Electricity generation,Fuel,Other Renewables,%,0.0
India,IND,Goa,GA,state,2019,Electricity generation,Fuel,Solar,%,100.0
India,IND,Goa,GA,state,2019,Electricity generation,Fuel,Wind,%,0.0
India,IND,Goa,GA,state,2019,Electricity generation,Fuel,Bioenergy,GWh,0.0
India,IND,Goa,GA,state,2019,Electricity generation,Fuel,Coal,GWh,0.0
India,IND,Goa,GA,state,2019,Electricity generation,Fuel,Gas,GWh,0.0
India,IND,Goa,GA,state,2019,Electricity generation,Fuel,Hydro,GWh,0.0
India,IND,Goa,GA,state,2019,Electricity generation,Fuel,Nuclear,GWh,0.0
India,IND,Goa,GA,state,2019,Electricity generation,Fuel,Other Fossil,GWh,0.0
India,IND,Goa,GA,state,2019,Electricity generation,Fuel,Other Renewables,GWh,0.0
India,IND,Goa,GA,state,2019,Electricity generation,Fuel,Solar,GWh,0.4
India,IND,Goa,GA,state,2019,Electricity generation,Fuel,Wind,GWh,0.0
India,IND,Goa,GA,state,2019,Electricity generation,Total,Total Generation,GWh,0.4
India,IND,Goa,GA,state,2020,Electricity generation,Fuel,Bioenergy,%,0.0
India,IND,Goa,GA,state,2020,Electricity generation,Fuel,Coal,%,0.0
India,IND,Goa,GA,state,2020,Electricity generation,Fuel,Gas,%,0.0
India,IND,Goa,GA,state,2020,Electricity generation,Fuel,Hydro,%,0.0
India,IND,Goa,GA,state,2020,Electricity generation,Fuel,Nuclear,%,0.0
India,IND,Goa,GA,state,2020,Electricity generation,Fuel,Other Fossil,%,0.0
India,IND,Goa,GA,state,2020,Electricity generation,Fuel,Other Renewables,%,0.0
India,IND,Goa,GA,state,2020,Electricity generation,Fuel,Solar,%,100.0
India,IND,Goa,GA,state,2020,Electricity generation,Fuel,Wind,%,0.0
India,IND,Goa,GA,state,2020,Electricity generation,Fuel,Bioenergy,GWh,0.0
India,IND,Goa,GA,state,2020,Electricity generation,Fuel,Coal,GWh,0.0
India,IND,Goa,GA,state,2020,Electricity generation,Fuel,Gas,GWh,0.0
India,IND,Goa,GA,state,2020,Electricity generation,Fuel,Hydro,GWh,0.0
India,IND,Goa,GA,state,2020,Electricity generation,Fuel,Nuclear,GWh,0.0
India,IND,Goa,GA,state,2020,Electricity generation,Fuel,Other Fossil,GWh,0.0
India,IND,Goa,GA,state,2020,Electricity generation,Fuel,Other Renewables,GWh,0.0
India,IND,Goa,GA,state,2020,Electricity generation,Fuel,Solar,GWh,1.48
India,IND,Goa,GA,state,2020,Electricity generation,Fuel,Wind,GWh,0.0
India,IND,Goa,GA,state,2020,Electricity generation,Total,Total Generation,GWh,1.48
India,IND,Goa,GA,state,2021,Electricity generation,Fuel,Bioenergy,%,0.0
India,IND,Goa,GA,state,2021,Electricity generation,Fuel,Coal,%,0.0
India,IND,Goa,GA,state,2021,Electricity generation,Fuel,Gas,%,0.0
India,IND,Goa,GA,state,2021,Electricity generation,Fuel,Hydro,%,0.0
India,IND,Goa,GA,state,2021,Electricity generation,Fuel,Nuclear,%,0.0
India,IND,Goa,GA,state,2021,Electricity generation,Fuel,Other Fossil,%,0.0
India,IND,Goa,GA,state,2021,Electricity generation,Fuel,Other Renewables,%,0.39
India,IND,Goa,GA,state,2021,Electricity generation,Fuel,Solar,%,99.61
India,IND,Goa,GA,state,2021,Electricity generation,Fuel,Wind,%,0.0
India,IND,Goa,GA,state,2021,Electricity generation,Fuel,Bioenergy,GWh,0.0
India,IND,Goa,GA,state,2021,Electricity generation,Fuel,Coal,GWh,0.0
India,IND,Goa,GA,state,2021,Electricity generation,Fuel,Gas,GWh,0.0
India,IND,Goa,GA,state,2021,Electricity generation,Fuel,Hydro,GWh,0.0
India,IND,Goa,GA,state,2021,Electricity generation,Fuel,Nuclear,GWh,0.0
India,IND,Goa,GA,state,2021,Electricity generation,Fuel,Other Fossil,GWh,0.0
India,IND,Goa,GA,state,2021,Electricity generation,Fuel,Other Renewables,GWh,0.01
India,IND,Goa,GA,state,2021,Electricity generation,Fuel,Solar,GWh,2.58
India,IND,Goa,GA,state,2021,Electricity generation,Fuel,Wind,GWh,0.0
India,IND,Goa,GA,state,2021,Electricity generation,Total,Total Generation,GWh,2.59
India,IND,Goa,GA,state,2022,Electricity generation,Fuel,Bioenergy,%,0.0
India,IND,Goa,GA,state,2022,Electricity generation,Fuel,Coal,%,0.0
India,IND,Goa,GA,state,2022,Electricity generation,Fuel,Gas,%,0.0
India,IND,Goa,GA,state,2022,Electricity generation,Fuel,Hydro,%,0.0
India,IND,Goa,GA,state,2022,Electricity generation,Fuel,Nuclear,%,0.0
India,IND,Goa,GA,state,2022,Electricity generation,Fuel,Other Fossil,%,0.0
India,IND,Goa,GA,state,2022,Electricity generation,Fuel,Other Renewables,%,22.05
India,IND,Goa,GA,state,2022,Electricity generation,Fuel,Solar,%,77.95
India,IND,Goa,GA,state,2022,Electricity generation,Fuel,Wind,%,0.0
India,IND,Goa,GA,state,2022,Electricity generation,Fuel,Bioenergy,GWh,0.0
India,IND,Goa,GA,state,2022,Electricity generation,Fuel,Coal,GWh,0.0
India,IND,Goa,GA,state,2022,Electricity generation,Fuel,Gas,GWh,0.0
India,IND,Goa,GA,state,2022,Electricity generation,Fuel,Hydro,GWh,0.0
India,IND,Goa,GA,state,2022,Electricity generation,Fuel,Nuclear,GWh,0.0
India,IND,Goa,GA,state,2022,Electricity generation,Fuel,Other Fossil,GWh,0.0
India,IND,Goa,GA,state,2022,Electricity generation,Fuel,Other Renewables,GWh,4.52
India,IND,Goa,GA,state,2022,Electricity generation,Fuel,Solar,GWh,15.97
India,IND,Goa,GA,state,2022,Electricity generation,Fuel,Wind,GWh,0.0
India,IND,Goa,GA,state,2022,Electricity generation,Total,Total Generation,GWh,20.49
India,IND,Goa,GA,state,2023,Electricity generation,Fuel,Bioenergy,%,0.0
India,IND,Goa,GA,state,2023,Electricity generation,Fuel,Coal,%,0.0
India,IND,Goa,GA,state,2023,Electricity generation,Fuel,Gas,%,0.0
India,IND,Goa,GA,state,2023,Electricity generation,Fuel,Hydro,%,0.0
India,IND,Goa,GA,state,2023,Electricity generation,Fuel,Nuclear,%,0.0
India,IND,Goa,GA,state,2023,Electricity generation,Fuel,Other Fossil,%,0.0
India,IND,Goa,GA,state,2023,Electricity generation,Fuel,Other Renewables,%,12.52
India,IND,Goa,GA,state,2023,Electricity generation,Fuel,Solar,%,87.48
India,IND,Goa,GA,state,2023,Electricity generation,Fuel,Wind,%,0.0
India,IND,Goa,GA,state,2023,Electricity generation,Fuel,Bioenergy,GWh,0.0
India,IND,Goa,GA,state,2023,Electricity generation,Fuel,Coal,GWh,0.0
India,IND,Goa,GA,state,2023,Electricity generation,Fuel,Gas,GWh,0.0
India,IND,Goa,GA,state,2023,Electricity generation,Fuel,Hydro,GWh,0.0
India,IND,Goa,GA,state,2023,Electricity generation,Fuel,Nuclear,GWh,0.0
India,IND,Goa,GA,state,2023,Electricity generation,Fuel,Other Fossil,GWh,0.0
India,IND,Goa,GA,state,2023,Electricity generation,Fuel,Other Renewables,GWh,7.19
India,IND,Goa,GA,state,2023,Electricity generation,Fuel,Solar,GWh,50.25
India,IND,Goa,GA,state,2023,Electricity generation,Fuel,Wind,GWh,0.0
India,IND,Goa,GA,state,2023,Electricity generation,Total,Total Generation,GWh,57.44
India,IND,Goa,GA,state,2024,Electricity generation,Fuel,Bioenergy,%,0.0
India,IND,Goa,GA,state,2024,Electricity generation,Fuel,Coal,%,0.0
India,IND,Goa,GA,state,2024,Electricity generation,Fuel,Gas,%,0.0
India,IND,Goa,GA,state,2024,Electricity generation,Fuel,Hydro,%,0.0
India,IND,Goa,GA,state,2024,Electricity generation,Fuel,Nuclear,%,0.0
India,IND,Goa,GA,state,2024,Electricity generation,Fuel,Other Fossil,%,0.0
India,IND,Goa,GA,state,2024,Electricity generation,Fuel,Other Renewables,%,12.47
India,IND,Goa,GA,state,2024,Electricity generation,Fuel,Solar,%,87.53
India,IND,Goa,GA,state,2024,Electricity generation,Fuel,Wind,%,0.0
India,IND,Goa,GA,state,2024,Electricity generation,Fuel,Bioenergy,GWh,0.0
India,IND,Goa,GA,state,2024,Electricity generation,Fuel,Coal,GWh,0.0
India,IND,Goa,GA,state,2024,Electricity generation,Fuel,Gas,GWh,0.0
India,IND,Goa,GA,state,2024,Electricity generation,Fuel,Hydro,GWh,0.0
India,IND,Goa,GA,state,2024,Electricity generation,Fuel,Nuclear,GWh,0.0
India,IND,Goa,GA,state,2024,Electricity generation,Fuel,Other Fossil,GWh,0.0
India,IND,Goa,GA,state,2024,Electricity generation,Fuel,Other Renewables,GWh,8.14
India,IND,Goa,GA,state,2024,Electricity generation,Fuel,Solar,GWh,57.11
India,IND,Goa,GA,state,2024,Electricity generation,Fuel,Wind,GWh,0.0
India,IND,Goa,GA,state,2024,Electricity generation,Total,Total Generation,GWh,65.25
India,IND,Gujarat,GJ,state,2019,Electricity generation,Fuel,Bioenergy,%,0.09
India,IND,Gujarat,GJ,state,2019,Electricity generation,Fuel,Coal,%,70.37
India,IND,Gujarat,GJ,state,2019,Electricity generation,Fuel,Gas,%,10.25
India,IND,Gujarat,GJ,state,2019,Electricity generation,Fuel,Hydro,%,3.75
India,IND,Gujarat,GJ,state,2019,Electricity generation,Fuel,Nuclear,%,2.4
India,IND,Gujarat,GJ,state,2019,Electricity generation,Fuel,Other Fossil,%,0.0
India,IND,Gujarat,GJ,state,2019,Electricity generation,Fuel,Other Renewables,%,0.01
India,IND,Gujarat,GJ,state,2019,Electricity generation,Fuel,Solar,%,2.65
India,IND,Gujarat,GJ,state,2019,Electricity generation,Fuel,Wind,%,10.47
India,IND,Gujarat,GJ,state,2019,Electricity generation,Fuel,Bioenergy,GWh,106.22
India,IND,Gujarat,GJ,state,2019,Electricity generation,Fuel,Coal,GWh,86999.38
India,IND,Gujarat,GJ,state,2019,Electricity generation,Fuel,Gas,GWh,12678.61
India,IND,Gujarat,GJ,state,2019,Electricity generation,Fuel,Hydro,GWh,4640.31
India,IND,Gujarat,GJ,state,2019,Electricity generation,Fuel,Nuclear,GWh,2963.97
India,IND,Gujarat,GJ,state,2019,Electricity generation,Fuel,Other Fossil,GWh,0.0
India,IND,Gujarat,GJ,state,2019,Electricity generation,Fuel,Other Renewables,GWh,16.08
India,IND,Gujarat,GJ,state,2019,Electricity generation,Fuel,Solar,GWh,3279.5
India,IND,Gujarat,GJ,state,2019,Electricity generation,Fuel,Wind,GWh,12950.67
India,IND,Gujarat,GJ,state,2019,Electricity generation,Total,Total Generation,GWh,123634.74
India,IND,Gujarat,GJ,state,2020,Electricity generation,Fuel,Bioenergy,%,0.08
India,IND,Gujarat,GJ,state,2020,Electricity generation,Fuel,Coal,%,62.58
India,IND,Gujarat,GJ,state,2020,Electricity generation,Fuel,Gas,%,16.13
India,IND,Gujarat,GJ,state,2020,Electricity generation,Fuel,Hydro,%,3.86
India,IND,Gujarat,GJ,state,2020,Electricity generation,Fuel,Nuclear,%,3.01
India,IND,Gujarat,GJ,state,2020,Electricity generation,Fuel,Other Fossil,%,0.0
India,IND,Gujarat,GJ,state,2020,Electricity generation,Fuel,Other Renewables,%,0.01
India,IND,Gujarat,GJ,state,2020,Electricity generation,Fuel,Solar,%,3.54
India,IND,Gujarat,GJ,state,2020,Electricity generation,Fuel,Wind,%,10.79
India,IND,Gujarat,GJ,state,2020,Electricity generation,Fuel,Bioenergy,GWh,98.0
India,IND,Gujarat,GJ,state,2020,Electricity generation,Fuel,Coal,GWh,76653.3
India,IND,Gujarat,GJ,state,2020,Electricity generation,Fuel,Gas,GWh,19761.78
India,IND,Gujarat,GJ,state,2020,Electricity generation,Fuel,Hydro,GWh,4729.88
India,IND,Gujarat,GJ,state,2020,Electricity generation,Fuel,Nuclear,GWh,3687.04
India,IND,Gujarat,GJ,state,2020,Electricity generation,Fuel,Other Fossil,GWh,0.0
India,IND,Gujarat,GJ,state,2020,Electricity generation,Fuel,Other Renewables,GWh,13.3
India,IND,Gujarat,GJ,state,2020,Electricity generation,Fuel,Solar,GWh,4334.31
India,IND,Gujarat,GJ,state,2020,Electricity generation,Fuel,Wind,GWh,13219.62
India,IND,Gujarat,GJ,state,2020,Electricity generation,Total,Total Generation,GWh,122497.23
India,IND,Gujarat,GJ,state,2021,Electricity generation,Fuel,Bioenergy,%,0.02
India,IND,Gujarat,GJ,state,2021,Electricity generation,Fuel,Coal,%,59.88
India,IND,Gujarat,GJ,state,2021,Electricity generation,Fuel,Gas,%,9.32
India,IND,Gujarat,GJ,state,2021,Electricity generation,Fuel,Hydro,%,3.33
India,IND,Gujarat,GJ,state,2021,Electricity generation,Fuel,Nuclear,%,3.59
India,IND,Gujarat,GJ,state,2021,Electricity generation,Fuel,Other Fossil,%,0.0
India,IND,Gujarat,GJ,state,2021,Electricity generation,Fuel,Other Renewables,%,0.0
India,IND,Gujarat,GJ,state,2021,Electricity generation,Fuel,Solar,%,6.27
India,IND,Gujarat,GJ,state,2021,Electricity generation,Fuel,Wind,%,17.6
India,IND,Gujarat,GJ,state,2021,Electricity generation,Fuel,Bioenergy,GWh,20.13
India,IND,Gujarat,GJ,state,2021,Electricity generation,Fuel,Coal,GWh,58424.78
India,IND,Gujarat,GJ,state,2021,Electricity generation,Fuel,Gas,GWh,9090.93
India,IND,Gujarat,GJ,state,2021,Electricity generation,Fuel,Hydro,GWh,3244.55
India,IND,Gujarat,GJ,state,2021,Electricity generation,Fuel,Nuclear,GWh,3497.96
India,IND,Gujarat,GJ,state,2021,Electricity generation,Fuel,Other Fossil,GWh,0.0
India,IND,Gujarat,GJ,state,2021,Electricity generation,Fuel,Other Renewables,GWh,0.0
India,IND,Gujarat,GJ,state,2021,Electricity generation,Fuel,Solar,GWh,6118.49
India,IND,Gujarat,GJ,state,2021,Electricity generation,Fuel,Wind,GWh,17167.59
India,IND,Gujarat,GJ,state,2021,Electricity generation,Total,Total Generation,GWh,97564.43
India,IND,Gujarat,GJ,state,2022,Electricity generation,Fuel,Bioenergy,%,0.01
India,IND,Gujarat,GJ,state,2022,Electricity generation,Fuel,Coal,%,57.82
India,IND,Gujarat,GJ,state,2022,Electricity generation,Fuel,Gas,%,2.23
India,IND,Gujarat,GJ,state,2022,Electricity generation,Fuel,Hydro,%,6.27
India,IND,Gujarat,GJ,state,2022,Electricity generation,Fuel,Nuclear,%,3.91
India,IND,Gujarat,GJ,state,2022,Electricity generation,Fuel,Other Fossil,%,0.0
India,IND,Gujarat,GJ,state,2022,Electricity generation,Fuel,Other Renewables,%,0.0
India,IND,Gujarat,GJ,state,2022,Electricity generation,Fuel,Solar,%,9.92
India,IND,Gujarat,GJ,state,2022,Electricity generation,Fuel,Wind,%,19.84
India,IND,Gujarat,GJ,state,2022,Electricity generation,Fuel,Bioenergy,GWh,8.97
India,IND,Gujarat,GJ,state,2022,Electricity generation,Fuel,Coal,GWh,54162.97
India,IND,Gujarat,GJ,state,2022,Electricity generation,Fuel,Gas,GWh,2087.51
India,IND,Gujarat,GJ,state,2022,Electricity generation,Fuel,Hydro,GWh,5875.65
India,IND,Gujarat,GJ,state,2022,Electricity generation,Fuel,Nuclear,GWh,3663.17
India,IND,Gujarat,GJ,state,2022,Electricity generation,Fuel,Other Fossil,GWh,0.0
India,IND,Gujarat,GJ,state,2022,Electricity generation,Fuel,Other Renewables,GWh,2.24
India,IND,Gujarat,GJ,state,2022,Electricity generation,Fuel,Solar,GWh,9292.99
India,IND,Gujarat,GJ,state,2022,Electricity generation,Fuel,Wind,GWh,18588.23
India,IND,Gujarat,GJ,state,2022,Electricity generation,Total,Total Generation,GWh,93681.73
India,IND,Gujarat,GJ,state,2023,Electricity generation,Fuel,Bioenergy,%,0.0
India,IND,Gujarat,GJ,state,2023,Electricity generation,Fuel,Coal,%,55.09
India,IND,Gujarat,GJ,state,2023,Electricity generation,Fuel,Gas,%,5.56
India,IND,Gujarat,GJ,state,2023,Electricity generation,Fuel,Hydro,%,4.01
India,IND,Gujarat,GJ,state,2023,Electricity generation,Fuel,Nuclear,%,5.34
India,IND,Gujarat,GJ,state,2023,Electricity generation,Fuel,Other Fossil,%,0.0
India,IND,Gujarat,GJ,state,2023,Electricity generation,Fuel,Other Renewables,%,0.0
India,IND,Gujarat,GJ,state,2023,Electricity generation,Fuel,Solar,%,10.33
India,IND,Gujarat,GJ,state,2023,Electricity generation,Fuel,Wind,%,19.68
India,IND,Gujarat,GJ,state,2023,Electricity generation,Fuel,Bioenergy,GWh,3.61
India,IND,Gujarat,GJ,state,2023,Electricity generation,Fuel,Coal,GWh,67353.0
India,IND,Gujarat,GJ,state,2023,Electricity generation,Fuel,Gas,GWh,6796.22
India,IND,Gujarat,GJ,state,2023,Electricity generation,Fuel,Hydro,GWh,4897.65
India,IND,Gujarat,GJ,state,2023,Electricity generation,Fuel,Nuclear,GWh,6525.29
India,IND,Gujarat,GJ,state,2023,Electricity generation,Fuel,Other Fossil,GWh,0.0
India,IND,Gujarat,GJ,state,2023,Electricity generation,Fuel,Other Renewables,GWh,0.0
India,IND,Gujarat,GJ,state,2023,Electricity generation,Fuel,Solar,GWh,12624.38
India,IND,Gujarat,GJ,state,2023,Electricity generation,Fuel,Wind,GWh,24067.9
India,IND,Gujarat,GJ,state,2023,Electricity generation,Total,Total Generation,GWh,122268.05
India,IND,Gujarat,GJ,state,2024,Electricity generation,Fuel,Bioenergy,%,0.03
India,IND,Gujarat,GJ,state,2024,Electricity generation,Fuel,Coal,%,55.08
India,IND,Gujarat,GJ,state,2024,Electricity generation,Fuel,Gas,%,6.4
India,IND,Gujarat,GJ,state,2024,Electricity generation,Fuel,Hydro,%,4.02
India,IND,Gujarat,GJ,state,2024,Electricity generation,Fuel,Nuclear,%,7.11
India,IND,Gujarat,GJ,state,2024,Electricity generation,Fuel,Other Fossil,%,0.0
India,IND,Gujarat,GJ,state,2024,Electricity generation,Fuel,Other Renewables,%,0.0
India,IND,Gujarat,GJ,state,2024,Electricity generation,Fuel,Solar,%,11.31
India,IND,Gujarat,GJ,state,2024,Electricity generation,Fuel,Wind,%,16.04
India,IND,Gujarat,GJ,state,2024,Electricity generation,Fuel,Bioenergy,GWh,44.87
India,IND,Gujarat,GJ,state,2024,Electricity generation,Fuel,Coal,GWh,84615.28
India,IND,Gujarat,GJ,state,2024,Electricity generation,Fuel,Gas,GWh,9829.1
India,IND,Gujarat,GJ,state,2024,Electricity generation,Fuel,Hydro,GWh,6181.5
India,IND,Gujarat,GJ,state,2024,Electricity generation,Fuel,Nuclear,GWh,10923.39
India,IND,Gujarat,GJ,state,2024,Electricity generation,Fuel,Other Fossil,GWh,0.0
India,IND,Gujarat,GJ,state,2024,Electricity generation,Fuel,Other Renewables,GWh,0.0
India,IND,Gujarat,GJ,state,2024,Electricity generation,Fuel,Solar,GWh,17374.38
India,IND,Gujarat,GJ,state,2024,Electricity generation,Fuel,Wind,GWh,24644.66
India,IND,Gujarat,GJ,state,2024,Electricity generation,Total,Total Generation,GWh,153613.18
India,IND,Haryana,HR,state,2019,Electricity generation,Fuel,Bioenergy,%,1.4
India,IND,Haryana,HR,state,2019,Electricity generation,Fuel,Coal,%,93.23
India,IND,Haryana,HR,state,2019,Electricity generation,Fuel,Gas,%,3.23
India,IND,Haryana,HR,state,2019,Electricity generation,Fuel,Hydro,%,1.58
India,IND,Haryana,HR,state,2019,Electricity generation,Fuel,Nuclear,%,0.0
India,IND,Haryana,HR,state,2019,Electricity generation,Fuel,Other Fossil,%,0.0
India,IND,Haryana,HR,state,2019,Electricity generation,Fuel,Other Renewables,%,0.0
India,IND,Haryana,HR,state,2019,Electricity generation,Fuel,Solar,%,0.57
India,IND,Haryana,HR,state,2019,Electricity generation,Fuel,Wind,%,0.0
India,IND,Haryana,HR,state,2019,Electricity generation,Fuel,Bioenergy,GWh,281.04
India,IND,Haryana,HR,state,2019,Electricity generation,Fuel,Coal,GWh,18731.88
India,IND,Haryana,HR,state,2019,Electricity generation,Fuel,Gas,GWh,648.21
India,IND,Haryana,HR,state,2019,Electricity generation,Fuel,Hydro,GWh,316.88
India,IND,Haryana,HR,state,2019,Electricity generation,Fuel,Nuclear,GWh,0.0
India,IND,Haryana,HR,state,2019,Electricity generation,Fuel,Other Fossil,GWh,0.0
India,IND,Haryana,HR,state,2019,Electricity generation,Fuel,Other Renewables,GWh,0.0
India,IND,Haryana,HR,state,2019,Electricity generation,Fuel,Solar,GWh,115.03
India,IND,Haryana,HR,state,2019,Electricity generation,Fuel,Wind,GWh,0.0
India,IND,Haryana,HR,state,2019,Electricity generation,Total,Total Generation,GWh,20093.04
India,IND,Haryana,HR,state,2020,Electricity generation,Fuel,Bioenergy,%,2.25
India,IND,Haryana,HR,state,2020,Electricity generation,Fuel,Coal,%,88.22
India,IND,Haryana,HR,state,2020,Electricity generation,Fuel,Gas,%,6.36
India,IND,Haryana,HR,state,2020,Electricity generation,Fuel,Hydro,%,2.48
India,IND,Haryana,HR,state,2020,Electricity generation,Fuel,Nuclear,%,0.0
India,IND,Haryana,HR,state,2020,Electricity generation,Fuel,Other Fossil,%,0.0
India,IND,Haryana,HR,state,2020,Electricity generation,Fuel,Other Renewables,%,0.0
India,IND,Haryana,HR,state,2020,Electricity generation,Fuel,Solar,%,0.7
India,IND,Haryana,HR,state,2020,Electricity generation,Fuel,Wind,%,0.0
India,IND,Haryana,HR,state,2020,Electricity generation,Fuel,Bioenergy,GWh,299.71
India,IND,Haryana,HR,state,2020,Electricity generation,Fuel,Coal,GWh,11775.12
India,IND,Haryana,HR,state,2020,Electricity generation,Fuel,Gas,GWh,848.55
India,IND,Haryana,HR,state,2020,Electricity generation,Fuel,Hydro,GWh,330.54
India,IND,Haryana,HR,state,2020,Electricity generation,Fuel,Nuclear,GWh,0.0
India,IND,Haryana,HR,state,2020,Electricity generation,Fuel,Other Fossil,GWh,0.0
India,IND,Haryana,HR,state,2020,Electricity generation,Fuel,Other Renewables,GWh,0.0
India,IND,Haryana,HR,state,2020,Electricity generation,Fuel,Solar,GWh,93.51
India,IND,Haryana,HR,state,2020,Electricity generation,Fuel,Wind,GWh,0.0
India,IND,Haryana,HR,state,2020,Electricity generation,Total,Total Generation,GWh,13347.43
India,IND,Haryana,HR,state,2021,Electricity generation,Fuel,Bioenergy,%,1.14
India,IND,Haryana,HR,state,2021,Electricity generation,Fuel,Coal,%,94.19
India,IND,Haryana,HR,state,2021,Electricity generation,Fuel,Gas,%,1.52
India,IND,Haryana,HR,state,2021,Electricity generation,Fuel,Hydro,%,0.98
India,IND,Haryana,HR,state,2021,Electricity generation,Fuel,Nuclear,%,0.0
India,IND,Haryana,HR,state,2021,Electricity generation,Fuel,Other Fossil,%,0.0
India,IND,Haryana,HR,state,2021,Electricity generation,Fuel,Other Renewables,%,0.06
India,IND,Haryana,HR,state,2021,Electricity generation,Fuel,Solar,%,2.1
India,IND,Haryana,HR,state,2021,Electricity generation,Fuel,Wind,%,0.0
India,IND,Haryana,HR,state,2021,Electricity generation,Fuel,Bioenergy,GWh,265.89
India,IND,Haryana,HR,state,2021,Electricity generation,Fuel,Coal,GWh,21944.8
India,IND,Haryana,HR,state,2021,Electricity generation,Fuel,Gas,GWh,355.25
India,IND,Haryana,HR,state,2021,Electricity generation,Fuel,Hydro,GWh,229.27
India,IND,Haryana,HR,state,2021,Electricity generation,Fuel,Nuclear,GWh,0.0
India,IND,Haryana,HR,state,2021,Electricity generation,Fuel,Other Fossil,GWh,0.0
India,IND,Haryana,HR,state,2021,Electricity generation,Fuel,Other Renewables,GWh,13.25
India,IND,Haryana,HR,state,2021,Electricity generation,Fuel,Solar,GWh,490.01
India,IND,Haryana,HR,state,2021,Electricity generation,Fuel,Wind,GWh,0.0
India,IND,Haryana,HR,state,2021,Electricity generation,Total,Total Generation,GWh,23298.47
India,IND,Haryana,HR,state,2022,Electricity generation,Fuel,Bioenergy,%,1.62
India,IND,Haryana,HR,state,2022,Electricity generation,Fuel,Coal,%,95.49
India,IND,Haryana,HR,state,2022,Electricity generation,Fuel,Gas,%,0.01
India,IND,Haryana,HR,state,2022,Electricity generation,Fuel,Hydro,%,0.78
India,IND,Haryana,HR,state,2022,Electricity generation,Fuel,Nuclear,%,0.0
India,IND,Haryana,HR,state,2022,Electricity generation,Fuel,Other Fossil,%,0.0
India,IND,Haryana,HR,state,2022,Electricity generation,Fuel,Other Renewables,%,0.18
India,IND,Haryana,HR,state,2022,Electricity generation,Fuel,Solar,%,1.91
India,IND,Haryana,HR,state,2022,Electricity generation,Fuel,Wind,%,0.0
India,IND,Haryana,HR,state,2022,Electricity generation,Fuel,Bioenergy,GWh,534.64
India,IND,Haryana,HR,state,2022,Electricity generation,Fuel,Coal,GWh,31475.97
India,IND,Haryana,HR,state,2022,Electricity generation,Fuel,Gas,GWh,3.93
India,IND,Haryana,HR,state,2022,Electricity generation,Fuel,Hydro,GWh,258.2
India,IND,Haryana,HR,state,2022,Electricity generation,Fuel,Nuclear,GWh,0.0
India,IND,Haryana,HR,state,2022,Electricity generation,Fuel,Other Fossil,GWh,0.0
India,IND,Haryana,HR,state,2022,Electricity generation,Fuel,Other Renewables,GWh,59.96
India,IND,Haryana,HR,state,2022,Electricity generation,Fuel,Solar,GWh,628.73
India,IND,Haryana,HR,state,2022,Electricity generation,Fuel,Wind,GWh,0.0
India,IND,Haryana,HR,state,2022,Electricity generation,Total,Total Generation,GWh,32961.43
India,IND,Haryana,HR,state,2023,Electricity generation,Fuel,Bioenergy,%,1.35
India,IND,Haryana,HR,state,2023,Electricity generation,Fuel,Coal,%,94.61
India,IND,Haryana,HR,state,2023,Electricity generation,Fuel,Gas,%,0.45
India,IND,Haryana,HR,state,2023,Electricity generation,Fuel,Hydro,%,0.75
India,IND,Haryana,HR,state,2023,Electricity generation,Fuel,Nuclear,%,0.0
India,IND,Haryana,HR,state,2023,Electricity generation,Fuel,Other Fossil,%,0.0
India,IND,Haryana,HR,state,2023,Electricity generation,Fuel,Other Renewables,%,0.19
India,IND,Haryana,HR,state,2023,Electricity generation,Fuel,Solar,%,2.65
India,IND,Haryana,HR,state,2023,Electricity generation,Fuel,Wind,%,0.0
India,IND,Haryana,HR,state,2023,Electricity generation,Fuel,Bioenergy,GWh,412.91
India,IND,Haryana,HR,state,2023,Electricity generation,Fuel,Coal,GWh,28892.72
India,IND,Haryana,HR,state,2023,Electricity generation,Fuel,Gas,GWh,137.28
India,IND,Haryana,HR,state,2023,Electricity generation,Fuel,Hydro,GWh,227.56
India,IND,Haryana,HR,state,2023,Electricity generation,Fuel,Nuclear,GWh,0.0
India,IND,Haryana,HR,state,2023,Electricity generation,Fuel,Other Fossil,GWh,0.0
India,IND,Haryana,HR,state,2023,Electricity generation,Fuel,Other Renewables,GWh,59.34
India,IND,Haryana,HR,state,2023,Electricity generation,Fuel,Solar,GWh,808.17
India,IND,Haryana,HR,state,2023,Electricity generation,Fuel,Wind,GWh,0.0
India,IND,Haryana,HR,state,2023,Electricity generation,Total,Total Generation,GWh,30537.98
India,IND,Haryana,HR,state,2024,Electricity generation,Fuel,Bioenergy,%,1.26
India,IND,Haryana,HR,state,2024,Electricity generation,Fuel,Coal,%,92.86
India,IND,Haryana,HR,state,2024,Electricity generation,Fuel,Gas,%,0.66
India,IND,Haryana,HR,state,2024,Electricity generation,Fuel,Hydro,%,0.76
India,IND,Haryana,HR,state,2024,Electricity generation,Fuel,Nuclear,%,0.0
India,IND,Haryana,HR,state,2024,Electricity generation,Fuel,Other Fossil,%,0.0
India,IND,Haryana,HR,state,2024,Electricity generation,Fuel,Other Renewables,%,0.17
India,IND,Haryana,HR,state,2024,Electricity generation,Fuel,Solar,%,4.3
India,IND,Haryana,HR,state,2024,Electricity generation,Fuel,Wind,%,0.0
India,IND,Haryana,HR,state,2024,Electricity generation,Fuel,Bioenergy,GWh,409.01
India,IND,Haryana,HR,state,2024,Electricity generation,Fuel,Coal,GWh,30138.12
India,IND,Haryana,HR,state,2024,Electricity generation,Fuel,Gas,GWh,215.37
India,IND,Haryana,HR,state,2024,Electricity generation,Fuel,Hydro,GWh,245.87
India,IND,Haryana,HR,state,2024,Electricity generation,Fuel,Nuclear,GWh,0.0
India,IND,Haryana,HR,state,2024,Electricity generation,Fuel,Other Fossil,GWh,0.0
India,IND,Haryana,HR,state,2024,Electricity generation,Fuel,Other Renewables,GWh,53.56
India,IND,Haryana,HR,state,2024,Electricity generation,Fuel,Solar,GWh,1394.65
India,IND,Haryana,HR,state,2024,Electricity generation,Fuel,Wind,GWh,0.0
India,IND,Haryana,HR,state,2024,Electricity generation,Total,Total Generation,GWh,32456.58
India,IND,Himachal Pradesh,HP,state,2019,Electricity generation,Fuel,Bioenergy,%,0.0
India,IND,Himachal Pradesh,HP,state,2019,Electricity generation,Fuel,Coal,%,0.0
India,IND,Himachal Pradesh,HP,state,2019,Electricity generation,Fuel,Gas,%,0.0
India,IND,Himachal Pradesh,HP,state,2019,Electricity generation,Fuel,Hydro,%,99.99
India,IND,Himachal Pradesh,HP,state,2019,Electricity generation,Fuel,Nuclear,%,0.0
India,IND,Himachal Pradesh,HP,state,2019,Electricity generation,Fuel,Other Fossil,%,0.0
India,IND,Himachal Pradesh,HP,state,2019,Electricity generation,Fuel,Other Renewables,%,0.0
India,IND,Himachal Pradesh,HP,state,2019,Electricity generation,Fuel,Solar,%,0.01
India,IND,Himachal Pradesh,HP,state,2019,Electricity generation,Fuel,Wind,%,0.0
India,IND,Himachal Pradesh,HP,state,2019,Electricity generation,Fuel,Bioenergy,GWh,0.0
India,IND,Himachal Pradesh,HP,state,2019,Electricity generation,Fuel,Coal,GWh,0.0
India,IND,Himachal Pradesh,HP,state,2019,Electricity generation,Fuel,Gas,GWh,0.0
India,IND,Himachal Pradesh,HP,state,2019,Electricity generation,Fuel,Hydro,GWh,42912.81
India,IND,Himachal Pradesh,HP,state,2019,Electricity generation,Fuel,Nuclear,GWh,0.0
India,IND,Himachal Pradesh,HP,state,2019,Electricity generation,Fuel,Other Fossil,GWh,0.0
India,IND,Himachal Pradesh,HP,state,2019,Electricity generation,Fuel,Other Renewables,GWh,0.0
India,IND,Himachal Pradesh,HP,state,2019,Electricity generation,Fuel,Solar,GWh,4.84
India,IND,Himachal Pradesh,HP,state,2019,Electricity generation,Fuel,Wind,GWh,0.0
India,IND,Himachal Pradesh,HP,state,2019,Electricity generation,Total,Total Generation,GWh,42917.65
India,IND,Himachal Pradesh,HP,state,2020,Electricity generation,Fuel,Bioenergy,%,0.0
India,IND,Himachal Pradesh,HP,state,2020,Electricity generation,Fuel,Coal,%,0.0
India,IND,Himachal Pradesh,HP,state,2020,Electricity generation,Fuel,Gas,%,0.0
India,IND,Himachal Pradesh,HP,state,2020,Electricity generation,Fuel,Hydro,%,99.92
India,IND,Himachal Pradesh,HP,state,2020,Electricity generation,Fuel,Nuclear,%,0.0
India,IND,Himachal Pradesh,HP,state,2020,Electricity generation,Fuel,Other Fossil,%,0.0
India,IND,Himachal Pradesh,HP,state,2020,Electricity generation,Fuel,Other Renewables,%,0.0
India,IND,Himachal Pradesh,HP,state,2020,Electricity generation,Fuel,Solar,%,0.08
India,IND,Himachal Pradesh,HP,state,2020,Electricity generation,Fuel,Wind,%,0.0
India,IND,Himachal Pradesh,HP,state,2020,Electricity generation,Fuel,Bioenergy,GWh,0.0
India,IND,Himachal Pradesh,HP,state,2020,Electricity generation,Fuel,Coal,GWh,0.0
India,IND,Himachal Pradesh,HP,state,2020,Electricity generation,Fuel,Gas,GWh,0.0
India,IND,Himachal Pradesh,HP,state,2020,Electricity generation,Fuel,Hydro,GWh,40698.59
India,IND,Himachal Pradesh,HP,state,2020,Electricity generation,Fuel,Nuclear,GWh,0.0
India,IND,Himachal Pradesh,HP,state,2020,Electricity generation,Fuel,Other Fossil,GWh,0.0
India,IND,Himachal Pradesh,HP,state,2020,Electricity generation,Fuel,Other Renewables,GWh,0.0
India,IND,Himachal Pradesh,HP,state,2020,Electricity generation,Fuel,Solar,GWh,34.59
India,IND,Himachal Pradesh,HP,state,2020,Electricity generation,Fuel,Wind,GWh,0.0
India,IND,Himachal Pradesh,HP,state,2020,Electricity generation,Total,Total Generation,GWh,40733.18
India,IND,Himachal Pradesh,HP,state,2021,Electricity generation,Fuel,Bioenergy,%,0.0
India,IND,Himachal Pradesh,HP,state,2021,Electricity generation,Fuel,Coal,%,0.0
India,IND,Himachal Pradesh,HP,state,2021,Electricity generation,Fuel,Gas,%,0.0
India,IND,Himachal Pradesh,HP,state,2021,Electricity generation,Fuel,Hydro,%,99.89
India,IND,Himachal Pradesh,HP,state,2021,Electricity generation,Fuel,Nuclear,%,0.0
India,IND,Himachal Pradesh,HP,state,2021,Electricity generation,Fuel,Other Fossil,%,0.0
India,IND,Himachal Pradesh,HP,state,2021,Electricity generation,Fuel,Other Renewables,%,0.0
India,IND,Himachal Pradesh,HP,state,2021,Electricity generation,Fuel,Solar,%,0.11
India,IND,Himachal Pradesh,HP,state,2021,Electricity generation,Fuel,Wind,%,0.0
India,IND,Himachal Pradesh,HP,state,2021,Electricity generation,Fuel,Bioenergy,GWh,0.0
India,IND,Himachal Pradesh,HP,state,2021,Electricity generation,Fuel,Coal,GWh,0.0
India,IND,Himachal Pradesh,HP,state,2021,Electricity generation,Fuel,Gas,GWh,0.0
India,IND,Himachal Pradesh,HP,state,2021,Electricity generation,Fuel,Hydro,GWh,37677.18
India,IND,Himachal Pradesh,HP,state,2021,Electricity generation,Fuel,Nuclear,GWh,0.0
India,IND,Himachal Pradesh,HP,state,2021,Electricity generation,Fuel,Other Fossil,GWh,0.0
India,IND,Himachal Pradesh,HP,state,2021,Electricity generation,Fuel,Other Renewables,GWh,0.0
India,IND,Himachal Pradesh,HP,state,2021,Electricity generation,Fuel,Solar,GWh,42.54
India,IND,Himachal Pradesh,HP,state,2021,Electricity generation,Fuel,Wind,GWh,0.0
India,IND,Himachal Pradesh,HP,state,2021,Electricity generation,Total,Total Generation,GWh,37719.72
India,IND,Himachal Pradesh,HP,state,2022,Electricity generation,Fuel,Bioenergy,%,0.0
India,IND,Himachal Pradesh,HP,state,2022,Electricity generation,Fuel,Coal,%,0.0
India,IND,Himachal Pradesh,HP,state,2022,Electricity generation,Fuel,Gas,%,0.0
India,IND,Himachal Pradesh,HP,state,2022,Electricity generation,Fuel,Hydro,%,99.86
India,IND,Himachal Pradesh,HP,state,2022,Electricity generation,Fuel,Nuclear,%,0.0
India,IND,Himachal Pradesh,HP,state,2022,Electricity generation,Fuel,Other Fossil,%,0.0
India,IND,Himachal Pradesh,HP,state,2022,Electricity generation,Fuel,Other Renewables,%,0.0
India,IND,Himachal Pradesh,HP,state,2022,Electricity generation,Fuel,Solar,%,0.14
India,IND,Himachal Pradesh,HP,state,2022,Electricity generation,Fuel,Wind,%,0.0
India,IND,Himachal Pradesh,HP,state,2022,Electricity generation,Fuel,Bioenergy,GWh,0.0
India,IND,Himachal Pradesh,HP,state,2022,Electricity generation,Fuel,Coal,GWh,0.0
India,IND,Himachal Pradesh,HP,state,2022,Electricity generation,Fuel,Gas,GWh,0.0
India,IND,Himachal Pradesh,HP,state,2022,Electricity generation,Fuel,Hydro,GWh,41619.44
India,IND,Himachal Pradesh,HP,state,2022,Electricity generation,Fuel,Nuclear,GWh,0.0
India,IND,Himachal Pradesh,HP,state,2022,Electricity generation,Fuel,Other Fossil,GWh,0.0
India,IND,Himachal Pradesh,HP,state,2022,Electricity generation,Fuel,Other Renewables,GWh,0.0
India,IND,Himachal Pradesh,HP,state,2022,Electricity generation,Fuel,Solar,GWh,57.1
India,IND,Himachal Pradesh,HP,state,2022,Electricity generation,Fuel,Wind,GWh,0.0
India,IND,Himachal Pradesh,HP,state,2022,Electricity generation,Total,Total Generation,GWh,41676.54
India,IND,Himachal Pradesh,HP,state,2023,Electricity generation,Fuel,Bioenergy,%,0.0
India,IND,Himachal Pradesh,HP,state,2023,Electricity generation,Fuel,Coal,%,0.0
India,IND,Himachal Pradesh,HP,state,2023,Electricity generation,Fuel,Gas,%,0.0
India,IND,Himachal Pradesh,HP,state,2023,Electricity generation,Fuel,Hydro,%,99.85
India,IND,Himachal Pradesh,HP,state,2023,Electricity generation,Fuel,Nuclear,%,0.0
India,IND,Himachal Pradesh,HP,state,2023,Electricity generation,Fuel,Other Fossil,%,0.0
India,IND,Himachal Pradesh,HP,state,2023,Electricity generation,Fuel,Other Renewables,%,0.0
India,IND,Himachal Pradesh,HP,state,2023,Electricity generation,Fuel,Solar,%,0.15
India,IND,Himachal Pradesh,HP,state,2023,Electricity generation,Fuel,Wind,%,0.0
India,IND,Himachal Pradesh,HP,state,2023,Electricity generation,Fuel,Bioenergy,GWh,0.0
India,IND,Himachal Pradesh,HP,state,2023,Electricity generation,Fuel,Coal,GWh,0.0
India,IND,Himachal Pradesh,HP,state,2023,Electricity generation,Fuel,Gas,GWh,0.0
India,IND,Himachal Pradesh,HP,state,2023,Electricity generation,Fuel,Hydro,GWh,39058.0
India,IND,Himachal Pradesh,HP,state,2023,Electricity generation,Fuel,Nuclear,GWh,0.0
India,IND,Himachal Pradesh,HP,state,2023,Electricity generation,Fuel,Other Fossil,GWh,0.0
India,IND,Himachal Pradesh,HP,state,2023,Electricity generation,Fuel,Other Renewables,GWh,0.0
India,IND,Himachal Pradesh,HP,state,2023,Electricity generation,Fuel,Solar,GWh,57.11
India,IND,Himachal Pradesh,HP,state,2023,Electricity generation,Fuel,Wind,GWh,0.0
India,IND,Himachal Pradesh,HP,state,2023,Electricity generation,Total,Total Generation,GWh,39115.11
India,IND,Himachal Pradesh,HP,state,2024,Electricity generation,Fuel,Bioenergy,%,0.0
India,IND,Himachal Pradesh,HP,state,2024,Electricity generation,Fuel,Coal,%,0.0
India,IND,Himachal Pradesh,HP,state,2024,Electricity generation,Fuel,Gas,%,0.0
India,IND,Himachal Pradesh,HP,state,2024,Electricity generation,Fuel,Hydro,%,99.8
India,IND,Himachal Pradesh,HP,state,2024,Electricity generation,Fuel,Nuclear,%,0.0
India,IND,Himachal Pradesh,HP,state,2024,Electricity generation,Fuel,Other Fossil,%,0.0
India,IND,Himachal Pradesh,HP,state,2024,Electricity generation,Fuel,Other Renewables,%,0.0
India,IND,Himachal Pradesh,HP,state,2024,Electricity generation,Fuel,Solar,%,0.2
India,IND,Himachal Pradesh,HP,state,2024,Electricity generation,Fuel,Wind,%,0.0
India,IND,Himachal Pradesh,HP,state,2024,Electricity generation,Fuel,Bioenergy,GWh,0.0
India,IND,Himachal Pradesh,HP,state,2024,Electricity generation,Fuel,Coal,GWh,0.0
India,IND,Himachal Pradesh,HP,state,2024,Electricity generation,Fuel,Gas,GWh,0.0
India,IND,Himachal Pradesh,HP,state,2024,Electricity generation,Fuel,Hydro,GWh,42757.63
India,IND,Himachal Pradesh,HP,state,2024,Electricity generation,Fuel,Nuclear,GWh,0.0
India,IND,Himachal Pradesh,HP,state,2024,Electricity generation,Fuel,Other Fossil,GWh,0.0
India,IND,Himachal Pradesh,HP,state,2024,Electricity generation,Fuel,Other Renewables,GWh,0.0
India,IND,Himachal Pradesh,HP,state,2024,Electricity generation,Fuel,Solar,GWh,84.14
India,IND,Himachal Pradesh,HP,state,2024,Electricity generation,Fuel,Wind,GWh,0.0
India,IND,Himachal Pradesh,HP,state,2024,Electricity generation,Total,Total Generation,GWh,42841.77
India,IND,India Total,IN,total,2019,Electricity generation,Fuel,Bioenergy,%,1.07
India,IND,India Total,IN,total,2019,Electricity generation,Fuel,Coal,%,72.46
India,IND,India Total,IN,total,2019,Electricity generation,Fuel,Gas,%,3.48
India,IND,India Total,IN,total,2019,Electricity generation,Fuel,Hydro,%,11.73
India,IND,India Total,IN,total,2019,Electricity generation,Fuel,Nuclear,%,3.28
India,IND,India Total,IN,total,2019,Electricity generation,Fuel,Other Fossil,%,0.01
India,IND,India Total,IN,total,2019,Electricity generation,Fuel,Other Renewables,%,0.03
India,IND,India Total,IN,total,2019,Electricity generation,Fuel,Solar,%,3.36
India,IND,India Total,IN,total,2019,Electricity generation,Fuel,Wind,%,4.59
India,IND,India Total,IN,total,2019,Electricity generation,Fuel,Bioenergy,GWh,14746.76
India,IND,India Total,IN,total,2019,Electricity generation,Fuel,Coal,GWh,998835.25
India,IND,India Total,IN,total,2019,Electricity generation,Fuel,Gas,GWh,47980.39
India,IND,India Total,IN,total,2019,Electricity generation,Fuel,Hydro,GWh,161716.14
India,IND,India Total,IN,total,2019,Electricity generation,Fuel,Nuclear,GWh,45162.88
India,IND,India Total,IN,total,2019,Electricity generation,Fuel,Other Fossil,GWh,103.5
India,IND,India Total,IN,total,2019,Electricity generation,Fuel,Other Renewables,GWh,382.98
India,IND,India Total,IN,total,2019,Electricity generation,Fuel,Solar,GWh,46267.66
India,IND,India Total,IN,total,2019,Electricity generation,Fuel,Wind,GWh,63314.28
India,IND,India Total,IN,total,2019,Electricity generation,Total,Total Generation,GWh,1378509.84
India,IND,India Total,IN,total,2020,Electricity generation,Fuel,Bioenergy,%,1.08
India,IND,India Total,IN,total,2020,Electricity generation,Fuel,Coal,%,70.57
India,IND,India Total,IN,total,2020,Electricity generation,Fuel,Gas,%,3.89
India,IND,India Total,IN,total,2020,Electricity generation,Fuel,Hydro,%,12.17
India,IND,India Total,IN,total,2020,Electricity generation,Fuel,Nuclear,%,3.32
India,IND,India Total,IN,total,2020,Electricity generation,Fuel,Other Fossil,%,0.01
India,IND,India Total,IN,total,2020,Electricity generation,Fuel,Other Renewables,%,0.09
India,IND,India Total,IN,total,2020,Electricity generation,Fuel,Solar,%,4.37
India,IND,India Total,IN,total,2020,Electricity generation,Fuel,Wind,%,4.5
India,IND,India Total,IN,total,2020,Electricity generation,Fuel,Bioenergy,GWh,14495.97
India,IND,India Total,IN,total,2020,Electricity generation,Fuel,Coal,GWh,947534.06
India,IND,India Total,IN,total,2020,Electricity generation,Fuel,Gas,GWh,52170.75
India,IND,India Total,IN,total,2020,Electricity generation,Fuel,Hydro,GWh,163364.8
India,IND,India Total,IN,total,2020,Electricity generation,Fuel,Nuclear,GWh,44613.11
India,IND,India Total,IN,total,2020,Electricity generation,Fuel,Other Fossil,GWh,128.55
India,IND,India Total,IN,total,2020,Electricity generation,Fuel,Other Renewables,GWh,1210.94
India,IND,India Total,IN,total,2020,Electricity generation,Fuel,Solar,GWh,58683.51
India,IND,India Total,IN,total,2020,Electricity generation,Fuel,Wind,GWh,60427.42
India,IND,India Total,IN,total,2020,Electricity generation,Total,Total Generation,GWh,1342629.11
India,IND,India Total,IN,total,2021,Electricity generation,Fuel,Bioenergy,%,1.04
India,IND,India Total,IN,total,2021,Electricity generation,Fuel,Coal,%,72.98
India,IND,India Total,IN,total,2021,Electricity generation,Fuel,Gas,%,2.68
India,IND,India Total,IN,total,2021,Electricity generation,Fuel,Hydro,%,10.88
India,IND,India Total,IN,total,2021,Electricity generation,Fuel,Nuclear,%,2.99
India,IND,India Total,IN,total,2021,Electricity generation,Fuel,Other Fossil,%,0.01
India,IND,India Total,IN,total,2021,Electricity generation,Fuel,Other Renewables,%,0.15
India,IND,India Total,IN,total,2021,Electricity generation,Fuel,Solar,%,4.65
India,IND,India Total,IN,total,2021,Electricity generation,Fuel,Wind,%,4.63
India,IND,India Total,IN,total,2021,Electricity generation,Fuel,Bioenergy,GWh,15331.8
India,IND,India Total,IN,total,2021,Electricity generation,Fuel,Coal,GWh,1072844.75
India,IND,India Total,IN,total,2021,Electricity generation,Fuel,Gas,GWh,39379.9
India,IND,India Total,IN,total,2021,Electricity generation,Fuel,Hydro,GWh,159985.34
India,IND,India Total,IN,total,2021,Electricity generation,Fuel,Nuclear,GWh,43917.93
India,IND,India Total,IN,total,2021,Electricity generation,Fuel,Other Fossil,GWh,100.93
India,IND,India Total,IN,total,2021,Electricity generation,Fuel,Other Renewables,GWh,2160.78
India,IND,India Total,IN,total,2021,Electricity generation,Fuel,Solar,GWh,68305.89
India,IND,India Total,IN,total,2021,Electricity generation,Fuel,Wind,GWh,68094.26
India,IND,India Total,IN,total,2021,Electricity generation,Total,Total Generation,GWh,1470121.58
India,IND,India Total,IN,total,2022,Electricity generation,Fuel,Bioenergy,%,1.03
India,IND,India Total,IN,total,2022,Electricity generation,Fuel,Coal,%,73.03
India,IND,India Total,IN,total,2022,Electricity generation,Fuel,Gas,%,1.58
India,IND,India Total,IN,total,2022,Electricity generation,Fuel,Hydro,%,10.94
India,IND,India Total,IN,total,2022,Electricity generation,Fuel,Nuclear,%,2.9
India,IND,India Total,IN,total,2022,Electricity generation,Fuel,Other Fossil,%,0.01
India,IND,India Total,IN,total,2022,Electricity generation,Fuel,Other Renewables,%,0.16
India,IND,India Total,IN,total,2022,Electricity generation,Fuel,Solar,%,5.97
India,IND,India Total,IN,total,2022,Electricity generation,Fuel,Wind,%,4.39
India,IND,India Total,IN,total,2022,Electricity generation,Fuel,Bioenergy,GWh,16349.01
India,IND,India Total,IN,total,2022,Electricity generation,Fuel,Coal,GWh,1164741.5
India,IND,India Total,IN,total,2022,Electricity generation,Fuel,Gas,GWh,25155.85
India,IND,India Total,IN,total,2022,Electricity generation,Fuel,Hydro,GWh,174506.78
India,IND,India Total,IN,total,2022,Electricity generation,Fuel,Nuclear,GWh,46194.68
India,IND,India Total,IN,total,2022,Electricity generation,Fuel,Other Fossil,GWh,177.29
India,IND,India Total,IN,total,2022,Electricity generation,Fuel,Other Renewables,GWh,2503.62
India,IND,India Total,IN,total,2022,Electricity generation,Fuel,Solar,GWh,95160.3
India,IND,India Total,IN,total,2022,Electricity generation,Fuel,Wind,GWh,70045.16
India,IND,India Total,IN,total,2022,Electricity generation,Total,Total Generation,GWh,1594834.19
India,IND,India Total,IN,total,2023,Electricity generation,Fuel,Bioenergy,%,0.88
India,IND,India Total,IN,total,2023,Electricity generation,Fuel,Coal,%,74.2
India,IND,India Total,IN,total,2023,Electricity generation,Fuel,Gas,%,1.72
India,IND,India Total,IN,total,2023,Electricity generation,Fuel,Hydro,%,8.72
India,IND,India Total,IN,total,2023,Electricity generation,Fuel,Nuclear,%,2.83
India,IND,India Total,IN,total,2023,Electricity generation,Fuel,Other Fossil,%,0.02
India,IND,India Total,IN,total,2023,Electricity generation,Fuel,Other Renewables,%,0.16
India,IND,India Total,IN,total,2023,Electricity generation,Fuel,Solar,%,6.65
India,IND,India Total,IN,total,2023,Electricity generation,Fuel,Wind,%,4.82
India,IND,India Total,IN,total,2023,Electricity generation,Fuel,Bioenergy,GWh,14929.92
India,IND,India Total,IN,total,2023,Electricity generation,Fuel,Coal,GWh,1265172.25
India,IND,India Total,IN,total,2023,Electricity generation,Fuel,Gas,GWh,29403.52
India,IND,India Total,IN,total,2023,Electricity generation,Fuel,Hydro,GWh,148747.5
India,IND,India Total,IN,total,2023,Electricity generation,Fuel,Nuclear,GWh,48204.43
India,IND,India Total,IN,total,2023,Electricity generation,Fuel,Other Fossil,GWh,332.49
India,IND,India Total,IN,total,2023,Electricity generation,Fuel,Other Renewables,GWh,2673.58
India,IND,India Total,IN,total,2023,Electricity generation,Fuel,Solar,GWh,113409.34
India,IND,India Total,IN,total,2023,Electricity generation,Fuel,Wind,GWh,82106.39
India,IND,India Total,IN,total,2023,Electricity generation,Total,Total Generation,GWh,1704979.42
India,IND,India Total,IN,total,2024,Electricity generation,Fuel,Bioenergy,%,0.75
India,IND,India Total,IN,total,2024,Electricity generation,Fuel,Coal,%,73.59
India,IND,India Total,IN,total,2024,Electricity generation,Fuel,Gas,%,1.88
India,IND,India Total,IN,total,2024,Electricity generation,Fuel,Hydro,%,8.63
India,IND,India Total,IN,total,2024,Electricity generation,Fuel,Nuclear,%,3.03
India,IND,India Total,IN,total,2024,Electricity generation,Fuel,Other Fossil,%,0.02
India,IND,India Total,IN,total,2024,Electricity generation,Fuel,Other Renewables,%,0.16
India,IND,India Total,IN,total,2024,Electricity generation,Fuel,Solar,%,7.41
India,IND,India Total,IN,total,2024,Electricity generation,Fuel,Wind,%,4.52
India,IND,India Total,IN,total,2024,Electricity generation,Fuel,Bioenergy,GWh,13479.52
India,IND,India Total,IN,total,2024,Electricity generation,Fuel,Coal,GWh,1327955.75
India,IND,India Total,IN,total,2024,Electricity generation,Fuel,Gas,GWh,33928.69
India,IND,India Total,IN,total,2024,Electricity generation,Fuel,Hydro,GWh,155796.69
India,IND,India Total,IN,total,2024,Electricity generation,Fuel,Nuclear,GWh,54704.06
India,IND,India Total,IN,total,2024,Electricity generation,Fuel,Other Fossil,GWh,362.93
India,IND,India Total,IN,total,2024,Electricity generation,Fuel,Other Renewables,GWh,2857.02
India,IND,India Total,IN,total,2024,Electricity generation,Fuel,Solar,GWh,133795.06
India,IND,India Total,IN,total,2024,Electricity generation,Fuel,Wind,GWh,81544.15
India,IND,India Total,IN,total,2024,Electricity generation,Total,Total Generation,GWh,1804423.87
India,IND,Jammu and Kashmir,JK,Union territory,2019,Electricity generation,Fuel,Bioenergy,%,0.0
India,IND,Jammu and Kashmir,JK,Union territory,2019,Electricity generation,Fuel,Coal,%,0.0
India,IND,Jammu and Kashmir,JK,Union territory,2019,Electricity generation,Fuel,Gas,%,0.0
India,IND,Jammu and Kashmir,JK,Union territory,2019,Electricity generation,Fuel,Hydro,%,100.0
India,IND,Jammu and Kashmir,JK,Union territory,2019,Electricity generation,Fuel,Nuclear,%,0.0
India,IND,Jammu and Kashmir,JK,Union territory,2019,Electricity generation,Fuel,Other Fossil,%,0.0
India,IND,Jammu and Kashmir,JK,Union territory,2019,Electricity generation,Fuel,Other Renewables,%,0.0
India,IND,Jammu and Kashmir,JK,Union territory,2019,Electricity generation,Fuel,Solar,%,0.0
India,IND,Jammu and Kashmir,JK,Union territory,2019,Electricity generation,Fuel,Wind,%,0.0
India,IND,Jammu and Kashmir,JK,Union territory,2019,Electricity generation,Fuel,Bioenergy,GWh,0.0
India,IND,Jammu and Kashmir,JK,Union territory,2019,Electricity generation,Fuel,Coal,GWh,0.0
India,IND,Jammu and Kashmir,JK,Union territory,2019,Electricity generation,Fuel,Gas,GWh,0.0
India,IND,Jammu and Kashmir,JK,Union territory,2019,Electricity generation,Fuel,Hydro,GWh,18508.58
India,IND,Jammu and Kashmir,JK,Union territory,2019,Electricity generation,Fuel,Nuclear,GWh,0.0
India,IND,Jammu and Kashmir,JK,Union territory,2019,Electricity generation,Fuel,Other Fossil,GWh,0.0
India,IND,Jammu and Kashmir,JK,Union territory,2019,Electricity generation,Fuel,Other Renewables,GWh,0.0
India,IND,Jammu and Kashmir,JK,Union territory,2019,Electricity generation,Fuel,Solar,GWh,0.0
India,IND,Jammu and Kashmir,JK,Union territory,2019,Electricity generation,Fuel,Wind,GWh,0.0
India,IND,Jammu and Kashmir,JK,Union territory,2019,Electricity generation,Total,Total Generation,GWh,18508.58
India,IND,Jammu and Kashmir,JK,Union territory,2020,Electricity generation,Fuel,Bioenergy,%,0.0
India,IND,Jammu and Kashmir,JK,Union territory,2020,Electricity generation,Fuel,Coal,%,0.0
India,IND,Jammu and Kashmir,JK,Union territory,2020,Electricity generation,Fuel,Gas,%,0.0
India,IND,Jammu and Kashmir,JK,Union territory,2020,Electricity generation,Fuel,Hydro,%,99.97
India,IND,Jammu and Kashmir,JK,Union territory,2020,Electricity generation,Fuel,Nuclear,%,0.0
India,IND,Jammu and Kashmir,JK,Union territory,2020,Electricity generation,Fuel,Other Fossil,%,0.0
India,IND,Jammu and Kashmir,JK,Union territory,2020,Electricity generation,Fuel,Other Renewables,%,0.0
India,IND,Jammu and Kashmir,JK,Union territory,2020,Electricity generation,Fuel,Solar,%,0.03
India,IND,Jammu and Kashmir,JK,Union territory,2020,Electricity generation,Fuel,Wind,%,0.0
India,IND,Jammu and Kashmir,JK,Union territory,2020,Electricity generation,Fuel,Bioenergy,GWh,0.0
India,IND,Jammu and Kashmir,JK,Union territory,2020,Electricity generation,Fuel,Coal,GWh,0.0
India,IND,Jammu and Kashmir,JK,Union territory,2020,Electricity generation,Fuel,Gas,GWh,0.0
India,IND,Jammu and Kashmir,JK,Union territory,2020,Electricity generation,Fuel,Hydro,GWh,18505.9
India,IND,Jammu and Kashmir,JK,Union territory,2020,Electricity generation,Fuel,Nuclear,GWh,0.0
India,IND,Jammu and Kashmir,JK,Union territory,2020,Electricity generation,Fuel,Other Fossil,GWh,0.0
India,IND,Jammu and Kashmir,JK,Union territory,2020,Electricity generation,Fuel,Other Renewables,GWh,0.0
India,IND,Jammu and Kashmir,JK,Union territory,2020,Electricity generation,Fuel,Solar,GWh,5.36
India,IND,Jammu and Kashmir,JK,Union territory,2020,Electricity generation,Fuel,Wind,GWh,0.0
India,IND,Jammu and Kashmir,JK,Union territory,2020,Electricity generation,Total,Total Generation,GWh,18511.26
India,IND,Jammu and Kashmir,JK,Union territory,2021,Electricity generation,Fuel,Bioenergy,%,0.0
India,IND,Jammu and Kashmir,JK,Union territory,2021,Electricity generation,Fuel,Coal,%,0.0
India,IND,Jammu and Kashmir,JK,Union territory,2021,Electricity generation,Fuel,Gas,%,0.0
India,IND,Jammu and Kashmir,JK,Union territory,2021,Electricity generation,Fuel,Hydro,%,99.97
India,IND,Jammu and Kashmir,JK,Union territory,2021,Electricity generation,Fuel,Nuclear,%,0.0
India,IND,Jammu and Kashmir,JK,Union territory,2021,Electricity generation,Fuel,Other Fossil,%,0.0
India,IND,Jammu and Kashmir,JK,Union territory,2021,Electricity generation,Fuel,Other Renewables,%,0.0
India,IND,Jammu and Kashmir,JK,Union territory,2021,Electricity generation,Fuel,Solar,%,0.03
India,IND,Jammu and Kashmir,JK,Union territory,2021,Electricity generation,Fuel,Wind,%,0.0
India,IND,Jammu and Kashmir,JK,Union territory,2021,Electricity generation,Fuel,Bioenergy,GWh,0.0
India,IND,Jammu and Kashmir,JK,Union territory,2021,Electricity generation,Fuel,Coal,GWh,0.0
India,IND,Jammu and Kashmir,JK,Union territory,2021,Electricity generation,Fuel,Gas,GWh,0.0
India,IND,Jammu and Kashmir,JK,Union territory,2021,Electricity generation,Fuel,Hydro,GWh,17454.67
India,IND,Jammu and Kashmir,JK,Union territory,2021,Electricity generation,Fuel,Nuclear,GWh,0.0
India,IND,Jammu and Kashmir,JK,Union territory,2021,Electricity generation,Fuel,Other Fossil,GWh,0.0
India,IND,Jammu and Kashmir,JK,Union territory,2021,Electricity generation,Fuel,Other Renewables,GWh,0.0
India,IND,Jammu and Kashmir,JK,Union territory,2021,Electricity generation,Fuel,Solar,GWh,5.76
India,IND,Jammu and Kashmir,JK,Union territory,2021,Electricity generation,Fuel,Wind,GWh,0.0
India,IND,Jammu and Kashmir,JK,Union territory,2021,Electricity generation,Total,Total Generation,GWh,17460.43
India,IND,Jammu and Kashmir,JK,Union territory,2022,Electricity generation,Fuel,Bioenergy,%,0.0
India,IND,Jammu and Kashmir,JK,Union territory,2022,Electricity generation,Fuel,Coal,%,0.0
India,IND,Jammu and Kashmir,JK,Union territory,2022,Electricity generation,Fuel,Gas,%,0.0
India,IND,Jammu and Kashmir,JK,Union territory,2022,Electricity generation,Fuel,Hydro,%,100.0
India,IND,Jammu and Kashmir,JK,Union territory,2022,Electricity generation,Fuel,Nuclear,%,0.0
India,IND,Jammu and Kashmir,JK,Union territory,2022,Electricity generation,Fuel,Other Fossil,%,0.0
India,IND,Jammu and Kashmir,JK,Union territory,2022,Electricity generation,Fuel,Other Renewables,%,0.0
India,IND,Jammu and Kashmir,JK,Union territory,2022,Electricity generation,Fuel,Solar,%,0.0
India,IND,Jammu and Kashmir,JK,Union territory,2022,Electricity generation,Fuel,Wind,%,0.0
India,IND,Jammu and Kashmir,JK,Union territory,2022,Electricity generation,Fuel,Bioenergy,GWh,0.0
India,IND,Jammu and Kashmir,JK,Union territory,2022,Electricity generation,Fuel,Coal,GWh,0.0
India,IND,Jammu and Kashmir,JK,Union territory,2022,Electricity generation,Fuel,Gas,GWh,0.0
India,IND,Jammu and Kashmir,JK,Union territory,2022,Electricity generation,Fuel,Hydro,GWh,17394.05
India,IND,Jammu and Kashmir,JK,Union territory,2022,Electricity generation,Fuel,Nuclear,GWh,0.0
India,IND,Jammu and Kashmir,JK,Union territory,2022,Electricity generation,Fuel,Other Fossil,GWh,0.0
India,IND,Jammu and Kashmir,JK,Union territory,2022,Electricity generation,Fuel,Other Renewables,GWh,0.0
India,IND,Jammu and Kashmir,JK,Union territory,2022,Electricity generation,Fuel,Solar,GWh,0.0
India,IND,Jammu and Kashmir,JK,Union territory,2022,Electricity generation,Fuel,Wind,GWh,0.0
India,IND,Jammu and Kashmir,JK,Union territory,2022,Electricity generation,Total,Total Generation,GWh,17394.05
India,IND,Jammu and Kashmir,JK,Union territory,2023,Electricity generation,Fuel,Bioenergy,%,0.0
India,IND,Jammu and Kashmir,JK,Union territory,2023,Electricity generation,Fuel,Coal,%,0.0
India,IND,Jammu and Kashmir,JK,Union territory,2023,Electricity generation,Fuel,Gas,%,0.0
India,IND,Jammu and Kashmir,JK,Union territory,2023,Electricity generation,Fuel,Hydro,%,100.0
India,IND,Jammu and Kashmir,JK,Union territory,2023,Electricity generation,Fuel,Nuclear,%,0.0
India,IND,Jammu and Kashmir,JK,Union territory,2023,Electricity generation,Fuel,Other Fossil,%,0.0
India,IND,Jammu and Kashmir,JK,Union territory,2023,Electricity generation,Fuel,Other Renewables,%,0.0
India,IND,Jammu and Kashmir,JK,Union territory,2023,Electricity generation,Fuel,Solar,%,0.0
India,IND,Jammu and Kashmir,JK,Union territory,2023,Electricity generation,Fuel,Wind,%,0.0
India,IND,Jammu and Kashmir,JK,Union territory,2023,Electricity generation,Fuel,Bioenergy,GWh,0.0
India,IND,Jammu and Kashmir,JK,Union territory,2023,Electricity generation,Fuel,Coal,GWh,0.0
India,IND,Jammu and Kashmir,JK,Union territory,2023,Electricity generation,Fuel,Gas,GWh,0.0
India,IND,Jammu and Kashmir,JK,Union territory,2023,Electricity generation,Fuel,Hydro,GWh,16684.38
India,IND,Jammu and Kashmir,JK,Union territory,2023,Electricity generation,Fuel,Nuclear,GWh,0.0
India,IND,Jammu and Kashmir,JK,Union territory,2023,Electricity generation,Fuel,Other Fossil,GWh,0.0
India,IND,Jammu and Kashmir,JK,Union territory,2023,Electricity generation,Fuel,Other Renewables,GWh,0.0
India,IND,Jammu and Kashmir,JK,Union territory,2023,Electricity generation,Fuel,Solar,GWh,0.0
India,IND,Jammu and Kashmir,JK,Union territory,2023,Electricity generation,Fuel,Wind,GWh,0.0
India,IND,Jammu and Kashmir,JK,Union territory,2023,Electricity generation,Total,Total Generation,GWh,16684.38
India,IND,Jammu and Kashmir,JK,Union territory,2024,Electricity generation,Fuel,Bioenergy,%,0.0
India,IND,Jammu and Kashmir,JK,Union territory,2024,Electricity generation,Fuel,Coal,%,0.0
India,IND,Jammu and Kashmir,JK,Union territory,2024,Electricity generation,Fuel,Gas,%,0.0
India,IND,Jammu and Kashmir,JK,Union territory,2024,Electricity generation,Fuel,Hydro,%,100.0
India,IND,Jammu and Kashmir,JK,Union territory,2024,Electricity generation,Fuel,Nuclear,%,0.0
India,IND,Jammu and Kashmir,JK,Union territory,2024,Electricity generation,Fuel,Other Fossil,%,0.0
India,IND,Jammu and Kashmir,JK,Union territory,2024,Electricity generation,Fuel,Other Renewables,%,0.0
India,IND,Jammu and Kashmir,JK,Union territory,2024,Electricity generation,Fuel,Solar,%,0.0
India,IND,Jammu and Kashmir,JK,Union territory,2024,Electricity generation,Fuel,Wind,%,0.0
India,IND,Jammu and Kashmir,JK,Union territory,2024,Electricity generation,Fuel,Bioenergy,GWh,0.0
India,IND,Jammu and Kashmir,JK,Union territory,2024,Electricity generation,Fuel,Coal,GWh,0.0
India,IND,Jammu and Kashmir,JK,Union territory,2024,Electricity generation,Fuel,Gas,GWh,0.0
India,IND,Jammu and Kashmir,JK,Union territory,2024,Electricity generation,Fuel,Hydro,GWh,15940.66
India,IND,Jammu and Kashmir,JK,Union territory,2024,Electricity generation,Fuel,Nuclear,GWh,0.0
India,IND,Jammu and Kashmir,JK,Union territory,2024,Electricity generation,Fuel,Other Fossil,GWh,0.0
India,IND,Jammu and Kashmir,JK,Union territory,2024,Electricity generation,Fuel,Other Renewables,GWh,0.0
India,IND,Jammu and Kashmir,JK,Union territory,2024,Electricity generation,Fuel,Solar,GWh,0.0
India,IND,Jammu and Kashmir,JK,Union territory,2024,Electricity generation,Fuel,Wind,GWh,0.0
India,IND,Jammu and Kashmir,JK,Union territory,2024,Electricity generation,Total,Total Generation,GWh,15940.66
India,IND,Jharkhand,JH,state,2019,Electricity generation,Fuel,Bioenergy,%,0.0
India,IND,Jharkhand,JH,state,2019,Electricity generation,Fuel,Coal,%,99.45
India,IND,Jharkhand,JH,state,2019,Electricity generation,Fuel,Gas,%,0.0
India,IND,Jharkhand,JH,state,2019,Electricity generation,Fuel,Hydro,%,0.49
India,IND,Jharkhand,JH,state,2019,Electricity generation,Fuel,Nuclear,%,0.0
India,IND,Jharkhand,JH,state,2019,Electricity generation,Fuel,Other Fossil,%,0.0
India,IND,Jharkhand,JH,state,2019,Electricity generation,Fuel,Other Renewables,%,0.0
India,IND,Jharkhand,JH,state,2019,Electricity generation,Fuel,Solar,%,0.07
India,IND,Jharkhand,JH,state,2019,Electricity generation,Fuel,Wind,%,0.0
India,IND,Jharkhand,JH,state,2019,Electricity generation,Fuel,Bioenergy,GWh,0.0
India,IND,Jharkhand,JH,state,2019,Electricity generation,Fuel,Coal,GWh,26205.59
India,IND,Jharkhand,JH,state,2019,Electricity generation,Fuel,Gas,GWh,0.0
India,IND,Jharkhand,JH,state,2019,Electricity generation,Fuel,Hydro,GWh,128.54
India,IND,Jharkhand,JH,state,2019,Electricity generation,Fuel,Nuclear,GWh,0.0
India,IND,Jharkhand,JH,state,2019,Electricity generation,Fuel,Other Fossil,GWh,0.0
India,IND,Jharkhand,JH,state,2019,Electricity generation,Fuel,Other Renewables,GWh,0.0
India,IND,Jharkhand,JH,state,2019,Electricity generation,Fuel,Solar,GWh,17.43
India,IND,Jharkhand,JH,state,2019,Electricity generation,Fuel,Wind,GWh,0.0
India,IND,Jharkhand,JH,state,2019,Electricity generation,Total,Total Generation,GWh,26351.56
India,IND,Jharkhand,JH,state,2020,Electricity generation,Fuel,Bioenergy,%,0.0
India,IND,Jharkhand,JH,state,2020,Electricity generation,Fuel,Coal,%,99.06
India,IND,Jharkhand,JH,state,2020,Electricity generation,Fuel,Gas,%,0.0
India,IND,Jharkhand,JH,state,2020,Electricity generation,Fuel,Hydro,%,0.87
India,IND,Jharkhand,JH,state,2020,Electricity generation,Fuel,Nuclear,%,0.0
India,IND,Jharkhand,JH,state,2020,Electricity generation,Fuel,Other Fossil,%,0.0
India,IND,Jharkhand,JH,state,2020,Electricity generation,Fuel,Other Renewables,%,0.0
India,IND,Jharkhand,JH,state,2020,Electricity generation,Fuel,Solar,%,0.07
India,IND,Jharkhand,JH,state,2020,Electricity generation,Fuel,Wind,%,0.0
India,IND,Jharkhand,JH,state,2020,Electricity generation,Fuel,Bioenergy,GWh,0.0
India,IND,Jharkhand,JH,state,2020,Electricity generation,Fuel,Coal,GWh,26666.84
India,IND,Jharkhand,JH,state,2020,Electricity generation,Fuel,Gas,GWh,0.0
India,IND,Jharkhand,JH,state,2020,Electricity generation,Fuel,Hydro,GWh,234.23
India,IND,Jharkhand,JH,state,2020,Electricity generation,Fuel,Nuclear,GWh,0.0
India,IND,Jharkhand,JH,state,2020,Electricity generation,Fuel,Other Fossil,GWh,0.0
India,IND,Jharkhand,JH,state,2020,Electricity generation,Fuel,Other Renewables,GWh,0.0
India,IND,Jharkhand,JH,state,2020,Electricity generation,Fuel,Solar,GWh,17.62
India,IND,Jharkhand,JH,state,2020,Electricity generation,Fuel,Wind,GWh,0.0
India,IND,Jharkhand,JH,state,2020,Electricity generation,Total,Total Generation,GWh,26918.69
India,IND,Jharkhand,JH,state,2021,Electricity generation,Fuel,Bioenergy,%,0.0
India,IND,Jharkhand,JH,state,2021,Electricity generation,Fuel,Coal,%,98.09
India,IND,Jharkhand,JH,state,2021,Electricity generation,Fuel,Gas,%,0.0
India,IND,Jharkhand,JH,state,2021,Electricity generation,Fuel,Hydro,%,1.85
India,IND,Jharkhand,JH,state,2021,Electricity generation,Fuel,Nuclear,%,0.0
India,IND,Jharkhand,JH,state,2021,Electricity generation,Fuel,Other Fossil,%,0.0
India,IND,Jharkhand,JH,state,2021,Electricity generation,Fuel,Other Renewables,%,0.0
India,IND,Jharkhand,JH,state,2021,Electricity generation,Fuel,Solar,%,0.06
India,IND,Jharkhand,JH,state,2021,Electricity generation,Fuel,Wind,%,0.0
India,IND,Jharkhand,JH,state,2021,Electricity generation,Fuel,Bioenergy,GWh,0.0
India,IND,Jharkhand,JH,state,2021,Electricity generation,Fuel,Coal,GWh,27998.99
India,IND,Jharkhand,JH,state,2021,Electricity generation,Fuel,Gas,GWh,0.0
India,IND,Jharkhand,JH,state,2021,Electricity generation,Fuel,Hydro,GWh,528.27
India,IND,Jharkhand,JH,state,2021,Electricity generation,Fuel,Nuclear,GWh,0.0
India,IND,Jharkhand,JH,state,2021,Electricity generation,Fuel,Other Fossil,GWh,0.0
India,IND,Jharkhand,JH,state,2021,Electricity generation,Fuel,Other Renewables,GWh,0.0
India,IND,Jharkhand,JH,state,2021,Electricity generation,Fuel,Solar,GWh,17.88
India,IND,Jharkhand,JH,state,2021,Electricity generation,Fuel,Wind,GWh,0.0
India,IND,Jharkhand,JH,state,2021,Electricity generation,Total,Total Generation,GWh,28545.14
India,IND,Jharkhand,JH,state,2022,Electricity generation,Fuel,Bioenergy,%,0.0
India,IND,Jharkhand,JH,state,2022,Electricity generation,Fuel,Coal,%,98.86
India,IND,Jharkhand,JH,state,2022,Electricity generation,Fuel,Gas,%,0.0
India,IND,Jharkhand,JH,state,2022,Electricity generation,Fuel,Hydro,%,1.08
India,IND,Jharkhand,JH,state,2022,Electricity generation,Fuel,Nuclear,%,0.0
India,IND,Jharkhand,JH,state,2022,Electricity generation,Fuel,Other Fossil,%,0.0
India,IND,Jharkhand,JH,state,2022,Electricity generation,Fuel,Other Renewables,%,0.0
India,IND,Jharkhand,JH,state,2022,Electricity generation,Fuel,Solar,%,0.07
India,IND,Jharkhand,JH,state,2022,Electricity generation,Fuel,Wind,%,0.0
India,IND,Jharkhand,JH,state,2022,Electricity generation,Fuel,Bioenergy,GWh,0.0
India,IND,Jharkhand,JH,state,2022,Electricity generation,Fuel,Coal,GWh,30416.71
India,IND,Jharkhand,JH,state,2022,Electricity generation,Fuel,Gas,GWh,0.0
India,IND,Jharkhand,JH,state,2022,Electricity generation,Fuel,Hydro,GWh,330.99
India,IND,Jharkhand,JH,state,2022,Electricity generation,Fuel,Nuclear,GWh,0.0
India,IND,Jharkhand,JH,state,2022,Electricity generation,Fuel,Other Fossil,GWh,0.0
India,IND,Jharkhand,JH,state,2022,Electricity generation,Fuel,Other Renewables,GWh,0.0
India,IND,Jharkhand,JH,state,2022,Electricity generation,Fuel,Solar,GWh,20.39
India,IND,Jharkhand,JH,state,2022,Electricity generation,Fuel,Wind,GWh,0.0
India,IND,Jharkhand,JH,state,2022,Electricity generation,Total,Total Generation,GWh,30768.09
India,IND,Jharkhand,JH,state,2023,Electricity generation,Fuel,Bioenergy,%,0.0
India,IND,Jharkhand,JH,state,2023,Electricity generation,Fuel,Coal,%,99.35
India,IND,Jharkhand,JH,state,2023,Electricity generation,Fuel,Gas,%,0.0
India,IND,Jharkhand,JH,state,2023,Electricity generation,Fuel,Hydro,%,0.6
India,IND,Jharkhand,JH,state,2023,Electricity generation,Fuel,Nuclear,%,0.0
India,IND,Jharkhand,JH,state,2023,Electricity generation,Fuel,Other Fossil,%,0.0
India,IND,Jharkhand,JH,state,2023,Electricity generation,Fuel,Other Renewables,%,0.0
India,IND,Jharkhand,JH,state,2023,Electricity generation,Fuel,Solar,%,0.05
India,IND,Jharkhand,JH,state,2023,Electricity generation,Fuel,Wind,%,0.0
India,IND,Jharkhand,JH,state,2023,Electricity generation,Fuel,Bioenergy,GWh,0.0
India,IND,Jharkhand,JH,state,2023,Electricity generation,Fuel,Coal,GWh,33784.08
India,IND,Jharkhand,JH,state,2023,Electricity generation,Fuel,Gas,GWh,0.0
India,IND,Jharkhand,JH,state,2023,Electricity generation,Fuel,Hydro,GWh,203.61
India,IND,Jharkhand,JH,state,2023,Electricity generation,Fuel,Nuclear,GWh,0.0
India,IND,Jharkhand,JH,state,2023,Electricity generation,Fuel,Other Fossil,GWh,0.0
India,IND,Jharkhand,JH,state,2023,Electricity generation,Fuel,Other Renewables,GWh,0.0
India,IND,Jharkhand,JH,state,2023,Electricity generation,Fuel,Solar,GWh,17.64
India,IND,Jharkhand,JH,state,2023,Electricity generation,Fuel,Wind,GWh,0.0
India,IND,Jharkhand,JH,state,2023,Electricity generation,Total,Total Generation,GWh,34005.33
India,IND,Jharkhand,JH,state,2024,Electricity generation,Fuel,Bioenergy,%,0.0
India,IND,Jharkhand,JH,state,2024,Electricity generation,Fuel,Coal,%,99.32
India,IND,Jharkhand,JH,state,2024,Electricity generation,Fuel,Gas,%,0.0
India,IND,Jharkhand,JH,state,2024,Electricity generation,Fuel,Hydro,%,0.64
India,IND,Jharkhand,JH,state,2024,Electricity generation,Fuel,Nuclear,%,0.0
India,IND,Jharkhand,JH,state,2024,Electricity generation,Fuel,Other Fossil,%,0.0
India,IND,Jharkhand,JH,state,2024,Electricity generation,Fuel,Other Renewables,%,0.0
India,IND,Jharkhand,JH,state,2024,Electricity generation,Fuel,Solar,%,0.04
India,IND,Jharkhand,JH,state,2024,Electricity generation,Fuel,Wind,%,0.0
India,IND,Jharkhand,JH,state,2024,Electricity generation,Fuel,Bioenergy,GWh,0.0
India,IND,Jharkhand,JH,state,2024,Electricity generation,Fuel,Coal,GWh,38984.33
India,IND,Jharkhand,JH,state,2024,Electricity generation,Fuel,Gas,GWh,0.0
India,IND,Jharkhand,JH,state,2024,Electricity generation,Fuel,Hydro,GWh,250.16
India,IND,Jharkhand,JH,state,2024,Electricity generation,Fuel,Nuclear,GWh,0.0
India,IND,Jharkhand,JH,state,2024,Electricity generation,Fuel,Other Fossil,GWh,0.0
India,IND,Jharkhand,JH,state,2024,Electricity generation,Fuel,Other Renewables,GWh,0.0
India,IND,Jharkhand,JH,state,2024,Electricity generation,Fuel,Solar,GWh,17.64
India,IND,Jharkhand,JH,state,2024,Electricity generation,Fuel,Wind,GWh,0.0
India,IND,Jharkhand,JH,state,2024,Electricity generation,Total,Total Generation,GWh,39252.13
India,IND,Karnataka,KA,state,2019,Electricity generation,Fuel,Bioenergy,%,3.62
India,IND,Karnataka,KA,state,2019,Electricity generation,Fuel,Coal,%,35.26
India,IND,Karnataka,KA,state,2019,Electricity generation,Fuel,Gas,%,0.0
India,IND,Karnataka,KA,state,2019,Electricity generation,Fuel,Hydro,%,22.08
India,IND,Karnataka,KA,state,2019,Electricity generation,Fuel,Nuclear,%,10.2
India,IND,Karnataka,KA,state,2019,Electricity generation,Fuel,Other Fossil,%,0.0
India,IND,Karnataka,KA,state,2019,Electricity generation,Fuel,Other Renewables,%,0.0
India,IND,Karnataka,KA,state,2019,Electricity generation,Fuel,Solar,%,14.09
India,IND,Karnataka,KA,state,2019,Electricity generation,Fuel,Wind,%,14.75
India,IND,Karnataka,KA,state,2019,Electricity generation,Fuel,Bioenergy,GWh,2504.98
India,IND,Karnataka,KA,state,2019,Electricity generation,Fuel,Coal,GWh,24373.82
India,IND,Karnataka,KA,state,2019,Electricity generation,Fuel,Gas,GWh,0.0
India,IND,Karnataka,KA,state,2019,Electricity generation,Fuel,Hydro,GWh,15261.32
India,IND,Karnataka,KA,state,2019,Electricity generation,Fuel,Nuclear,GWh,7049.89
India,IND,Karnataka,KA,state,2019,Electricity generation,Fuel,Other Fossil,GWh,0.0
India,IND,Karnataka,KA,state,2019,Electricity generation,Fuel,Other Renewables,GWh,0.0
India,IND,Karnataka,KA,state,2019,Electricity generation,Fuel,Solar,GWh,9737.81
India,IND,Karnataka,KA,state,2019,Electricity generation,Fuel,Wind,GWh,10199.37
India,IND,Karnataka,KA,state,2019,Electricity generation,Total,Total Generation,GWh,69127.19
India,IND,Karnataka,KA,state,2020,Electricity generation,Fuel,Bioenergy,%,4.25
India,IND,Karnataka,KA,state,2020,Electricity generation,Fuel,Coal,%,27.26
India,IND,Karnataka,KA,state,2020,Electricity generation,Fuel,Gas,%,0.0
India,IND,Karnataka,KA,state,2020,Electricity generation,Fuel,Hydro,%,23.69
India,IND,Karnataka,KA,state,2020,Electricity generation,Fuel,Nuclear,%,10.58
India,IND,Karnataka,KA,state,2020,Electricity generation,Fuel,Other Fossil,%,0.0
India,IND,Karnataka,KA,state,2020,Electricity generation,Fuel,Other Renewables,%,0.0
India,IND,Karnataka,KA,state,2020,Electricity generation,Fuel,Solar,%,20.26
India,IND,Karnataka,KA,state,2020,Electricity generation,Fuel,Wind,%,13.96
India,IND,Karnataka,KA,state,2020,Electricity generation,Fuel,Bioenergy,GWh,2850.67
India,IND,Karnataka,KA,state,2020,Electricity generation,Fuel,Coal,GWh,18297.62
India,IND,Karnataka,KA,state,2020,Electricity generation,Fuel,Gas,GWh,0.0
India,IND,Karnataka,KA,state,2020,Electricity generation,Fuel,Hydro,GWh,15902.09
India,IND,Karnataka,KA,state,2020,Electricity generation,Fuel,Nuclear,GWh,7097.87
India,IND,Karnataka,KA,state,2020,Electricity generation,Fuel,Other Fossil,GWh,0.0
India,IND,Karnataka,KA,state,2020,Electricity generation,Fuel,Other Renewables,GWh,0.0
India,IND,Karnataka,KA,state,2020,Electricity generation,Fuel,Solar,GWh,13599.81
India,IND,Karnataka,KA,state,2020,Electricity generation,Fuel,Wind,GWh,9370.37
India,IND,Karnataka,KA,state,2020,Electricity generation,Total,Total Generation,GWh,67118.43
India,IND,Karnataka,KA,state,2021,Electricity generation,Fuel,Bioenergy,%,4.1
India,IND,Karnataka,KA,state,2021,Electricity generation,Fuel,Coal,%,38.56
India,IND,Karnataka,KA,state,2021,Electricity generation,Fuel,Gas,%,0.0
India,IND,Karnataka,KA,state,2021,Electricity generation,Fuel,Hydro,%,19.33
India,IND,Karnataka,KA,state,2021,Electricity generation,Fuel,Nuclear,%,9.27
India,IND,Karnataka,KA,state,2021,Electricity generation,Fuel,Other Fossil,%,0.0
India,IND,Karnataka,KA,state,2021,Electricity generation,Fuel,Other Renewables,%,0.0
India,IND,Karnataka,KA,state,2021,Electricity generation,Fuel,Solar,%,16.36
India,IND,Karnataka,KA,state,2021,Electricity generation,Fuel,Wind,%,12.38
India,IND,Karnataka,KA,state,2021,Electricity generation,Fuel,Bioenergy,GWh,3235.24
India,IND,Karnataka,KA,state,2021,Electricity generation,Fuel,Coal,GWh,30400.93
India,IND,Karnataka,KA,state,2021,Electricity generation,Fuel,Gas,GWh,0.0
India,IND,Karnataka,KA,state,2021,Electricity generation,Fuel,Hydro,GWh,15240.49
India,IND,Karnataka,KA,state,2021,Electricity generation,Fuel,Nuclear,GWh,7308.27
India,IND,Karnataka,KA,state,2021,Electricity generation,Fuel,Other Fossil,GWh,0.0
India,IND,Karnataka,KA,state,2021,Electricity generation,Fuel,Other Renewables,GWh,0.0
India,IND,Karnataka,KA,state,2021,Electricity generation,Fuel,Solar,GWh,12899.47
India,IND,Karnataka,KA,state,2021,Electricity generation,Fuel,Wind,GWh,9763.68
India,IND,Karnataka,KA,state,2021,Electricity generation,Total,Total Generation,GWh,78848.08
India,IND,Karnataka,KA,state,2022,Electricity generation,Fuel,Bioenergy,%,3.84
India,IND,Karnataka,KA,state,2022,Electricity generation,Fuel,Coal,%,40.26
India,IND,Karnataka,KA,state,2022,Electricity generation,Fuel,Gas,%,0.0
India,IND,Karnataka,KA,state,2022,Electricity generation,Fuel,Hydro,%,19.49
India,IND,Karnataka,KA,state,2022,Electricity generation,Fuel,Nuclear,%,8.88
India,IND,Karnataka,KA,state,2022,Electricity generation,Fuel,Other Fossil,%,0.0
India,IND,Karnataka,KA,state,2022,Electricity generation,Fuel,Other Renewables,%,0.0
India,IND,Karnataka,KA,state,2022,Electricity generation,Fuel,Solar,%,16.33
India,IND,Karnataka,KA,state,2022,Electricity generation,Fuel,Wind,%,11.19
India,IND,Karnataka,KA,state,2022,Electricity generation,Fuel,Bioenergy,GWh,3228.11
India,IND,Karnataka,KA,state,2022,Electricity generation,Fuel,Coal,GWh,33823.06
India,IND,Karnataka,KA,state,2022,Electricity generation,Fuel,Gas,GWh,0.0
India,IND,Karnataka,KA,state,2022,Electricity generation,Fuel,Hydro,GWh,16370.21
India,IND,Karnataka,KA,state,2022,Electricity generation,Fuel,Nuclear,GWh,7460.61
India,IND,Karnataka,KA,state,2022,Electricity generation,Fuel,Other Fossil,GWh,0.0
India,IND,Karnataka,KA,state,2022,Electricity generation,Fuel,Other Renewables,GWh,0.0
India,IND,Karnataka,KA,state,2022,Electricity generation,Fuel,Solar,GWh,13721.24
India,IND,Karnataka,KA,state,2022,Electricity generation,Fuel,Wind,GWh,9401.74
India,IND,Karnataka,KA,state,2022,Electricity generation,Total,Total Generation,GWh,84004.97
India,IND,Karnataka,KA,state,2023,Electricity generation,Fuel,Bioenergy,%,3.3
India,IND,Karnataka,KA,state,2023,Electricity generation,Fuel,Coal,%,46.91
India,IND,Karnataka,KA,state,2023,Electricity generation,Fuel,Gas,%,0.0
India,IND,Karnataka,KA,state,2023,Electricity generation,Fuel,Hydro,%,12.89
India,IND,Karnataka,KA,state,2023,Electricity generation,Fuel,Nuclear,%,8.15
India,IND,Karnataka,KA,state,2023,Electricity generation,Fuel,Other Fossil,%,0.0
India,IND,Karnataka,KA,state,2023,Electricity generation,Fuel,Other Renewables,%,0.0
India,IND,Karnataka,KA,state,2023,Electricity generation,Fuel,Solar,%,16.61
India,IND,Karnataka,KA,state,2023,Electricity generation,Fuel,Wind,%,12.13
India,IND,Karnataka,KA,state,2023,Electricity generation,Fuel,Bioenergy,GWh,3041.25
India,IND,Karnataka,KA,state,2023,Electricity generation,Fuel,Coal,GWh,43190.23
India,IND,Karnataka,KA,state,2023,Electricity generation,Fuel,Gas,GWh,0.0
India,IND,Karnataka,KA,state,2023,Electricity generation,Fuel,Hydro,GWh,11871.54
India,IND,Karnataka,KA,state,2023,Electricity generation,Fuel,Nuclear,GWh,7500.72
India,IND,Karnataka,KA,state,2023,Electricity generation,Fuel,Other Fossil,GWh,0.0
India,IND,Karnataka,KA,state,2023,Electricity generation,Fuel,Other Renewables,GWh,0.0
India,IND,Karnataka,KA,state,2023,Electricity generation,Fuel,Solar,GWh,15289.3
India,IND,Karnataka,KA,state,2023,Electricity generation,Fuel,Wind,GWh,11171.67
India,IND,Karnataka,KA,state,2023,Electricity generation,Total,Total Generation,GWh,92064.71
India,IND,Karnataka,KA,state,2024,Electricity generation,Fuel,Bioenergy,%,2.59
India,IND,Karnataka,KA,state,2024,Electricity generation,Fuel,Coal,%,45.72
India,IND,Karnataka,KA,state,2024,Electricity generation,Fuel,Gas,%,0.0
India,IND,Karnataka,KA,state,2024,Electricity generation,Fuel,Hydro,%,14.31
India,IND,Karnataka,KA,state,2024,Electricity generation,Fuel,Nuclear,%,7.98
India,IND,Karnataka,KA,state,2024,Electricity generation,Fuel,Other Fossil,%,0.0
India,IND,Karnataka,KA,state,2024,Electricity generation,Fuel,Other Renewables,%,0.0
India,IND,Karnataka,KA,state,2024,Electricity generation,Fuel,Solar,%,16.08
India,IND,Karnataka,KA,state,2024,Electricity generation,Fuel,Wind,%,13.33
India,IND,Karnataka,KA,state,2024,Electricity generation,Fuel,Bioenergy,GWh,2482.41
India,IND,Karnataka,KA,state,2024,Electricity generation,Fuel,Coal,GWh,43784.73
India,IND,Karnataka,KA,state,2024,Electricity generation,Fuel,Gas,GWh,0.0
India,IND,Karnataka,KA,state,2024,Electricity generation,Fuel,Hydro,GWh,13702.31
India,IND,Karnataka,KA,state,2024,Electricity generation,Fuel,Nuclear,GWh,7644.24
India,IND,Karnataka,KA,state,2024,Electricity generation,Fuel,Other Fossil,GWh,0.0
India,IND,Karnataka,KA,state,2024,Electricity generation,Fuel,Other Renewables,GWh,0.0
India,IND,Karnataka,KA,state,2024,Electricity generation,Fuel,Solar,GWh,15397.95
India,IND,Karnataka,KA,state,2024,Electricity generation,Fuel,Wind,GWh,12763.51
India,IND,Karnataka,KA,state,2024,Electricity generation,Total,Total Generation,GWh,95775.15
India,IND,Kerala,KL,state,2019,Electricity generation,Fuel,Bioenergy,%,0.17
India,IND,Kerala,KL,state,2019,Electricity generation,Fuel,Coal,%,0.0
India,IND,Kerala,KL,state,2019,Electricity generation,Fuel,Gas,%,0.01
India,IND,Kerala,KL,state,2019,Electricity generation,Fuel,Hydro,%,95.62
India,IND,Kerala,KL,state,2019,Electricity generation,Fuel,Nuclear,%,0.0
India,IND,Kerala,KL,state,2019,Electricity generation,Fuel,Other Fossil,%,0.23
India,IND,Kerala,KL,state,2019,Electricity generation,Fuel,Other Renewables,%,0.0
India,IND,Kerala,KL,state,2019,Electricity generation,Fuel,Solar,%,2.12
India,IND,Kerala,KL,state,2019,Electricity generation,Fuel,Wind,%,1.83
India,IND,Kerala,KL,state,2019,Electricity generation,Fuel,Bioenergy,GWh,11.04
India,IND,Kerala,KL,state,2019,Electricity generation,Fuel,Coal,GWh,0.0
India,IND,Kerala,KL,state,2019,Electricity generation,Fuel,Gas,GWh,0.81
India,IND,Kerala,KL,state,2019,Electricity generation,Fuel,Hydro,GWh,6072.24
India,IND,Kerala,KL,state,2019,Electricity generation,Fuel,Nuclear,GWh,0.0
India,IND,Kerala,KL,state,2019,Electricity generation,Fuel,Other Fossil,GWh,14.88
India,IND,Kerala,KL,state,2019,Electricity generation,Fuel,Other Renewables,GWh,0.0
India,IND,Kerala,KL,state,2019,Electricity generation,Fuel,Solar,GWh,134.93
India,IND,Kerala,KL,state,2019,Electricity generation,Fuel,Wind,GWh,116.45
India,IND,Kerala,KL,state,2019,Electricity generation,Total,Total Generation,GWh,6350.35
India,IND,Kerala,KL,state,2020,Electricity generation,Fuel,Bioenergy,%,0.49
India,IND,Kerala,KL,state,2020,Electricity generation,Fuel,Coal,%,0.0
India,IND,Kerala,KL,state,2020,Electricity generation,Fuel,Gas,%,0.01
India,IND,Kerala,KL,state,2020,Electricity generation,Fuel,Hydro,%,94.26
India,IND,Kerala,KL,state,2020,Electricity generation,Fuel,Nuclear,%,0.0
India,IND,Kerala,KL,state,2020,Electricity generation,Fuel,Other Fossil,%,0.03
India,IND,Kerala,KL,state,2020,Electricity generation,Fuel,Other Renewables,%,0.0
India,IND,Kerala,KL,state,2020,Electricity generation,Fuel,Solar,%,3.37
India,IND,Kerala,KL,state,2020,Electricity generation,Fuel,Wind,%,1.84
India,IND,Kerala,KL,state,2020,Electricity generation,Fuel,Bioenergy,GWh,34.55
India,IND,Kerala,KL,state,2020,Electricity generation,Fuel,Coal,GWh,0.0
India,IND,Kerala,KL,state,2020,Electricity generation,Fuel,Gas,GWh,0.66
India,IND,Kerala,KL,state,2020,Electricity generation,Fuel,Hydro,GWh,6699.57
India,IND,Kerala,KL,state,2020,Electricity generation,Fuel,Nuclear,GWh,0.0
India,IND,Kerala,KL,state,2020,Electricity generation,Fuel,Other Fossil,GWh,2.33
India,IND,Kerala,KL,state,2020,Electricity generation,Fuel,Other Renewables,GWh,0.0
India,IND,Kerala,KL,state,2020,Electricity generation,Fuel,Solar,GWh,239.39
India,IND,Kerala,KL,state,2020,Electricity generation,Fuel,Wind,GWh,131.03
India,IND,Kerala,KL,state,2020,Electricity generation,Total,Total Generation,GWh,7107.53
India,IND,Kerala,KL,state,2021,Electricity generation,Fuel,Bioenergy,%,0.45
India,IND,Kerala,KL,state,2021,Electricity generation,Fuel,Coal,%,0.0
India,IND,Kerala,KL,state,2021,Electricity generation,Fuel,Gas,%,0.94
India,IND,Kerala,KL,state,2021,Electricity generation,Fuel,Hydro,%,93.36
India,IND,Kerala,KL,state,2021,Electricity generation,Fuel,Nuclear,%,0.0
India,IND,Kerala,KL,state,2021,Electricity generation,Fuel,Other Fossil,%,0.05
India,IND,Kerala,KL,state,2021,Electricity generation,Fuel,Other Renewables,%,0.0
India,IND,Kerala,KL,state,2021,Electricity generation,Fuel,Solar,%,3.97
India,IND,Kerala,KL,state,2021,Electricity generation,Fuel,Wind,%,1.23
India,IND,Kerala,KL,state,2021,Electricity generation,Fuel,Bioenergy,GWh,47.8
India,IND,Kerala,KL,state,2021,Electricity generation,Fuel,Coal,GWh,0.0
India,IND,Kerala,KL,state,2021,Electricity generation,Fuel,Gas,GWh,100.75
India,IND,Kerala,KL,state,2021,Electricity generation,Fuel,Hydro,GWh,9999.44
India,IND,Kerala,KL,state,2021,Electricity generation,Fuel,Nuclear,GWh,0.0
India,IND,Kerala,KL,state,2021,Electricity generation,Fuel,Other Fossil,GWh,5.5
India,IND,Kerala,KL,state,2021,Electricity generation,Fuel,Other Renewables,GWh,0.0
India,IND,Kerala,KL,state,2021,Electricity generation,Fuel,Solar,GWh,425.32
India,IND,Kerala,KL,state,2021,Electricity generation,Fuel,Wind,GWh,132.17
India,IND,Kerala,KL,state,2021,Electricity generation,Total,Total Generation,GWh,10710.98
India,IND,Kerala,KL,state,2022,Electricity generation,Fuel,Bioenergy,%,0.55
India,IND,Kerala,KL,state,2022,Electricity generation,Fuel,Coal,%,0.0
India,IND,Kerala,KL,state,2022,Electricity generation,Fuel,Gas,%,0.0
India,IND,Kerala,KL,state,2022,Electricity generation,Fuel,Hydro,%,91.0
India,IND,Kerala,KL,state,2022,Electricity generation,Fuel,Nuclear,%,0.0
India,IND,Kerala,KL,state,2022,Electricity generation,Fuel,Other Fossil,%,0.0
India,IND,Kerala,KL,state,2022,Electricity generation,Fuel,Other Renewables,%,0.0
India,IND,Kerala,KL,state,2022,Electricity generation,Fuel,Solar,%,6.71
India,IND,Kerala,KL,state,2022,Electricity generation,Fuel,Wind,%,1.74
India,IND,Kerala,KL,state,2022,Electricity generation,Fuel,Bioenergy,GWh,57.81
India,IND,Kerala,KL,state,2022,Electricity generation,Fuel,Coal,GWh,0.0
India,IND,Kerala,KL,state,2022,Electricity generation,Fuel,Gas,GWh,0.0
India,IND,Kerala,KL,state,2022,Electricity generation,Fuel,Hydro,GWh,9495.04
India,IND,Kerala,KL,state,2022,Electricity generation,Fuel,Nuclear,GWh,0.0
India,IND,Kerala,KL,state,2022,Electricity generation,Fuel,Other Fossil,GWh,0.12
India,IND,Kerala,KL,state,2022,Electricity generation,Fuel,Other Renewables,GWh,0.0
India,IND,Kerala,KL,state,2022,Electricity generation,Fuel,Solar,GWh,699.95
India,IND,Kerala,KL,state,2022,Electricity generation,Fuel,Wind,GWh,181.56
India,IND,Kerala,KL,state,2022,Electricity generation,Total,Total Generation,GWh,10434.48
India,IND,Kerala,KL,state,2023,Electricity generation,Fuel,Bioenergy,%,1.04
India,IND,Kerala,KL,state,2023,Electricity generation,Fuel,Coal,%,0.0
India,IND,Kerala,KL,state,2023,Electricity generation,Fuel,Gas,%,0.0
India,IND,Kerala,KL,state,2023,Electricity generation,Fuel,Hydro,%,80.32
India,IND,Kerala,KL,state,2023,Electricity generation,Fuel,Nuclear,%,0.0
India,IND,Kerala,KL,state,2023,Electricity generation,Fuel,Other Fossil,%,0.0
India,IND,Kerala,KL,state,2023,Electricity generation,Fuel,Other Renewables,%,0.0
India,IND,Kerala,KL,state,2023,Electricity generation,Fuel,Solar,%,15.72
India,IND,Kerala,KL,state,2023,Electricity generation,Fuel,Wind,%,2.93
India,IND,Kerala,KL,state,2023,Electricity generation,Fuel,Bioenergy,GWh,77.77
India,IND,Kerala,KL,state,2023,Electricity generation,Fuel,Coal,GWh,0.0
India,IND,Kerala,KL,state,2023,Electricity generation,Fuel,Gas,GWh,0.0
India,IND,Kerala,KL,state,2023,Electricity generation,Fuel,Hydro,GWh,5993.76
India,IND,Kerala,KL,state,2023,Electricity generation,Fuel,Nuclear,GWh,0.0
India,IND,Kerala,KL,state,2023,Electricity generation,Fuel,Other Fossil,GWh,0.0
India,IND,Kerala,KL,state,2023,Electricity generation,Fuel,Other Renewables,GWh,0.03
India,IND,Kerala,KL,state,2023,Electricity generation,Fuel,Solar,GWh,1172.82
India,IND,Kerala,KL,state,2023,Electricity generation,Fuel,Wind,GWh,218.36
India,IND,Kerala,KL,state,2023,Electricity generation,Total,Total Generation,GWh,7462.74
India,IND,Kerala,KL,state,2024,Electricity generation,Fuel,Bioenergy,%,0.41
India,IND,Kerala,KL,state,2024,Electricity generation,Fuel,Coal,%,0.0
India,IND,Kerala,KL,state,2024,Electricity generation,Fuel,Gas,%,0.0
India,IND,Kerala,KL,state,2024,Electricity generation,Fuel,Hydro,%,80.97
India,IND,Kerala,KL,state,2024,Electricity generation,Fuel,Nuclear,%,0.0
India,IND,Kerala,KL,state,2024,Electricity generation,Fuel,Other Fossil,%,0.02
India,IND,Kerala,KL,state,2024,Electricity generation,Fuel,Other Renewables,%,0.47
India,IND,Kerala,KL,state,2024,Electricity generation,Fuel,Solar,%,16.88
India,IND,Kerala,KL,state,2024,Electricity generation,Fuel,Wind,%,1.25
India,IND,Kerala,KL,state,2024,Electricity generation,Fuel,Bioenergy,GWh,38.16
India,IND,Kerala,KL,state,2024,Electricity generation,Fuel,Coal,GWh,0.0
India,IND,Kerala,KL,state,2024,Electricity generation,Fuel,Gas,GWh,0.0
India,IND,Kerala,KL,state,2024,Electricity generation,Fuel,Hydro,GWh,7492.68
India,IND,Kerala,KL,state,2024,Electricity generation,Fuel,Nuclear,GWh,0.0
India,IND,Kerala,KL,state,2024,Electricity generation,Fuel,Other Fossil,GWh,1.53
India,IND,Kerala,KL,state,2024,Electricity generation,Fuel,Other Renewables,GWh,43.4
India,IND,Kerala,KL,state,2024,Electricity generation,Fuel,Solar,GWh,1561.61
India,IND,Kerala,KL,state,2024,Electricity generation,Fuel,Wind,GWh,116.08
India,IND,Kerala,KL,state,2024,Electricity generation,Total,Total Generation,GWh,9253.46
India,IND,Ladakh,LA,Union territory,2021,Electricity generation,Fuel,Bioenergy,%,0.0
India,IND,Ladakh,LA,Union territory,2021,Electricity generation,Fuel,Coal,%,0.0
India,IND,Ladakh,LA,Union territory,2021,Electricity generation,Fuel,Gas,%,0.0
India,IND,Ladakh,LA,Union territory,2021,Electricity generation,Fuel,Hydro,%,100.0
India,IND,Ladakh,LA,Union territory,2021,Electricity generation,Fuel,Nuclear,%,0.0
India,IND,Ladakh,LA,Union territory,2021,Electricity generation,Fuel,Other Fossil,%,0.0
India,IND,Ladakh,LA,Union territory,2021,Electricity generation,Fuel,Other Renewables,%,0.0
India,IND,Ladakh,LA,Union territory,2021,Electricity generation,Fuel,Solar,%,0.0
India,IND,Ladakh,LA,Union territory,2021,Electricity generation,Fuel,Wind,%,0.0
India,IND,Ladakh,LA,Union territory,2021,Electricity generation,Fuel,Bioenergy,GWh,0.0
India,IND,Ladakh,LA,Union territory,2021,Electricity generation,Fuel,Coal,GWh,0.0
India,IND,Ladakh,LA,Union territory,2021,Electricity generation,Fuel,Gas,GWh,0.0
India,IND,Ladakh,LA,Union territory,2021,Electricity generation,Fuel,Hydro,GWh,258.39
India,IND,Ladakh,LA,Union territory,2021,Electricity generation,Fuel,Nuclear,GWh,0.0
India,IND,Ladakh,LA,Union territory,2021,Electricity generation,Fuel,Other Fossil,GWh,0.0
India,IND,Ladakh,LA,Union territory,2021,Electricity generation,Fuel,Other Renewables,GWh,0.0
India,IND,Ladakh,LA,Union territory,2021,Electricity generation,Fuel,Solar,GWh,0.0
India,IND,Ladakh,LA,Union territory,2021,Electricity generation,Fuel,Wind,GWh,0.0
India,IND,Ladakh,LA,Union territory,2021,Electricity generation,Total,Total Generation,GWh,258.39
India,IND,Ladakh,LA,Union territory,2022,Electricity generation,Fuel,Bioenergy,%,0.0
India,IND,Ladakh,LA,Union territory,2022,Electricity generation,Fuel,Coal,%,0.0
India,IND,Ladakh,LA,Union territory,2022,Electricity generation,Fuel,Gas,%,0.0
India,IND,Ladakh,LA,Union territory,2022,Electricity generation,Fuel,Hydro,%,100.0
India,IND,Ladakh,LA,Union territory,2022,Electricity generation,Fuel,Nuclear,%,0.0
India,IND,Ladakh,LA,Union territory,2022,Electricity generation,Fuel,Other Fossil,%,0.0
India,IND,Ladakh,LA,Union territory,2022,Electricity generation,Fuel,Other Renewables,%,0.0
India,IND,Ladakh,LA,Union territory,2022,Electricity generation,Fuel,Solar,%,0.0
India,IND,Ladakh,LA,Union territory,2022,Electricity generation,Fuel,Wind,%,0.0
India,IND,Ladakh,LA,Union territory,2022,Electricity generation,Fuel,Bioenergy,GWh,0.0
India,IND,Ladakh,LA,Union territory,2022,Electricity generation,Fuel,Coal,GWh,0.0
India,IND,Ladakh,LA,Union territory,2022,Electricity generation,Fuel,Gas,GWh,0.0
India,IND,Ladakh,LA,Union territory,2022,Electricity generation,Fuel,Hydro,GWh,404.35
India,IND,Ladakh,LA,Union territory,2022,Electricity generation,Fuel,Nuclear,GWh,0.0
India,IND,Ladakh,LA,Union territory,2022,Electricity generation,Fuel,Other Fossil,GWh,0.0
India,IND,Ladakh,LA,Union territory,2022,Electricity generation,Fuel,Other Renewables,GWh,0.0
India,IND,Ladakh,LA,Union territory,2022,Electricity generation,Fuel,Solar,GWh,0.0
India,IND,Ladakh,LA,Union territory,2022,Electricity generation,Fuel,Wind,GWh,0.0
India,IND,Ladakh,LA,Union territory,2022,Electricity generation,Total,Total Generation,GWh,404.35
India,IND,Ladakh,LA,Union territory,2023,Electricity generation,Fuel,Bioenergy,%,0.0
India,IND,Ladakh,LA,Union territory,2023,Electricity generation,Fuel,Coal,%,0.0
India,IND,Ladakh,LA,Union territory,2023,Electricity generation,Fuel,Gas,%,0.0
India,IND,Ladakh,LA,Union territory,2023,Electricity generation,Fuel,Hydro,%,100.0
India,IND,Ladakh,LA,Union territory,2023,Electricity generation,Fuel,Nuclear,%,0.0
India,IND,Ladakh,LA,Union territory,2023,Electricity generation,Fuel,Other Fossil,%,0.0
India,IND,Ladakh,LA,Union territory,2023,Electricity generation,Fuel,Other Renewables,%,0.0
India,IND,Ladakh,LA,Union territory,2023,Electricity generation,Fuel,Solar,%,0.0
India,IND,Ladakh,LA,Union territory,2023,Electricity generation,Fuel,Wind,%,0.0
India,IND,Ladakh,LA,Union territory,2023,Electricity generation,Fuel,Bioenergy,GWh,0.0
India,IND,Ladakh,LA,Union territory,2023,Electricity generation,Fuel,Coal,GWh,0.0
India,IND,Ladakh,LA,Union territory,2023,Electricity generation,Fuel,Gas,GWh,0.0
India,IND,Ladakh,LA,Union territory,2023,Electricity generation,Fuel,Hydro,GWh,390.33
India,IND,Ladakh,LA,Union territory,2023,Electricity generation,Fuel,Nuclear,GWh,0.0
India,IND,Ladakh,LA,Union territory,2023,Electricity generation,Fuel,Other Fossil,GWh,0.0
India,IND,Ladakh,LA,Union territory,2023,Electricity generation,Fuel,Other Renewables,GWh,0.0
India,IND,Ladakh,LA,Union territory,2023,Electricity generation,Fuel,Solar,GWh,0.0
India,IND,Ladakh,LA,Union territory,2023,Electricity generation,Fuel,Wind,GWh,0.0
India,IND,Ladakh,LA,Union territory,2023,Electricity generation,Total,Total Generation,GWh,390.33
India,IND,Ladakh,LA,Union territory,2024,Electricity generation,Fuel,Bioenergy,%,0.0
India,IND,Ladakh,LA,Union territory,2024,Electricity generation,Fuel,Coal,%,0.0
India,IND,Ladakh,LA,Union territory,2024,Electricity generation,Fuel,Gas,%,0.0
India,IND,Ladakh,LA,Union territory,2024,Electricity generation,Fuel,Hydro,%,100.0
India,IND,Ladakh,LA,Union territory,2024,Electricity generation,Fuel,Nuclear,%,0.0
India,IND,Ladakh,LA,Union territory,2024,Electricity generation,Fuel,Other Fossil,%,0.0
India,IND,Ladakh,LA,Union territory,2024,Electricity generation,Fuel,Other Renewables,%,0.0
India,IND,Ladakh,LA,Union territory,2024,Electricity generation,Fuel,Solar,%,0.0
India,IND,Ladakh,LA,Union territory,2024,Electricity generation,Fuel,Wind,%,0.0
India,IND,Ladakh,LA,Union territory,2024,Electricity generation,Fuel,Bioenergy,GWh,0.0
India,IND,Ladakh,LA,Union territory,2024,Electricity generation,Fuel,Coal,GWh,0.0
India,IND,Ladakh,LA,Union territory,2024,Electricity generation,Fuel,Gas,GWh,0.0
India,IND,Ladakh,LA,Union territory,2024,Electricity generation,Fuel,Hydro,GWh,414.61
India,IND,Ladakh,LA,Union territory,2024,Electricity generation,Fuel,Nuclear,GWh,0.0
India,IND,Ladakh,LA,Union territory,2024,Electricity generation,Fuel,Other Fossil,GWh,0.0
India,IND,Ladakh,LA,Union territory,2024,Electricity generation,Fuel,Other Renewables,GWh,0.0
India,IND,Ladakh,LA,Union territory,2024,Electricity generation,Fuel,Solar,GWh,0.0
India,IND,Ladakh,LA,Union territory,2024,Electricity generation,Fuel,Wind,GWh,0.0
India,IND,Ladakh,LA,Union territory,2024,Electricity generation,Total,Total Generation,GWh,414.61
India,IND,Lakshadweep,LD,Union territory,2019,Electricity generation,Fuel,Bioenergy,%,0.0
India,IND,Lakshadweep,LD,Union territory,2019,Electricity generation,Fuel,Coal,%,0.0
India,IND,Lakshadweep,LD,Union territory,2019,Electricity generation,Fuel,Gas,%,0.0
India,IND,Lakshadweep,LD,Union territory,2019,Electricity generation,Fuel,Hydro,%,0.0
India,IND,Lakshadweep,LD,Union territory,2019,Electricity generation,Fuel,Nuclear,%,0.0
India,IND,Lakshadweep,LD,Union territory,2019,Electricity generation,Fuel,Other Fossil,%,0.0
India,IND,Lakshadweep,LD,Union territory,2019,Electricity generation,Fuel,Other Renewables,%,0.0
India,IND,Lakshadweep,LD,Union territory,2019,Electricity generation,Fuel,Solar,%,100.0
India,IND,Lakshadweep,LD,Union territory,2019,Electricity generation,Fuel,Wind,%,0.0
India,IND,Lakshadweep,LD,Union territory,2019,Electricity generation,Fuel,Bioenergy,GWh,0.0
India,IND,Lakshadweep,LD,Union territory,2019,Electricity generation,Fuel,Coal,GWh,0.0
India,IND,Lakshadweep,LD,Union territory,2019,Electricity generation,Fuel,Gas,GWh,0.0
India,IND,Lakshadweep,LD,Union territory,2019,Electricity generation,Fuel,Hydro,GWh,0.0
India,IND,Lakshadweep,LD,Union territory,2019,Electricity generation,Fuel,Nuclear,GWh,0.0
India,IND,Lakshadweep,LD,Union territory,2019,Electricity generation,Fuel,Other Fossil,GWh,0.0
India,IND,Lakshadweep,LD,Union territory,2019,Electricity generation,Fuel,Other Renewables,GWh,0.0
India,IND,Lakshadweep,LD,Union territory,2019,Electricity generation,Fuel,Solar,GWh,0.65
India,IND,Lakshadweep,LD,Union territory,2019,Electricity generation,Fuel,Wind,GWh,0.0
India,IND,Lakshadweep,LD,Union territory,2019,Electricity generation,Total,Total Generation,GWh,0.65
India,IND,Lakshadweep,LD,Union territory,2020,Electricity generation,Fuel,Bioenergy,%,0.0
India,IND,Lakshadweep,LD,Union territory,2020,Electricity generation,Fuel,Coal,%,0.0
India,IND,Lakshadweep,LD,Union territory,2020,Electricity generation,Fuel,Gas,%,0.0
India,IND,Lakshadweep,LD,Union territory,2020,Electricity generation,Fuel,Hydro,%,0.0
India,IND,Lakshadweep,LD,Union territory,2020,Electricity generation,Fuel,Nuclear,%,0.0
India,IND,Lakshadweep,LD,Union territory,2020,Electricity generation,Fuel,Other Fossil,%,0.0
India,IND,Lakshadweep,LD,Union territory,2020,Electricity generation,Fuel,Other Renewables,%,0.0
India,IND,Lakshadweep,LD,Union territory,2020,Electricity generation,Fuel,Solar,%,100.0
India,IND,Lakshadweep,LD,Union territory,2020,Electricity generation,Fuel,Wind,%,0.0
India,IND,Lakshadweep,LD,Union territory,2020,Electricity generation,Fuel,Bioenergy,GWh,0.0
India,IND,Lakshadweep,LD,Union territory,2020,Electricity generation,Fuel,Coal,GWh,0.0
India,IND,Lakshadweep,LD,Union territory,2020,Electricity generation,Fuel,Gas,GWh,0.0
India,IND,Lakshadweep,LD,Union territory,2020,Electricity generation,Fuel,Hydro,GWh,0.0
India,IND,Lakshadweep,LD,Union territory,2020,Electricity generation,Fuel,Nuclear,GWh,0.0
India,IND,Lakshadweep,LD,Union territory,2020,Electricity generation,Fuel,Other Fossil,GWh,0.0
India,IND,Lakshadweep,LD,Union territory,2020,Electricity generation,Fuel,Other Renewables,GWh,0.0
India,IND,Lakshadweep,LD,Union territory,2020,Electricity generation,Fuel,Solar,GWh,0.55
India,IND,Lakshadweep,LD,Union territory,2020,Electricity generation,Fuel,Wind,GWh,0.0
India,IND,Lakshadweep,LD,Union territory,2020,Electricity generation,Total,Total Generation,GWh,0.55
India,IND,Lakshadweep,LD,Union territory,2021,Electricity generation,Fuel,Bioenergy,%,0.0
India,IND,Lakshadweep,LD,Union territory,2021,Electricity generation,Fuel,Coal,%,0.0
India,IND,Lakshadweep,LD,Union territory,2021,Electricity generation,Fuel,Gas,%,0.0
India,IND,Lakshadweep,LD,Union territory,2021,Electricity generation,Fuel,Hydro,%,0.0
India,IND,Lakshadweep,LD,Union territory,2021,Electricity generation,Fuel,Nuclear,%,0.0
India,IND,Lakshadweep,LD,Union territory,2021,Electricity generation,Fuel,Other Fossil,%,0.0
India,IND,Lakshadweep,LD,Union territory,2021,Electricity generation,Fuel,Other Renewables,%,0.0
India,IND,Lakshadweep,LD,Union territory,2021,Electricity generation,Fuel,Solar,%,100.0
India,IND,Lakshadweep,LD,Union territory,2021,Electricity generation,Fuel,Wind,%,0.0
India,IND,Lakshadweep,LD,Union territory,2021,Electricity generation,Fuel,Bioenergy,GWh,0.0
India,IND,Lakshadweep,LD,Union territory,2021,Electricity generation,Fuel,Coal,GWh,0.0
India,IND,Lakshadweep,LD,Union territory,2021,Electricity generation,Fuel,Gas,GWh,0.0
India,IND,Lakshadweep,LD,Union territory,2021,Electricity generation,Fuel,Hydro,GWh,0.0
India,IND,Lakshadweep,LD,Union territory,2021,Electricity generation,Fuel,Nuclear,GWh,0.0
India,IND,Lakshadweep,LD,Union territory,2021,Electricity generation,Fuel,Other Fossil,GWh,0.0
India,IND,Lakshadweep,LD,Union territory,2021,Electricity generation,Fuel,Other Renewables,GWh,0.0
India,IND,Lakshadweep,LD,Union territory,2021,Electricity generation,Fuel,Solar,GWh,0.35
India,IND,Lakshadweep,LD,Union territory,2021,Electricity generation,Fuel,Wind,GWh,0.0
India,IND,Lakshadweep,LD,Union territory,2021,Electricity generation,Total,Total Generation,GWh,0.35
India,IND,Lakshadweep,LD,Union territory,2022,Electricity generation,Fuel,Bioenergy,%,0.0
India,IND,Lakshadweep,LD,Union territory,2022,Electricity generation,Fuel,Coal,%,0.0
India,IND,Lakshadweep,LD,Union territory,2022,Electricity generation,Fuel,Gas,%,0.0
India,IND,Lakshadweep,LD,Union territory,2022,Electricity generation,Fuel,Hydro,%,0.0
India,IND,Lakshadweep,LD,Union territory,2022,Electricity generation,Fuel,Nuclear,%,0.0
India,IND,Lakshadweep,LD,Union territory,2022,Electricity generation,Fuel,Other Fossil,%,0.0
India,IND,Lakshadweep,LD,Union territory,2022,Electricity generation,Fuel,Other Renewables,%,0.0
India,IND,Lakshadweep,LD,Union territory,2022,Electricity generation,Fuel,Solar,%,100.0
India,IND,Lakshadweep,LD,Union territory,2022,Electricity generation,Fuel,Wind,%,0.0
India,IND,Lakshadweep,LD,Union territory,2022,Electricity generation,Fuel,Bioenergy,GWh,0.0
India,IND,Lakshadweep,LD,Union territory,2022,Electricity generation,Fuel,Coal,GWh,0.0
India,IND,Lakshadweep,LD,Union territory,2022,Electricity generation,Fuel,Gas,GWh,0.0
India,IND,Lakshadweep,LD,Union territory,2022,Electricity generation,Fuel,Hydro,GWh,0.0
India,IND,Lakshadweep,LD,Union territory,2022,Electricity generation,Fuel,Nuclear,GWh,0.0
India,IND,Lakshadweep,LD,Union territory,2022,Electricity generation,Fuel,Other Fossil,GWh,0.0
India,IND,Lakshadweep,LD,Union territory,2022,Electricity generation,Fuel,Other Renewables,GWh,0.0
India,IND,Lakshadweep,LD,Union territory,2022,Electricity generation,Fuel,Solar,GWh,0.11
India,IND,Lakshadweep,LD,Union territory,2022,Electricity generation,Fuel,Wind,GWh,0.0
India,IND,Lakshadweep,LD,Union territory,2022,Electricity generation,Total,Total Generation,GWh,0.11
India,IND,Lakshadweep,LD,Union territory,2023,Electricity generation,Fuel,Bioenergy,%,0.0
India,IND,Lakshadweep,LD,Union territory,2023,Electricity generation,Fuel,Coal,%,99.85
India,IND,Lakshadweep,LD,Union territory,2023,Electricity generation,Fuel,Gas,%,0.0
India,IND,Lakshadweep,LD,Union territory,2023,Electricity generation,Fuel,Hydro,%,0.0
India,IND,Lakshadweep,LD,Union territory,2023,Electricity generation,Fuel,Nuclear,%,0.0
India,IND,Lakshadweep,LD,Union territory,2023,Electricity generation,Fuel,Other Fossil,%,0.0
India,IND,Lakshadweep,LD,Union territory,2023,Electricity generation,Fuel,Other Renewables,%,0.0
India,IND,Lakshadweep,LD,Union territory,2023,Electricity generation,Fuel,Solar,%,0.15
India,IND,Lakshadweep,LD,Union territory,2023,Electricity generation,Fuel,Wind,%,0.0
India,IND,Lakshadweep,LD,Union territory,2023,Electricity generation,Fuel,Bioenergy,GWh,0.0
India,IND,Lakshadweep,LD,Union territory,2023,Electricity generation,Fuel,Coal,GWh,62.82
India,IND,Lakshadweep,LD,Union territory,2023,Electricity generation,Fuel,Gas,GWh,0.0
India,IND,Lakshadweep,LD,Union territory,2023,Electricity generation,Fuel,Hydro,GWh,0.0
India,IND,Lakshadweep,LD,Union territory,2023,Electricity generation,Fuel,Nuclear,GWh,0.0
India,IND,Lakshadweep,LD,Union territory,2023,Electricity generation,Fuel,Other Fossil,GWh,0.0
India,IND,Lakshadweep,LD,Union territory,2023,Electricity generation,Fuel,Other Renewables,GWh,0.0
India,IND,Lakshadweep,LD,Union territory,2023,Electricity generation,Fuel,Solar,GWh,0.09
India,IND,Lakshadweep,LD,Union territory,2023,Electricity generation,Fuel,Wind,GWh,0.0
India,IND,Lakshadweep,LD,Union territory,2023,Electricity generation,Total,Total Generation,GWh,62.91
India,IND,Lakshadweep,LD,Union territory,2024,Electricity generation,Fuel,Bioenergy,%,0.0
India,IND,Lakshadweep,LD,Union territory,2024,Electricity generation,Fuel,Coal,%,99.86
India,IND,Lakshadweep,LD,Union territory,2024,Electricity generation,Fuel,Gas,%,0.0
India,IND,Lakshadweep,LD,Union territory,2024,Electricity generation,Fuel,Hydro,%,0.0
India,IND,Lakshadweep,LD,Union territory,2024,Electricity generation,Fuel,Nuclear,%,0.0
India,IND,Lakshadweep,LD,Union territory,2024,Electricity generation,Fuel,Other Fossil,%,0.0
India,IND,Lakshadweep,LD,Union territory,2024,Electricity generation,Fuel,Other Renewables,%,0.0
India,IND,Lakshadweep,LD,Union territory,2024,Electricity generation,Fuel,Solar,%,0.14
India,IND,Lakshadweep,LD,Union territory,2024,Electricity generation,Fuel,Wind,%,0.0
India,IND,Lakshadweep,LD,Union territory,2024,Electricity generation,Fuel,Bioenergy,GWh,0.0
India,IND,Lakshadweep,LD,Union territory,2024,Electricity generation,Fuel,Coal,GWh,66.7
India,IND,Lakshadweep,LD,Union territory,2024,Electricity generation,Fuel,Gas,GWh,0.0
India,IND,Lakshadweep,LD,Union territory,2024,Electricity generation,Fuel,Hydro,GWh,0.0
India,IND,Lakshadweep,LD,Union territory,2024,Electricity generation,Fuel,Nuclear,GWh,0.0
India,IND,Lakshadweep,LD,Union territory,2024,Electricity generation,Fuel,Other Fossil,GWh,0.0
India,IND,Lakshadweep,LD,Union territory,2024,Electricity generation,Fuel,Other Renewables,GWh,0.0
India,IND,Lakshadweep,LD,Union territory,2024,Electricity generation,Fuel,Solar,GWh,0.09
India,IND,Lakshadweep,LD,Union territory,2024,Electricity generation,Fuel,Wind,GWh,0.0
India,IND,Lakshadweep,LD,Union territory,2024,Electricity generation,Total,Total Generation,GWh,66.79
India,IND,Madhya Pradesh,MP,state,2019,Electricity generation,Fuel,Bioenergy,%,0.08
India,IND,Madhya Pradesh,MP,state,2019,Electricity generation,Fuel,Coal,%,89.17
India,IND,Madhya Pradesh,MP,state,2019,Electricity generation,Fuel,Gas,%,0.0
India,IND,Madhya Pradesh,MP,state,2019,Electricity generation,Fuel,Hydro,%,4.69
India,IND,Madhya Pradesh,MP,state,2019,Electricity generation,Fuel,Nuclear,%,0.0
India,IND,Madhya Pradesh,MP,state,2019,Electricity generation,Fuel,Other Fossil,%,0.0
India,IND,Madhya Pradesh,MP,state,2019,Electricity generation,Fuel,Other Renewables,%,0.03
India,IND,Madhya Pradesh,MP,state,2019,Electricity generation,Fuel,Solar,%,2.59
India,IND,Madhya Pradesh,MP,state,2019,Electricity generation,Fuel,Wind,%,3.44
India,IND,Madhya Pradesh,MP,state,2019,Electricity generation,Fuel,Bioenergy,GWh,103.24
India,IND,Madhya Pradesh,MP,state,2019,Electricity generation,Fuel,Coal,GWh,114695.01
India,IND,Madhya Pradesh,MP,state,2019,Electricity generation,Fuel,Gas,GWh,0.0
India,IND,Madhya Pradesh,MP,state,2019,Electricity generation,Fuel,Hydro,GWh,6037.43
India,IND,Madhya Pradesh,MP,state,2019,Electricity generation,Fuel,Nuclear,GWh,0.0
India,IND,Madhya Pradesh,MP,state,2019,Electricity generation,Fuel,Other Fossil,GWh,0.0
India,IND,Madhya Pradesh,MP,state,2019,Electricity generation,Fuel,Other Renewables,GWh,36.51
India,IND,Madhya Pradesh,MP,state,2019,Electricity generation,Fuel,Solar,GWh,3329.83
India,IND,Madhya Pradesh,MP,state,2019,Electricity generation,Fuel,Wind,GWh,4418.22
India,IND,Madhya Pradesh,MP,state,2019,Electricity generation,Total,Total Generation,GWh,128620.24
India,IND,Madhya Pradesh,MP,state,2020,Electricity generation,Fuel,Bioenergy,%,0.07
India,IND,Madhya Pradesh,MP,state,2020,Electricity generation,Fuel,Coal,%,88.9
India,IND,Madhya Pradesh,MP,state,2020,Electricity generation,Fuel,Gas,%,0.0
India,IND,Madhya Pradesh,MP,state,2020,Electricity generation,Fuel,Hydro,%,4.98
India,IND,Madhya Pradesh,MP,state,2020,Electricity generation,Fuel,Nuclear,%,0.0
India,IND,Madhya Pradesh,MP,state,2020,Electricity generation,Fuel,Other Fossil,%,0.0
India,IND,Madhya Pradesh,MP,state,2020,Electricity generation,Fuel,Other Renewables,%,0.03
India,IND,Madhya Pradesh,MP,state,2020,Electricity generation,Fuel,Solar,%,3.07
India,IND,Madhya Pradesh,MP,state,2020,Electricity generation,Fuel,Wind,%,2.95
India,IND,Madhya Pradesh,MP,state,2020,Electricity generation,Fuel,Bioenergy,GWh,89.88
India,IND,Madhya Pradesh,MP,state,2020,Electricity generation,Fuel,Coal,GWh,119969.96
India,IND,Madhya Pradesh,MP,state,2020,Electricity generation,Fuel,Gas,GWh,0.0
India,IND,Madhya Pradesh,MP,state,2020,Electricity generation,Fuel,Hydro,GWh,6716.88
India,IND,Madhya Pradesh,MP,state,2020,Electricity generation,Fuel,Nuclear,GWh,0.0
India,IND,Madhya Pradesh,MP,state,2020,Electricity generation,Fuel,Other Fossil,GWh,0.0
India,IND,Madhya Pradesh,MP,state,2020,Electricity generation,Fuel,Other Renewables,GWh,40.08
India,IND,Madhya Pradesh,MP,state,2020,Electricity generation,Fuel,Solar,GWh,4140.58
India,IND,Madhya Pradesh,MP,state,2020,Electricity generation,Fuel,Wind,GWh,3986.31
India,IND,Madhya Pradesh,MP,state,2020,Electricity generation,Total,Total Generation,GWh,134943.69
India,IND,Madhya Pradesh,MP,state,2021,Electricity generation,Fuel,Bioenergy,%,0.06
India,IND,Madhya Pradesh,MP,state,2021,Electricity generation,Fuel,Coal,%,90.35
India,IND,Madhya Pradesh,MP,state,2021,Electricity generation,Fuel,Gas,%,0.0
India,IND,Madhya Pradesh,MP,state,2021,Electricity generation,Fuel,Hydro,%,3.68
India,IND,Madhya Pradesh,MP,state,2021,Electricity generation,Fuel,Nuclear,%,0.0
India,IND,Madhya Pradesh,MP,state,2021,Electricity generation,Fuel,Other Fossil,%,0.0
India,IND,Madhya Pradesh,MP,state,2021,Electricity generation,Fuel,Other Renewables,%,0.02
India,IND,Madhya Pradesh,MP,state,2021,Electricity generation,Fuel,Solar,%,2.81
India,IND,Madhya Pradesh,MP,state,2021,Electricity generation,Fuel,Wind,%,3.08
India,IND,Madhya Pradesh,MP,state,2021,Electricity generation,Fuel,Bioenergy,GWh,83.6
India,IND,Madhya Pradesh,MP,state,2021,Electricity generation,Fuel,Coal,GWh,127911.34
India,IND,Madhya Pradesh,MP,state,2021,Electricity generation,Fuel,Gas,GWh,0.0
India,IND,Madhya Pradesh,MP,state,2021,Electricity generation,Fuel,Hydro,GWh,5209.96
India,IND,Madhya Pradesh,MP,state,2021,Electricity generation,Fuel,Nuclear,GWh,0.0
India,IND,Madhya Pradesh,MP,state,2021,Electricity generation,Fuel,Other Fossil,GWh,0.0
India,IND,Madhya Pradesh,MP,state,2021,Electricity generation,Fuel,Other Renewables,GWh,34.35
India,IND,Madhya Pradesh,MP,state,2021,Electricity generation,Fuel,Solar,GWh,3976.43
India,IND,Madhya Pradesh,MP,state,2021,Electricity generation,Fuel,Wind,GWh,4357.27
India,IND,Madhya Pradesh,MP,state,2021,Electricity generation,Total,Total Generation,GWh,141572.95
India,IND,Madhya Pradesh,MP,state,2022,Electricity generation,Fuel,Bioenergy,%,0.09
India,IND,Madhya Pradesh,MP,state,2022,Electricity generation,Fuel,Coal,%,89.59
India,IND,Madhya Pradesh,MP,state,2022,Electricity generation,Fuel,Gas,%,0.0
India,IND,Madhya Pradesh,MP,state,2022,Electricity generation,Fuel,Hydro,%,4.77
India,IND,Madhya Pradesh,MP,state,2022,Electricity generation,Fuel,Nuclear,%,0.0
India,IND,Madhya Pradesh,MP,state,2022,Electricity generation,Fuel,Other Fossil,%,0.0
India,IND,Madhya Pradesh,MP,state,2022,Electricity generation,Fuel,Other Renewables,%,0.02
India,IND,Madhya Pradesh,MP,state,2022,Electricity generation,Fuel,Solar,%,2.62
India,IND,Madhya Pradesh,MP,state,2022,Electricity generation,Fuel,Wind,%,2.9
India,IND,Madhya Pradesh,MP,state,2022,Electricity generation,Fuel,Bioenergy,GWh,138.44
India,IND,Madhya Pradesh,MP,state,2022,Electricity generation,Fuel,Coal,GWh,137129.53
India,IND,Madhya Pradesh,MP,state,2022,Electricity generation,Fuel,Gas,GWh,0.0
India,IND,Madhya Pradesh,MP,state,2022,Electricity generation,Fuel,Hydro,GWh,7297.99
India,IND,Madhya Pradesh,MP,state,2022,Electricity generation,Fuel,Nuclear,GWh,0.0
India,IND,Madhya Pradesh,MP,state,2022,Electricity generation,Fuel,Other Fossil,GWh,0.0
India,IND,Madhya Pradesh,MP,state,2022,Electricity generation,Fuel,Other Renewables,GWh,37.43
India,IND,Madhya Pradesh,MP,state,2022,Electricity generation,Fuel,Solar,GWh,4013.24
India,IND,Madhya Pradesh,MP,state,2022,Electricity generation,Fuel,Wind,GWh,4441.33
India,IND,Madhya Pradesh,MP,state,2022,Electricity generation,Total,Total Generation,GWh,153057.96
India,IND,Madhya Pradesh,MP,state,2023,Electricity generation,Fuel,Bioenergy,%,0.12
India,IND,Madhya Pradesh,MP,state,2023,Electricity generation,Fuel,Coal,%,90.08
India,IND,Madhya Pradesh,MP,state,2023,Electricity generation,Fuel,Gas,%,0.0
India,IND,Madhya Pradesh,MP,state,2023,Electricity generation,Fuel,Hydro,%,4.49
India,IND,Madhya Pradesh,MP,state,2023,Electricity generation,Fuel,Nuclear,%,0.0
India,IND,Madhya Pradesh,MP,state,2023,Electricity generation,Fuel,Other Fossil,%,0.0
India,IND,Madhya Pradesh,MP,state,2023,Electricity generation,Fuel,Other Renewables,%,0.02
India,IND,Madhya Pradesh,MP,state,2023,Electricity generation,Fuel,Solar,%,2.3
India,IND,Madhya Pradesh,MP,state,2023,Electricity generation,Fuel,Wind,%,2.99
India,IND,Madhya Pradesh,MP,state,2023,Electricity generation,Fuel,Bioenergy,GWh,186.42
India,IND,Madhya Pradesh,MP,state,2023,Electricity generation,Fuel,Coal,GWh,144146.17
India,IND,Madhya Pradesh,MP,state,2023,Electricity generation,Fuel,Gas,GWh,0.0
India,IND,Madhya Pradesh,MP,state,2023,Electricity generation,Fuel,Hydro,GWh,7190.14
India,IND,Madhya Pradesh,MP,state,2023,Electricity generation,Fuel,Nuclear,GWh,0.0
India,IND,Madhya Pradesh,MP,state,2023,Electricity generation,Fuel,Other Fossil,GWh,0.0
India,IND,Madhya Pradesh,MP,state,2023,Electricity generation,Fuel,Other Renewables,GWh,30.33
India,IND,Madhya Pradesh,MP,state,2023,Electricity generation,Fuel,Solar,GWh,3680.5
India,IND,Madhya Pradesh,MP,state,2023,Electricity generation,Fuel,Wind,GWh,4779.46
India,IND,Madhya Pradesh,MP,state,2023,Electricity generation,Total,Total Generation,GWh,160013.02
India,IND,Madhya Pradesh,MP,state,2024,Electricity generation,Fuel,Bioenergy,%,0.12
India,IND,Madhya Pradesh,MP,state,2024,Electricity generation,Fuel,Coal,%,88.59
India,IND,Madhya Pradesh,MP,state,2024,Electricity generation,Fuel,Gas,%,0.0
India,IND,Madhya Pradesh,MP,state,2024,Electricity generation,Fuel,Hydro,%,4.76
India,IND,Madhya Pradesh,MP,state,2024,Electricity generation,Fuel,Nuclear,%,0.0
India,IND,Madhya Pradesh,MP,state,2024,Electricity generation,Fuel,Other Fossil,%,0.0
India,IND,Madhya Pradesh,MP,state,2024,Electricity generation,Fuel,Other Renewables,%,0.03
India,IND,Madhya Pradesh,MP,state,2024,Electricity generation,Fuel,Solar,%,3.65
India,IND,Madhya Pradesh,MP,state,2024,Electricity generation,Fuel,Wind,%,2.85
India,IND,Madhya Pradesh,MP,state,2024,Electricity generation,Fuel,Bioenergy,GWh,194.03
India,IND,Madhya Pradesh,MP,state,2024,Electricity generation,Fuel,Coal,GWh,146307.67
India,IND,Madhya Pradesh,MP,state,2024,Electricity generation,Fuel,Gas,GWh,0.0
India,IND,Madhya Pradesh,MP,state,2024,Electricity generation,Fuel,Hydro,GWh,7860.52
India,IND,Madhya Pradesh,MP,state,2024,Electricity generation,Fuel,Nuclear,GWh,0.0
India,IND,Madhya Pradesh,MP,state,2024,Electricity generation,Fuel,Other Fossil,GWh,0.0
India,IND,Madhya Pradesh,MP,state,2024,Electricity generation,Fuel,Other Renewables,GWh,56.56
India,IND,Madhya Pradesh,MP,state,2024,Electricity generation,Fuel,Solar,GWh,6032.96
India,IND,Madhya Pradesh,MP,state,2024,Electricity generation,Fuel,Wind,GWh,4704.09
India,IND,Madhya Pradesh,MP,state,2024,Electricity generation,Total,Total Generation,GWh,165155.83
India,IND,Maharashtra,MH,state,2019,Electricity generation,Fuel,Bioenergy,%,2.42
India,IND,Maharashtra,MH,state,2019,Electricity generation,Fuel,Coal,%,72.9
India,IND,Maharashtra,MH,state,2019,Electricity generation,Fuel,Gas,%,5.65
India,IND,Maharashtra,MH,state,2019,Electricity generation,Fuel,Hydro,%,4.37
India,IND,Maharashtra,MH,state,2019,Electricity generation,Fuel,Nuclear,%,7.65
India,IND,Maharashtra,MH,state,2019,Electricity generation,Fuel,Other Fossil,%,0.0
India,IND,Maharashtra,MH,state,2019,Electricity generation,Fuel,Other Renewables,%,0.0
India,IND,Maharashtra,MH,state,2019,Electricity generation,Fuel,Solar,%,1.61
India,IND,Maharashtra,MH,state,2019,Electricity generation,Fuel,Wind,%,5.39
India,IND,Maharashtra,MH,state,2019,Electricity generation,Fuel,Bioenergy,GWh,3529.62
India,IND,Maharashtra,MH,state,2019,Electricity generation,Fuel,Coal,GWh,106306.24
India,IND,Maharashtra,MH,state,2019,Electricity generation,Fuel,Gas,GWh,8234.09
India,IND,Maharashtra,MH,state,2019,Electricity generation,Fuel,Hydro,GWh,6375.01
India,IND,Maharashtra,MH,state,2019,Electricity generation,Fuel,Nuclear,GWh,11156.54
India,IND,Maharashtra,MH,state,2019,Electricity generation,Fuel,Other Fossil,GWh,0.0
India,IND,Maharashtra,MH,state,2019,Electricity generation,Fuel,Other Renewables,GWh,1.12
India,IND,Maharashtra,MH,state,2019,Electricity generation,Fuel,Solar,GWh,2350.88
India,IND,Maharashtra,MH,state,2019,Electricity generation,Fuel,Wind,GWh,7866.21
India,IND,Maharashtra,MH,state,2019,Electricity generation,Total,Total Generation,GWh,145819.71
India,IND,Maharashtra,MH,state,2020,Electricity generation,Fuel,Bioenergy,%,2.78
India,IND,Maharashtra,MH,state,2020,Electricity generation,Fuel,Coal,%,73.63
India,IND,Maharashtra,MH,state,2020,Electricity generation,Fuel,Gas,%,4.79
India,IND,Maharashtra,MH,state,2020,Electricity generation,Fuel,Hydro,%,4.68
India,IND,Maharashtra,MH,state,2020,Electricity generation,Fuel,Nuclear,%,7.03
India,IND,Maharashtra,MH,state,2020,Electricity generation,Fuel,Other Fossil,%,0.0
India,IND,Maharashtra,MH,state,2020,Electricity generation,Fuel,Other Renewables,%,0.0
India,IND,Maharashtra,MH,state,2020,Electricity generation,Fuel,Solar,%,1.98
India,IND,Maharashtra,MH,state,2020,Electricity generation,Fuel,Wind,%,5.11
India,IND,Maharashtra,MH,state,2020,Electricity generation,Fuel,Bioenergy,GWh,3542.29
India,IND,Maharashtra,MH,state,2020,Electricity generation,Fuel,Coal,GWh,93933.65
India,IND,Maharashtra,MH,state,2020,Electricity generation,Fuel,Gas,GWh,6113.19
India,IND,Maharashtra,MH,state,2020,Electricity generation,Fuel,Hydro,GWh,5967.2
India,IND,Maharashtra,MH,state,2020,Electricity generation,Fuel,Nuclear,GWh,8972.34
India,IND,Maharashtra,MH,state,2020,Electricity generation,Fuel,Other Fossil,GWh,0.0
India,IND,Maharashtra,MH,state,2020,Electricity generation,Fuel,Other Renewables,GWh,0.15
India,IND,Maharashtra,MH,state,2020,Electricity generation,Fuel,Solar,GWh,2529.98
India,IND,Maharashtra,MH,state,2020,Electricity generation,Fuel,Wind,GWh,6516.9
India,IND,Maharashtra,MH,state,2020,Electricity generation,Total,Total Generation,GWh,127575.7
India,IND,Maharashtra,MH,state,2021,Electricity generation,Fuel,Bioenergy,%,2.81
India,IND,Maharashtra,MH,state,2021,Electricity generation,Fuel,Coal,%,76.37
India,IND,Maharashtra,MH,state,2021,Electricity generation,Fuel,Gas,%,4.2
India,IND,Maharashtra,MH,state,2021,Electricity generation,Fuel,Hydro,%,4.4
India,IND,Maharashtra,MH,state,2021,Electricity generation,Fuel,Nuclear,%,5.35
India,IND,Maharashtra,MH,state,2021,Electricity generation,Fuel,Other Fossil,%,0.0
India,IND,Maharashtra,MH,state,2021,Electricity generation,Fuel,Other Renewables,%,0.0
India,IND,Maharashtra,MH,state,2021,Electricity generation,Fuel,Solar,%,2.31
India,IND,Maharashtra,MH,state,2021,Electricity generation,Fuel,Wind,%,4.57
India,IND,Maharashtra,MH,state,2021,Electricity generation,Fuel,Bioenergy,GWh,4312.73
India,IND,Maharashtra,MH,state,2021,Electricity generation,Fuel,Coal,GWh,117319.44
India,IND,Maharashtra,MH,state,2021,Electricity generation,Fuel,Gas,GWh,6458.33
India,IND,Maharashtra,MH,state,2021,Electricity generation,Fuel,Hydro,GWh,6761.09
India,IND,Maharashtra,MH,state,2021,Electricity generation,Fuel,Nuclear,GWh,8214.5
India,IND,Maharashtra,MH,state,2021,Electricity generation,Fuel,Other Fossil,GWh,0.0
India,IND,Maharashtra,MH,state,2021,Electricity generation,Fuel,Other Renewables,GWh,0.08
India,IND,Maharashtra,MH,state,2021,Electricity generation,Fuel,Solar,GWh,3542.88
India,IND,Maharashtra,MH,state,2021,Electricity generation,Fuel,Wind,GWh,7019.7
India,IND,Maharashtra,MH,state,2021,Electricity generation,Total,Total Generation,GWh,153628.75
India,IND,Maharashtra,MH,state,2022,Electricity generation,Fuel,Bioenergy,%,3.34
India,IND,Maharashtra,MH,state,2022,Electricity generation,Fuel,Coal,%,77.71
India,IND,Maharashtra,MH,state,2022,Electricity generation,Fuel,Gas,%,2.03
India,IND,Maharashtra,MH,state,2022,Electricity generation,Fuel,Hydro,%,4.39
India,IND,Maharashtra,MH,state,2022,Electricity generation,Fuel,Nuclear,%,5.46
India,IND,Maharashtra,MH,state,2022,Electricity generation,Fuel,Other Fossil,%,0.0
India,IND,Maharashtra,MH,state,2022,Electricity generation,Fuel,Other Renewables,%,0.0
India,IND,Maharashtra,MH,state,2022,Electricity generation,Fuel,Solar,%,2.47
India,IND,Maharashtra,MH,state,2022,Electricity generation,Fuel,Wind,%,4.59
India,IND,Maharashtra,MH,state,2022,Electricity generation,Fuel,Bioenergy,GWh,5232.82
India,IND,Maharashtra,MH,state,2022,Electricity generation,Fuel,Coal,GWh,121641.29
India,IND,Maharashtra,MH,state,2022,Electricity generation,Fuel,Gas,GWh,3184.01
India,IND,Maharashtra,MH,state,2022,Electricity generation,Fuel,Hydro,GWh,6873.58
India,IND,Maharashtra,MH,state,2022,Electricity generation,Fuel,Nuclear,GWh,8543.65
India,IND,Maharashtra,MH,state,2022,Electricity generation,Fuel,Other Fossil,GWh,0.0
India,IND,Maharashtra,MH,state,2022,Electricity generation,Fuel,Other Renewables,GWh,0.52
India,IND,Maharashtra,MH,state,2022,Electricity generation,Fuel,Solar,GWh,3873.79
India,IND,Maharashtra,MH,state,2022,Electricity generation,Fuel,Wind,GWh,7177.36
India,IND,Maharashtra,MH,state,2022,Electricity generation,Total,Total Generation,GWh,156527.02
India,IND,Maharashtra,MH,state,2023,Electricity generation,Fuel,Bioenergy,%,2.28
India,IND,Maharashtra,MH,state,2023,Electricity generation,Fuel,Coal,%,78.64
India,IND,Maharashtra,MH,state,2023,Electricity generation,Fuel,Gas,%,1.94
India,IND,Maharashtra,MH,state,2023,Electricity generation,Fuel,Hydro,%,3.93
India,IND,Maharashtra,MH,state,2023,Electricity generation,Fuel,Nuclear,%,5.08
India,IND,Maharashtra,MH,state,2023,Electricity generation,Fuel,Other Fossil,%,0.0
India,IND,Maharashtra,MH,state,2023,Electricity generation,Fuel,Other Renewables,%,0.01
India,IND,Maharashtra,MH,state,2023,Electricity generation,Fuel,Solar,%,3.3
India,IND,Maharashtra,MH,state,2023,Electricity generation,Fuel,Wind,%,4.83
India,IND,Maharashtra,MH,state,2023,Electricity generation,Fuel,Bioenergy,GWh,3818.52
India,IND,Maharashtra,MH,state,2023,Electricity generation,Fuel,Coal,GWh,131570.84
India,IND,Maharashtra,MH,state,2023,Electricity generation,Fuel,Gas,GWh,3239.66
India,IND,Maharashtra,MH,state,2023,Electricity generation,Fuel,Hydro,GWh,6574.2
India,IND,Maharashtra,MH,state,2023,Electricity generation,Fuel,Nuclear,GWh,8491.4
India,IND,Maharashtra,MH,state,2023,Electricity generation,Fuel,Other Fossil,GWh,0.0
India,IND,Maharashtra,MH,state,2023,Electricity generation,Fuel,Other Renewables,GWh,13.99
India,IND,Maharashtra,MH,state,2023,Electricity generation,Fuel,Solar,GWh,5528.31
India,IND,Maharashtra,MH,state,2023,Electricity generation,Fuel,Wind,GWh,8077.5
India,IND,Maharashtra,MH,state,2023,Electricity generation,Total,Total Generation,GWh,167314.42
India,IND,Maharashtra,MH,state,2024,Electricity generation,Fuel,Bioenergy,%,2.12
India,IND,Maharashtra,MH,state,2024,Electricity generation,Fuel,Coal,%,77.27
India,IND,Maharashtra,MH,state,2024,Electricity generation,Fuel,Gas,%,3.38
India,IND,Maharashtra,MH,state,2024,Electricity generation,Fuel,Hydro,%,3.42
India,IND,Maharashtra,MH,state,2024,Electricity generation,Fuel,Nuclear,%,5.08
India,IND,Maharashtra,MH,state,2024,Electricity generation,Fuel,Other Fossil,%,0.0
India,IND,Maharashtra,MH,state,2024,Electricity generation,Fuel,Other Renewables,%,0.05
India,IND,Maharashtra,MH,state,2024,Electricity generation,Fuel,Solar,%,4.06
India,IND,Maharashtra,MH,state,2024,Electricity generation,Fuel,Wind,%,4.61
India,IND,Maharashtra,MH,state,2024,Electricity generation,Fuel,Bioenergy,GWh,3624.13
India,IND,Maharashtra,MH,state,2024,Electricity generation,Fuel,Coal,GWh,132133.31
India,IND,Maharashtra,MH,state,2024,Electricity generation,Fuel,Gas,GWh,5776.3
India,IND,Maharashtra,MH,state,2024,Electricity generation,Fuel,Hydro,GWh,5848.19
India,IND,Maharashtra,MH,state,2024,Electricity generation,Fuel,Nuclear,GWh,8693.84
India,IND,Maharashtra,MH,state,2024,Electricity generation,Fuel,Other Fossil,GWh,0.0
India,IND,Maharashtra,MH,state,2024,Electricity generation,Fuel,Other Renewables,GWh,85.18
India,IND,Maharashtra,MH,state,2024,Electricity generation,Fuel,Solar,GWh,6949.36
India,IND,Maharashtra,MH,state,2024,Electricity generation,Fuel,Wind,GWh,7886.66
India,IND,Maharashtra,MH,state,2024,Electricity generation,Total,Total Generation,GWh,170996.97
India,IND,Manipur,MN,state,2019,Electricity generation,Fuel,Bioenergy,%,0.0
India,IND,Manipur,MN,state,2019,Electricity generation,Fuel,Coal,%,0.0
India,IND,Manipur,MN,state,2019,Electricity generation,Fuel,Gas,%,0.0
India,IND,Manipur,MN,state,2019,Electricity generation,Fuel,Hydro,%,99.28
India,IND,Manipur,MN,state,2019,Electricity generation,Fuel,Nuclear,%,0.0
India,IND,Manipur,MN,state,2019,Electricity generation,Fuel,Other Fossil,%,0.0
India,IND,Manipur,MN,state,2019,Electricity generation,Fuel,Other Renewables,%,0.0
India,IND,Manipur,MN,state,2019,Electricity generation,Fuel,Solar,%,0.72
India,IND,Manipur,MN,state,2019,Electricity generation,Fuel,Wind,%,0.0
India,IND,Manipur,MN,state,2019,Electricity generation,Fuel,Bioenergy,GWh,0.0
India,IND,Manipur,MN,state,2019,Electricity generation,Fuel,Coal,GWh,0.0
India,IND,Manipur,MN,state,2019,Electricity generation,Fuel,Gas,GWh,0.0
India,IND,Manipur,MN,state,2019,Electricity generation,Fuel,Hydro,GWh,367.58
India,IND,Manipur,MN,state,2019,Electricity generation,Fuel,Nuclear,GWh,0.0
India,IND,Manipur,MN,state,2019,Electricity generation,Fuel,Other Fossil,GWh,0.0
India,IND,Manipur,MN,state,2019,Electricity generation,Fuel,Other Renewables,GWh,0.0
India,IND,Manipur,MN,state,2019,Electricity generation,Fuel,Solar,GWh,2.67
India,IND,Manipur,MN,state,2019,Electricity generation,Fuel,Wind,GWh,0.0
India,IND,Manipur,MN,state,2019,Electricity generation,Total,Total Generation,GWh,370.25
India,IND,Manipur,MN,state,2020,Electricity generation,Fuel,Bioenergy,%,0.0
India,IND,Manipur,MN,state,2020,Electricity generation,Fuel,Coal,%,0.0
India,IND,Manipur,MN,state,2020,Electricity generation,Fuel,Gas,%,0.0
India,IND,Manipur,MN,state,2020,Electricity generation,Fuel,Hydro,%,98.82
India,IND,Manipur,MN,state,2020,Electricity generation,Fuel,Nuclear,%,0.0
India,IND,Manipur,MN,state,2020,Electricity generation,Fuel,Other Fossil,%,0.0
India,IND,Manipur,MN,state,2020,Electricity generation,Fuel,Other Renewables,%,0.0
India,IND,Manipur,MN,state,2020,Electricity generation,Fuel,Solar,%,1.18
India,IND,Manipur,MN,state,2020,Electricity generation,Fuel,Wind,%,0.0
India,IND,Manipur,MN,state,2020,Electricity generation,Fuel,Bioenergy,GWh,0.0
India,IND,Manipur,MN,state,2020,Electricity generation,Fuel,Coal,GWh,0.0
India,IND,Manipur,MN,state,2020,Electricity generation,Fuel,Gas,GWh,0.0
India,IND,Manipur,MN,state,2020,Electricity generation,Fuel,Hydro,GWh,571.5
India,IND,Manipur,MN,state,2020,Electricity generation,Fuel,Nuclear,GWh,0.0
India,IND,Manipur,MN,state,2020,Electricity generation,Fuel,Other Fossil,GWh,0.0
India,IND,Manipur,MN,state,2020,Electricity generation,Fuel,Other Renewables,GWh,0.0
India,IND,Manipur,MN,state,2020,Electricity generation,Fuel,Solar,GWh,6.81
India,IND,Manipur,MN,state,2020,Electricity generation,Fuel,Wind,GWh,0.0
India,IND,Manipur,MN,state,2020,Electricity generation,Total,Total Generation,GWh,578.31
India,IND,Manipur,MN,state,2021,Electricity generation,Fuel,Bioenergy,%,0.0
India,IND,Manipur,MN,state,2021,Electricity generation,Fuel,Coal,%,0.0
India,IND,Manipur,MN,state,2021,Electricity generation,Fuel,Gas,%,0.0
India,IND,Manipur,MN,state,2021,Electricity generation,Fuel,Hydro,%,98.64
India,IND,Manipur,MN,state,2021,Electricity generation,Fuel,Nuclear,%,0.0
India,IND,Manipur,MN,state,2021,Electricity generation,Fuel,Other Fossil,%,0.0
India,IND,Manipur,MN,state,2021,Electricity generation,Fuel,Other Renewables,%,0.0
India,IND,Manipur,MN,state,2021,Electricity generation,Fuel,Solar,%,1.36
India,IND,Manipur,MN,state,2021,Electricity generation,Fuel,Wind,%,0.0
India,IND,Manipur,MN,state,2021,Electricity generation,Fuel,Bioenergy,GWh,0.0
India,IND,Manipur,MN,state,2021,Electricity generation,Fuel,Coal,GWh,0.0
India,IND,Manipur,MN,state,2021,Electricity generation,Fuel,Gas,GWh,0.0
India,IND,Manipur,MN,state,2021,Electricity generation,Fuel,Hydro,GWh,490.78
India,IND,Manipur,MN,state,2021,Electricity generation,Fuel,Nuclear,GWh,0.0
India,IND,Manipur,MN,state,2021,Electricity generation,Fuel,Other Fossil,GWh,0.0
India,IND,Manipur,MN,state,2021,Electricity generation,Fuel,Other Renewables,GWh,0.0
India,IND,Manipur,MN,state,2021,Electricity generation,Fuel,Solar,GWh,6.79
India,IND,Manipur,MN,state,2021,Electricity generation,Fuel,Wind,GWh,0.0
India,IND,Manipur,MN,state,2021,Electricity generation,Total,Total Generation,GWh,497.57
India,IND,Manipur,MN,state,2022,Electricity generation,Fuel,Bioenergy,%,0.0
India,IND,Manipur,MN,state,2022,Electricity generation,Fuel,Coal,%,0.0
India,IND,Manipur,MN,state,2022,Electricity generation,Fuel,Gas,%,0.0
India,IND,Manipur,MN,state,2022,Electricity generation,Fuel,Hydro,%,98.47
India,IND,Manipur,MN,state,2022,Electricity generation,Fuel,Nuclear,%,0.0
India,IND,Manipur,MN,state,2022,Electricity generation,Fuel,Other Fossil,%,0.0
India,IND,Manipur,MN,state,2022,Electricity generation,Fuel,Other Renewables,%,0.0
India,IND,Manipur,MN,state,2022,Electricity generation,Fuel,Solar,%,1.53
India,IND,Manipur,MN,state,2022,Electricity generation,Fuel,Wind,%,0.0
India,IND,Manipur,MN,state,2022,Electricity generation,Fuel,Bioenergy,GWh,0.0
India,IND,Manipur,MN,state,2022,Electricity generation,Fuel,Coal,GWh,0.0
India,IND,Manipur,MN,state,2022,Electricity generation,Fuel,Gas,GWh,0.0
India,IND,Manipur,MN,state,2022,Electricity generation,Fuel,Hydro,GWh,520.32
India,IND,Manipur,MN,state,2022,Electricity generation,Fuel,Nuclear,GWh,0.0
India,IND,Manipur,MN,state,2022,Electricity generation,Fuel,Other Fossil,GWh,0.0
India,IND,Manipur,MN,state,2022,Electricity generation,Fuel,Other Renewables,GWh,0.0
India,IND,Manipur,MN,state,2022,Electricity generation,Fuel,Solar,GWh,8.09
India,IND,Manipur,MN,state,2022,Electricity generation,Fuel,Wind,GWh,0.0
India,IND,Manipur,MN,state,2022,Electricity generation,Total,Total Generation,GWh,528.41
India,IND,Manipur,MN,state,2023,Electricity generation,Fuel,Bioenergy,%,0.0
India,IND,Manipur,MN,state,2023,Electricity generation,Fuel,Coal,%,0.0
India,IND,Manipur,MN,state,2023,Electricity generation,Fuel,Gas,%,0.0
India,IND,Manipur,MN,state,2023,Electricity generation,Fuel,Hydro,%,96.72
India,IND,Manipur,MN,state,2023,Electricity generation,Fuel,Nuclear,%,0.0
India,IND,Manipur,MN,state,2023,Electricity generation,Fuel,Other Fossil,%,0.0
India,IND,Manipur,MN,state,2023,Electricity generation,Fuel,Other Renewables,%,0.64
India,IND,Manipur,MN,state,2023,Electricity generation,Fuel,Solar,%,2.64
India,IND,Manipur,MN,state,2023,Electricity generation,Fuel,Wind,%,0.0
India,IND,Manipur,MN,state,2023,Electricity generation,Fuel,Bioenergy,GWh,0.0
India,IND,Manipur,MN,state,2023,Electricity generation,Fuel,Coal,GWh,0.0
India,IND,Manipur,MN,state,2023,Electricity generation,Fuel,Gas,GWh,0.0
India,IND,Manipur,MN,state,2023,Electricity generation,Fuel,Hydro,GWh,280.27
India,IND,Manipur,MN,state,2023,Electricity generation,Fuel,Nuclear,GWh,0.0
India,IND,Manipur,MN,state,2023,Electricity generation,Fuel,Other Fossil,GWh,0.0
India,IND,Manipur,MN,state,2023,Electricity generation,Fuel,Other Renewables,GWh,1.85
India,IND,Manipur,MN,state,2023,Electricity generation,Fuel,Solar,GWh,7.66
India,IND,Manipur,MN,state,2023,Electricity generation,Fuel,Wind,GWh,0.0
India,IND,Manipur,MN,state,2023,Electricity generation,Total,Total Generation,GWh,289.78
India,IND,Manipur,MN,state,2024,Electricity generation,Fuel,Bioenergy,%,0.0
India,IND,Manipur,MN,state,2024,Electricity generation,Fuel,Coal,%,0.0
India,IND,Manipur,MN,state,2024,Electricity generation,Fuel,Gas,%,0.0
India,IND,Manipur,MN,state,2024,Electricity generation,Fuel,Hydro,%,98.69
India,IND,Manipur,MN,state,2024,Electricity generation,Fuel,Nuclear,%,0.0
India,IND,Manipur,MN,state,2024,Electricity generation,Fuel,Other Fossil,%,0.0
India,IND,Manipur,MN,state,2024,Electricity generation,Fuel,Other Renewables,%,0.0
India,IND,Manipur,MN,state,2024,Electricity generation,Fuel,Solar,%,1.31
India,IND,Manipur,MN,state,2024,Electricity generation,Fuel,Wind,%,0.0
India,IND,Manipur,MN,state,2024,Electricity generation,Fuel,Bioenergy,GWh,0.0
India,IND,Manipur,MN,state,2024,Electricity generation,Fuel,Coal,GWh,0.0
India,IND,Manipur,MN,state,2024,Electricity generation,Fuel,Gas,GWh,0.0
India,IND,Manipur,MN,state,2024,Electricity generation,Fuel,Hydro,GWh,630.3
India,IND,Manipur,MN,state,2024,Electricity generation,Fuel,Nuclear,GWh,0.0
India,IND,Manipur,MN,state,2024,Electricity generation,Fuel,Other Fossil,GWh,0.0
India,IND,Manipur,MN,state,2024,Electricity generation,Fuel,Other Renewables,GWh,0.0
India,IND,Manipur,MN,state,2024,Electricity generation,Fuel,Solar,GWh,8.4
India,IND,Manipur,MN,state,2024,Electricity generation,Fuel,Wind,GWh,0.0
India,IND,Manipur,MN,state,2024,Electricity generation,Total,Total Generation,GWh,638.7
India,IND,Meghalaya,ML,state,2019,Electricity generation,Fuel,Bioenergy,%,0.0
India,IND,Meghalaya,ML,state,2019,Electricity generation,Fuel,Coal,%,0.0
India,IND,Meghalaya,ML,state,2019,Electricity generation,Fuel,Gas,%,0.0
India,IND,Meghalaya,ML,state,2019,Electricity generation,Fuel,Hydro,%,100.0
India,IND,Meghalaya,ML,state,2019,Electricity generation,Fuel,Nuclear,%,0.0
India,IND,Meghalaya,ML,state,2019,Electricity generation,Fuel,Other Fossil,%,0.0
India,IND,Meghalaya,ML,state,2019,Electricity generation,Fuel,Other Renewables,%,0.0
India,IND,Meghalaya,ML,state,2019,Electricity generation,Fuel,Solar,%,0.0
India,IND,Meghalaya,ML,state,2019,Electricity generation,Fuel,Wind,%,0.0
India,IND,Meghalaya,ML,state,2019,Electricity generation,Fuel,Bioenergy,GWh,0.0
India,IND,Meghalaya,ML,state,2019,Electricity generation,Fuel,Coal,GWh,0.0
India,IND,Meghalaya,ML,state,2019,Electricity generation,Fuel,Gas,GWh,0.0
India,IND,Meghalaya,ML,state,2019,Electricity generation,Fuel,Hydro,GWh,1077.54
India,IND,Meghalaya,ML,state,2019,Electricity generation,Fuel,Nuclear,GWh,0.0
India,IND,Meghalaya,ML,state,2019,Electricity generation,Fuel,Other Fossil,GWh,0.0
India,IND,Meghalaya,ML,state,2019,Electricity generation,Fuel,Other Renewables,GWh,0.0
India,IND,Meghalaya,ML,state,2019,Electricity generation,Fuel,Solar,GWh,0.0
India,IND,Meghalaya,ML,state,2019,Electricity generation,Fuel,Wind,GWh,0.0
India,IND,Meghalaya,ML,state,2019,Electricity generation,Total,Total Generation,GWh,1077.54
India,IND,Meghalaya,ML,state,2020,Electricity generation,Fuel,Bioenergy,%,0.0
India,IND,Meghalaya,ML,state,2020,Electricity generation,Fuel,Coal,%,0.0
India,IND,Meghalaya,ML,state,2020,Electricity generation,Fuel,Gas,%,0.0
India,IND,Meghalaya,ML,state,2020,Electricity generation,Fuel,Hydro,%,100.0
India,IND,Meghalaya,ML,state,2020,Electricity generation,Fuel,Nuclear,%,0.0
India,IND,Meghalaya,ML,state,2020,Electricity generation,Fuel,Other Fossil,%,0.0
India,IND,Meghalaya,ML,state,2020,Electricity generation,Fuel,Other Renewables,%,0.0
India,IND,Meghalaya,ML,state,2020,Electricity generation,Fuel,Solar,%,0.0
India,IND,Meghalaya,ML,state,2020,Electricity generation,Fuel,Wind,%,0.0
India,IND,Meghalaya,ML,state,2020,Electricity generation,Fuel,Bioenergy,GWh,0.0
India,IND,Meghalaya,ML,state,2020,Electricity generation,Fuel,Coal,GWh,0.0
India,IND,Meghalaya,ML,state,2020,Electricity generation,Fuel,Gas,GWh,0.0
India,IND,Meghalaya,ML,state,2020,Electricity generation,Fuel,Hydro,GWh,1183.95
India,IND,Meghalaya,ML,state,2020,Electricity generation,Fuel,Nuclear,GWh,0.0
India,IND,Meghalaya,ML,state,2020,Electricity generation,Fuel,Other Fossil,GWh,0.0
India,IND,Meghalaya,ML,state,2020,Electricity generation,Fuel,Other Renewables,GWh,0.0
India,IND,Meghalaya,ML,state,2020,Electricity generation,Fuel,Solar,GWh,0.0
India,IND,Meghalaya,ML,state,2020,Electricity generation,Fuel,Wind,GWh,0.0
India,IND,Meghalaya,ML,state,2020,Electricity generation,Total,Total Generation,GWh,1183.95
India,IND,Meghalaya,ML,state,2021,Electricity generation,Fuel,Bioenergy,%,0.0
India,IND,Meghalaya,ML,state,2021,Electricity generation,Fuel,Coal,%,0.0
India,IND,Meghalaya,ML,state,2021,Electricity generation,Fuel,Gas,%,0.0
India,IND,Meghalaya,ML,state,2021,Electricity generation,Fuel,Hydro,%,99.95
India,IND,Meghalaya,ML,state,2021,Electricity generation,Fuel,Nuclear,%,0.0
India,IND,Meghalaya,ML,state,2021,Electricity generation,Fuel,Other Fossil,%,0.0
India,IND,Meghalaya,ML,state,2021,Electricity generation,Fuel,Other Renewables,%,0.0
India,IND,Meghalaya,ML,state,2021,Electricity generation,Fuel,Solar,%,0.05
India,IND,Meghalaya,ML,state,2021,Electricity generation,Fuel,Wind,%,0.0
India,IND,Meghalaya,ML,state,2021,Electricity generation,Fuel,Bioenergy,GWh,0.0
India,IND,Meghalaya,ML,state,2021,Electricity generation,Fuel,Coal,GWh,0.0
India,IND,Meghalaya,ML,state,2021,Electricity generation,Fuel,Gas,GWh,0.0
India,IND,Meghalaya,ML,state,2021,Electricity generation,Fuel,Hydro,GWh,925.75
India,IND,Meghalaya,ML,state,2021,Electricity generation,Fuel,Nuclear,GWh,0.0
India,IND,Meghalaya,ML,state,2021,Electricity generation,Fuel,Other Fossil,GWh,0.0
India,IND,Meghalaya,ML,state,2021,Electricity generation,Fuel,Other Renewables,GWh,0.0
India,IND,Meghalaya,ML,state,2021,Electricity generation,Fuel,Solar,GWh,0.47
India,IND,Meghalaya,ML,state,2021,Electricity generation,Fuel,Wind,GWh,0.0
India,IND,Meghalaya,ML,state,2021,Electricity generation,Total,Total Generation,GWh,926.22
India,IND,Meghalaya,ML,state,2022,Electricity generation,Fuel,Bioenergy,%,0.0
India,IND,Meghalaya,ML,state,2022,Electricity generation,Fuel,Coal,%,0.0
India,IND,Meghalaya,ML,state,2022,Electricity generation,Fuel,Gas,%,0.0
India,IND,Meghalaya,ML,state,2022,Electricity generation,Fuel,Hydro,%,100.0
India,IND,Meghalaya,ML,state,2022,Electricity generation,Fuel,Nuclear,%,0.0
India,IND,Meghalaya,ML,state,2022,Electricity generation,Fuel,Other Fossil,%,0.0
India,IND,Meghalaya,ML,state,2022,Electricity generation,Fuel,Other Renewables,%,0.0
India,IND,Meghalaya,ML,state,2022,Electricity generation,Fuel,Solar,%,0.0
India,IND,Meghalaya,ML,state,2022,Electricity generation,Fuel,Wind,%,0.0
India,IND,Meghalaya,ML,state,2022,Electricity generation,Fuel,Bioenergy,GWh,0.0
India,IND,Meghalaya,ML,state,2022,Electricity generation,Fuel,Coal,GWh,0.0
India,IND,Meghalaya,ML,state,2022,Electricity generation,Fuel,Gas,GWh,0.0
India,IND,Meghalaya,ML,state,2022,Electricity generation,Fuel,Hydro,GWh,1056.84
India,IND,Meghalaya,ML,state,2022,Electricity generation,Fuel,Nuclear,GWh,0.0
India,IND,Meghalaya,ML,state,2022,Electricity generation,Fuel,Other Fossil,GWh,0.0
India,IND,Meghalaya,ML,state,2022,Electricity generation,Fuel,Other Renewables,GWh,0.0
India,IND,Meghalaya,ML,state,2022,Electricity generation,Fuel,Solar,GWh,0.0
India,IND,Meghalaya,ML,state,2022,Electricity generation,Fuel,Wind,GWh,0.0
India,IND,Meghalaya,ML,state,2022,Electricity generation,Total,Total Generation,GWh,1056.84
India,IND,Meghalaya,ML,state,2023,Electricity generation,Fuel,Bioenergy,%,0.0
India,IND,Meghalaya,ML,state,2023,Electricity generation,Fuel,Coal,%,0.0
India,IND,Meghalaya,ML,state,2023,Electricity generation,Fuel,Gas,%,0.0
India,IND,Meghalaya,ML,state,2023,Electricity generation,Fuel,Hydro,%,100.0
India,IND,Meghalaya,ML,state,2023,Electricity generation,Fuel,Nuclear,%,0.0
India,IND,Meghalaya,ML,state,2023,Electricity generation,Fuel,Other Fossil,%,0.0
India,IND,Meghalaya,ML,state,2023,Electricity generation,Fuel,Other Renewables,%,0.0
India,IND,Meghalaya,ML,state,2023,Electricity generation,Fuel,Solar,%,0.0
India,IND,Meghalaya,ML,state,2023,Electricity generation,Fuel,Wind,%,0.0
India,IND,Meghalaya,ML,state,2023,Electricity generation,Fuel,Bioenergy,GWh,0.0
India,IND,Meghalaya,ML,state,2023,Electricity generation,Fuel,Coal,GWh,0.0
India,IND,Meghalaya,ML,state,2023,Electricity generation,Fuel,Gas,GWh,0.0
India,IND,Meghalaya,ML,state,2023,Electricity generation,Fuel,Hydro,GWh,871.46
India,IND,Meghalaya,ML,state,2023,Electricity generation,Fuel,Nuclear,GWh,0.0
India,IND,Meghalaya,ML,state,2023,Electricity generation,Fuel,Other Fossil,GWh,0.0
India,IND,Meghalaya,ML,state,2023,Electricity generation,Fuel,Other Renewables,GWh,0.0
India,IND,Meghalaya,ML,state,2023,Electricity generation,Fuel,Solar,GWh,0.0
India,IND,Meghalaya,ML,state,2023,Electricity generation,Fuel,Wind,GWh,0.0
India,IND,Meghalaya,ML,state,2023,Electricity generation,Total,Total Generation,GWh,871.46
India,IND,Meghalaya,ML,state,2024,Electricity generation,Fuel,Bioenergy,%,0.0
India,IND,Meghalaya,ML,state,2024,Electricity generation,Fuel,Coal,%,0.0
India,IND,Meghalaya,ML,state,2024,Electricity generation,Fuel,Gas,%,0.0
India,IND,Meghalaya,ML,state,2024,Electricity generation,Fuel,Hydro,%,100.0
India,IND,Meghalaya,ML,state,2024,Electricity generation,Fuel,Nuclear,%,0.0
India,IND,Meghalaya,ML,state,2024,Electricity generation,Fuel,Other Fossil,%,0.0
India,IND,Meghalaya,ML,state,2024,Electricity generation,Fuel,Other Renewables,%,0.0
India,IND,Meghalaya,ML,state,2024,Electricity generation,Fuel,Solar,%,0.0
India,IND,Meghalaya,ML,state,2024,Electricity generation,Fuel,Wind,%,0.0
India,IND,Meghalaya,ML,state,2024,Electricity generation,Fuel,Bioenergy,GWh,0.0
India,IND,Meghalaya,ML,state,2024,Electricity generation,Fuel,Coal,GWh,0.0
India,IND,Meghalaya,ML,state,2024,Electricity generation,Fuel,Gas,GWh,0.0
India,IND,Meghalaya,ML,state,2024,Electricity generation,Fuel,Hydro,GWh,1020.27
India,IND,Meghalaya,ML,state,2024,Electricity generation,Fuel,Nuclear,GWh,0.0
India,IND,Meghalaya,ML,state,2024,Electricity generation,Fuel,Other Fossil,GWh,0.0
India,IND,Meghalaya,ML,state,2024,Electricity generation,Fuel,Other Renewables,GWh,0.0
India,IND,Meghalaya,ML,state,2024,Electricity generation,Fuel,Solar,GWh,0.0
India,IND,Meghalaya,ML,state,2024,Electricity generation,Fuel,Wind,GWh,0.0
India,IND,Meghalaya,ML,state,2024,Electricity generation,Total,Total Generation,GWh,1020.27
India,IND,Mizoram,MZ,state,2019,Electricity generation,Fuel,Bioenergy,%,0.0
India,IND,Mizoram,MZ,state,2019,Electricity generation,Fuel,Coal,%,0.0
India,IND,Mizoram,MZ,state,2019,Electricity generation,Fuel,Gas,%,0.0
India,IND,Mizoram,MZ,state,2019,Electricity generation,Fuel,Hydro,%,99.81
India,IND,Mizoram,MZ,state,2019,Electricity generation,Fuel,Nuclear,%,0.0
India,IND,Mizoram,MZ,state,2019,Electricity generation,Fuel,Other Fossil,%,0.0
India,IND,Mizoram,MZ,state,2019,Electricity generation,Fuel,Other Renewables,%,0.0
India,IND,Mizoram,MZ,state,2019,Electricity generation,Fuel,Solar,%,0.19
India,IND,Mizoram,MZ,state,2019,Electricity generation,Fuel,Wind,%,0.0
India,IND,Mizoram,MZ,state,2019,Electricity generation,Fuel,Bioenergy,GWh,0.0
India,IND,Mizoram,MZ,state,2019,Electricity generation,Fuel,Coal,GWh,0.0
India,IND,Mizoram,MZ,state,2019,Electricity generation,Fuel,Gas,GWh,0.0
India,IND,Mizoram,MZ,state,2019,Electricity generation,Fuel,Hydro,GWh,216.35
India,IND,Mizoram,MZ,state,2019,Electricity generation,Fuel,Nuclear,GWh,0.0
India,IND,Mizoram,MZ,state,2019,Electricity generation,Fuel,Other Fossil,GWh,0.0
India,IND,Mizoram,MZ,state,2019,Electricity generation,Fuel,Other Renewables,GWh,0.0
India,IND,Mizoram,MZ,state,2019,Electricity generation,Fuel,Solar,GWh,0.42
India,IND,Mizoram,MZ,state,2019,Electricity generation,Fuel,Wind,GWh,0.0
India,IND,Mizoram,MZ,state,2019,Electricity generation,Total,Total Generation,GWh,216.77
India,IND,Mizoram,MZ,state,2020,Electricity generation,Fuel,Bioenergy,%,0.0
India,IND,Mizoram,MZ,state,2020,Electricity generation,Fuel,Coal,%,0.0
India,IND,Mizoram,MZ,state,2020,Electricity generation,Fuel,Gas,%,0.0
India,IND,Mizoram,MZ,state,2020,Electricity generation,Fuel,Hydro,%,99.76
India,IND,Mizoram,MZ,state,2020,Electricity generation,Fuel,Nuclear,%,0.0
India,IND,Mizoram,MZ,state,2020,Electricity generation,Fuel,Other Fossil,%,0.0
India,IND,Mizoram,MZ,state,2020,Electricity generation,Fuel,Other Renewables,%,0.0
India,IND,Mizoram,MZ,state,2020,Electricity generation,Fuel,Solar,%,0.24
India,IND,Mizoram,MZ,state,2020,Electricity generation,Fuel,Wind,%,0.0
India,IND,Mizoram,MZ,state,2020,Electricity generation,Fuel,Bioenergy,GWh,0.0
India,IND,Mizoram,MZ,state,2020,Electricity generation,Fuel,Coal,GWh,0.0
India,IND,Mizoram,MZ,state,2020,Electricity generation,Fuel,Gas,GWh,0.0
India,IND,Mizoram,MZ,state,2020,Electricity generation,Fuel,Hydro,GWh,189.94
India,IND,Mizoram,MZ,state,2020,Electricity generation,Fuel,Nuclear,GWh,0.0
India,IND,Mizoram,MZ,state,2020,Electricity generation,Fuel,Other Fossil,GWh,0.0
India,IND,Mizoram,MZ,state,2020,Electricity generation,Fuel,Other Renewables,GWh,0.0
India,IND,Mizoram,MZ,state,2020,Electricity generation,Fuel,Solar,GWh,0.45
India,IND,Mizoram,MZ,state,2020,Electricity generation,Fuel,Wind,GWh,0.0
India,IND,Mizoram,MZ,state,2020,Electricity generation,Total,Total Generation,GWh,190.39
India,IND,Mizoram,MZ,state,2021,Electricity generation,Fuel,Bioenergy,%,0.0
India,IND,Mizoram,MZ,state,2021,Electricity generation,Fuel,Coal,%,0.0
India,IND,Mizoram,MZ,state,2021,Electricity generation,Fuel,Gas,%,0.0
India,IND,Mizoram,MZ,state,2021,Electricity generation,Fuel,Hydro,%,97.66
India,IND,Mizoram,MZ,state,2021,Electricity generation,Fuel,Nuclear,%,0.0
India,IND,Mizoram,MZ,state,2021,Electricity generation,Fuel,Other Fossil,%,0.0
India,IND,Mizoram,MZ,state,2021,Electricity generation,Fuel,Other Renewables,%,0.0
India,IND,Mizoram,MZ,state,2021,Electricity generation,Fuel,Solar,%,2.34
India,IND,Mizoram,MZ,state,2021,Electricity generation,Fuel,Wind,%,0.0
India,IND,Mizoram,MZ,state,2021,Electricity generation,Fuel,Bioenergy,GWh,0.0
India,IND,Mizoram,MZ,state,2021,Electricity generation,Fuel,Coal,GWh,0.0
India,IND,Mizoram,MZ,state,2021,Electricity generation,Fuel,Gas,GWh,0.0
India,IND,Mizoram,MZ,state,2021,Electricity generation,Fuel,Hydro,GWh,148.27
India,IND,Mizoram,MZ,state,2021,Electricity generation,Fuel,Nuclear,GWh,0.0
India,IND,Mizoram,MZ,state,2021,Electricity generation,Fuel,Other Fossil,GWh,0.0
India,IND,Mizoram,MZ,state,2021,Electricity generation,Fuel,Other Renewables,GWh,0.0
India,IND,Mizoram,MZ,state,2021,Electricity generation,Fuel,Solar,GWh,3.55
India,IND,Mizoram,MZ,state,2021,Electricity generation,Fuel,Wind,GWh,0.0
India,IND,Mizoram,MZ,state,2021,Electricity generation,Total,Total Generation,GWh,151.82
India,IND,Mizoram,MZ,state,2022,Electricity generation,Fuel,Bioenergy,%,0.0
India,IND,Mizoram,MZ,state,2022,Electricity generation,Fuel,Coal,%,0.0
India,IND,Mizoram,MZ,state,2022,Electricity generation,Fuel,Gas,%,0.0
India,IND,Mizoram,MZ,state,2022,Electricity generation,Fuel,Hydro,%,98.95
India,IND,Mizoram,MZ,state,2022,Electricity generation,Fuel,Nuclear,%,0.0
India,IND,Mizoram,MZ,state,2022,Electricity generation,Fuel,Other Fossil,%,0.0
India,IND,Mizoram,MZ,state,2022,Electricity generation,Fuel,Other Renewables,%,0.0
India,IND,Mizoram,MZ,state,2022,Electricity generation,Fuel,Solar,%,1.05
India,IND,Mizoram,MZ,state,2022,Electricity generation,Fuel,Wind,%,0.0
India,IND,Mizoram,MZ,state,2022,Electricity generation,Fuel,Bioenergy,GWh,0.0
India,IND,Mizoram,MZ,state,2022,Electricity generation,Fuel,Coal,GWh,0.0
India,IND,Mizoram,MZ,state,2022,Electricity generation,Fuel,Gas,GWh,0.0
India,IND,Mizoram,MZ,state,2022,Electricity generation,Fuel,Hydro,GWh,252.57
India,IND,Mizoram,MZ,state,2022,Electricity generation,Fuel,Nuclear,GWh,0.0
India,IND,Mizoram,MZ,state,2022,Electricity generation,Fuel,Other Fossil,GWh,0.0
India,IND,Mizoram,MZ,state,2022,Electricity generation,Fuel,Other Renewables,GWh,0.0
India,IND,Mizoram,MZ,state,2022,Electricity generation,Fuel,Solar,GWh,2.68
India,IND,Mizoram,MZ,state,2022,Electricity generation,Fuel,Wind,GWh,0.0
India,IND,Mizoram,MZ,state,2022,Electricity generation,Total,Total Generation,GWh,255.25
India,IND,Mizoram,MZ,state,2023,Electricity generation,Fuel,Bioenergy,%,0.0
India,IND,Mizoram,MZ,state,2023,Electricity generation,Fuel,Coal,%,0.0
India,IND,Mizoram,MZ,state,2023,Electricity generation,Fuel,Gas,%,0.0
India,IND,Mizoram,MZ,state,2023,Electricity generation,Fuel,Hydro,%,98.54
India,IND,Mizoram,MZ,state,2023,Electricity generation,Fuel,Nuclear,%,0.0
India,IND,Mizoram,MZ,state,2023,Electricity generation,Fuel,Other Fossil,%,0.0
India,IND,Mizoram,MZ,state,2023,Electricity generation,Fuel,Other Renewables,%,0.0
India,IND,Mizoram,MZ,state,2023,Electricity generation,Fuel,Solar,%,1.46
India,IND,Mizoram,MZ,state,2023,Electricity generation,Fuel,Wind,%,0.0
India,IND,Mizoram,MZ,state,2023,Electricity generation,Fuel,Bioenergy,GWh,0.0
India,IND,Mizoram,MZ,state,2023,Electricity generation,Fuel,Coal,GWh,0.0
India,IND,Mizoram,MZ,state,2023,Electricity generation,Fuel,Gas,GWh,0.0
India,IND,Mizoram,MZ,state,2023,Electricity generation,Fuel,Hydro,GWh,215.27
India,IND,Mizoram,MZ,state,2023,Electricity generation,Fuel,Nuclear,GWh,0.0
India,IND,Mizoram,MZ,state,2023,Electricity generation,Fuel,Other Fossil,GWh,0.0
India,IND,Mizoram,MZ,state,2023,Electricity generation,Fuel,Other Renewables,GWh,0.0
India,IND,Mizoram,MZ,state,2023,Electricity generation,Fuel,Solar,GWh,3.19
India,IND,Mizoram,MZ,state,2023,Electricity generation,Fuel,Wind,GWh,0.0
India,IND,Mizoram,MZ,state,2023,Electricity generation,Total,Total Generation,GWh,218.46
India,IND,Mizoram,MZ,state,2024,Electricity generation,Fuel,Bioenergy,%,0.0
India,IND,Mizoram,MZ,state,2024,Electricity generation,Fuel,Coal,%,0.0
India,IND,Mizoram,MZ,state,2024,Electricity generation,Fuel,Gas,%,0.0
India,IND,Mizoram,MZ,state,2024,Electricity generation,Fuel,Hydro,%,94.86
India,IND,Mizoram,MZ,state,2024,Electricity generation,Fuel,Nuclear,%,0.0
India,IND,Mizoram,MZ,state,2024,Electricity generation,Fuel,Other Fossil,%,0.0
India,IND,Mizoram,MZ,state,2024,Electricity generation,Fuel,Other Renewables,%,0.0
India,IND,Mizoram,MZ,state,2024,Electricity generation,Fuel,Solar,%,5.14
India,IND,Mizoram,MZ,state,2024,Electricity generation,Fuel,Wind,%,0.0
India,IND,Mizoram,MZ,state,2024,Electricity generation,Fuel,Bioenergy,GWh,0.0
India,IND,Mizoram,MZ,state,2024,Electricity generation,Fuel,Coal,GWh,0.0
India,IND,Mizoram,MZ,state,2024,Electricity generation,Fuel,Gas,GWh,0.0
India,IND,Mizoram,MZ,state,2024,Electricity generation,Fuel,Hydro,GWh,323.42
India,IND,Mizoram,MZ,state,2024,Electricity generation,Fuel,Nuclear,GWh,0.0
India,IND,Mizoram,MZ,state,2024,Electricity generation,Fuel,Other Fossil,GWh,0.0
India,IND,Mizoram,MZ,state,2024,Electricity generation,Fuel,Other Renewables,GWh,0.0
India,IND,Mizoram,MZ,state,2024,Electricity generation,Fuel,Solar,GWh,17.53
India,IND,Mizoram,MZ,state,2024,Electricity generation,Fuel,Wind,GWh,0.0
India,IND,Mizoram,MZ,state,2024,Electricity generation,Total,Total Generation,GWh,340.95
India,IND,Nagaland,NL,state,2019,Electricity generation,Fuel,Bioenergy,%,0.0
India,IND,Nagaland,NL,state,2019,Electricity generation,Fuel,Coal,%,0.0
India,IND,Nagaland,NL,state,2019,Electricity generation,Fuel,Gas,%,0.0
India,IND,Nagaland,NL,state,2019,Electricity generation,Fuel,Hydro,%,100.0
India,IND,Nagaland,NL,state,2019,Electricity generation,Fuel,Nuclear,%,0.0
India,IND,Nagaland,NL,state,2019,Electricity generation,Fuel,Other Fossil,%,0.0
India,IND,Nagaland,NL,state,2019,Electricity generation,Fuel,Other Renewables,%,0.0
India,IND,Nagaland,NL,state,2019,Electricity generation,Fuel,Solar,%,0.0
India,IND,Nagaland,NL,state,2019,Electricity generation,Fuel,Wind,%,0.0
India,IND,Nagaland,NL,state,2019,Electricity generation,Fuel,Bioenergy,GWh,0.0
India,IND,Nagaland,NL,state,2019,Electricity generation,Fuel,Coal,GWh,0.0
India,IND,Nagaland,NL,state,2019,Electricity generation,Fuel,Gas,GWh,0.0
India,IND,Nagaland,NL,state,2019,Electricity generation,Fuel,Hydro,GWh,244.74
India,IND,Nagaland,NL,state,2019,Electricity generation,Fuel,Nuclear,GWh,0.0
India,IND,Nagaland,NL,state,2019,Electricity generation,Fuel,Other Fossil,GWh,0.0
India,IND,Nagaland,NL,state,2019,Electricity generation,Fuel,Other Renewables,GWh,0.0
India,IND,Nagaland,NL,state,2019,Electricity generation,Fuel,Solar,GWh,0.0
India,IND,Nagaland,NL,state,2019,Electricity generation,Fuel,Wind,GWh,0.0
India,IND,Nagaland,NL,state,2019,Electricity generation,Total,Total Generation,GWh,244.74
India,IND,Nagaland,NL,state,2020,Electricity generation,Fuel,Bioenergy,%,0.0
India,IND,Nagaland,NL,state,2020,Electricity generation,Fuel,Coal,%,0.0
India,IND,Nagaland,NL,state,2020,Electricity generation,Fuel,Gas,%,0.0
India,IND,Nagaland,NL,state,2020,Electricity generation,Fuel,Hydro,%,99.63
India,IND,Nagaland,NL,state,2020,Electricity generation,Fuel,Nuclear,%,0.0
India,IND,Nagaland,NL,state,2020,Electricity generation,Fuel,Other Fossil,%,0.0
India,IND,Nagaland,NL,state,2020,Electricity generation,Fuel,Other Renewables,%,0.0
India,IND,Nagaland,NL,state,2020,Electricity generation,Fuel,Solar,%,0.0
India,IND,Nagaland,NL,state,2020,Electricity generation,Fuel,Wind,%,0.37
India,IND,Nagaland,NL,state,2020,Electricity generation,Fuel,Bioenergy,GWh,0.0
India,IND,Nagaland,NL,state,2020,Electricity generation,Fuel,Coal,GWh,0.0
India,IND,Nagaland,NL,state,2020,Electricity generation,Fuel,Gas,GWh,0.0
India,IND,Nagaland,NL,state,2020,Electricity generation,Fuel,Hydro,GWh,266.04
India,IND,Nagaland,NL,state,2020,Electricity generation,Fuel,Nuclear,GWh,0.0
India,IND,Nagaland,NL,state,2020,Electricity generation,Fuel,Other Fossil,GWh,0.0
India,IND,Nagaland,NL,state,2020,Electricity generation,Fuel,Other Renewables,GWh,0.0
India,IND,Nagaland,NL,state,2020,Electricity generation,Fuel,Solar,GWh,0.0
India,IND,Nagaland,NL,state,2020,Electricity generation,Fuel,Wind,GWh,1.0
India,IND,Nagaland,NL,state,2020,Electricity generation,Total,Total Generation,GWh,267.04
India,IND,Nagaland,NL,state,2021,Electricity generation,Fuel,Bioenergy,%,0.0
India,IND,Nagaland,NL,state,2021,Electricity generation,Fuel,Coal,%,0.0
India,IND,Nagaland,NL,state,2021,Electricity generation,Fuel,Gas,%,0.0
India,IND,Nagaland,NL,state,2021,Electricity generation,Fuel,Hydro,%,100.0
India,IND,Nagaland,NL,state,2021,Electricity generation,Fuel,Nuclear,%,0.0
India,IND,Nagaland,NL,state,2021,Electricity generation,Fuel,Other Fossil,%,0.0
India,IND,Nagaland,NL,state,2021,Electricity generation,Fuel,Other Renewables,%,0.0
India,IND,Nagaland,NL,state,2021,Electricity generation,Fuel,Solar,%,0.0
India,IND,Nagaland,NL,state,2021,Electricity generation,Fuel,Wind,%,0.0
India,IND,Nagaland,NL,state,2021,Electricity generation,Fuel,Bioenergy,GWh,0.0
India,IND,Nagaland,NL,state,2021,Electricity generation,Fuel,Coal,GWh,0.0
India,IND,Nagaland,NL,state,2021,Electricity generation,Fuel,Gas,GWh,0.0
India,IND,Nagaland,NL,state,2021,Electricity generation,Fuel,Hydro,GWh,182.15
India,IND,Nagaland,NL,state,2021,Electricity generation,Fuel,Nuclear,GWh,0.0
India,IND,Nagaland,NL,state,2021,Electricity generation,Fuel,Other Fossil,GWh,0.0
India,IND,Nagaland,NL,state,2021,Electricity generation,Fuel,Other Renewables,GWh,0.0
India,IND,Nagaland,NL,state,2021,Electricity generation,Fuel,Solar,GWh,0.0
India,IND,Nagaland,NL,state,2021,Electricity generation,Fuel,Wind,GWh,0.0
India,IND,Nagaland,NL,state,2021,Electricity generation,Total,Total Generation,GWh,182.15
India,IND,Nagaland,NL,state,2022,Electricity generation,Fuel,Bioenergy,%,0.0
India,IND,Nagaland,NL,state,2022,Electricity generation,Fuel,Coal,%,0.0
India,IND,Nagaland,NL,state,2022,Electricity generation,Fuel,Gas,%,0.0
India,IND,Nagaland,NL,state,2022,Electricity generation,Fuel,Hydro,%,100.0
India,IND,Nagaland,NL,state,2022,Electricity generation,Fuel,Nuclear,%,0.0
India,IND,Nagaland,NL,state,2022,Electricity generation,Fuel,Other Fossil,%,0.0
India,IND,Nagaland,NL,state,2022,Electricity generation,Fuel,Other Renewables,%,0.0
India,IND,Nagaland,NL,state,2022,Electricity generation,Fuel,Solar,%,0.0
India,IND,Nagaland,NL,state,2022,Electricity generation,Fuel,Wind,%,0.0
India,IND,Nagaland,NL,state,2022,Electricity generation,Fuel,Bioenergy,GWh,0.0
India,IND,Nagaland,NL,state,2022,Electricity generation,Fuel,Coal,GWh,0.0
India,IND,Nagaland,NL,state,2022,Electricity generation,Fuel,Gas,GWh,0.0
India,IND,Nagaland,NL,state,2022,Electricity generation,Fuel,Hydro,GWh,287.66
India,IND,Nagaland,NL,state,2022,Electricity generation,Fuel,Nuclear,GWh,0.0
India,IND,Nagaland,NL,state,2022,Electricity generation,Fuel,Other Fossil,GWh,0.0
India,IND,Nagaland,NL,state,2022,Electricity generation,Fuel,Other Renewables,GWh,0.0
India,IND,Nagaland,NL,state,2022,Electricity generation,Fuel,Solar,GWh,0.0
India,IND,Nagaland,NL,state,2022,Electricity generation,Fuel,Wind,GWh,0.0
India,IND,Nagaland,NL,state,2022,Electricity generation,Total,Total Generation,GWh,287.66
India,IND,Nagaland,NL,state,2023,Electricity generation,Fuel,Bioenergy,%,0.0
India,IND,Nagaland,NL,state,2023,Electricity generation,Fuel,Coal,%,0.0
India,IND,Nagaland,NL,state,2023,Electricity generation,Fuel,Gas,%,0.0
India,IND,Nagaland,NL,state,2023,Electricity generation,Fuel,Hydro,%,100.0
India,IND,Nagaland,NL,state,2023,Electricity generation,Fuel,Nuclear,%,0.0
India,IND,Nagaland,NL,state,2023,Electricity generation,Fuel,Other Fossil,%,0.0
India,IND,Nagaland,NL,state,2023,Electricity generation,Fuel,Other Renewables,%,0.0
India,IND,Nagaland,NL,state,2023,Electricity generation,Fuel,Solar,%,0.0
India,IND,Nagaland,NL,state,2023,Electricity generation,Fuel,Wind,%,0.0
India,IND,Nagaland,NL,state,2023,Electricity generation,Fuel,Bioenergy,GWh,0.0
India,IND,Nagaland,NL,state,2023,Electricity generation,Fuel,Coal,GWh,0.0
India,IND,Nagaland,NL,state,2023,Electricity generation,Fuel,Gas,GWh,0.0
India,IND,Nagaland,NL,state,2023,Electricity generation,Fuel,Hydro,GWh,251.25
India,IND,Nagaland,NL,state,2023,Electricity generation,Fuel,Nuclear,GWh,0.0
India,IND,Nagaland,NL,state,2023,Electricity generation,Fuel,Other Fossil,GWh,0.0
India,IND,Nagaland,NL,state,2023,Electricity generation,Fuel,Other Renewables,GWh,0.0
India,IND,Nagaland,NL,state,2023,Electricity generation,Fuel,Solar,GWh,0.0
India,IND,Nagaland,NL,state,2023,Electricity generation,Fuel,Wind,GWh,0.0
India,IND,Nagaland,NL,state,2023,Electricity generation,Total,Total Generation,GWh,251.25
India,IND,Nagaland,NL,state,2024,Electricity generation,Fuel,Bioenergy,%,0.0
India,IND,Nagaland,NL,state,2024,Electricity generation,Fuel,Coal,%,0.0
India,IND,Nagaland,NL,state,2024,Electricity generation,Fuel,Gas,%,0.0
India,IND,Nagaland,NL,state,2024,Electricity generation,Fuel,Hydro,%,100.0
India,IND,Nagaland,NL,state,2024,Electricity generation,Fuel,Nuclear,%,0.0
India,IND,Nagaland,NL,state,2024,Electricity generation,Fuel,Other Fossil,%,0.0
India,IND,Nagaland,NL,state,2024,Electricity generation,Fuel,Other Renewables,%,0.0
India,IND,Nagaland,NL,state,2024,Electricity generation,Fuel,Solar,%,0.0
India,IND,Nagaland,NL,state,2024,Electricity generation,Fuel,Wind,%,0.0
India,IND,Nagaland,NL,state,2024,Electricity generation,Fuel,Bioenergy,GWh,0.0
India,IND,Nagaland,NL,state,2024,Electricity generation,Fuel,Coal,GWh,0.0
India,IND,Nagaland,NL,state,2024,Electricity generation,Fuel,Gas,GWh,0.0
India,IND,Nagaland,NL,state,2024,Electricity generation,Fuel,Hydro,GWh,314.28
India,IND,Nagaland,NL,state,2024,Electricity generation,Fuel,Nuclear,GWh,0.0
India,IND,Nagaland,NL,state,2024,Electricity generation,Fuel,Other Fossil,GWh,0.0
India,IND,Nagaland,NL,state,2024,Electricity generation,Fuel,Other Renewables,GWh,0.0
India,IND,Nagaland,NL,state,2024,Electricity generation,Fuel,Solar,GWh,0.0
India,IND,Nagaland,NL,state,2024,Electricity generation,Fuel,Wind,GWh,0.0
India,IND,Nagaland,NL,state,2024,Electricity generation,Total,Total Generation,GWh,314.28
India,IND,Odisha,OR,state,2019,Electricity generation,Fuel,Bioenergy,%,0.14
India,IND,Odisha,OR,state,2019,Electricity generation,Fuel,Coal,%,84.26
India,IND,Odisha,OR,state,2019,Electricity generation,Fuel,Gas,%,0.0
India,IND,Odisha,OR,state,2019,Electricity generation,Fuel,Hydro,%,14.7
India,IND,Odisha,OR,state,2019,Electricity generation,Fuel,Nuclear,%,0.0
India,IND,Odisha,OR,state,2019,Electricity generation,Fuel,Other Fossil,%,0.0
India,IND,Odisha,OR,state,2019,Electricity generation,Fuel,Other Renewables,%,0.0
India,IND,Odisha,OR,state,2019,Electricity generation,Fuel,Solar,%,0.71
India,IND,Odisha,OR,state,2019,Electricity generation,Fuel,Wind,%,0.19
India,IND,Odisha,OR,state,2019,Electricity generation,Fuel,Bioenergy,GWh,65.6
India,IND,Odisha,OR,state,2019,Electricity generation,Fuel,Coal,GWh,39513.76
India,IND,Odisha,OR,state,2019,Electricity generation,Fuel,Gas,GWh,0.0
India,IND,Odisha,OR,state,2019,Electricity generation,Fuel,Hydro,GWh,6894.48
India,IND,Odisha,OR,state,2019,Electricity generation,Fuel,Nuclear,GWh,0.0
India,IND,Odisha,OR,state,2019,Electricity generation,Fuel,Other Fossil,GWh,0.0
India,IND,Odisha,OR,state,2019,Electricity generation,Fuel,Other Renewables,GWh,0.0
India,IND,Odisha,OR,state,2019,Electricity generation,Fuel,Solar,GWh,332.76
India,IND,Odisha,OR,state,2019,Electricity generation,Fuel,Wind,GWh,88.92
India,IND,Odisha,OR,state,2019,Electricity generation,Total,Total Generation,GWh,46895.52
India,IND,Odisha,OR,state,2020,Electricity generation,Fuel,Bioenergy,%,0.08
India,IND,Odisha,OR,state,2020,Electricity generation,Fuel,Coal,%,87.26
India,IND,Odisha,OR,state,2020,Electricity generation,Fuel,Gas,%,0.0
India,IND,Odisha,OR,state,2020,Electricity generation,Fuel,Hydro,%,11.97
India,IND,Odisha,OR,state,2020,Electricity generation,Fuel,Nuclear,%,0.0
India,IND,Odisha,OR,state,2020,Electricity generation,Fuel,Other Fossil,%,0.0
India,IND,Odisha,OR,state,2020,Electricity generation,Fuel,Other Renewables,%,0.0
India,IND,Odisha,OR,state,2020,Electricity generation,Fuel,Solar,%,0.7
India,IND,Odisha,OR,state,2020,Electricity generation,Fuel,Wind,%,0.0
India,IND,Odisha,OR,state,2020,Electricity generation,Fuel,Bioenergy,GWh,47.42
India,IND,Odisha,OR,state,2020,Electricity generation,Fuel,Coal,GWh,53656.87
India,IND,Odisha,OR,state,2020,Electricity generation,Fuel,Gas,GWh,0.0
India,IND,Odisha,OR,state,2020,Electricity generation,Fuel,Hydro,GWh,7359.07
India,IND,Odisha,OR,state,2020,Electricity generation,Fuel,Nuclear,GWh,0.0
India,IND,Odisha,OR,state,2020,Electricity generation,Fuel,Other Fossil,GWh,0.0
India,IND,Odisha,OR,state,2020,Electricity generation,Fuel,Other Renewables,GWh,0.0
India,IND,Odisha,OR,state,2020,Electricity generation,Fuel,Solar,GWh,428.85
India,IND,Odisha,OR,state,2020,Electricity generation,Fuel,Wind,GWh,0.0
India,IND,Odisha,OR,state,2020,Electricity generation,Total,Total Generation,GWh,61492.21
India,IND,Odisha,OR,state,2021,Electricity generation,Fuel,Bioenergy,%,0.14
India,IND,Odisha,OR,state,2021,Electricity generation,Fuel,Coal,%,89.91
India,IND,Odisha,OR,state,2021,Electricity generation,Fuel,Gas,%,0.0
India,IND,Odisha,OR,state,2021,Electricity generation,Fuel,Hydro,%,9.06
India,IND,Odisha,OR,state,2021,Electricity generation,Fuel,Nuclear,%,0.0
India,IND,Odisha,OR,state,2021,Electricity generation,Fuel,Other Fossil,%,0.0
India,IND,Odisha,OR,state,2021,Electricity generation,Fuel,Other Renewables,%,0.0
India,IND,Odisha,OR,state,2021,Electricity generation,Fuel,Solar,%,0.89
India,IND,Odisha,OR,state,2021,Electricity generation,Fuel,Wind,%,0.0
India,IND,Odisha,OR,state,2021,Electricity generation,Fuel,Bioenergy,GWh,93.04
India,IND,Odisha,OR,state,2021,Electricity generation,Fuel,Coal,GWh,58374.73
India,IND,Odisha,OR,state,2021,Electricity generation,Fuel,Gas,GWh,0.0
India,IND,Odisha,OR,state,2021,Electricity generation,Fuel,Hydro,GWh,5879.09
India,IND,Odisha,OR,state,2021,Electricity generation,Fuel,Nuclear,GWh,0.0
India,IND,Odisha,OR,state,2021,Electricity generation,Fuel,Other Fossil,GWh,0.0
India,IND,Odisha,OR,state,2021,Electricity generation,Fuel,Other Renewables,GWh,0.0
India,IND,Odisha,OR,state,2021,Electricity generation,Fuel,Solar,GWh,575.45
India,IND,Odisha,OR,state,2021,Electricity generation,Fuel,Wind,GWh,0.0
India,IND,Odisha,OR,state,2021,Electricity generation,Total,Total Generation,GWh,64922.31
India,IND,Odisha,OR,state,2022,Electricity generation,Fuel,Bioenergy,%,0.1
India,IND,Odisha,OR,state,2022,Electricity generation,Fuel,Coal,%,90.58
India,IND,Odisha,OR,state,2022,Electricity generation,Fuel,Gas,%,0.0
India,IND,Odisha,OR,state,2022,Electricity generation,Fuel,Hydro,%,8.34
India,IND,Odisha,OR,state,2022,Electricity generation,Fuel,Nuclear,%,0.0
India,IND,Odisha,OR,state,2022,Electricity generation,Fuel,Other Fossil,%,0.0
India,IND,Odisha,OR,state,2022,Electricity generation,Fuel,Other Renewables,%,0.0
India,IND,Odisha,OR,state,2022,Electricity generation,Fuel,Solar,%,0.98
India,IND,Odisha,OR,state,2022,Electricity generation,Fuel,Wind,%,0.0
India,IND,Odisha,OR,state,2022,Electricity generation,Fuel,Bioenergy,GWh,67.79
India,IND,Odisha,OR,state,2022,Electricity generation,Fuel,Coal,GWh,63362.63
India,IND,Odisha,OR,state,2022,Electricity generation,Fuel,Gas,GWh,0.0
India,IND,Odisha,OR,state,2022,Electricity generation,Fuel,Hydro,GWh,5837.21
India,IND,Odisha,OR,state,2022,Electricity generation,Fuel,Nuclear,GWh,0.0
India,IND,Odisha,OR,state,2022,Electricity generation,Fuel,Other Fossil,GWh,0.0
India,IND,Odisha,OR,state,2022,Electricity generation,Fuel,Other Renewables,GWh,0.0
India,IND,Odisha,OR,state,2022,Electricity generation,Fuel,Solar,GWh,687.66
India,IND,Odisha,OR,state,2022,Electricity generation,Fuel,Wind,GWh,0.0
India,IND,Odisha,OR,state,2022,Electricity generation,Total,Total Generation,GWh,69955.29
India,IND,Odisha,OR,state,2023,Electricity generation,Fuel,Bioenergy,%,0.13
India,IND,Odisha,OR,state,2023,Electricity generation,Fuel,Coal,%,90.22
India,IND,Odisha,OR,state,2023,Electricity generation,Fuel,Gas,%,0.0
India,IND,Odisha,OR,state,2023,Electricity generation,Fuel,Hydro,%,8.64
India,IND,Odisha,OR,state,2023,Electricity generation,Fuel,Nuclear,%,0.0
India,IND,Odisha,OR,state,2023,Electricity generation,Fuel,Other Fossil,%,0.0
India,IND,Odisha,OR,state,2023,Electricity generation,Fuel,Other Renewables,%,0.0
India,IND,Odisha,OR,state,2023,Electricity generation,Fuel,Solar,%,1.02
India,IND,Odisha,OR,state,2023,Electricity generation,Fuel,Wind,%,0.0
India,IND,Odisha,OR,state,2023,Electricity generation,Fuel,Bioenergy,GWh,92.02
India,IND,Odisha,OR,state,2023,Electricity generation,Fuel,Coal,GWh,65912.05
India,IND,Odisha,OR,state,2023,Electricity generation,Fuel,Gas,GWh,0.0
India,IND,Odisha,OR,state,2023,Electricity generation,Fuel,Hydro,GWh,6309.12
India,IND,Odisha,OR,state,2023,Electricity generation,Fuel,Nuclear,GWh,0.0
India,IND,Odisha,OR,state,2023,Electricity generation,Fuel,Other Fossil,GWh,0.0
India,IND,Odisha,OR,state,2023,Electricity generation,Fuel,Other Renewables,GWh,0.0
India,IND,Odisha,OR,state,2023,Electricity generation,Fuel,Solar,GWh,745.81
India,IND,Odisha,OR,state,2023,Electricity generation,Fuel,Wind,GWh,0.0
India,IND,Odisha,OR,state,2023,Electricity generation,Total,Total Generation,GWh,73059.0
India,IND,Odisha,OR,state,2024,Electricity generation,Fuel,Bioenergy,%,0.1
India,IND,Odisha,OR,state,2024,Electricity generation,Fuel,Coal,%,89.86
India,IND,Odisha,OR,state,2024,Electricity generation,Fuel,Gas,%,0.0
India,IND,Odisha,OR,state,2024,Electricity generation,Fuel,Hydro,%,9.02
India,IND,Odisha,OR,state,2024,Electricity generation,Fuel,Nuclear,%,0.0
India,IND,Odisha,OR,state,2024,Electricity generation,Fuel,Other Fossil,%,0.0
India,IND,Odisha,OR,state,2024,Electricity generation,Fuel,Other Renewables,%,0.0
India,IND,Odisha,OR,state,2024,Electricity generation,Fuel,Solar,%,1.03
India,IND,Odisha,OR,state,2024,Electricity generation,Fuel,Wind,%,0.0
India,IND,Odisha,OR,state,2024,Electricity generation,Fuel,Bioenergy,GWh,72.29
India,IND,Odisha,OR,state,2024,Electricity generation,Fuel,Coal,GWh,68131.37
India,IND,Odisha,OR,state,2024,Electricity generation,Fuel,Gas,GWh,0.0
India,IND,Odisha,OR,state,2024,Electricity generation,Fuel,Hydro,GWh,6837.98
India,IND,Odisha,OR,state,2024,Electricity generation,Fuel,Nuclear,GWh,0.0
India,IND,Odisha,OR,state,2024,Electricity generation,Fuel,Other Fossil,GWh,0.0
India,IND,Odisha,OR,state,2024,Electricity generation,Fuel,Other Renewables,GWh,0.0
India,IND,Odisha,OR,state,2024,Electricity generation,Fuel,Solar,GWh,779.85
India,IND,Odisha,OR,state,2024,Electricity generation,Fuel,Wind,GWh,0.0
India,IND,Odisha,OR,state,2024,Electricity generation,Total,Total Generation,GWh,75821.49
India,IND,Others,OT,state,2019,Electricity generation,Fuel,Bioenergy,%,
India,IND,Others,OT,state,2019,Electricity generation,Fuel,Coal,%,
India,IND,Others,OT,state,2019,Electricity generation,Fuel,Gas,%,
India,IND,Others,OT,state,2019,Electricity generation,Fuel,Hydro,%,
India,IND,Others,OT,state,2019,Electricity generation,Fuel,Nuclear,%,
India,IND,Others,OT,state,2019,Electricity generation,Fuel,Other Fossil,%,
India,IND,Others,OT,state,2019,Electricity generation,Fuel,Other Renewables,%,
India,IND,Others,OT,state,2019,Electricity generation,Fuel,Solar,%,
India,IND,Others,OT,state,2019,Electricity generation,Fuel,Wind,%,
India,IND,Others,OT,state,2019,Electricity generation,Fuel,Bioenergy,GWh,0.0
India,IND,Others,OT,state,2019,Electricity generation,Fuel,Coal,GWh,0.0
India,IND,Others,OT,state,2019,Electricity generation,Fuel,Gas,GWh,0.0
India,IND,Others,OT,state,2019,Electricity generation,Fuel,Hydro,GWh,0.0
India,IND,Others,OT,state,2019,Electricity generation,Fuel,Nuclear,GWh,0.0
India,IND,Others,OT,state,2019,Electricity generation,Fuel,Other Fossil,GWh,0.0
India,IND,Others,OT,state,2019,Electricity generation,Fuel,Other Renewables,GWh,0.0
India,IND,Others,OT,state,2019,Electricity generation,Fuel,Solar,GWh,0.0
India,IND,Others,OT,state,2019,Electricity generation,Fuel,Wind,GWh,0.0
India,IND,Others,OT,state,2019,Electricity generation,Total,Total Generation,GWh,0.0
India,IND,Others,OT,state,2020,Electricity generation,Fuel,Bioenergy,%,
India,IND,Others,OT,state,2020,Electricity generation,Fuel,Coal,%,
India,IND,Others,OT,state,2020,Electricity generation,Fuel,Gas,%,
India,IND,Others,OT,state,2020,Electricity generation,Fuel,Hydro,%,
India,IND,Others,OT,state,2020,Electricity generation,Fuel,Nuclear,%,
India,IND,Others,OT,state,2020,Electricity generation,Fuel,Other Fossil,%,
India,IND,Others,OT,state,2020,Electricity generation,Fuel,Other Renewables,%,
India,IND,Others,OT,state,2020,Electricity generation,Fuel,Solar,%,
India,IND,Others,OT,state,2020,Electricity generation,Fuel,Wind,%,
India,IND,Others,OT,state,2020,Electricity generation,Fuel,Bioenergy,GWh,0.0
India,IND,Others,OT,state,2020,Electricity generation,Fuel,Coal,GWh,0.0
India,IND,Others,OT,state,2020,Electricity generation,Fuel,Gas,GWh,0.0
India,IND,Others,OT,state,2020,Electricity generation,Fuel,Hydro,GWh,0.0
India,IND,Others,OT,state,2020,Electricity generation,Fuel,Nuclear,GWh,0.0
India,IND,Others,OT,state,2020,Electricity generation,Fuel,Other Fossil,GWh,0.0
India,IND,Others,OT,state,2020,Electricity generation,Fuel,Other Renewables,GWh,0.0
India,IND,Others,OT,state,2020,Electricity generation,Fuel,Solar,GWh,0.0
India,IND,Others,OT,state,2020,Electricity generation,Fuel,Wind,GWh,0.0
India,IND,Others,OT,state,2020,Electricity generation,Total,Total Generation,GWh,0.0
India,IND,Others,OT,state,2021,Electricity generation,Fuel,Bioenergy,%,
India,IND,Others,OT,state,2021,Electricity generation,Fuel,Coal,%,
India,IND,Others,OT,state,2021,Electricity generation,Fuel,Gas,%,
India,IND,Others,OT,state,2021,Electricity generation,Fuel,Hydro,%,
India,IND,Others,OT,state,2021,Electricity generation,Fuel,Nuclear,%,
India,IND,Others,OT,state,2021,Electricity generation,Fuel,Other Fossil,%,
India,IND,Others,OT,state,2021,Electricity generation,Fuel,Other Renewables,%,
India,IND,Others,OT,state,2021,Electricity generation,Fuel,Solar,%,
India,IND,Others,OT,state,2021,Electricity generation,Fuel,Wind,%,
India,IND,Others,OT,state,2021,Electricity generation,Fuel,Bioenergy,GWh,0.0
India,IND,Others,OT,state,2021,Electricity generation,Fuel,Coal,GWh,0.0
India,IND,Others,OT,state,2021,Electricity generation,Fuel,Gas,GWh,0.0
India,IND,Others,OT,state,2021,Electricity generation,Fuel,Hydro,GWh,0.0
India,IND,Others,OT,state,2021,Electricity generation,Fuel,Nuclear,GWh,0.0
India,IND,Others,OT,state,2021,Electricity generation,Fuel,Other Fossil,GWh,0.0
India,IND,Others,OT,state,2021,Electricity generation,Fuel,Other Renewables,GWh,0.0
India,IND,Others,OT,state,2021,Electricity generation,Fuel,Solar,GWh,0.0
India,IND,Others,OT,state,2021,Electricity generation,Fuel,Wind,GWh,0.0
India,IND,Others,OT,state,2021,Electricity generation,Total,Total Generation,GWh,0.0
India,IND,Puducherry,PY,Union territory,2019,Electricity generation,Fuel,Bioenergy,%,0.0
India,IND,Puducherry,PY,Union territory,2019,Electricity generation,Fuel,Coal,%,0.0
India,IND,Puducherry,PY,Union territory,2019,Electricity generation,Fuel,Gas,%,98.46
India,IND,Puducherry,PY,Union territory,2019,Electricity generation,Fuel,Hydro,%,0.0
India,IND,Puducherry,PY,Union territory,2019,Electricity generation,Fuel,Nuclear,%,0.0
India,IND,Puducherry,PY,Union territory,2019,Electricity generation,Fuel,Other Fossil,%,0.0
India,IND,Puducherry,PY,Union territory,2019,Electricity generation,Fuel,Other Renewables,%,0.0
India,IND,Puducherry,PY,Union territory,2019,Electricity generation,Fuel,Solar,%,1.54
India,IND,Puducherry,PY,Union territory,2019,Electricity generation,Fuel,Wind,%,0.0
India,IND,Puducherry,PY,Union territory,2019,Electricity generation,Fuel,Bioenergy,GWh,0.0
India,IND,Puducherry,PY,Union territory,2019,Electricity generation,Fuel,Coal,GWh,0.0
India,IND,Puducherry,PY,Union territory,2019,Electricity generation,Fuel,Gas,GWh,238.11
India,IND,Puducherry,PY,Union territory,2019,Electricity generation,Fuel,Hydro,GWh,0.0
India,IND,Puducherry,PY,Union territory,2019,Electricity generation,Fuel,Nuclear,GWh,0.0
India,IND,Puducherry,PY,Union territory,2019,Electricity generation,Fuel,Other Fossil,GWh,0.0
India,IND,Puducherry,PY,Union territory,2019,Electricity generation,Fuel,Other Renewables,GWh,0.0
India,IND,Puducherry,PY,Union territory,2019,Electricity generation,Fuel,Solar,GWh,3.73
India,IND,Puducherry,PY,Union territory,2019,Electricity generation,Fuel,Wind,GWh,0.0
India,IND,Puducherry,PY,Union territory,2019,Electricity generation,Total,Total Generation,GWh,241.84
India,IND,Puducherry,PY,Union territory,2020,Electricity generation,Fuel,Bioenergy,%,0.0
India,IND,Puducherry,PY,Union territory,2020,Electricity generation,Fuel,Coal,%,0.0
India,IND,Puducherry,PY,Union territory,2020,Electricity generation,Fuel,Gas,%,98.24
India,IND,Puducherry,PY,Union territory,2020,Electricity generation,Fuel,Hydro,%,0.0
India,IND,Puducherry,PY,Union territory,2020,Electricity generation,Fuel,Nuclear,%,0.0
India,IND,Puducherry,PY,Union territory,2020,Electricity generation,Fuel,Other Fossil,%,0.0
India,IND,Puducherry,PY,Union territory,2020,Electricity generation,Fuel,Other Renewables,%,0.0
India,IND,Puducherry,PY,Union territory,2020,Electricity generation,Fuel,Solar,%,1.76
India,IND,Puducherry,PY,Union territory,2020,Electricity generation,Fuel,Wind,%,0.0
India,IND,Puducherry,PY,Union territory,2020,Electricity generation,Fuel,Bioenergy,GWh,0.0
India,IND,Puducherry,PY,Union territory,2020,Electricity generation,Fuel,Coal,GWh,0.0
India,IND,Puducherry,PY,Union territory,2020,Electricity generation,Fuel,Gas,GWh,247.7
India,IND,Puducherry,PY,Union territory,2020,Electricity generation,Fuel,Hydro,GWh,0.0
India,IND,Puducherry,PY,Union territory,2020,Electricity generation,Fuel,Nuclear,GWh,0.0
India,IND,Puducherry,PY,Union territory,2020,Electricity generation,Fuel,Other Fossil,GWh,0.0
India,IND,Puducherry,PY,Union territory,2020,Electricity generation,Fuel,Other Renewables,GWh,0.0
India,IND,Puducherry,PY,Union territory,2020,Electricity generation,Fuel,Solar,GWh,4.44
India,IND,Puducherry,PY,Union territory,2020,Electricity generation,Fuel,Wind,GWh,0.0
India,IND,Puducherry,PY,Union territory,2020,Electricity generation,Total,Total Generation,GWh,252.14
India,IND,Puducherry,PY,Union territory,2021,Electricity generation,Fuel,Bioenergy,%,0.0
India,IND,Puducherry,PY,Union territory,2021,Electricity generation,Fuel,Coal,%,0.0
India,IND,Puducherry,PY,Union territory,2021,Electricity generation,Fuel,Gas,%,95.18
India,IND,Puducherry,PY,Union territory,2021,Electricity generation,Fuel,Hydro,%,0.0
India,IND,Puducherry,PY,Union territory,2021,Electricity generation,Fuel,Nuclear,%,0.0
India,IND,Puducherry,PY,Union territory,2021,Electricity generation,Fuel,Other Fossil,%,0.0
India,IND,Puducherry,PY,Union territory,2021,Electricity generation,Fuel,Other Renewables,%,0.0
India,IND,Puducherry,PY,Union territory,2021,Electricity generation,Fuel,Solar,%,4.82
India,IND,Puducherry,PY,Union territory,2021,Electricity generation,Fuel,Wind,%,0.0
India,IND,Puducherry,PY,Union territory,2021,Electricity generation,Fuel,Bioenergy,GWh,0.0
India,IND,Puducherry,PY,Union territory,2021,Electricity generation,Fuel,Coal,GWh,0.0
India,IND,Puducherry,PY,Union territory,2021,Electricity generation,Fuel,Gas,GWh,241.53
India,IND,Puducherry,PY,Union territory,2021,Electricity generation,Fuel,Hydro,GWh,0.0
India,IND,Puducherry,PY,Union territory,2021,Electricity generation,Fuel,Nuclear,GWh,0.0
India,IND,Puducherry,PY,Union territory,2021,Electricity generation,Fuel,Other Fossil,GWh,0.0
India,IND,Puducherry,PY,Union territory,2021,Electricity generation,Fuel,Other Renewables,GWh,0.0
India,IND,Puducherry,PY,Union territory,2021,Electricity generation,Fuel,Solar,GWh,12.24
India,IND,Puducherry,PY,Union territory,2021,Electricity generation,Fuel,Wind,GWh,0.0
India,IND,Puducherry,PY,Union territory,2021,Electricity generation,Total,Total Generation,GWh,253.77
India,IND,Puducherry,PY,Union territory,2022,Electricity generation,Fuel,Bioenergy,%,0.0
India,IND,Puducherry,PY,Union territory,2022,Electricity generation,Fuel,Coal,%,0.0
India,IND,Puducherry,PY,Union territory,2022,Electricity generation,Fuel,Gas,%,95.09
India,IND,Puducherry,PY,Union territory,2022,Electricity generation,Fuel,Hydro,%,0.0
India,IND,Puducherry,PY,Union territory,2022,Electricity generation,Fuel,Nuclear,%,0.0
India,IND,Puducherry,PY,Union territory,2022,Electricity generation,Fuel,Other Fossil,%,0.0
India,IND,Puducherry,PY,Union territory,2022,Electricity generation,Fuel,Other Renewables,%,0.0
India,IND,Puducherry,PY,Union territory,2022,Electricity generation,Fuel,Solar,%,4.91
India,IND,Puducherry,PY,Union territory,2022,Electricity generation,Fuel,Wind,%,0.0
India,IND,Puducherry,PY,Union territory,2022,Electricity generation,Fuel,Bioenergy,GWh,0.0
India,IND,Puducherry,PY,Union territory,2022,Electricity generation,Fuel,Coal,GWh,0.0
India,IND,Puducherry,PY,Union territory,2022,Electricity generation,Fuel,Gas,GWh,236.98
India,IND,Puducherry,PY,Union territory,2022,Electricity generation,Fuel,Hydro,GWh,0.0
India,IND,Puducherry,PY,Union territory,2022,Electricity generation,Fuel,Nuclear,GWh,0.0
India,IND,Puducherry,PY,Union territory,2022,Electricity generation,Fuel,Other Fossil,GWh,0.0
India,IND,Puducherry,PY,Union territory,2022,Electricity generation,Fuel,Other Renewables,GWh,0.0
India,IND,Puducherry,PY,Union territory,2022,Electricity generation,Fuel,Solar,GWh,12.24
India,IND,Puducherry,PY,Union territory,2022,Electricity generation,Fuel,Wind,GWh,0.0
India,IND,Puducherry,PY,Union territory,2022,Electricity generation,Total,Total Generation,GWh,249.22
India,IND,Puducherry,PY,Union territory,2023,Electricity generation,Fuel,Bioenergy,%,0.0
India,IND,Puducherry,PY,Union territory,2023,Electricity generation,Fuel,Coal,%,0.0
India,IND,Puducherry,PY,Union territory,2023,Electricity generation,Fuel,Gas,%,95.03
India,IND,Puducherry,PY,Union territory,2023,Electricity generation,Fuel,Hydro,%,0.0
India,IND,Puducherry,PY,Union territory,2023,Electricity generation,Fuel,Nuclear,%,0.0
India,IND,Puducherry,PY,Union territory,2023,Electricity generation,Fuel,Other Fossil,%,0.0
India,IND,Puducherry,PY,Union territory,2023,Electricity generation,Fuel,Other Renewables,%,0.0
India,IND,Puducherry,PY,Union territory,2023,Electricity generation,Fuel,Solar,%,4.97
India,IND,Puducherry,PY,Union territory,2023,Electricity generation,Fuel,Wind,%,0.0
India,IND,Puducherry,PY,Union territory,2023,Electricity generation,Fuel,Bioenergy,GWh,0.0
India,IND,Puducherry,PY,Union territory,2023,Electricity generation,Fuel,Coal,GWh,0.0
India,IND,Puducherry,PY,Union territory,2023,Electricity generation,Fuel,Gas,GWh,233.85
India,IND,Puducherry,PY,Union territory,2023,Electricity generation,Fuel,Hydro,GWh,0.0
India,IND,Puducherry,PY,Union territory,2023,Electricity generation,Fuel,Nuclear,GWh,0.0
India,IND,Puducherry,PY,Union territory,2023,Electricity generation,Fuel,Other Fossil,GWh,0.0
India,IND,Puducherry,PY,Union territory,2023,Electricity generation,Fuel,Other Renewables,GWh,0.0
India,IND,Puducherry,PY,Union territory,2023,Electricity generation,Fuel,Solar,GWh,12.24
India,IND,Puducherry,PY,Union territory,2023,Electricity generation,Fuel,Wind,GWh,0.0
India,IND,Puducherry,PY,Union territory,2023,Electricity generation,Total,Total Generation,GWh,246.09
India,IND,Puducherry,PY,Union territory,2024,Electricity generation,Fuel,Bioenergy,%,0.0
India,IND,Puducherry,PY,Union territory,2024,Electricity generation,Fuel,Coal,%,0.0
India,IND,Puducherry,PY,Union territory,2024,Electricity generation,Fuel,Gas,%,94.35
India,IND,Puducherry,PY,Union territory,2024,Electricity generation,Fuel,Hydro,%,0.0
India,IND,Puducherry,PY,Union territory,2024,Electricity generation,Fuel,Nuclear,%,0.0
India,IND,Puducherry,PY,Union territory,2024,Electricity generation,Fuel,Other Fossil,%,0.0
India,IND,Puducherry,PY,Union territory,2024,Electricity generation,Fuel,Other Renewables,%,0.0
India,IND,Puducherry,PY,Union territory,2024,Electricity generation,Fuel,Solar,%,5.65
India,IND,Puducherry,PY,Union territory,2024,Electricity generation,Fuel,Wind,%,0.0
India,IND,Puducherry,PY,Union territory,2024,Electricity generation,Fuel,Bioenergy,GWh,0.0
India,IND,Puducherry,PY,Union territory,2024,Electricity generation,Fuel,Coal,GWh,0.0
India,IND,Puducherry,PY,Union territory,2024,Electricity generation,Fuel,Gas,GWh,204.5
India,IND,Puducherry,PY,Union territory,2024,Electricity generation,Fuel,Hydro,GWh,0.0
India,IND,Puducherry,PY,Union territory,2024,Electricity generation,Fuel,Nuclear,GWh,0.0
India,IND,Puducherry,PY,Union territory,2024,Electricity generation,Fuel,Other Fossil,GWh,0.0
India,IND,Puducherry,PY,Union territory,2024,Electricity generation,Fuel,Other Renewables,GWh,0.0
India,IND,Puducherry,PY,Union territory,2024,Electricity generation,Fuel,Solar,GWh,12.24
India,IND,Puducherry,PY,Union territory,2024,Electricity generation,Fuel,Wind,GWh,0.0
India,IND,Puducherry,PY,Union territory,2024,Electricity generation,Total,Total Generation,GWh,216.74
India,IND,Punjab,PB,state,2019,Electricity generation,Fuel,Bioenergy,%,1.98
India,IND,Punjab,PB,state,2019,Electricity generation,Fuel,Coal,%,75.07
India,IND,Punjab,PB,state,2019,Electricity generation,Fuel,Gas,%,0.0
India,IND,Punjab,PB,state,2019,Electricity generation,Fuel,Hydro,%,18.49
India,IND,Punjab,PB,state,2019,Electricity generation,Fuel,Nuclear,%,0.0
India,IND,Punjab,PB,state,2019,Electricity generation,Fuel,Other Fossil,%,0.0
India,IND,Punjab,PB,state,2019,Electricity generation,Fuel,Other Renewables,%,0.0
India,IND,Punjab,PB,state,2019,Electricity generation,Fuel,Solar,%,4.41
India,IND,Punjab,PB,state,2019,Electricity generation,Fuel,Wind,%,0.05
India,IND,Punjab,PB,state,2019,Electricity generation,Fuel,Bioenergy,GWh,624.48
India,IND,Punjab,PB,state,2019,Electricity generation,Fuel,Coal,GWh,23660.55
India,IND,Punjab,PB,state,2019,Electricity generation,Fuel,Gas,GWh,0.0
India,IND,Punjab,PB,state,2019,Electricity generation,Fuel,Hydro,GWh,5826.6
India,IND,Punjab,PB,state,2019,Electricity generation,Fuel,Nuclear,GWh,0.0
India,IND,Punjab,PB,state,2019,Electricity generation,Fuel,Other Fossil,GWh,0.0
India,IND,Punjab,PB,state,2019,Electricity generation,Fuel,Other Renewables,GWh,0.21
India,IND,Punjab,PB,state,2019,Electricity generation,Fuel,Solar,GWh,1391.31
India,IND,Punjab,PB,state,2019,Electricity generation,Fuel,Wind,GWh,16.9
India,IND,Punjab,PB,state,2019,Electricity generation,Total,Total Generation,GWh,31520.05
India,IND,Punjab,PB,state,2020,Electricity generation,Fuel,Bioenergy,%,3.36
India,IND,Punjab,PB,state,2020,Electricity generation,Fuel,Coal,%,65.49
India,IND,Punjab,PB,state,2020,Electricity generation,Fuel,Gas,%,0.0
India,IND,Punjab,PB,state,2020,Electricity generation,Fuel,Hydro,%,25.25
India,IND,Punjab,PB,state,2020,Electricity generation,Fuel,Nuclear,%,0.0
India,IND,Punjab,PB,state,2020,Electricity generation,Fuel,Other Fossil,%,0.0
India,IND,Punjab,PB,state,2020,Electricity generation,Fuel,Other Renewables,%,0.0
India,IND,Punjab,PB,state,2020,Electricity generation,Fuel,Solar,%,5.91
India,IND,Punjab,PB,state,2020,Electricity generation,Fuel,Wind,%,0.0
India,IND,Punjab,PB,state,2020,Electricity generation,Fuel,Bioenergy,GWh,775.62
India,IND,Punjab,PB,state,2020,Electricity generation,Fuel,Coal,GWh,15112.08
India,IND,Punjab,PB,state,2020,Electricity generation,Fuel,Gas,GWh,0.0
India,IND,Punjab,PB,state,2020,Electricity generation,Fuel,Hydro,GWh,5825.94
India,IND,Punjab,PB,state,2020,Electricity generation,Fuel,Nuclear,GWh,0.0
India,IND,Punjab,PB,state,2020,Electricity generation,Fuel,Other Fossil,GWh,0.0
India,IND,Punjab,PB,state,2020,Electricity generation,Fuel,Other Renewables,GWh,0.17
India,IND,Punjab,PB,state,2020,Electricity generation,Fuel,Solar,GWh,1363.07
India,IND,Punjab,PB,state,2020,Electricity generation,Fuel,Wind,GWh,0.0
India,IND,Punjab,PB,state,2020,Electricity generation,Total,Total Generation,GWh,23076.88
India,IND,Punjab,PB,state,2021,Electricity generation,Fuel,Bioenergy,%,2.65
India,IND,Punjab,PB,state,2021,Electricity generation,Fuel,Coal,%,76.69
India,IND,Punjab,PB,state,2021,Electricity generation,Fuel,Gas,%,0.0
India,IND,Punjab,PB,state,2021,Electricity generation,Fuel,Hydro,%,15.84
India,IND,Punjab,PB,state,2021,Electricity generation,Fuel,Nuclear,%,0.0
India,IND,Punjab,PB,state,2021,Electricity generation,Fuel,Other Fossil,%,0.0
India,IND,Punjab,PB,state,2021,Electricity generation,Fuel,Other Renewables,%,0.0
India,IND,Punjab,PB,state,2021,Electricity generation,Fuel,Solar,%,4.81
India,IND,Punjab,PB,state,2021,Electricity generation,Fuel,Wind,%,0.0
India,IND,Punjab,PB,state,2021,Electricity generation,Fuel,Bioenergy,GWh,795.26
India,IND,Punjab,PB,state,2021,Electricity generation,Fuel,Coal,GWh,23026.13
India,IND,Punjab,PB,state,2021,Electricity generation,Fuel,Gas,GWh,0.0
India,IND,Punjab,PB,state,2021,Electricity generation,Fuel,Hydro,GWh,4756.48
India,IND,Punjab,PB,state,2021,Electricity generation,Fuel,Nuclear,GWh,0.0
India,IND,Punjab,PB,state,2021,Electricity generation,Fuel,Other Fossil,GWh,0.0
India,IND,Punjab,PB,state,2021,Electricity generation,Fuel,Other Renewables,GWh,0.32
India,IND,Punjab,PB,state,2021,Electricity generation,Fuel,Solar,GWh,1445.58
India,IND,Punjab,PB,state,2021,Electricity generation,Fuel,Wind,GWh,0.0
India,IND,Punjab,PB,state,2021,Electricity generation,Total,Total Generation,GWh,30023.77
India,IND,Punjab,PB,state,2022,Electricity generation,Fuel,Bioenergy,%,1.86
India,IND,Punjab,PB,state,2022,Electricity generation,Fuel,Coal,%,79.59
India,IND,Punjab,PB,state,2022,Electricity generation,Fuel,Gas,%,0.0
India,IND,Punjab,PB,state,2022,Electricity generation,Fuel,Hydro,%,12.6
India,IND,Punjab,PB,state,2022,Electricity generation,Fuel,Nuclear,%,0.0
India,IND,Punjab,PB,state,2022,Electricity generation,Fuel,Other Fossil,%,0.0
India,IND,Punjab,PB,state,2022,Electricity generation,Fuel,Other Renewables,%,0.0
India,IND,Punjab,PB,state,2022,Electricity generation,Fuel,Solar,%,5.95
India,IND,Punjab,PB,state,2022,Electricity generation,Fuel,Wind,%,0.0
India,IND,Punjab,PB,state,2022,Electricity generation,Fuel,Bioenergy,GWh,705.02
India,IND,Punjab,PB,state,2022,Electricity generation,Fuel,Coal,GWh,30153.1
India,IND,Punjab,PB,state,2022,Electricity generation,Fuel,Gas,GWh,0.0
India,IND,Punjab,PB,state,2022,Electricity generation,Fuel,Hydro,GWh,4773.0
India,IND,Punjab,PB,state,2022,Electricity generation,Fuel,Nuclear,GWh,0.0
India,IND,Punjab,PB,state,2022,Electricity generation,Fuel,Other Fossil,GWh,0.0
India,IND,Punjab,PB,state,2022,Electricity generation,Fuel,Other Renewables,GWh,0.02
India,IND,Punjab,PB,state,2022,Electricity generation,Fuel,Solar,GWh,2253.19
India,IND,Punjab,PB,state,2022,Electricity generation,Fuel,Wind,GWh,0.0
India,IND,Punjab,PB,state,2022,Electricity generation,Total,Total Generation,GWh,37884.33
India,IND,Punjab,PB,state,2023,Electricity generation,Fuel,Bioenergy,%,1.91
India,IND,Punjab,PB,state,2023,Electricity generation,Fuel,Coal,%,77.31
India,IND,Punjab,PB,state,2023,Electricity generation,Fuel,Gas,%,0.0
India,IND,Punjab,PB,state,2023,Electricity generation,Fuel,Hydro,%,13.05
India,IND,Punjab,PB,state,2023,Electricity generation,Fuel,Nuclear,%,0.0
India,IND,Punjab,PB,state,2023,Electricity generation,Fuel,Other Fossil,%,0.0
India,IND,Punjab,PB,state,2023,Electricity generation,Fuel,Other Renewables,%,0.0
India,IND,Punjab,PB,state,2023,Electricity generation,Fuel,Solar,%,7.73
India,IND,Punjab,PB,state,2023,Electricity generation,Fuel,Wind,%,0.0
India,IND,Punjab,PB,state,2023,Electricity generation,Fuel,Bioenergy,GWh,805.78
India,IND,Punjab,PB,state,2023,Electricity generation,Fuel,Coal,GWh,32624.96
India,IND,Punjab,PB,state,2023,Electricity generation,Fuel,Gas,GWh,0.0
India,IND,Punjab,PB,state,2023,Electricity generation,Fuel,Hydro,GWh,5509.41
India,IND,Punjab,PB,state,2023,Electricity generation,Fuel,Nuclear,GWh,0.0
India,IND,Punjab,PB,state,2023,Electricity generation,Fuel,Other Fossil,GWh,0.0
India,IND,Punjab,PB,state,2023,Electricity generation,Fuel,Other Renewables,GWh,0.0
India,IND,Punjab,PB,state,2023,Electricity generation,Fuel,Solar,GWh,3262.25
India,IND,Punjab,PB,state,2023,Electricity generation,Fuel,Wind,GWh,0.0
India,IND,Punjab,PB,state,2023,Electricity generation,Total,Total Generation,GWh,42202.4
India,IND,Punjab,PB,state,2024,Electricity generation,Fuel,Bioenergy,%,2.4
India,IND,Punjab,PB,state,2024,Electricity generation,Fuel,Coal,%,82.34
India,IND,Punjab,PB,state,2024,Electricity generation,Fuel,Gas,%,0.0
India,IND,Punjab,PB,state,2024,Electricity generation,Fuel,Hydro,%,12.1
India,IND,Punjab,PB,state,2024,Electricity generation,Fuel,Nuclear,%,0.0
India,IND,Punjab,PB,state,2024,Electricity generation,Fuel,Other Fossil,%,0.0
India,IND,Punjab,PB,state,2024,Electricity generation,Fuel,Other Renewables,%,0.0
India,IND,Punjab,PB,state,2024,Electricity generation,Fuel,Solar,%,3.17
India,IND,Punjab,PB,state,2024,Electricity generation,Fuel,Wind,%,0.0
India,IND,Punjab,PB,state,2024,Electricity generation,Fuel,Bioenergy,GWh,985.92
India,IND,Punjab,PB,state,2024,Electricity generation,Fuel,Coal,GWh,33853.84
India,IND,Punjab,PB,state,2024,Electricity generation,Fuel,Gas,GWh,0.0
India,IND,Punjab,PB,state,2024,Electricity generation,Fuel,Hydro,GWh,4972.87
India,IND,Punjab,PB,state,2024,Electricity generation,Fuel,Nuclear,GWh,0.0
India,IND,Punjab,PB,state,2024,Electricity generation,Fuel,Other Fossil,GWh,0.0
India,IND,Punjab,PB,state,2024,Electricity generation,Fuel,Other Renewables,GWh,0.0
India,IND,Punjab,PB,state,2024,Electricity generation,Fuel,Solar,GWh,1301.59
India,IND,Punjab,PB,state,2024,Electricity generation,Fuel,Wind,GWh,0.0
India,IND,Punjab,PB,state,2024,Electricity generation,Total,Total Generation,GWh,41114.22
India,IND,Rajasthan,RJ,state,2019,Electricity generation,Fuel,Bioenergy,%,0.55
India,IND,Rajasthan,RJ,state,2019,Electricity generation,Fuel,Coal,%,66.41
India,IND,Rajasthan,RJ,state,2019,Electricity generation,Fuel,Gas,%,1.65
India,IND,Rajasthan,RJ,state,2019,Electricity generation,Fuel,Hydro,%,1.08
India,IND,Rajasthan,RJ,state,2019,Electricity generation,Fuel,Nuclear,%,12.1
India,IND,Rajasthan,RJ,state,2019,Electricity generation,Fuel,Other Fossil,%,0.0
India,IND,Rajasthan,RJ,state,2019,Electricity generation,Fuel,Other Renewables,%,0.0
India,IND,Rajasthan,RJ,state,2019,Electricity generation,Fuel,Solar,%,9.7
India,IND,Rajasthan,RJ,state,2019,Electricity generation,Fuel,Wind,%,8.53
India,IND,Rajasthan,RJ,state,2019,Electricity generation,Fuel,Bioenergy,GWh,385.0
India,IND,Rajasthan,RJ,state,2019,Electricity generation,Fuel,Coal,GWh,46766.42
India,IND,Rajasthan,RJ,state,2019,Electricity generation,Fuel,Gas,GWh,1163.61
India,IND,Rajasthan,RJ,state,2019,Electricity generation,Fuel,Hydro,GWh,757.24
India,IND,Rajasthan,RJ,state,2019,Electricity generation,Fuel,Nuclear,GWh,8517.6
India,IND,Rajasthan,RJ,state,2019,Electricity generation,Fuel,Other Fossil,GWh,0.0
India,IND,Rajasthan,RJ,state,2019,Electricity generation,Fuel,Other Renewables,GWh,0.0
India,IND,Rajasthan,RJ,state,2019,Electricity generation,Fuel,Solar,GWh,6827.6
India,IND,Rajasthan,RJ,state,2019,Electricity generation,Fuel,Wind,GWh,6004.24
India,IND,Rajasthan,RJ,state,2019,Electricity generation,Total,Total Generation,GWh,70421.71
India,IND,Rajasthan,RJ,state,2020,Electricity generation,Fuel,Bioenergy,%,0.6
India,IND,Rajasthan,RJ,state,2020,Electricity generation,Fuel,Coal,%,62.84
India,IND,Rajasthan,RJ,state,2020,Electricity generation,Fuel,Gas,%,1.52
India,IND,Rajasthan,RJ,state,2020,Electricity generation,Fuel,Hydro,%,0.74
India,IND,Rajasthan,RJ,state,2020,Electricity generation,Fuel,Nuclear,%,11.14
India,IND,Rajasthan,RJ,state,2020,Electricity generation,Fuel,Other Fossil,%,0.0
India,IND,Rajasthan,RJ,state,2020,Electricity generation,Fuel,Other Renewables,%,0.0
India,IND,Rajasthan,RJ,state,2020,Electricity generation,Fuel,Solar,%,14.7
India,IND,Rajasthan,RJ,state,2020,Electricity generation,Fuel,Wind,%,8.46
India,IND,Rajasthan,RJ,state,2020,Electricity generation,Fuel,Bioenergy,GWh,417.9
India,IND,Rajasthan,RJ,state,2020,Electricity generation,Fuel,Coal,GWh,43438.64
India,IND,Rajasthan,RJ,state,2020,Electricity generation,Fuel,Gas,GWh,1049.13
India,IND,Rajasthan,RJ,state,2020,Electricity generation,Fuel,Hydro,GWh,509.61
India,IND,Rajasthan,RJ,state,2020,Electricity generation,Fuel,Nuclear,GWh,7700.77
India,IND,Rajasthan,RJ,state,2020,Electricity generation,Fuel,Other Fossil,GWh,0.0
India,IND,Rajasthan,RJ,state,2020,Electricity generation,Fuel,Other Renewables,GWh,0.0
India,IND,Rajasthan,RJ,state,2020,Electricity generation,Fuel,Solar,GWh,10162.18
India,IND,Rajasthan,RJ,state,2020,Electricity generation,Fuel,Wind,GWh,5848.42
India,IND,Rajasthan,RJ,state,2020,Electricity generation,Total,Total Generation,GWh,69126.65
India,IND,Rajasthan,RJ,state,2021,Electricity generation,Fuel,Bioenergy,%,0.49
India,IND,Rajasthan,RJ,state,2021,Electricity generation,Fuel,Coal,%,61.35
India,IND,Rajasthan,RJ,state,2021,Electricity generation,Fuel,Gas,%,1.8
India,IND,Rajasthan,RJ,state,2021,Electricity generation,Fuel,Hydro,%,0.53
India,IND,Rajasthan,RJ,state,2021,Electricity generation,Fuel,Nuclear,%,9.85
India,IND,Rajasthan,RJ,state,2021,Electricity generation,Fuel,Other Fossil,%,0.0
India,IND,Rajasthan,RJ,state,2021,Electricity generation,Fuel,Other Renewables,%,0.0
India,IND,Rajasthan,RJ,state,2021,Electricity generation,Fuel,Solar,%,17.55
India,IND,Rajasthan,RJ,state,2021,Electricity generation,Fuel,Wind,%,8.42
India,IND,Rajasthan,RJ,state,2021,Electricity generation,Fuel,Bioenergy,GWh,383.44
India,IND,Rajasthan,RJ,state,2021,Electricity generation,Fuel,Coal,GWh,47661.63
India,IND,Rajasthan,RJ,state,2021,Electricity generation,Fuel,Gas,GWh,1402.14
India,IND,Rajasthan,RJ,state,2021,Electricity generation,Fuel,Hydro,GWh,410.61
India,IND,Rajasthan,RJ,state,2021,Electricity generation,Fuel,Nuclear,GWh,7653.04
India,IND,Rajasthan,RJ,state,2021,Electricity generation,Fuel,Other Fossil,GWh,0.0
India,IND,Rajasthan,RJ,state,2021,Electricity generation,Fuel,Other Renewables,GWh,0.0
India,IND,Rajasthan,RJ,state,2021,Electricity generation,Fuel,Solar,GWh,13635.36
India,IND,Rajasthan,RJ,state,2021,Electricity generation,Fuel,Wind,GWh,6541.34
India,IND,Rajasthan,RJ,state,2021,Electricity generation,Total,Total Generation,GWh,77687.56
India,IND,Rajasthan,RJ,state,2022,Electricity generation,Fuel,Bioenergy,%,0.38
India,IND,Rajasthan,RJ,state,2022,Electricity generation,Fuel,Coal,%,54.31
India,IND,Rajasthan,RJ,state,2022,Electricity generation,Fuel,Gas,%,1.31
India,IND,Rajasthan,RJ,state,2022,Electricity generation,Fuel,Hydro,%,0.87
India,IND,Rajasthan,RJ,state,2022,Electricity generation,Fuel,Nuclear,%,7.19
India,IND,Rajasthan,RJ,state,2022,Electricity generation,Fuel,Other Fossil,%,0.0
India,IND,Rajasthan,RJ,state,2022,Electricity generation,Fuel,Other Renewables,%,0.0
India,IND,Rajasthan,RJ,state,2022,Electricity generation,Fuel,Solar,%,30.12
India,IND,Rajasthan,RJ,state,2022,Electricity generation,Fuel,Wind,%,5.81
India,IND,Rajasthan,RJ,state,2022,Electricity generation,Fuel,Bioenergy,GWh,392.57
India,IND,Rajasthan,RJ,state,2022,Electricity generation,Fuel,Coal,GWh,56548.3
India,IND,Rajasthan,RJ,state,2022,Electricity generation,Fuel,Gas,GWh,1368.51
India,IND,Rajasthan,RJ,state,2022,Electricity generation,Fuel,Hydro,GWh,910.86
India,IND,Rajasthan,RJ,state,2022,Electricity generation,Fuel,Nuclear,GWh,7488.23
India,IND,Rajasthan,RJ,state,2022,Electricity generation,Fuel,Other Fossil,GWh,0.0
India,IND,Rajasthan,RJ,state,2022,Electricity generation,Fuel,Other Renewables,GWh,0.0
India,IND,Rajasthan,RJ,state,2022,Electricity generation,Fuel,Solar,GWh,31360.45
India,IND,Rajasthan,RJ,state,2022,Electricity generation,Fuel,Wind,GWh,6048.83
India,IND,Rajasthan,RJ,state,2022,Electricity generation,Total,Total Generation,GWh,104117.75
India,IND,Rajasthan,RJ,state,2023,Electricity generation,Fuel,Bioenergy,%,0.34
India,IND,Rajasthan,RJ,state,2023,Electricity generation,Fuel,Coal,%,51.61
India,IND,Rajasthan,RJ,state,2023,Electricity generation,Fuel,Gas,%,1.19
India,IND,Rajasthan,RJ,state,2023,Electricity generation,Fuel,Hydro,%,0.83
India,IND,Rajasthan,RJ,state,2023,Electricity generation,Fuel,Nuclear,%,5.79
India,IND,Rajasthan,RJ,state,2023,Electricity generation,Fuel,Other Fossil,%,0.0
India,IND,Rajasthan,RJ,state,2023,Electricity generation,Fuel,Other Renewables,%,0.0
India,IND,Rajasthan,RJ,state,2023,Electricity generation,Fuel,Solar,%,33.21
India,IND,Rajasthan,RJ,state,2023,Electricity generation,Fuel,Wind,%,7.04
India,IND,Rajasthan,RJ,state,2023,Electricity generation,Fuel,Bioenergy,GWh,380.43
India,IND,Rajasthan,RJ,state,2023,Electricity generation,Fuel,Coal,GWh,58482.94
India,IND,Rajasthan,RJ,state,2023,Electricity generation,Fuel,Gas,GWh,1348.4
India,IND,Rajasthan,RJ,state,2023,Electricity generation,Fuel,Hydro,GWh,941.17
India,IND,Rajasthan,RJ,state,2023,Electricity generation,Fuel,Nuclear,GWh,6561.05
India,IND,Rajasthan,RJ,state,2023,Electricity generation,Fuel,Other Fossil,GWh,0.0
India,IND,Rajasthan,RJ,state,2023,Electricity generation,Fuel,Other Renewables,GWh,0.0
India,IND,Rajasthan,RJ,state,2023,Electricity generation,Fuel,Solar,GWh,37629.11
India,IND,Rajasthan,RJ,state,2023,Electricity generation,Fuel,Wind,GWh,7977.76
India,IND,Rajasthan,RJ,state,2023,Electricity generation,Total,Total Generation,GWh,113320.86
India,IND,Rajasthan,RJ,state,2024,Electricity generation,Fuel,Bioenergy,%,0.31
India,IND,Rajasthan,RJ,state,2024,Electricity generation,Fuel,Coal,%,50.61
India,IND,Rajasthan,RJ,state,2024,Electricity generation,Fuel,Gas,%,0.7
India,IND,Rajasthan,RJ,state,2024,Electricity generation,Fuel,Hydro,%,0.74
India,IND,Rajasthan,RJ,state,2024,Electricity generation,Fuel,Nuclear,%,5.98
India,IND,Rajasthan,RJ,state,2024,Electricity generation,Fuel,Other Fossil,%,0.0
India,IND,Rajasthan,RJ,state,2024,Electricity generation,Fuel,Other Renewables,%,0.0
India,IND,Rajasthan,RJ,state,2024,Electricity generation,Fuel,Solar,%,36.15
India,IND,Rajasthan,RJ,state,2024,Electricity generation,Fuel,Wind,%,5.52
India,IND,Rajasthan,RJ,state,2024,Electricity generation,Fuel,Bioenergy,GWh,399.3
India,IND,Rajasthan,RJ,state,2024,Electricity generation,Fuel,Coal,GWh,64464.09
India,IND,Rajasthan,RJ,state,2024,Electricity generation,Fuel,Gas,GWh,886.46
India,IND,Rajasthan,RJ,state,2024,Electricity generation,Fuel,Hydro,GWh,936.74
India,IND,Rajasthan,RJ,state,2024,Electricity generation,Fuel,Nuclear,GWh,7613.13
India,IND,Rajasthan,RJ,state,2024,Electricity generation,Fuel,Other Fossil,GWh,0.0
India,IND,Rajasthan,RJ,state,2024,Electricity generation,Fuel,Other Renewables,GWh,0.0
India,IND,Rajasthan,RJ,state,2024,Electricity generation,Fuel,Solar,GWh,46039.53
India,IND,Rajasthan,RJ,state,2024,Electricity generation,Fuel,Wind,GWh,7032.2
India,IND,Rajasthan,RJ,state,2024,Electricity generation,Total,Total Generation,GWh,127371.45
India,IND,Sikkim,SK,state,2019,Electricity generation,Fuel,Bioenergy,%,0.0
India,IND,Sikkim,SK,state,2019,Electricity generation,Fuel,Coal,%,0.0
India,IND,Sikkim,SK,state,2019,Electricity generation,Fuel,Gas,%,0.0
India,IND,Sikkim,SK,state,2019,Electricity generation,Fuel,Hydro,%,100.0
India,IND,Sikkim,SK,state,2019,Electricity generation,Fuel,Nuclear,%,0.0
India,IND,Sikkim,SK,state,2019,Electricity generation,Fuel,Other Fossil,%,0.0
India,IND,Sikkim,SK,state,2019,Electricity generation,Fuel,Other Renewables,%,0.0
India,IND,Sikkim,SK,state,2019,Electricity generation,Fuel,Solar,%,0.0
India,IND,Sikkim,SK,state,2019,Electricity generation,Fuel,Wind,%,0.0
India,IND,Sikkim,SK,state,2019,Electricity generation,Fuel,Bioenergy,GWh,0.0
India,IND,Sikkim,SK,state,2019,Electricity generation,Fuel,Coal,GWh,0.0
India,IND,Sikkim,SK,state,2019,Electricity generation,Fuel,Gas,GWh,0.0
India,IND,Sikkim,SK,state,2019,Electricity generation,Fuel,Hydro,GWh,11099.39
India,IND,Sikkim,SK,state,2019,Electricity generation,Fuel,Nuclear,GWh,0.0
India,IND,Sikkim,SK,state,2019,Electricity generation,Fuel,Other Fossil,GWh,0.0
India,IND,Sikkim,SK,state,2019,Electricity generation,Fuel,Other Renewables,GWh,0.0
India,IND,Sikkim,SK,state,2019,Electricity generation,Fuel,Solar,GWh,0.0
India,IND,Sikkim,SK,state,2019,Electricity generation,Fuel,Wind,GWh,0.0
India,IND,Sikkim,SK,state,2019,Electricity generation,Total,Total Generation,GWh,11099.39
India,IND,Sikkim,SK,state,2020,Electricity generation,Fuel,Bioenergy,%,0.0
India,IND,Sikkim,SK,state,2020,Electricity generation,Fuel,Coal,%,0.0
India,IND,Sikkim,SK,state,2020,Electricity generation,Fuel,Gas,%,0.0
India,IND,Sikkim,SK,state,2020,Electricity generation,Fuel,Hydro,%,100.0
India,IND,Sikkim,SK,state,2020,Electricity generation,Fuel,Nuclear,%,0.0
India,IND,Sikkim,SK,state,2020,Electricity generation,Fuel,Other Fossil,%,0.0
India,IND,Sikkim,SK,state,2020,Electricity generation,Fuel,Other Renewables,%,0.0
India,IND,Sikkim,SK,state,2020,Electricity generation,Fuel,Solar,%,0.0
India,IND,Sikkim,SK,state,2020,Electricity generation,Fuel,Wind,%,0.0
India,IND,Sikkim,SK,state,2020,Electricity generation,Fuel,Bioenergy,GWh,0.0
India,IND,Sikkim,SK,state,2020,Electricity generation,Fuel,Coal,GWh,0.0
India,IND,Sikkim,SK,state,2020,Electricity generation,Fuel,Gas,GWh,0.0
India,IND,Sikkim,SK,state,2020,Electricity generation,Fuel,Hydro,GWh,10964.49
India,IND,Sikkim,SK,state,2020,Electricity generation,Fuel,Nuclear,GWh,0.0
India,IND,Sikkim,SK,state,2020,Electricity generation,Fuel,Other Fossil,GWh,0.0
India,IND,Sikkim,SK,state,2020,Electricity generation,Fuel,Other Renewables,GWh,0.0
India,IND,Sikkim,SK,state,2020,Electricity generation,Fuel,Solar,GWh,0.0
India,IND,Sikkim,SK,state,2020,Electricity generation,Fuel,Wind,GWh,0.0
India,IND,Sikkim,SK,state,2020,Electricity generation,Total,Total Generation,GWh,10964.49
India,IND,Sikkim,SK,state,2021,Electricity generation,Fuel,Bioenergy,%,0.0
India,IND,Sikkim,SK,state,2021,Electricity generation,Fuel,Coal,%,0.0
India,IND,Sikkim,SK,state,2021,Electricity generation,Fuel,Gas,%,0.0
India,IND,Sikkim,SK,state,2021,Electricity generation,Fuel,Hydro,%,100.0
India,IND,Sikkim,SK,state,2021,Electricity generation,Fuel,Nuclear,%,0.0
India,IND,Sikkim,SK,state,2021,Electricity generation,Fuel,Other Fossil,%,0.0
India,IND,Sikkim,SK,state,2021,Electricity generation,Fuel,Other Renewables,%,0.0
India,IND,Sikkim,SK,state,2021,Electricity generation,Fuel,Solar,%,0.0
India,IND,Sikkim,SK,state,2021,Electricity generation,Fuel,Wind,%,0.0
India,IND,Sikkim,SK,state,2021,Electricity generation,Fuel,Bioenergy,GWh,0.0
India,IND,Sikkim,SK,state,2021,Electricity generation,Fuel,Coal,GWh,0.0
India,IND,Sikkim,SK,state,2021,Electricity generation,Fuel,Gas,GWh,0.0
India,IND,Sikkim,SK,state,2021,Electricity generation,Fuel,Hydro,GWh,11361.92
India,IND,Sikkim,SK,state,2021,Electricity generation,Fuel,Nuclear,GWh,0.0
India,IND,Sikkim,SK,state,2021,Electricity generation,Fuel,Other Fossil,GWh,0.0
India,IND,Sikkim,SK,state,2021,Electricity generation,Fuel,Other Renewables,GWh,0.0
India,IND,Sikkim,SK,state,2021,Electricity generation,Fuel,Solar,GWh,0.0
India,IND,Sikkim,SK,state,2021,Electricity generation,Fuel,Wind,GWh,0.0
India,IND,Sikkim,SK,state,2021,Electricity generation,Total,Total Generation,GWh,11361.92
India,IND,Sikkim,SK,state,2022,Electricity generation,Fuel,Bioenergy,%,0.0
India,IND,Sikkim,SK,state,2022,Electricity generation,Fuel,Coal,%,0.0
India,IND,Sikkim,SK,state,2022,Electricity generation,Fuel,Gas,%,0.0
India,IND,Sikkim,SK,state,2022,Electricity generation,Fuel,Hydro,%,99.91
India,IND,Sikkim,SK,state,2022,Electricity generation,Fuel,Nuclear,%,0.0
India,IND,Sikkim,SK,state,2022,Electricity generation,Fuel,Other Fossil,%,0.0
India,IND,Sikkim,SK,state,2022,Electricity generation,Fuel,Other Renewables,%,0.0
India,IND,Sikkim,SK,state,2022,Electricity generation,Fuel,Solar,%,0.09
India,IND,Sikkim,SK,state,2022,Electricity generation,Fuel,Wind,%,0.0
India,IND,Sikkim,SK,state,2022,Electricity generation,Fuel,Bioenergy,GWh,0.0
India,IND,Sikkim,SK,state,2022,Electricity generation,Fuel,Coal,GWh,0.0
India,IND,Sikkim,SK,state,2022,Electricity generation,Fuel,Gas,GWh,0.0
India,IND,Sikkim,SK,state,2022,Electricity generation,Fuel,Hydro,GWh,11891.27
India,IND,Sikkim,SK,state,2022,Electricity generation,Fuel,Nuclear,GWh,0.0
India,IND,Sikkim,SK,state,2022,Electricity generation,Fuel,Other Fossil,GWh,0.0
India,IND,Sikkim,SK,state,2022,Electricity generation,Fuel,Other Renewables,GWh,0.0
India,IND,Sikkim,SK,state,2022,Electricity generation,Fuel,Solar,GWh,10.35
India,IND,Sikkim,SK,state,2022,Electricity generation,Fuel,Wind,GWh,0.0
India,IND,Sikkim,SK,state,2022,Electricity generation,Total,Total Generation,GWh,11901.62
India,IND,Sikkim,SK,state,2023,Electricity generation,Fuel,Bioenergy,%,0.0
India,IND,Sikkim,SK,state,2023,Electricity generation,Fuel,Coal,%,0.0
India,IND,Sikkim,SK,state,2023,Electricity generation,Fuel,Gas,%,0.0
India,IND,Sikkim,SK,state,2023,Electricity generation,Fuel,Hydro,%,100.0
India,IND,Sikkim,SK,state,2023,Electricity generation,Fuel,Nuclear,%,0.0
India,IND,Sikkim,SK,state,2023,Electricity generation,Fuel,Other Fossil,%,0.0
India,IND,Sikkim,SK,state,2023,Electricity generation,Fuel,Other Renewables,%,0.0
India,IND,Sikkim,SK,state,2023,Electricity generation,Fuel,Solar,%,0.0
India,IND,Sikkim,SK,state,2023,Electricity generation,Fuel,Wind,%,0.0
India,IND,Sikkim,SK,state,2023,Electricity generation,Fuel,Bioenergy,GWh,0.0
India,IND,Sikkim,SK,state,2023,Electricity generation,Fuel,Coal,GWh,0.0
India,IND,Sikkim,SK,state,2023,Electricity generation,Fuel,Gas,GWh,0.0
India,IND,Sikkim,SK,state,2023,Electricity generation,Fuel,Hydro,GWh,9342.65
India,IND,Sikkim,SK,state,2023,Electricity generation,Fuel,Nuclear,GWh,0.0
India,IND,Sikkim,SK,state,2023,Electricity generation,Fuel,Other Fossil,GWh,0.0
India,IND,Sikkim,SK,state,2023,Electricity generation,Fuel,Other Renewables,GWh,0.0
India,IND,Sikkim,SK,state,2023,Electricity generation,Fuel,Solar,GWh,0.0
India,IND,Sikkim,SK,state,2023,Electricity generation,Fuel,Wind,GWh,0.0
India,IND,Sikkim,SK,state,2023,Electricity generation,Total,Total Generation,GWh,9342.65
India,IND,Sikkim,SK,state,2024,Electricity generation,Fuel,Bioenergy,%,0.0
India,IND,Sikkim,SK,state,2024,Electricity generation,Fuel,Coal,%,0.0
India,IND,Sikkim,SK,state,2024,Electricity generation,Fuel,Gas,%,0.0
India,IND,Sikkim,SK,state,2024,Electricity generation,Fuel,Hydro,%,100.0
India,IND,Sikkim,SK,state,2024,Electricity generation,Fuel,Nuclear,%,0.0
India,IND,Sikkim,SK,state,2024,Electricity generation,Fuel,Other Fossil,%,0.0
India,IND,Sikkim,SK,state,2024,Electricity generation,Fuel,Other Renewables,%,0.0
India,IND,Sikkim,SK,state,2024,Electricity generation,Fuel,Solar,%,0.0
India,IND,Sikkim,SK,state,2024,Electricity generation,Fuel,Wind,%,0.0
India,IND,Sikkim,SK,state,2024,Electricity generation,Fuel,Bioenergy,GWh,0.0
India,IND,Sikkim,SK,state,2024,Electricity generation,Fuel,Coal,GWh,0.0
India,IND,Sikkim,SK,state,2024,Electricity generation,Fuel,Gas,GWh,0.0
India,IND,Sikkim,SK,state,2024,Electricity generation,Fuel,Hydro,GWh,1988.31
India,IND,Sikkim,SK,state,2024,Electricity generation,Fuel,Nuclear,GWh,0.0
India,IND,Sikkim,SK,state,2024,Electricity generation,Fuel,Other Fossil,GWh,0.0
India,IND,Sikkim,SK,state,2024,Electricity generation,Fuel,Other Renewables,GWh,0.0
India,IND,Sikkim,SK,state,2024,Electricity generation,Fuel,Solar,GWh,0.0
India,IND,Sikkim,SK,state,2024,Electricity generation,Fuel,Wind,GWh,0.0
India,IND,Sikkim,SK,state,2024,Electricity generation,Total,Total Generation,GWh,1988.31
India,IND,Tamil Nadu,TN,state,2019,Electricity generation,Fuel,Bioenergy,%,0.51
India,IND,Tamil Nadu,TN,state,2019,Electricity generation,Fuel,Coal,%,62.42
India,IND,Tamil Nadu,TN,state,2019,Electricity generation,Fuel,Gas,%,2.82
India,IND,Tamil Nadu,TN,state,2019,Electricity generation,Fuel,Hydro,%,4.69
India,IND,Tamil Nadu,TN,state,2019,Electricity generation,Fuel,Nuclear,%,11.83
India,IND,Tamil Nadu,TN,state,2019,Electricity generation,Fuel,Other Fossil,%,0.0
India,IND,Tamil Nadu,TN,state,2019,Electricity generation,Fuel,Other Renewables,%,0.0
India,IND,Tamil Nadu,TN,state,2019,Electricity generation,Fuel,Solar,%,4.4
India,IND,Tamil Nadu,TN,state,2019,Electricity generation,Fuel,Wind,%,13.31
India,IND,Tamil Nadu,TN,state,2019,Electricity generation,Fuel,Bioenergy,GWh,520.6
India,IND,Tamil Nadu,TN,state,2019,Electricity generation,Fuel,Coal,GWh,63308.69
India,IND,Tamil Nadu,TN,state,2019,Electricity generation,Fuel,Gas,GWh,2860.8
India,IND,Tamil Nadu,TN,state,2019,Electricity generation,Fuel,Hydro,GWh,4759.84
India,IND,Tamil Nadu,TN,state,2019,Electricity generation,Fuel,Nuclear,GWh,12002.3
India,IND,Tamil Nadu,TN,state,2019,Electricity generation,Fuel,Other Fossil,GWh,0.0
India,IND,Tamil Nadu,TN,state,2019,Electricity generation,Fuel,Other Renewables,GWh,0.0
India,IND,Tamil Nadu,TN,state,2019,Electricity generation,Fuel,Solar,GWh,4460.8
India,IND,Tamil Nadu,TN,state,2019,Electricity generation,Fuel,Wind,GWh,13503.01
India,IND,Tamil Nadu,TN,state,2019,Electricity generation,Total,Total Generation,GWh,101416.04
India,IND,Tamil Nadu,TN,state,2020,Electricity generation,Fuel,Bioenergy,%,0.55
India,IND,Tamil Nadu,TN,state,2020,Electricity generation,Fuel,Coal,%,54.51
India,IND,Tamil Nadu,TN,state,2020,Electricity generation,Fuel,Gas,%,2.86
India,IND,Tamil Nadu,TN,state,2020,Electricity generation,Fuel,Hydro,%,5.92
India,IND,Tamil Nadu,TN,state,2020,Electricity generation,Fuel,Nuclear,%,14.29
India,IND,Tamil Nadu,TN,state,2020,Electricity generation,Fuel,Other Fossil,%,0.0
India,IND,Tamil Nadu,TN,state,2020,Electricity generation,Fuel,Other Renewables,%,0.0
India,IND,Tamil Nadu,TN,state,2020,Electricity generation,Fuel,Solar,%,6.29
India,IND,Tamil Nadu,TN,state,2020,Electricity generation,Fuel,Wind,%,15.58
India,IND,Tamil Nadu,TN,state,2020,Electricity generation,Fuel,Bioenergy,GWh,524.69
India,IND,Tamil Nadu,TN,state,2020,Electricity generation,Fuel,Coal,GWh,51566.19
India,IND,Tamil Nadu,TN,state,2020,Electricity generation,Fuel,Gas,GWh,2701.24
India,IND,Tamil Nadu,TN,state,2020,Electricity generation,Fuel,Hydro,GWh,5596.66
India,IND,Tamil Nadu,TN,state,2020,Electricity generation,Fuel,Nuclear,GWh,13522.38
India,IND,Tamil Nadu,TN,state,2020,Electricity generation,Fuel,Other Fossil,GWh,0.0
India,IND,Tamil Nadu,TN,state,2020,Electricity generation,Fuel,Other Renewables,GWh,0.0
India,IND,Tamil Nadu,TN,state,2020,Electricity generation,Fuel,Solar,GWh,5952.85
India,IND,Tamil Nadu,TN,state,2020,Electricity generation,Fuel,Wind,GWh,14742.19
India,IND,Tamil Nadu,TN,state,2020,Electricity generation,Total,Total Generation,GWh,94606.2
India,IND,Tamil Nadu,TN,state,2021,Electricity generation,Fuel,Bioenergy,%,0.73
India,IND,Tamil Nadu,TN,state,2021,Electricity generation,Fuel,Coal,%,57.19
India,IND,Tamil Nadu,TN,state,2021,Electricity generation,Fuel,Gas,%,1.58
India,IND,Tamil Nadu,TN,state,2021,Electricity generation,Fuel,Hydro,%,5.13
India,IND,Tamil Nadu,TN,state,2021,Electricity generation,Fuel,Nuclear,%,13.57
India,IND,Tamil Nadu,TN,state,2021,Electricity generation,Fuel,Other Fossil,%,0.0
India,IND,Tamil Nadu,TN,state,2021,Electricity generation,Fuel,Other Renewables,%,0.0
India,IND,Tamil Nadu,TN,state,2021,Electricity generation,Fuel,Solar,%,6.66
India,IND,Tamil Nadu,TN,state,2021,Electricity generation,Fuel,Wind,%,15.13
India,IND,Tamil Nadu,TN,state,2021,Electricity generation,Fuel,Bioenergy,GWh,754.83
India,IND,Tamil Nadu,TN,state,2021,Electricity generation,Fuel,Coal,GWh,58982.7
India,IND,Tamil Nadu,TN,state,2021,Electricity generation,Fuel,Gas,GWh,1630.68
India,IND,Tamil Nadu,TN,state,2021,Electricity generation,Fuel,Hydro,GWh,5294.77
India,IND,Tamil Nadu,TN,state,2021,Electricity generation,Fuel,Nuclear,GWh,13990.14
India,IND,Tamil Nadu,TN,state,2021,Electricity generation,Fuel,Other Fossil,GWh,0.0
India,IND,Tamil Nadu,TN,state,2021,Electricity generation,Fuel,Other Renewables,GWh,0.0
India,IND,Tamil Nadu,TN,state,2021,Electricity generation,Fuel,Solar,GWh,6867.65
India,IND,Tamil Nadu,TN,state,2021,Electricity generation,Fuel,Wind,GWh,15605.37
India,IND,Tamil Nadu,TN,state,2021,Electricity generation,Total,Total Generation,GWh,103126.14
India,IND,Tamil Nadu,TN,state,2022,Electricity generation,Fuel,Bioenergy,%,0.84
India,IND,Tamil Nadu,TN,state,2022,Electricity generation,Fuel,Coal,%,55.93
India,IND,Tamil Nadu,TN,state,2022,Electricity generation,Fuel,Gas,%,1.61
India,IND,Tamil Nadu,TN,state,2022,Electricity generation,Fuel,Hydro,%,5.48
India,IND,Tamil Nadu,TN,state,2022,Electricity generation,Fuel,Nuclear,%,13.95
India,IND,Tamil Nadu,TN,state,2022,Electricity generation,Fuel,Other Fossil,%,0.0
India,IND,Tamil Nadu,TN,state,2022,Electricity generation,Fuel,Other Renewables,%,0.0
India,IND,Tamil Nadu,TN,state,2022,Electricity generation,Fuel,Solar,%,7.59
India,IND,Tamil Nadu,TN,state,2022,Electricity generation,Fuel,Wind,%,14.61
India,IND,Tamil Nadu,TN,state,2022,Electricity generation,Fuel,Bioenergy,GWh,948.61
India,IND,Tamil Nadu,TN,state,2022,Electricity generation,Fuel,Coal,GWh,63478.95
India,IND,Tamil Nadu,TN,state,2022,Electricity generation,Fuel,Gas,GWh,1825.51
India,IND,Tamil Nadu,TN,state,2022,Electricity generation,Fuel,Hydro,GWh,6218.2
India,IND,Tamil Nadu,TN,state,2022,Electricity generation,Fuel,Nuclear,GWh,15836.29
India,IND,Tamil Nadu,TN,state,2022,Electricity generation,Fuel,Other Fossil,GWh,0.0
India,IND,Tamil Nadu,TN,state,2022,Electricity generation,Fuel,Other Renewables,GWh,0.0
India,IND,Tamil Nadu,TN,state,2022,Electricity generation,Fuel,Solar,GWh,8613.3
India,IND,Tamil Nadu,TN,state,2022,Electricity generation,Fuel,Wind,GWh,16581.91
India,IND,Tamil Nadu,TN,state,2022,Electricity generation,Total,Total Generation,GWh,113502.77
India,IND,Tamil Nadu,TN,state,2023,Electricity generation,Fuel,Bioenergy,%,0.72
India,IND,Tamil Nadu,TN,state,2023,Electricity generation,Fuel,Coal,%,57.55
India,IND,Tamil Nadu,TN,state,2023,Electricity generation,Fuel,Gas,%,1.57
India,IND,Tamil Nadu,TN,state,2023,Electricity generation,Fuel,Hydro,%,3.53
India,IND,Tamil Nadu,TN,state,2023,Electricity generation,Fuel,Nuclear,%,13.28
India,IND,Tamil Nadu,TN,state,2023,Electricity generation,Fuel,Other Fossil,%,0.0
India,IND,Tamil Nadu,TN,state,2023,Electricity generation,Fuel,Other Renewables,%,0.0
India,IND,Tamil Nadu,TN,state,2023,Electricity generation,Fuel,Solar,%,9.27
India,IND,Tamil Nadu,TN,state,2023,Electricity generation,Fuel,Wind,%,14.09
India,IND,Tamil Nadu,TN,state,2023,Electricity generation,Fuel,Bioenergy,GWh,877.01
India,IND,Tamil Nadu,TN,state,2023,Electricity generation,Fuel,Coal,GWh,69913.2
India,IND,Tamil Nadu,TN,state,2023,Electricity generation,Fuel,Gas,GWh,1902.15
India,IND,Tamil Nadu,TN,state,2023,Electricity generation,Fuel,Hydro,GWh,4287.58
India,IND,Tamil Nadu,TN,state,2023,Electricity generation,Fuel,Nuclear,GWh,16136.86
India,IND,Tamil Nadu,TN,state,2023,Electricity generation,Fuel,Other Fossil,GWh,0.0
India,IND,Tamil Nadu,TN,state,2023,Electricity generation,Fuel,Other Renewables,GWh,0.0
India,IND,Tamil Nadu,TN,state,2023,Electricity generation,Fuel,Solar,GWh,11258.74
India,IND,Tamil Nadu,TN,state,2023,Electricity generation,Fuel,Wind,GWh,17114.35
India,IND,Tamil Nadu,TN,state,2023,Electricity generation,Total,Total Generation,GWh,121489.89
India,IND,Tamil Nadu,TN,state,2024,Electricity generation,Fuel,Bioenergy,%,0.44
India,IND,Tamil Nadu,TN,state,2024,Electricity generation,Fuel,Coal,%,58.08
India,IND,Tamil Nadu,TN,state,2024,Electricity generation,Fuel,Gas,%,1.39
India,IND,Tamil Nadu,TN,state,2024,Electricity generation,Fuel,Hydro,%,3.57
India,IND,Tamil Nadu,TN,state,2024,Electricity generation,Fuel,Nuclear,%,12.5
India,IND,Tamil Nadu,TN,state,2024,Electricity generation,Fuel,Other Fossil,%,0.0
India,IND,Tamil Nadu,TN,state,2024,Electricity generation,Fuel,Other Renewables,%,0.0
India,IND,Tamil Nadu,TN,state,2024,Electricity generation,Fuel,Solar,%,11.16
India,IND,Tamil Nadu,TN,state,2024,Electricity generation,Fuel,Wind,%,12.87
India,IND,Tamil Nadu,TN,state,2024,Electricity generation,Fuel,Bioenergy,GWh,565.63
India,IND,Tamil Nadu,TN,state,2024,Electricity generation,Fuel,Coal,GWh,75321.83
India,IND,Tamil Nadu,TN,state,2024,Electricity generation,Fuel,Gas,GWh,1796.42
India,IND,Tamil Nadu,TN,state,2024,Electricity generation,Fuel,Hydro,GWh,4627.66
India,IND,Tamil Nadu,TN,state,2024,Electricity generation,Fuel,Nuclear,GWh,16208.61
India,IND,Tamil Nadu,TN,state,2024,Electricity generation,Fuel,Other Fossil,GWh,0.0
India,IND,Tamil Nadu,TN,state,2024,Electricity generation,Fuel,Other Renewables,GWh,0.0
India,IND,Tamil Nadu,TN,state,2024,Electricity generation,Fuel,Solar,GWh,14476.32
India,IND,Tamil Nadu,TN,state,2024,Electricity generation,Fuel,Wind,GWh,16685.71
India,IND,Tamil Nadu,TN,state,2024,Electricity generation,Total,Total Generation,GWh,129682.18
India,IND,Telangana,TG,state,2019,Electricity generation,Fuel,Bioenergy,%,0.43
India,IND,Telangana,TG,state,2019,Electricity generation,Fuel,Coal,%,81.47
India,IND,Telangana,TG,state,2019,Electricity generation,Fuel,Gas,%,0.0
India,IND,Telangana,TG,state,2019,Electricity generation,Fuel,Hydro,%,7.1
India,IND,Telangana,TG,state,2019,Electricity generation,Fuel,Nuclear,%,0.0
India,IND,Telangana,TG,state,2019,Electricity generation,Fuel,Other Fossil,%,0.0
India,IND,Telangana,TG,state,2019,Electricity generation,Fuel,Other Renewables,%,0.05
India,IND,Telangana,TG,state,2019,Electricity generation,Fuel,Solar,%,10.54
India,IND,Telangana,TG,state,2019,Electricity generation,Fuel,Wind,%,0.4
India,IND,Telangana,TG,state,2019,Electricity generation,Fuel,Bioenergy,GWh,259.02
India,IND,Telangana,TG,state,2019,Electricity generation,Fuel,Coal,GWh,48640.58
India,IND,Telangana,TG,state,2019,Electricity generation,Fuel,Gas,GWh,0.0
India,IND,Telangana,TG,state,2019,Electricity generation,Fuel,Hydro,GWh,4237.98
India,IND,Telangana,TG,state,2019,Electricity generation,Fuel,Nuclear,GWh,0.0
India,IND,Telangana,TG,state,2019,Electricity generation,Fuel,Other Fossil,GWh,0.0
India,IND,Telangana,TG,state,2019,Electricity generation,Fuel,Other Renewables,GWh,30.66
India,IND,Telangana,TG,state,2019,Electricity generation,Fuel,Solar,GWh,6293.34
India,IND,Telangana,TG,state,2019,Electricity generation,Fuel,Wind,GWh,239.13
India,IND,Telangana,TG,state,2019,Electricity generation,Total,Total Generation,GWh,59700.71
India,IND,Telangana,TG,state,2020,Electricity generation,Fuel,Bioenergy,%,0.46
India,IND,Telangana,TG,state,2020,Electricity generation,Fuel,Coal,%,80.61
India,IND,Telangana,TG,state,2020,Electricity generation,Fuel,Gas,%,0.0
India,IND,Telangana,TG,state,2020,Electricity generation,Fuel,Hydro,%,6.59
India,IND,Telangana,TG,state,2020,Electricity generation,Fuel,Nuclear,%,0.0
India,IND,Telangana,TG,state,2020,Electricity generation,Fuel,Other Fossil,%,0.0
India,IND,Telangana,TG,state,2020,Electricity generation,Fuel,Other Renewables,%,0.11
India,IND,Telangana,TG,state,2020,Electricity generation,Fuel,Solar,%,11.79
India,IND,Telangana,TG,state,2020,Electricity generation,Fuel,Wind,%,0.43
India,IND,Telangana,TG,state,2020,Electricity generation,Fuel,Bioenergy,GWh,249.78
India,IND,Telangana,TG,state,2020,Electricity generation,Fuel,Coal,GWh,43316.53
India,IND,Telangana,TG,state,2020,Electricity generation,Fuel,Gas,GWh,0.0
India,IND,Telangana,TG,state,2020,Electricity generation,Fuel,Hydro,GWh,3541.56
India,IND,Telangana,TG,state,2020,Electricity generation,Fuel,Nuclear,GWh,0.0
India,IND,Telangana,TG,state,2020,Electricity generation,Fuel,Other Fossil,GWh,0.0
India,IND,Telangana,TG,state,2020,Electricity generation,Fuel,Other Renewables,GWh,59.55
India,IND,Telangana,TG,state,2020,Electricity generation,Fuel,Solar,GWh,6336.98
India,IND,Telangana,TG,state,2020,Electricity generation,Fuel,Wind,GWh,229.74
India,IND,Telangana,TG,state,2020,Electricity generation,Total,Total Generation,GWh,53734.14
India,IND,Telangana,TG,state,2021,Electricity generation,Fuel,Bioenergy,%,0.32
India,IND,Telangana,TG,state,2021,Electricity generation,Fuel,Coal,%,79.64
India,IND,Telangana,TG,state,2021,Electricity generation,Fuel,Gas,%,0.0
India,IND,Telangana,TG,state,2021,Electricity generation,Fuel,Hydro,%,9.24
India,IND,Telangana,TG,state,2021,Electricity generation,Fuel,Nuclear,%,0.0
India,IND,Telangana,TG,state,2021,Electricity generation,Fuel,Other Fossil,%,0.0
India,IND,Telangana,TG,state,2021,Electricity generation,Fuel,Other Renewables,%,0.31
India,IND,Telangana,TG,state,2021,Electricity generation,Fuel,Solar,%,10.09
India,IND,Telangana,TG,state,2021,Electricity generation,Fuel,Wind,%,0.41
India,IND,Telangana,TG,state,2021,Electricity generation,Fuel,Bioenergy,GWh,201.42
India,IND,Telangana,TG,state,2021,Electricity generation,Fuel,Coal,GWh,50873.56
India,IND,Telangana,TG,state,2021,Electricity generation,Fuel,Gas,GWh,0.0
India,IND,Telangana,TG,state,2021,Electricity generation,Fuel,Hydro,GWh,5899.99
India,IND,Telangana,TG,state,2021,Electricity generation,Fuel,Nuclear,GWh,0.0
India,IND,Telangana,TG,state,2021,Electricity generation,Fuel,Other Fossil,GWh,0.0
India,IND,Telangana,TG,state,2021,Electricity generation,Fuel,Other Renewables,GWh,195.07
India,IND,Telangana,TG,state,2021,Electricity generation,Fuel,Solar,GWh,6444.7
India,IND,Telangana,TG,state,2021,Electricity generation,Fuel,Wind,GWh,263.61
India,IND,Telangana,TG,state,2021,Electricity generation,Total,Total Generation,GWh,63878.35
India,IND,Telangana,TG,state,2022,Electricity generation,Fuel,Bioenergy,%,0.27
India,IND,Telangana,TG,state,2022,Electricity generation,Fuel,Coal,%,79.0
India,IND,Telangana,TG,state,2022,Electricity generation,Fuel,Gas,%,0.0
India,IND,Telangana,TG,state,2022,Electricity generation,Fuel,Hydro,%,9.59
India,IND,Telangana,TG,state,2022,Electricity generation,Fuel,Nuclear,%,0.0
India,IND,Telangana,TG,state,2022,Electricity generation,Fuel,Other Fossil,%,0.0
India,IND,Telangana,TG,state,2022,Electricity generation,Fuel,Other Renewables,%,0.27
India,IND,Telangana,TG,state,2022,Electricity generation,Fuel,Solar,%,10.43
India,IND,Telangana,TG,state,2022,Electricity generation,Fuel,Wind,%,0.44
India,IND,Telangana,TG,state,2022,Electricity generation,Fuel,Bioenergy,GWh,172.34
India,IND,Telangana,TG,state,2022,Electricity generation,Fuel,Coal,GWh,50449.27
India,IND,Telangana,TG,state,2022,Electricity generation,Fuel,Gas,GWh,0.0
India,IND,Telangana,TG,state,2022,Electricity generation,Fuel,Hydro,GWh,6124.19
India,IND,Telangana,TG,state,2022,Electricity generation,Fuel,Nuclear,GWh,0.0
India,IND,Telangana,TG,state,2022,Electricity generation,Fuel,Other Fossil,GWh,0.0
India,IND,Telangana,TG,state,2022,Electricity generation,Fuel,Other Renewables,GWh,171.25
India,IND,Telangana,TG,state,2022,Electricity generation,Fuel,Solar,GWh,6659.96
India,IND,Telangana,TG,state,2022,Electricity generation,Fuel,Wind,GWh,281.46
India,IND,Telangana,TG,state,2022,Electricity generation,Total,Total Generation,GWh,63858.47
India,IND,Telangana,TG,state,2023,Electricity generation,Fuel,Bioenergy,%,0.18
India,IND,Telangana,TG,state,2023,Electricity generation,Fuel,Coal,%,85.87
India,IND,Telangana,TG,state,2023,Electricity generation,Fuel,Gas,%,0.0
India,IND,Telangana,TG,state,2023,Electricity generation,Fuel,Hydro,%,2.42
India,IND,Telangana,TG,state,2023,Electricity generation,Fuel,Nuclear,%,0.0
India,IND,Telangana,TG,state,2023,Electricity generation,Fuel,Other Fossil,%,0.0
India,IND,Telangana,TG,state,2023,Electricity generation,Fuel,Other Renewables,%,0.23
India,IND,Telangana,TG,state,2023,Electricity generation,Fuel,Solar,%,10.83
India,IND,Telangana,TG,state,2023,Electricity generation,Fuel,Wind,%,0.47
India,IND,Telangana,TG,state,2023,Electricity generation,Fuel,Bioenergy,GWh,116.93
India,IND,Telangana,TG,state,2023,Electricity generation,Fuel,Coal,GWh,54980.83
India,IND,Telangana,TG,state,2023,Electricity generation,Fuel,Gas,GWh,0.0
India,IND,Telangana,TG,state,2023,Electricity generation,Fuel,Hydro,GWh,1550.73
India,IND,Telangana,TG,state,2023,Electricity generation,Fuel,Nuclear,GWh,0.0
India,IND,Telangana,TG,state,2023,Electricity generation,Fuel,Other Fossil,GWh,0.0
India,IND,Telangana,TG,state,2023,Electricity generation,Fuel,Other Renewables,GWh,147.94
India,IND,Telangana,TG,state,2023,Electricity generation,Fuel,Solar,GWh,6931.61
India,IND,Telangana,TG,state,2023,Electricity generation,Fuel,Wind,GWh,298.6
India,IND,Telangana,TG,state,2023,Electricity generation,Total,Total Generation,GWh,64026.64
India,IND,Telangana,TG,state,2024,Electricity generation,Fuel,Bioenergy,%,0.14
India,IND,Telangana,TG,state,2024,Electricity generation,Fuel,Coal,%,82.07
India,IND,Telangana,TG,state,2024,Electricity generation,Fuel,Gas,%,0.0
India,IND,Telangana,TG,state,2024,Electricity generation,Fuel,Hydro,%,7.22
India,IND,Telangana,TG,state,2024,Electricity generation,Fuel,Nuclear,%,0.0
India,IND,Telangana,TG,state,2024,Electricity generation,Fuel,Other Fossil,%,0.0
India,IND,Telangana,TG,state,2024,Electricity generation,Fuel,Other Renewables,%,0.34
India,IND,Telangana,TG,state,2024,Electricity generation,Fuel,Solar,%,9.8
India,IND,Telangana,TG,state,2024,Electricity generation,Fuel,Wind,%,0.42
India,IND,Telangana,TG,state,2024,Electricity generation,Fuel,Bioenergy,GWh,99.52
India,IND,Telangana,TG,state,2024,Electricity generation,Fuel,Coal,GWh,57256.75
India,IND,Telangana,TG,state,2024,Electricity generation,Fuel,Gas,GWh,0.0
India,IND,Telangana,TG,state,2024,Electricity generation,Fuel,Hydro,GWh,5039.68
India,IND,Telangana,TG,state,2024,Electricity generation,Fuel,Nuclear,GWh,0.0
India,IND,Telangana,TG,state,2024,Electricity generation,Fuel,Other Fossil,GWh,0.0
India,IND,Telangana,TG,state,2024,Electricity generation,Fuel,Other Renewables,GWh,239.49
India,IND,Telangana,TG,state,2024,Electricity generation,Fuel,Solar,GWh,6838.32
India,IND,Telangana,TG,state,2024,Electricity generation,Fuel,Wind,GWh,296.07
India,IND,Telangana,TG,state,2024,Electricity generation,Total,Total Generation,GWh,69769.83
India,IND,Tripura,TR,state,2019,Electricity generation,Fuel,Bioenergy,%,0.0
India,IND,Tripura,TR,state,2019,Electricity generation,Fuel,Coal,%,0.0
India,IND,Tripura,TR,state,2019,Electricity generation,Fuel,Gas,%,99.49
India,IND,Tripura,TR,state,2019,Electricity generation,Fuel,Hydro,%,0.44
India,IND,Tripura,TR,state,2019,Electricity generation,Fuel,Nuclear,%,0.0
India,IND,Tripura,TR,state,2019,Electricity generation,Fuel,Other Fossil,%,0.0
India,IND,Tripura,TR,state,2019,Electricity generation,Fuel,Other Renewables,%,0.0
India,IND,Tripura,TR,state,2019,Electricity generation,Fuel,Solar,%,0.07
India,IND,Tripura,TR,state,2019,Electricity generation,Fuel,Wind,%,0.0
India,IND,Tripura,TR,state,2019,Electricity generation,Fuel,Bioenergy,GWh,0.0
India,IND,Tripura,TR,state,2019,Electricity generation,Fuel,Coal,GWh,0.0
India,IND,Tripura,TR,state,2019,Electricity generation,Fuel,Gas,GWh,6670.9
India,IND,Tripura,TR,state,2019,Electricity generation,Fuel,Hydro,GWh,29.73
India,IND,Tripura,TR,state,2019,Electricity generation,Fuel,Nuclear,GWh,0.0
India,IND,Tripura,TR,state,2019,Electricity generation,Fuel,Other Fossil,GWh,0.0
India,IND,Tripura,TR,state,2019,Electricity generation,Fuel,Other Renewables,GWh,0.0
India,IND,Tripura,TR,state,2019,Electricity generation,Fuel,Solar,GWh,4.36
India,IND,Tripura,TR,state,2019,Electricity generation,Fuel,Wind,GWh,0.0
India,IND,Tripura,TR,state,2019,Electricity generation,Total,Total Generation,GWh,6704.99
India,IND,Tripura,TR,state,2020,Electricity generation,Fuel,Bioenergy,%,0.0
India,IND,Tripura,TR,state,2020,Electricity generation,Fuel,Coal,%,0.0
India,IND,Tripura,TR,state,2020,Electricity generation,Fuel,Gas,%,99.72
India,IND,Tripura,TR,state,2020,Electricity generation,Fuel,Hydro,%,0.19
India,IND,Tripura,TR,state,2020,Electricity generation,Fuel,Nuclear,%,0.0
India,IND,Tripura,TR,state,2020,Electricity generation,Fuel,Other Fossil,%,0.0
India,IND,Tripura,TR,state,2020,Electricity generation,Fuel,Other Renewables,%,0.0
India,IND,Tripura,TR,state,2020,Electricity generation,Fuel,Solar,%,0.09
India,IND,Tripura,TR,state,2020,Electricity generation,Fuel,Wind,%,0.0
India,IND,Tripura,TR,state,2020,Electricity generation,Fuel,Bioenergy,GWh,0.0
India,IND,Tripura,TR,state,2020,Electricity generation,Fuel,Coal,GWh,0.0
India,IND,Tripura,TR,state,2020,Electricity generation,Fuel,Gas,GWh,6443.56
India,IND,Tripura,TR,state,2020,Electricity generation,Fuel,Hydro,GWh,12.57
India,IND,Tripura,TR,state,2020,Electricity generation,Fuel,Nuclear,GWh,0.0
India,IND,Tripura,TR,state,2020,Electricity generation,Fuel,Other Fossil,GWh,0.0
India,IND,Tripura,TR,state,2020,Electricity generation,Fuel,Other Renewables,GWh,0.0
India,IND,Tripura,TR,state,2020,Electricity generation,Fuel,Solar,GWh,5.54
India,IND,Tripura,TR,state,2020,Electricity generation,Fuel,Wind,GWh,0.0
India,IND,Tripura,TR,state,2020,Electricity generation,Total,Total Generation,GWh,6461.67
India,IND,Tripura,TR,state,2021,Electricity generation,Fuel,Bioenergy,%,0.0
India,IND,Tripura,TR,state,2021,Electricity generation,Fuel,Coal,%,0.0
India,IND,Tripura,TR,state,2021,Electricity generation,Fuel,Gas,%,99.81
India,IND,Tripura,TR,state,2021,Electricity generation,Fuel,Hydro,%,0.09
India,IND,Tripura,TR,state,2021,Electricity generation,Fuel,Nuclear,%,0.0
India,IND,Tripura,TR,state,2021,Electricity generation,Fuel,Other Fossil,%,0.0
India,IND,Tripura,TR,state,2021,Electricity generation,Fuel,Other Renewables,%,0.0
India,IND,Tripura,TR,state,2021,Electricity generation,Fuel,Solar,%,0.09
India,IND,Tripura,TR,state,2021,Electricity generation,Fuel,Wind,%,0.0
India,IND,Tripura,TR,state,2021,Electricity generation,Fuel,Bioenergy,GWh,0.0
India,IND,Tripura,TR,state,2021,Electricity generation,Fuel,Coal,GWh,0.0
India,IND,Tripura,TR,state,2021,Electricity generation,Fuel,Gas,GWh,6387.37
India,IND,Tripura,TR,state,2021,Electricity generation,Fuel,Hydro,GWh,5.99
India,IND,Tripura,TR,state,2021,Electricity generation,Fuel,Nuclear,GWh,0.0
India,IND,Tripura,TR,state,2021,Electricity generation,Fuel,Other Fossil,GWh,0.0
India,IND,Tripura,TR,state,2021,Electricity generation,Fuel,Other Renewables,GWh,0.0
India,IND,Tripura,TR,state,2021,Electricity generation,Fuel,Solar,GWh,6.02
India,IND,Tripura,TR,state,2021,Electricity generation,Fuel,Wind,GWh,0.0
India,IND,Tripura,TR,state,2021,Electricity generation,Total,Total Generation,GWh,6399.38
India,IND,Tripura,TR,state,2022,Electricity generation,Fuel,Bioenergy,%,0.0
India,IND,Tripura,TR,state,2022,Electricity generation,Fuel,Coal,%,0.0
India,IND,Tripura,TR,state,2022,Electricity generation,Fuel,Gas,%,99.9
India,IND,Tripura,TR,state,2022,Electricity generation,Fuel,Hydro,%,0.0
India,IND,Tripura,TR,state,2022,Electricity generation,Fuel,Nuclear,%,0.0
India,IND,Tripura,TR,state,2022,Electricity generation,Fuel,Other Fossil,%,0.0
India,IND,Tripura,TR,state,2022,Electricity generation,Fuel,Other Renewables,%,0.0
India,IND,Tripura,TR,state,2022,Electricity generation,Fuel,Solar,%,0.1
India,IND,Tripura,TR,state,2022,Electricity generation,Fuel,Wind,%,0.0
India,IND,Tripura,TR,state,2022,Electricity generation,Fuel,Bioenergy,GWh,0.0
India,IND,Tripura,TR,state,2022,Electricity generation,Fuel,Coal,GWh,0.0
India,IND,Tripura,TR,state,2022,Electricity generation,Fuel,Gas,GWh,6930.18
India,IND,Tripura,TR,state,2022,Electricity generation,Fuel,Hydro,GWh,0.0
India,IND,Tripura,TR,state,2022,Electricity generation,Fuel,Nuclear,GWh,0.0
India,IND,Tripura,TR,state,2022,Electricity generation,Fuel,Other Fossil,GWh,0.0
India,IND,Tripura,TR,state,2022,Electricity generation,Fuel,Other Renewables,GWh,0.0
India,IND,Tripura,TR,state,2022,Electricity generation,Fuel,Solar,GWh,6.66
India,IND,Tripura,TR,state,2022,Electricity generation,Fuel,Wind,GWh,0.0
India,IND,Tripura,TR,state,2022,Electricity generation,Total,Total Generation,GWh,6936.84
India,IND,Tripura,TR,state,2023,Electricity generation,Fuel,Bioenergy,%,0.0
India,IND,Tripura,TR,state,2023,Electricity generation,Fuel,Coal,%,0.0
India,IND,Tripura,TR,state,2023,Electricity generation,Fuel,Gas,%,99.92
India,IND,Tripura,TR,state,2023,Electricity generation,Fuel,Hydro,%,0.0
India,IND,Tripura,TR,state,2023,Electricity generation,Fuel,Nuclear,%,0.0
India,IND,Tripura,TR,state,2023,Electricity generation,Fuel,Other Fossil,%,0.0
India,IND,Tripura,TR,state,2023,Electricity generation,Fuel,Other Renewables,%,0.0
India,IND,Tripura,TR,state,2023,Electricity generation,Fuel,Solar,%,0.08
India,IND,Tripura,TR,state,2023,Electricity generation,Fuel,Wind,%,0.0
India,IND,Tripura,TR,state,2023,Electricity generation,Fuel,Bioenergy,GWh,0.0
India,IND,Tripura,TR,state,2023,Electricity generation,Fuel,Coal,GWh,0.0
India,IND,Tripura,TR,state,2023,Electricity generation,Fuel,Gas,GWh,6818.51
India,IND,Tripura,TR,state,2023,Electricity generation,Fuel,Hydro,GWh,0.0
India,IND,Tripura,TR,state,2023,Electricity generation,Fuel,Nuclear,GWh,0.0
India,IND,Tripura,TR,state,2023,Electricity generation,Fuel,Other Fossil,GWh,0.0
India,IND,Tripura,TR,state,2023,Electricity generation,Fuel,Other Renewables,GWh,0.0
India,IND,Tripura,TR,state,2023,Electricity generation,Fuel,Solar,GWh,5.21
India,IND,Tripura,TR,state,2023,Electricity generation,Fuel,Wind,GWh,0.0
India,IND,Tripura,TR,state,2023,Electricity generation,Total,Total Generation,GWh,6823.72
India,IND,Tripura,TR,state,2024,Electricity generation,Fuel,Bioenergy,%,0.0
India,IND,Tripura,TR,state,2024,Electricity generation,Fuel,Coal,%,0.0
India,IND,Tripura,TR,state,2024,Electricity generation,Fuel,Gas,%,99.89
India,IND,Tripura,TR,state,2024,Electricity generation,Fuel,Hydro,%,0.0
India,IND,Tripura,TR,state,2024,Electricity generation,Fuel,Nuclear,%,0.0
India,IND,Tripura,TR,state,2024,Electricity generation,Fuel,Other Fossil,%,0.0
India,IND,Tripura,TR,state,2024,Electricity generation,Fuel,Other Renewables,%,0.0
India,IND,Tripura,TR,state,2024,Electricity generation,Fuel,Solar,%,0.11
India,IND,Tripura,TR,state,2024,Electricity generation,Fuel,Wind,%,0.0
India,IND,Tripura,TR,state,2024,Electricity generation,Fuel,Bioenergy,GWh,0.0
India,IND,Tripura,TR,state,2024,Electricity generation,Fuel,Coal,GWh,0.0
India,IND,Tripura,TR,state,2024,Electricity generation,Fuel,Gas,GWh,5220.54
India,IND,Tripura,TR,state,2024,Electricity generation,Fuel,Hydro,GWh,0.0
India,IND,Tripura,TR,state,2024,Electricity generation,Fuel,Nuclear,GWh,0.0
India,IND,Tripura,TR,state,2024,Electricity generation,Fuel,Other Fossil,GWh,0.0
India,IND,Tripura,TR,state,2024,Electricity generation,Fuel,Other Renewables,GWh,0.0
India,IND,Tripura,TR,state,2024,Electricity generation,Fuel,Solar,GWh,5.89
India,IND,Tripura,TR,state,2024,Electricity generation,Fuel,Wind,GWh,0.0
India,IND,Tripura,TR,state,2024,Electricity generation,Total,Total Generation,GWh,5226.43
India,IND,Uttar Pradesh,UP,state,2019,Electricity generation,Fuel,Bioenergy,%,3.01
India,IND,Uttar Pradesh,UP,state,2019,Electricity generation,Fuel,Coal,%,90.78
India,IND,Uttar Pradesh,UP,state,2019,Electricity generation,Fuel,Gas,%,1.63
India,IND,Uttar Pradesh,UP,state,2019,Electricity generation,Fuel,Hydro,%,0.84
India,IND,Uttar Pradesh,UP,state,2019,Electricity generation,Fuel,Nuclear,%,2.69
India,IND,Uttar Pradesh,UP,state,2019,Electricity generation,Fuel,Other Fossil,%,0.0
India,IND,Uttar Pradesh,UP,state,2019,Electricity generation,Fuel,Other Renewables,%,0.0
India,IND,Uttar Pradesh,UP,state,2019,Electricity generation,Fuel,Solar,%,1.05
India,IND,Uttar Pradesh,UP,state,2019,Electricity generation,Fuel,Wind,%,0.0
India,IND,Uttar Pradesh,UP,state,2019,Electricity generation,Fuel,Bioenergy,GWh,3894.94
India,IND,Uttar Pradesh,UP,state,2019,Electricity generation,Fuel,Coal,GWh,117359.58
India,IND,Uttar Pradesh,UP,state,2019,Electricity generation,Fuel,Gas,GWh,2101.88
India,IND,Uttar Pradesh,UP,state,2019,Electricity generation,Fuel,Hydro,GWh,1088.86
India,IND,Uttar Pradesh,UP,state,2019,Electricity generation,Fuel,Nuclear,GWh,3472.58
India,IND,Uttar Pradesh,UP,state,2019,Electricity generation,Fuel,Other Fossil,GWh,0.0
India,IND,Uttar Pradesh,UP,state,2019,Electricity generation,Fuel,Other Renewables,GWh,0.0
India,IND,Uttar Pradesh,UP,state,2019,Electricity generation,Fuel,Solar,GWh,1363.26
India,IND,Uttar Pradesh,UP,state,2019,Electricity generation,Fuel,Wind,GWh,0.0
India,IND,Uttar Pradesh,UP,state,2019,Electricity generation,Total,Total Generation,GWh,129281.1
India,IND,Uttar Pradesh,UP,state,2020,Electricity generation,Fuel,Bioenergy,%,2.95
India,IND,Uttar Pradesh,UP,state,2020,Electricity generation,Fuel,Coal,%,89.26
India,IND,Uttar Pradesh,UP,state,2020,Electricity generation,Fuel,Gas,%,2.25
India,IND,Uttar Pradesh,UP,state,2020,Electricity generation,Fuel,Hydro,%,1.39
India,IND,Uttar Pradesh,UP,state,2020,Electricity generation,Fuel,Nuclear,%,2.84
India,IND,Uttar Pradesh,UP,state,2020,Electricity generation,Fuel,Other Fossil,%,0.0
India,IND,Uttar Pradesh,UP,state,2020,Electricity generation,Fuel,Other Renewables,%,0.0
India,IND,Uttar Pradesh,UP,state,2020,Electricity generation,Fuel,Solar,%,1.31
India,IND,Uttar Pradesh,UP,state,2020,Electricity generation,Fuel,Wind,%,0.0
India,IND,Uttar Pradesh,UP,state,2020,Electricity generation,Fuel,Bioenergy,GWh,3776.54
India,IND,Uttar Pradesh,UP,state,2020,Electricity generation,Fuel,Coal,GWh,114190.67
India,IND,Uttar Pradesh,UP,state,2020,Electricity generation,Fuel,Gas,GWh,2880.15
India,IND,Uttar Pradesh,UP,state,2020,Electricity generation,Fuel,Hydro,GWh,1774.92
India,IND,Uttar Pradesh,UP,state,2020,Electricity generation,Fuel,Nuclear,GWh,3632.71
India,IND,Uttar Pradesh,UP,state,2020,Electricity generation,Fuel,Other Fossil,GWh,0.0
India,IND,Uttar Pradesh,UP,state,2020,Electricity generation,Fuel,Other Renewables,GWh,0.0
India,IND,Uttar Pradesh,UP,state,2020,Electricity generation,Fuel,Solar,GWh,1671.63
India,IND,Uttar Pradesh,UP,state,2020,Electricity generation,Fuel,Wind,GWh,0.0
India,IND,Uttar Pradesh,UP,state,2020,Electricity generation,Total,Total Generation,GWh,127926.62
India,IND,Uttar Pradesh,UP,state,2021,Electricity generation,Fuel,Bioenergy,%,2.37
India,IND,Uttar Pradesh,UP,state,2021,Electricity generation,Fuel,Coal,%,91.42
India,IND,Uttar Pradesh,UP,state,2021,Electricity generation,Fuel,Gas,%,0.91
India,IND,Uttar Pradesh,UP,state,2021,Electricity generation,Fuel,Hydro,%,1.08
India,IND,Uttar Pradesh,UP,state,2021,Electricity generation,Fuel,Nuclear,%,2.31
India,IND,Uttar Pradesh,UP,state,2021,Electricity generation,Fuel,Other Fossil,%,0.0
India,IND,Uttar Pradesh,UP,state,2021,Electricity generation,Fuel,Other Renewables,%,0.01
India,IND,Uttar Pradesh,UP,state,2021,Electricity generation,Fuel,Solar,%,1.91
India,IND,Uttar Pradesh,UP,state,2021,Electricity generation,Fuel,Wind,%,0.0
India,IND,Uttar Pradesh,UP,state,2021,Electricity generation,Fuel,Bioenergy,GWh,3346.64
India,IND,Uttar Pradesh,UP,state,2021,Electricity generation,Fuel,Coal,GWh,128979.95
India,IND,Uttar Pradesh,UP,state,2021,Electricity generation,Fuel,Gas,GWh,1280.16
India,IND,Uttar Pradesh,UP,state,2021,Electricity generation,Fuel,Hydro,GWh,1520.63
India,IND,Uttar Pradesh,UP,state,2021,Electricity generation,Fuel,Nuclear,GWh,3254.02
India,IND,Uttar Pradesh,UP,state,2021,Electricity generation,Fuel,Other Fossil,GWh,0.0
India,IND,Uttar Pradesh,UP,state,2021,Electricity generation,Fuel,Other Renewables,GWh,12.5
India,IND,Uttar Pradesh,UP,state,2021,Electricity generation,Fuel,Solar,GWh,2688.95
India,IND,Uttar Pradesh,UP,state,2021,Electricity generation,Fuel,Wind,GWh,0.0
India,IND,Uttar Pradesh,UP,state,2021,Electricity generation,Total,Total Generation,GWh,141082.85
India,IND,Uttar Pradesh,UP,state,2022,Electricity generation,Fuel,Bioenergy,%,1.97
India,IND,Uttar Pradesh,UP,state,2022,Electricity generation,Fuel,Coal,%,92.45
India,IND,Uttar Pradesh,UP,state,2022,Electricity generation,Fuel,Gas,%,0.56
India,IND,Uttar Pradesh,UP,state,2022,Electricity generation,Fuel,Hydro,%,0.79
India,IND,Uttar Pradesh,UP,state,2022,Electricity generation,Fuel,Nuclear,%,2.0
India,IND,Uttar Pradesh,UP,state,2022,Electricity generation,Fuel,Other Fossil,%,0.0
India,IND,Uttar Pradesh,UP,state,2022,Electricity generation,Fuel,Other Renewables,%,0.03
India,IND,Uttar Pradesh,UP,state,2022,Electricity generation,Fuel,Solar,%,2.19
India,IND,Uttar Pradesh,UP,state,2022,Electricity generation,Fuel,Wind,%,0.0
India,IND,Uttar Pradesh,UP,state,2022,Electricity generation,Fuel,Bioenergy,GWh,3162.0
India,IND,Uttar Pradesh,UP,state,2022,Electricity generation,Fuel,Coal,GWh,148091.2
India,IND,Uttar Pradesh,UP,state,2022,Electricity generation,Fuel,Gas,GWh,903.33
India,IND,Uttar Pradesh,UP,state,2022,Electricity generation,Fuel,Hydro,GWh,1269.32
India,IND,Uttar Pradesh,UP,state,2022,Electricity generation,Fuel,Nuclear,GWh,3202.73
India,IND,Uttar Pradesh,UP,state,2022,Electricity generation,Fuel,Other Fossil,GWh,0.0
India,IND,Uttar Pradesh,UP,state,2022,Electricity generation,Fuel,Other Renewables,GWh,49.93
India,IND,Uttar Pradesh,UP,state,2022,Electricity generation,Fuel,Solar,GWh,3514.71
India,IND,Uttar Pradesh,UP,state,2022,Electricity generation,Fuel,Wind,GWh,0.0
India,IND,Uttar Pradesh,UP,state,2022,Electricity generation,Total,Total Generation,GWh,160193.22
India,IND,Uttar Pradesh,UP,state,2023,Electricity generation,Fuel,Bioenergy,%,1.94
India,IND,Uttar Pradesh,UP,state,2023,Electricity generation,Fuel,Coal,%,92.13
India,IND,Uttar Pradesh,UP,state,2023,Electricity generation,Fuel,Gas,%,0.98
India,IND,Uttar Pradesh,UP,state,2023,Electricity generation,Fuel,Hydro,%,0.69
India,IND,Uttar Pradesh,UP,state,2023,Electricity generation,Fuel,Nuclear,%,1.81
India,IND,Uttar Pradesh,UP,state,2023,Electricity generation,Fuel,Other Fossil,%,0.0
India,IND,Uttar Pradesh,UP,state,2023,Electricity generation,Fuel,Other Renewables,%,0.06
India,IND,Uttar Pradesh,UP,state,2023,Electricity generation,Fuel,Solar,%,2.39
India,IND,Uttar Pradesh,UP,state,2023,Electricity generation,Fuel,Wind,%,0.0
India,IND,Uttar Pradesh,UP,state,2023,Electricity generation,Fuel,Bioenergy,GWh,3195.14
India,IND,Uttar Pradesh,UP,state,2023,Electricity generation,Fuel,Coal,GWh,151917.31
India,IND,Uttar Pradesh,UP,state,2023,Electricity generation,Fuel,Gas,GWh,1620.02
India,IND,Uttar Pradesh,UP,state,2023,Electricity generation,Fuel,Hydro,GWh,1132.19
India,IND,Uttar Pradesh,UP,state,2023,Electricity generation,Fuel,Nuclear,GWh,2989.11
India,IND,Uttar Pradesh,UP,state,2023,Electricity generation,Fuel,Other Fossil,GWh,0.0
India,IND,Uttar Pradesh,UP,state,2023,Electricity generation,Fuel,Other Renewables,GWh,93.1
India,IND,Uttar Pradesh,UP,state,2023,Electricity generation,Fuel,Solar,GWh,3943.39
India,IND,Uttar Pradesh,UP,state,2023,Electricity generation,Fuel,Wind,GWh,0.0
India,IND,Uttar Pradesh,UP,state,2023,Electricity generation,Total,Total Generation,GWh,164890.26
India,IND,Uttar Pradesh,UP,state,2024,Electricity generation,Fuel,Bioenergy,%,1.53
India,IND,Uttar Pradesh,UP,state,2024,Electricity generation,Fuel,Coal,%,92.2
India,IND,Uttar Pradesh,UP,state,2024,Electricity generation,Fuel,Gas,%,0.73
India,IND,Uttar Pradesh,UP,state,2024,Electricity generation,Fuel,Hydro,%,0.74
India,IND,Uttar Pradesh,UP,state,2024,Electricity generation,Fuel,Nuclear,%,2.1
India,IND,Uttar Pradesh,UP,state,2024,Electricity generation,Fuel,Other Fossil,%,0.0
India,IND,Uttar Pradesh,UP,state,2024,Electricity generation,Fuel,Other Renewables,%,0.02
India,IND,Uttar Pradesh,UP,state,2024,Electricity generation,Fuel,Solar,%,2.67
India,IND,Uttar Pradesh,UP,state,2024,Electricity generation,Fuel,Wind,%,0.0
India,IND,Uttar Pradesh,UP,state,2024,Electricity generation,Fuel,Bioenergy,GWh,2629.09
India,IND,Uttar Pradesh,UP,state,2024,Electricity generation,Fuel,Coal,GWh,158770.84
India,IND,Uttar Pradesh,UP,state,2024,Electricity generation,Fuel,Gas,GWh,1263.61
India,IND,Uttar Pradesh,UP,state,2024,Electricity generation,Fuel,Hydro,GWh,1282.59
India,IND,Uttar Pradesh,UP,state,2024,Electricity generation,Fuel,Nuclear,GWh,3620.85
India,IND,Uttar Pradesh,UP,state,2024,Electricity generation,Fuel,Other Fossil,GWh,0.0
India,IND,Uttar Pradesh,UP,state,2024,Electricity generation,Fuel,Other Renewables,GWh,33.45
India,IND,Uttar Pradesh,UP,state,2024,Electricity generation,Fuel,Solar,GWh,4604.39
India,IND,Uttar Pradesh,UP,state,2024,Electricity generation,Fuel,Wind,GWh,0.0
India,IND,Uttar Pradesh,UP,state,2024,Electricity generation,Total,Total Generation,GWh,172204.82
India,IND,Uttarakhand,UT,state,2019,Electricity generation,Fuel,Bioenergy,%,0.64
India,IND,Uttarakhand,UT,state,2019,Electricity generation,Fuel,Coal,%,0.0
India,IND,Uttarakhand,UT,state,2019,Electricity generation,Fuel,Gas,%,10.64
India,IND,Uttarakhand,UT,state,2019,Electricity generation,Fuel,Hydro,%,86.78
India,IND,Uttarakhand,UT,state,2019,Electricity generation,Fuel,Nuclear,%,0.0
India,IND,Uttarakhand,UT,state,2019,Electricity generation,Fuel,Other Fossil,%,0.0
India,IND,Uttarakhand,UT,state,2019,Electricity generation,Fuel,Other Renewables,%,0.0
India,IND,Uttarakhand,UT,state,2019,Electricity generation,Fuel,Solar,%,1.93
India,IND,Uttarakhand,UT,state,2019,Electricity generation,Fuel,Wind,%,0.0
India,IND,Uttarakhand,UT,state,2019,Electricity generation,Fuel,Bioenergy,GWh,112.83
India,IND,Uttarakhand,UT,state,2019,Electricity generation,Fuel,Coal,GWh,0.0
India,IND,Uttarakhand,UT,state,2019,Electricity generation,Fuel,Gas,GWh,1862.94
India,IND,Uttarakhand,UT,state,2019,Electricity generation,Fuel,Hydro,GWh,15188.52
India,IND,Uttarakhand,UT,state,2019,Electricity generation,Fuel,Nuclear,GWh,0.0
India,IND,Uttarakhand,UT,state,2019,Electricity generation,Fuel,Other Fossil,GWh,0.0
India,IND,Uttarakhand,UT,state,2019,Electricity generation,Fuel,Other Renewables,GWh,0.0
India,IND,Uttarakhand,UT,state,2019,Electricity generation,Fuel,Solar,GWh,338.48
India,IND,Uttarakhand,UT,state,2019,Electricity generation,Fuel,Wind,GWh,0.0
India,IND,Uttarakhand,UT,state,2019,Electricity generation,Total,Total Generation,GWh,17502.77
India,IND,Uttarakhand,UT,state,2020,Electricity generation,Fuel,Bioenergy,%,0.6
India,IND,Uttarakhand,UT,state,2020,Electricity generation,Fuel,Coal,%,0.0
India,IND,Uttarakhand,UT,state,2020,Electricity generation,Fuel,Gas,%,3.92
India,IND,Uttarakhand,UT,state,2020,Electricity generation,Fuel,Hydro,%,93.31
India,IND,Uttarakhand,UT,state,2020,Electricity generation,Fuel,Nuclear,%,0.0
India,IND,Uttarakhand,UT,state,2020,Electricity generation,Fuel,Other Fossil,%,0.0
India,IND,Uttarakhand,UT,state,2020,Electricity generation,Fuel,Other Renewables,%,0.0
India,IND,Uttarakhand,UT,state,2020,Electricity generation,Fuel,Solar,%,2.17
India,IND,Uttarakhand,UT,state,2020,Electricity generation,Fuel,Wind,%,0.0
India,IND,Uttarakhand,UT,state,2020,Electricity generation,Fuel,Bioenergy,GWh,95.9
India,IND,Uttarakhand,UT,state,2020,Electricity generation,Fuel,Coal,GWh,0.0
India,IND,Uttarakhand,UT,state,2020,Electricity generation,Fuel,Gas,GWh,629.62
India,IND,Uttarakhand,UT,state,2020,Electricity generation,Fuel,Hydro,GWh,14974.83
India,IND,Uttarakhand,UT,state,2020,Electricity generation,Fuel,Nuclear,GWh,0.0
India,IND,Uttarakhand,UT,state,2020,Electricity generation,Fuel,Other Fossil,GWh,0.0
India,IND,Uttarakhand,UT,state,2020,Electricity generation,Fuel,Other Renewables,GWh,0.0
India,IND,Uttarakhand,UT,state,2020,Electricity generation,Fuel,Solar,GWh,347.57
India,IND,Uttarakhand,UT,state,2020,Electricity generation,Fuel,Wind,GWh,0.0
India,IND,Uttarakhand,UT,state,2020,Electricity generation,Total,Total Generation,GWh,16047.92
India,IND,Uttarakhand,UT,state,2021,Electricity generation,Fuel,Bioenergy,%,1.47
India,IND,Uttarakhand,UT,state,2021,Electricity generation,Fuel,Coal,%,0.0
India,IND,Uttarakhand,UT,state,2021,Electricity generation,Fuel,Gas,%,9.88
India,IND,Uttarakhand,UT,state,2021,Electricity generation,Fuel,Hydro,%,86.87
India,IND,Uttarakhand,UT,state,2021,Electricity generation,Fuel,Nuclear,%,0.0
India,IND,Uttarakhand,UT,state,2021,Electricity generation,Fuel,Other Fossil,%,0.0
India,IND,Uttarakhand,UT,state,2021,Electricity generation,Fuel,Other Renewables,%,0.0
India,IND,Uttarakhand,UT,state,2021,Electricity generation,Fuel,Solar,%,1.78
India,IND,Uttarakhand,UT,state,2021,Electricity generation,Fuel,Wind,%,0.0
India,IND,Uttarakhand,UT,state,2021,Electricity generation,Fuel,Bioenergy,GWh,238.44
India,IND,Uttarakhand,UT,state,2021,Electricity generation,Fuel,Coal,GWh,0.0
India,IND,Uttarakhand,UT,state,2021,Electricity generation,Fuel,Gas,GWh,1601.95
India,IND,Uttarakhand,UT,state,2021,Electricity generation,Fuel,Hydro,GWh,14085.47
India,IND,Uttarakhand,UT,state,2021,Electricity generation,Fuel,Nuclear,GWh,0.0
India,IND,Uttarakhand,UT,state,2021,Electricity generation,Fuel,Other Fossil,GWh,0.0
India,IND,Uttarakhand,UT,state,2021,Electricity generation,Fuel,Other Renewables,GWh,0.0
India,IND,Uttarakhand,UT,state,2021,Electricity generation,Fuel,Solar,GWh,288.03
India,IND,Uttarakhand,UT,state,2021,Electricity generation,Fuel,Wind,GWh,0.0
India,IND,Uttarakhand,UT,state,2021,Electricity generation,Total,Total Generation,GWh,16213.89
India,IND,Uttarakhand,UT,state,2022,Electricity generation,Fuel,Bioenergy,%,1.5
India,IND,Uttarakhand,UT,state,2022,Electricity generation,Fuel,Coal,%,0.0
India,IND,Uttarakhand,UT,state,2022,Electricity generation,Fuel,Gas,%,0.0
India,IND,Uttarakhand,UT,state,2022,Electricity generation,Fuel,Hydro,%,96.52
India,IND,Uttarakhand,UT,state,2022,Electricity generation,Fuel,Nuclear,%,0.0
India,IND,Uttarakhand,UT,state,2022,Electricity generation,Fuel,Other Fossil,%,0.0
India,IND,Uttarakhand,UT,state,2022,Electricity generation,Fuel,Other Renewables,%,0.0
India,IND,Uttarakhand,UT,state,2022,Electricity generation,Fuel,Solar,%,1.98
India,IND,Uttarakhand,UT,state,2022,Electricity generation,Fuel,Wind,%,0.0
India,IND,Uttarakhand,UT,state,2022,Electricity generation,Fuel,Bioenergy,GWh,248.07
India,IND,Uttarakhand,UT,state,2022,Electricity generation,Fuel,Coal,GWh,0.0
India,IND,Uttarakhand,UT,state,2022,Electricity generation,Fuel,Gas,GWh,0.0
India,IND,Uttarakhand,UT,state,2022,Electricity generation,Fuel,Hydro,GWh,15998.15
India,IND,Uttarakhand,UT,state,2022,Electricity generation,Fuel,Nuclear,GWh,0.0
India,IND,Uttarakhand,UT,state,2022,Electricity generation,Fuel,Other Fossil,GWh,0.0
India,IND,Uttarakhand,UT,state,2022,Electricity generation,Fuel,Other Renewables,GWh,0.0
India,IND,Uttarakhand,UT,state,2022,Electricity generation,Fuel,Solar,GWh,328.78
India,IND,Uttarakhand,UT,state,2022,Electricity generation,Fuel,Wind,GWh,0.0
India,IND,Uttarakhand,UT,state,2022,Electricity generation,Total,Total Generation,GWh,16575.0
India,IND,Uttarakhand,UT,state,2023,Electricity generation,Fuel,Bioenergy,%,1.61
India,IND,Uttarakhand,UT,state,2023,Electricity generation,Fuel,Coal,%,0.0
India,IND,Uttarakhand,UT,state,2023,Electricity generation,Fuel,Gas,%,2.3
India,IND,Uttarakhand,UT,state,2023,Electricity generation,Fuel,Hydro,%,93.94
India,IND,Uttarakhand,UT,state,2023,Electricity generation,Fuel,Nuclear,%,0.0
India,IND,Uttarakhand,UT,state,2023,Electricity generation,Fuel,Other Fossil,%,0.0
India,IND,Uttarakhand,UT,state,2023,Electricity generation,Fuel,Other Renewables,%,0.0
India,IND,Uttarakhand,UT,state,2023,Electricity generation,Fuel,Solar,%,2.15
India,IND,Uttarakhand,UT,state,2023,Electricity generation,Fuel,Wind,%,0.0
India,IND,Uttarakhand,UT,state,2023,Electricity generation,Fuel,Bioenergy,GWh,248.52
India,IND,Uttarakhand,UT,state,2023,Electricity generation,Fuel,Coal,GWh,0.0
India,IND,Uttarakhand,UT,state,2023,Electricity generation,Fuel,Gas,GWh,354.24
India,IND,Uttarakhand,UT,state,2023,Electricity generation,Fuel,Hydro,GWh,14496.5
India,IND,Uttarakhand,UT,state,2023,Electricity generation,Fuel,Nuclear,GWh,0.0
India,IND,Uttarakhand,UT,state,2023,Electricity generation,Fuel,Other Fossil,GWh,0.0
India,IND,Uttarakhand,UT,state,2023,Electricity generation,Fuel,Other Renewables,GWh,0.0
India,IND,Uttarakhand,UT,state,2023,Electricity generation,Fuel,Solar,GWh,331.8
India,IND,Uttarakhand,UT,state,2023,Electricity generation,Fuel,Wind,GWh,0.0
India,IND,Uttarakhand,UT,state,2023,Electricity generation,Total,Total Generation,GWh,15431.06
India,IND,Uttarakhand,UT,state,2024,Electricity generation,Fuel,Bioenergy,%,1.47
India,IND,Uttarakhand,UT,state,2024,Electricity generation,Fuel,Coal,%,0.0
India,IND,Uttarakhand,UT,state,2024,Electricity generation,Fuel,Gas,%,6.46
India,IND,Uttarakhand,UT,state,2024,Electricity generation,Fuel,Hydro,%,90.1
India,IND,Uttarakhand,UT,state,2024,Electricity generation,Fuel,Nuclear,%,0.0
India,IND,Uttarakhand,UT,state,2024,Electricity generation,Fuel,Other Fossil,%,0.0
India,IND,Uttarakhand,UT,state,2024,Electricity generation,Fuel,Other Renewables,%,0.0
India,IND,Uttarakhand,UT,state,2024,Electricity generation,Fuel,Solar,%,1.96
India,IND,Uttarakhand,UT,state,2024,Electricity generation,Fuel,Wind,%,0.0
India,IND,Uttarakhand,UT,state,2024,Electricity generation,Fuel,Bioenergy,GWh,248.52
India,IND,Uttarakhand,UT,state,2024,Electricity generation,Fuel,Coal,GWh,0.0
India,IND,Uttarakhand,UT,state,2024,Electricity generation,Fuel,Gas,GWh,1092.13
India,IND,Uttarakhand,UT,state,2024,Electricity generation,Fuel,Hydro,GWh,15220.59
India,IND,Uttarakhand,UT,state,2024,Electricity generation,Fuel,Nuclear,GWh,0.0
India,IND,Uttarakhand,UT,state,2024,Electricity generation,Fuel,Other Fossil,GWh,0.0
India,IND,Uttarakhand,UT,state,2024,Electricity generation,Fuel,Other Renewables,GWh,0.0
India,IND,Uttarakhand,UT,state,2024,Electricity generation,Fuel,Solar,GWh,331.8
India,IND,Uttarakhand,UT,state,2024,Electricity generation,Fuel,Wind,GWh,0.0
India,IND,Uttarakhand,UT,state,2024,Electricity generation,Total,Total Generation,GWh,16893.04
India,IND,West Bengal,WB,state,2019,Electricity generation,Fuel,Bioenergy,%,1.59
India,IND,West Bengal,WB,state,2019,Electricity generation,Fuel,Coal,%,94.34
India,IND,West Bengal,WB,state,2019,Electricity generation,Fuel,Gas,%,0.0
India,IND,West Bengal,WB,state,2019,Electricity generation,Fuel,Hydro,%,4.0
India,IND,West Bengal,WB,state,2019,Electricity generation,Fuel,Nuclear,%,0.0
India,IND,West Bengal,WB,state,2019,Electricity generation,Fuel,Other Fossil,%,0.0
India,IND,West Bengal,WB,state,2019,Electricity generation,Fuel,Other Renewables,%,0.0
India,IND,West Bengal,WB,state,2019,Electricity generation,Fuel,Solar,%,0.08
India,IND,West Bengal,WB,state,2019,Electricity generation,Fuel,Wind,%,0.0
India,IND,West Bengal,WB,state,2019,Electricity generation,Fuel,Bioenergy,GWh,1232.97
India,IND,West Bengal,WB,state,2019,Electricity generation,Fuel,Coal,GWh,73318.42
India,IND,West Bengal,WB,state,2019,Electricity generation,Fuel,Gas,GWh,0.0
India,IND,West Bengal,WB,state,2019,Electricity generation,Fuel,Hydro,GWh,3106.23
India,IND,West Bengal,WB,state,2019,Electricity generation,Fuel,Nuclear,GWh,0.0
India,IND,West Bengal,WB,state,2019,Electricity generation,Fuel,Other Fossil,GWh,0.0
India,IND,West Bengal,WB,state,2019,Electricity generation,Fuel,Other Renewables,GWh,0.0
India,IND,West Bengal,WB,state,2019,Electricity generation,Fuel,Solar,GWh,61.49
India,IND,West Bengal,WB,state,2019,Electricity generation,Fuel,Wind,GWh,0.0
India,IND,West Bengal,WB,state,2019,Electricity generation,Total,Total Generation,GWh,77719.11
India,IND,West Bengal,WB,state,2020,Electricity generation,Fuel,Bioenergy,%,0.61
India,IND,West Bengal,WB,state,2020,Electricity generation,Fuel,Coal,%,93.86
India,IND,West Bengal,WB,state,2020,Electricity generation,Fuel,Gas,%,0.0
India,IND,West Bengal,WB,state,2020,Electricity generation,Fuel,Hydro,%,4.32
India,IND,West Bengal,WB,state,2020,Electricity generation,Fuel,Nuclear,%,0.0
India,IND,West Bengal,WB,state,2020,Electricity generation,Fuel,Other Fossil,%,0.0
India,IND,West Bengal,WB,state,2020,Electricity generation,Fuel,Other Renewables,%,1.12
India,IND,West Bengal,WB,state,2020,Electricity generation,Fuel,Solar,%,0.09
India,IND,West Bengal,WB,state,2020,Electricity generation,Fuel,Wind,%,0.0
India,IND,West Bengal,WB,state,2020,Electricity generation,Fuel,Bioenergy,GWh,441.32
India,IND,West Bengal,WB,state,2020,Electricity generation,Fuel,Coal,GWh,68393.52
India,IND,West Bengal,WB,state,2020,Electricity generation,Fuel,Gas,GWh,0.0
India,IND,West Bengal,WB,state,2020,Electricity generation,Fuel,Hydro,GWh,3146.08
India,IND,West Bengal,WB,state,2020,Electricity generation,Fuel,Nuclear,GWh,0.0
India,IND,West Bengal,WB,state,2020,Electricity generation,Fuel,Other Fossil,GWh,0.0
India,IND,West Bengal,WB,state,2020,Electricity generation,Fuel,Other Renewables,GWh,819.25
India,IND,West Bengal,WB,state,2020,Electricity generation,Fuel,Solar,GWh,65.37
India,IND,West Bengal,WB,state,2020,Electricity generation,Fuel,Wind,GWh,0.0
India,IND,West Bengal,WB,state,2020,Electricity generation,Total,Total Generation,GWh,72865.54
India,IND,West Bengal,WB,state,2021,Electricity generation,Fuel,Bioenergy,%,0.0
India,IND,West Bengal,WB,state,2021,Electricity generation,Fuel,Coal,%,94.27
India,IND,West Bengal,WB,state,2021,Electricity generation,Fuel,Gas,%,0.0
India,IND,West Bengal,WB,state,2021,Electricity generation,Fuel,Hydro,%,3.84
India,IND,West Bengal,WB,state,2021,Electricity generation,Fuel,Nuclear,%,0.0
India,IND,West Bengal,WB,state,2021,Electricity generation,Fuel,Other Fossil,%,0.0
India,IND,West Bengal,WB,state,2021,Electricity generation,Fuel,Other Renewables,%,1.78
India,IND,West Bengal,WB,state,2021,Electricity generation,Fuel,Solar,%,0.11
India,IND,West Bengal,WB,state,2021,Electricity generation,Fuel,Wind,%,0.0
India,IND,West Bengal,WB,state,2021,Electricity generation,Fuel,Bioenergy,GWh,0.0
India,IND,West Bengal,WB,state,2021,Electricity generation,Fuel,Coal,GWh,82664.09
India,IND,West Bengal,WB,state,2021,Electricity generation,Fuel,Gas,GWh,0.0
India,IND,West Bengal,WB,state,2021,Electricity generation,Fuel,Hydro,GWh,3369.9
India,IND,West Bengal,WB,state,2021,Electricity generation,Fuel,Nuclear,GWh,0.0
India,IND,West Bengal,WB,state,2021,Electricity generation,Fuel,Other Fossil,GWh,0.0
India,IND,West Bengal,WB,state,2021,Electricity generation,Fuel,Other Renewables,GWh,1561.84
India,IND,West Bengal,WB,state,2021,Electricity generation,Fuel,Solar,GWh,96.69
India,IND,West Bengal,WB,state,2021,Electricity generation,Fuel,Wind,GWh,0.0
India,IND,West Bengal,WB,state,2021,Electricity generation,Total,Total Generation,GWh,87692.52
India,IND,West Bengal,WB,state,2022,Electricity generation,Fuel,Bioenergy,%,0.0
India,IND,West Bengal,WB,state,2022,Electricity generation,Fuel,Coal,%,94.2
India,IND,West Bengal,WB,state,2022,Electricity generation,Fuel,Gas,%,0.0
India,IND,West Bengal,WB,state,2022,Electricity generation,Fuel,Hydro,%,3.85
India,IND,West Bengal,WB,state,2022,Electricity generation,Fuel,Nuclear,%,0.0
India,IND,West Bengal,WB,state,2022,Electricity generation,Fuel,Other Fossil,%,0.0
India,IND,West Bengal,WB,state,2022,Electricity generation,Fuel,Other Renewables,%,1.81
India,IND,West Bengal,WB,state,2022,Electricity generation,Fuel,Solar,%,0.13
India,IND,West Bengal,WB,state,2022,Electricity generation,Fuel,Wind,%,0.0
India,IND,West Bengal,WB,state,2022,Electricity generation,Fuel,Bioenergy,GWh,0.0
India,IND,West Bengal,WB,state,2022,Electricity generation,Fuel,Coal,GWh,86338.64
India,IND,West Bengal,WB,state,2022,Electricity generation,Fuel,Gas,GWh,0.0
India,IND,West Bengal,WB,state,2022,Electricity generation,Fuel,Hydro,GWh,3532.72
India,IND,West Bengal,WB,state,2022,Electricity generation,Fuel,Nuclear,GWh,0.0
India,IND,West Bengal,WB,state,2022,Electricity generation,Fuel,Other Fossil,GWh,0.0
India,IND,West Bengal,WB,state,2022,Electricity generation,Fuel,Other Renewables,GWh,1662.6
India,IND,West Bengal,WB,state,2022,Electricity generation,Fuel,Solar,GWh,119.68
India,IND,West Bengal,WB,state,2022,Electricity generation,Fuel,Wind,GWh,0.0
India,IND,West Bengal,WB,state,2022,Electricity generation,Total,Total Generation,GWh,91653.64
India,IND,West Bengal,WB,state,2023,Electricity generation,Fuel,Bioenergy,%,0.0
India,IND,West Bengal,WB,state,2023,Electricity generation,Fuel,Coal,%,94.94
India,IND,West Bengal,WB,state,2023,Electricity generation,Fuel,Gas,%,0.0
India,IND,West Bengal,WB,state,2023,Electricity generation,Fuel,Hydro,%,3.28
India,IND,West Bengal,WB,state,2023,Electricity generation,Fuel,Nuclear,%,0.0
India,IND,West Bengal,WB,state,2023,Electricity generation,Fuel,Other Fossil,%,0.0
India,IND,West Bengal,WB,state,2023,Electricity generation,Fuel,Other Renewables,%,1.62
India,IND,West Bengal,WB,state,2023,Electricity generation,Fuel,Solar,%,0.16
India,IND,West Bengal,WB,state,2023,Electricity generation,Fuel,Wind,%,0.0
India,IND,West Bengal,WB,state,2023,Electricity generation,Fuel,Bioenergy,GWh,0.0
India,IND,West Bengal,WB,state,2023,Electricity generation,Fuel,Coal,GWh,90215.68
India,IND,West Bengal,WB,state,2023,Electricity generation,Fuel,Gas,GWh,0.0
India,IND,West Bengal,WB,state,2023,Electricity generation,Fuel,Hydro,GWh,3116.67
India,IND,West Bengal,WB,state,2023,Electricity generation,Fuel,Nuclear,GWh,0.0
India,IND,West Bengal,WB,state,2023,Electricity generation,Fuel,Other Fossil,GWh,0.0
India,IND,West Bengal,WB,state,2023,Electricity generation,Fuel,Other Renewables,GWh,1538.08
India,IND,West Bengal,WB,state,2023,Electricity generation,Fuel,Solar,GWh,152.33
India,IND,West Bengal,WB,state,2023,Electricity generation,Fuel,Wind,GWh,0.0
India,IND,West Bengal,WB,state,2023,Electricity generation,Total,Total Generation,GWh,95022.76
India,IND,West Bengal,WB,state,2024,Electricity generation,Fuel,Bioenergy,%,0.0
India,IND,West Bengal,WB,state,2024,Electricity generation,Fuel,Coal,%,95.31
India,IND,West Bengal,WB,state,2024,Electricity generation,Fuel,Gas,%,0.0
India,IND,West Bengal,WB,state,2024,Electricity generation,Fuel,Hydro,%,2.9
India,IND,West Bengal,WB,state,2024,Electricity generation,Fuel,Nuclear,%,0.0
India,IND,West Bengal,WB,state,2024,Electricity generation,Fuel,Other Fossil,%,0.0
India,IND,West Bengal,WB,state,2024,Electricity generation,Fuel,Other Renewables,%,1.52
India,IND,West Bengal,WB,state,2024,Electricity generation,Fuel,Solar,%,0.27
India,IND,West Bengal,WB,state,2024,Electricity generation,Fuel,Wind,%,0.0
India,IND,West Bengal,WB,state,2024,Electricity generation,Fuel,Bioenergy,GWh,2.49
India,IND,West Bengal,WB,state,2024,Electricity generation,Fuel,Coal,GWh,92597.58
India,IND,West Bengal,WB,state,2024,Electricity generation,Fuel,Gas,GWh,0.0
India,IND,West Bengal,WB,state,2024,Electricity generation,Fuel,Hydro,GWh,2817.56
India,IND,West Bengal,WB,state,2024,Electricity generation,Fuel,Nuclear,GWh,0.0
India,IND,West Bengal,WB,state,2024,Electricity generation,Fuel,Other Fossil,GWh,0.0
India,IND,West Bengal,WB,state,2024,Electricity generation,Fuel,Other Renewables,GWh,1473.54
India,IND,West Bengal,WB,state,2024,Electricity generation,Fuel,Solar,GWh,263.22
India,IND,West Bengal,WB,state,2024,Electricity generation,Fuel,Wind,GWh,0.0
India,IND,West Bengal,WB,state,2024,Electricity generation,Total,Total Generation,GWh,97154.39
