Country,Country code,State,State code,State type,Year,Category,Subcategory,Variable,Unit,Value
India,IND,Andaman and Nicobar,AN,Union territory,2019,Capacity,Fuel,Bioenergy,MW,0.0
India,IND,Andaman and Nicobar,AN,Union territory,2019,Capacity,Fuel,Coal,MW,0.0
India,IND,Andaman and Nicobar,AN,Union territory,2019,Capacity,Fuel,Gas,MW,0.0
India,IND,Andaman and Nicobar,AN,Union territory,2019,Capacity,Fuel,Hydro,MW,5.25
India,IND,Andaman and Nicobar,AN,Union territory,2019,Capacity,Fuel,Nuclear,MW,0.0
India,IND,Andaman and Nicobar,AN,Union territory,2019,Capacity,Fuel,Other Fossil,MW,40.05
India,IND,Andaman and Nicobar,AN,Union territory,2019,Capacity,Fuel,Other Renewables,MW,0.0
India,IND,Andaman and Nicobar,AN,Union territory,2019,Capacity,Fuel,Solar,MW,12.19
India,IND,Andaman and Nicobar,AN,Union territory,2019,Capacity,Fuel,Wind,MW,0.0
India,IND,Andaman and Nicobar,AN,Union territory,2019,Electricity generation,Fuel,Bioenergy,%,0.0
India,IND,Andaman and Nicobar,AN,Union territory,2019,Electricity generation,Fuel,Coal,%,0.0
India,IND,Andaman and Nicobar,AN,Union territory,2019,Electricity generation,Fuel,Gas,%,0.0
India,IND,Andaman and Nicobar,AN,Union territory,2019,Electricity generation,Fuel,Hydro,%,6.84
India,IND,Andaman and Nicobar,AN,Union territory,2019,Electricity generation,Fuel,Nuclear,%,0.0
India,IND,Andaman and Nicobar,AN,Union territory,2019,Electricity generation,Fuel,Other Fossil,%,80.31
India,IND,Andaman and Nicobar,AN,Union territory,2019,Electricity generation,Fuel,Other Renewables,%,0.0
India,IND,Andaman and Nicobar,AN,Union territory,2019,Electricity generation,Fuel,Solar,%,12.85
India,IND,Andaman and Nicobar,AN,Union territory,2019,Electricity generation,Fuel,Wind,%,0.0
India,IND,Andaman and Nicobar,AN,Union territory,2019,Electricity generation,Fuel,Bioenergy,GWh,0.0
India,IND,Andaman and Nicobar,AN,Union territory,2019,Electricity generation,Fuel,Coal,GWh,0.0
India,IND,Andaman and Nicobar,AN,Union territory,2019,Electricity generation,Fuel,Gas,GWh,0.0
India,IND,Andaman and Nicobar,AN,Union territory,2019,Electricity generation,Fuel,Hydro,GWh,7.55
India,IND,Andaman and Nicobar,AN,Union territory,2019,Electricity generation,Fuel,Nuclear,GWh,0.0
India,IND,Andaman and Nicobar,AN,Union territory,2019,Electricity generation,Fuel,Other Fossil,GWh,88.62
India,IND,Andaman and Nicobar,AN,Union territory,2019,Electricity generation,Fuel,Other Renewables,GWh,0.0
India,IND,Andaman and Nicobar,AN,Union territory,2019,Electricity generation,Fuel,Solar,GWh,14.18
India,IND,Andaman and Nicobar,AN,Union territory,2019,Electricity generation,Fuel,Wind,GWh,0.0
India,IND,Andaman and Nicobar,AN,Union territory,2019,Electricity generation,Total,Total Generation,GWh,110.35
India,IND,Andaman and Nicobar,AN,Union territory,2019,Power sector emissions,CO2 intensity,CO2 intensity,gCO2/kWh,569.91
India,IND,Andaman and Nicobar,AN,Union territory,2019,Power sector emissions,Fuel,Bioenergy,%,0.0
India,IND,Andaman and Nicobar,AN,Union territory,2019,Power sector emissions,Fuel,Coal,%,0.0
India,IND,Andaman and Nicobar,AN,Union territory,2019,Power sector emissions,Fuel,Gas,%,0.0
India,IND,Andaman and Nicobar,AN,Union territory,2019,Power sector emissions,Fuel,Hydro,%,0.18
India,IND,Andaman and Nicobar,AN,Union territory,2019,Power sector emissions,Fuel,Nuclear,%,0.0
India,IND,Andaman and Nicobar,AN,Union territory,2019,Power sector emissions,Fuel,Other Fossil,%,62.03
India,IND,Andaman and Nicobar,AN,Union territory,2019,Power sector emissions,Fuel,Other Renewables,%,0.0
India,IND,Andaman and Nicobar,AN,Union territory,2019,Power sector emissions,Fuel,Solar,%,0.68
India,IND,Andaman and Nicobar,AN,Union territory,2019,Power sector emissions,Fuel,Wind,%,0.0
India,IND,Andaman and Nicobar,AN,Union territory,2019,Power sector emissions,Fuel,Bioenergy,ktCO2,0.0
India,IND,Andaman and Nicobar,AN,Union territory,2019,Power sector emissions,Fuel,Coal,ktCO2,0.0
India,IND,Andaman and Nicobar,AN,Union territory,2019,Power sector emissions,Fuel,Gas,ktCO2,0.0
India,IND,Andaman and Nicobar,AN,Union territory,2019,Power sector emissions,Fuel,Hydro,ktCO2,0.18
India,IND,Andaman and Nicobar,AN,Union territory,2019,Power sector emissions,Fuel,Nuclear,ktCO2,0.0
India,IND,Andaman and Nicobar,AN,Union territory,2019,Power sector emissions,Fuel,Other Fossil,ktCO2,62.03
India,IND,Andaman and Nicobar,AN,Union territory,2019,Power sector emissions,Fuel,Other Renewables,ktCO2,0.0
India,IND,Andaman and Nicobar,AN,Union territory,2019,Power sector emissions,Fuel,Solar,ktCO2,0.68
India,IND,Andaman and Nicobar,AN,Union territory,2019,Power sector emissions,Fuel,Wind,ktCO2,0.0
India,IND,Andaman and Nicobar,AN,Union territory,2019,Power sector emissions,Total,Total emissions,ktCO2,62.89
India,IND,Andaman and Nicobar,AN,Union territory,2020,Capacity,Fuel,Bioenergy,MW,0.0
India,IND,Andaman and Nicobar,AN,Union territory,2020,Capacity,Fuel,Coal,MW,0.0
India,IND,Andaman and Nicobar,AN,Union territory,2020,Capacity,Fuel,Gas,MW,0.0
India,IND,Andaman and Nicobar,AN,Union territory,2020,Capacity,Fuel,Hydro,MW,5.25
India,IND,Andaman and Nicobar,AN,Union territory,2020,Capacity,Fuel,Nuclear,MW,0.0
India,IND,Andaman and Nicobar,AN,Union territory,2020,Capacity,Fuel,Other Fossil,MW,40.05
India,IND,Andaman and Nicobar,AN,Union territory,2020,Capacity,Fuel,Other Renewables,MW,0.0
India,IND,Andaman and Nicobar,AN,Union territory,2020,Capacity,Fuel,Solar,MW,29.22
India,IND,Andaman and Nicobar,AN,Union territory,2020,Capacity,Fuel,Wind,MW,0.0
India,IND,Andaman and Nicobar,AN,Union territory,2020,Electricity generation,Fuel,Bioenergy,%,0.0
India,IND,Andaman and Nicobar,AN,Union territory,2020,Electricity generation,Fuel,Coal,%,0.0
India,IND,Andaman and Nicobar,AN,Union territory,2020,Electricity generation,Fuel,Gas,%,0.0
India,IND,Andaman and Nicobar,AN,Union territory,2020,Electricity generation,Fuel,Hydro,%,8.94
India,IND,Andaman and Nicobar,AN,Union territory,2020,Electricity generation,Fuel,Nuclear,%,0.0
India,IND,Andaman and Nicobar,AN,Union territory,2020,Electricity generation,Fuel,Other Fossil,%,78.28
India,IND,Andaman and Nicobar,AN,Union territory,2020,Electricity generation,Fuel,Other Renewables,%,0.0
India,IND,Andaman and Nicobar,AN,Union territory,2020,Electricity generation,Fuel,Solar,%,12.79
India,IND,Andaman and Nicobar,AN,Union territory,2020,Electricity generation,Fuel,Wind,%,0.0
India,IND,Andaman and Nicobar,AN,Union territory,2020,Electricity generation,Fuel,Bioenergy,GWh,0.0
India,IND,Andaman and Nicobar,AN,Union territory,2020,Electricity generation,Fuel,Coal,GWh,0.0
India,IND,Andaman and Nicobar,AN,Union territory,2020,Electricity generation,Fuel,Gas,GWh,0.0
India,IND,Andaman and Nicobar,AN,Union territory,2020,Electricity generation,Fuel,Hydro,GWh,14.41
India,IND,Andaman and Nicobar,AN,Union territory,2020,Electricity generation,Fuel,Nuclear,GWh,0.0
India,IND,Andaman and Nicobar,AN,Union territory,2020,Electricity generation,Fuel,Other Fossil,GWh,126.22
India,IND,Andaman and Nicobar,AN,Union territory,2020,Electricity generation,Fuel,Other Renewables,GWh,0.0
India,IND,Andaman and Nicobar,AN,Union territory,2020,Electricity generation,Fuel,Solar,GWh,20.62
India,IND,Andaman and Nicobar,AN,Union territory,2020,Electricity generation,Fuel,Wind,GWh,0.0
India,IND,Andaman and Nicobar,AN,Union territory,2020,Electricity generation,Total,Total Generation,GWh,161.25
India,IND,Andaman and Nicobar,AN,Union territory,2020,Power sector emissions,CO2 intensity,CO2 intensity,gCO2/kWh,556.22
India,IND,Andaman and Nicobar,AN,Union territory,2020,Power sector emissions,Fuel,Bioenergy,%,0.0
India,IND,Andaman and Nicobar,AN,Union territory,2020,Power sector emissions,Fuel,Coal,%,0.0
India,IND,Andaman and Nicobar,AN,Union territory,2020,Power sector emissions,Fuel,Gas,%,0.0
India,IND,Andaman and Nicobar,AN,Union territory,2020,Power sector emissions,Fuel,Hydro,%,0.35
India,IND,Andaman and Nicobar,AN,Union territory,2020,Power sector emissions,Fuel,Nuclear,%,0.0
India,IND,Andaman and Nicobar,AN,Union territory,2020,Power sector emissions,Fuel,Other Fossil,%,88.35
India,IND,Andaman and Nicobar,AN,Union territory,2020,Power sector emissions,Fuel,Other Renewables,%,0.0
India,IND,Andaman and Nicobar,AN,Union territory,2020,Power sector emissions,Fuel,Solar,%,0.99
India,IND,Andaman and Nicobar,AN,Union territory,2020,Power sector emissions,Fuel,Wind,%,0.0
India,IND,Andaman and Nicobar,AN,Union territory,2020,Power sector emissions,Fuel,Bioenergy,ktCO2,0.0
India,IND,Andaman and Nicobar,AN,Union territory,2020,Power sector emissions,Fuel,Coal,ktCO2,0.0
India,IND,Andaman and Nicobar,AN,Union territory,2020,Power sector emissions,Fuel,Gas,ktCO2,0.0
India,IND,Andaman and Nicobar,AN,Union territory,2020,Power sector emissions,Fuel,Hydro,ktCO2,0.35
India,IND,Andaman and Nicobar,AN,Union territory,2020,Power sector emissions,Fuel,Nuclear,ktCO2,0.0
India,IND,Andaman and Nicobar,AN,Union territory,2020,Power sector emissions,Fuel,Other Fossil,ktCO2,88.35
India,IND,Andaman and Nicobar,AN,Union territory,2020,Power sector emissions,Fuel,Other Renewables,ktCO2,0.0
India,IND,Andaman and Nicobar,AN,Union territory,2020,Power sector emissions,Fuel,Solar,ktCO2,0.99
India,IND,Andaman and Nicobar,AN,Union territory,2020,Power sector emissions,Fuel,Wind,ktCO2,0.0
India,IND,Andaman and Nicobar,AN,Union territory,2020,Power sector emissions,Total,Total emissions,ktCO2,89.69
India,IND,Andaman and Nicobar,AN,Union territory,2021,Capacity,Fuel,Bioenergy,MW,0.0
India,IND,Andaman and Nicobar,AN,Union territory,2021,Capacity,Fuel,Coal,MW,0.0
India,IND,Andaman and Nicobar,AN,Union territory,2021,Capacity,Fuel,Gas,MW,0.0
India,IND,Andaman and Nicobar,AN,Union territory,2021,Capacity,Fuel,Hydro,MW,5.25
India,IND,Andaman and Nicobar,AN,Union territory,2021,Capacity,Fuel,Nuclear,MW,0.0
India,IND,Andaman and Nicobar,AN,Union territory,2021,Capacity,Fuel,Other Fossil,MW,40.05
India,IND,Andaman and Nicobar,AN,Union territory,2021,Capacity,Fuel,Other Renewables,MW,0.0
India,IND,Andaman and Nicobar,AN,Union territory,2021,Capacity,Fuel,Solar,MW,29.49
India,IND,Andaman and Nicobar,AN,Union territory,2021,Capacity,Fuel,Wind,MW,0.0
India,IND,Andaman and Nicobar,AN,Union territory,2021,Electricity generation,Fuel,Bioenergy,%,0.0
India,IND,Andaman and Nicobar,AN,Union territory,2021,Electricity generation,Fuel,Coal,%,0.0
India,IND,Andaman and Nicobar,AN,Union territory,2021,Electricity generation,Fuel,Gas,%,0.0
India,IND,Andaman and Nicobar,AN,Union territory,2021,Electricity generation,Fuel,Hydro,%,9.92
India,IND,Andaman and Nicobar,AN,Union territory,2021,Electricity generation,Fuel,Nuclear,%,0.0
India,IND,Andaman and Nicobar,AN,Union territory,2021,Electricity generation,Fuel,Other Fossil,%,72.93
India,IND,Andaman and Nicobar,AN,Union territory,2021,Electricity generation,Fuel,Other Renewables,%,0.0
India,IND,Andaman and Nicobar,AN,Union territory,2021,Electricity generation,Fuel,Solar,%,17.16
India,IND,Andaman and Nicobar,AN,Union territory,2021,Electricity generation,Fuel,Wind,%,0.0
India,IND,Andaman and Nicobar,AN,Union territory,2021,Electricity generation,Fuel,Bioenergy,GWh,0.0
India,IND,Andaman and Nicobar,AN,Union territory,2021,Electricity generation,Fuel,Coal,GWh,0.0
India,IND,Andaman and Nicobar,AN,Union territory,2021,Electricity generation,Fuel,Gas,GWh,0.0
India,IND,Andaman and Nicobar,AN,Union territory,2021,Electricity generation,Fuel,Hydro,GWh,12.98
India,IND,Andaman and Nicobar,AN,Union territory,2021,Electricity generation,Fuel,Nuclear,GWh,0.0
India,IND,Andaman and Nicobar,AN,Union territory,2021,Electricity generation,Fuel,Other Fossil,GWh,95.43
India,IND,Andaman and Nicobar,AN,Union territory,2021,Electricity generation,Fuel,Other Renewables,GWh,0.0
India,IND,Andaman and Nicobar,AN,Union territory,2021,Electricity generation,Fuel,Solar,GWh,22.45
India,IND,Andaman and Nicobar,AN,Union territory,2021,Electricity generation,Fuel,Wind,GWh,0.0
India,IND,Andaman and Nicobar,AN,Union territory,2021,Electricity generation,Total,Total Generation,GWh,130.86
India,IND,Andaman and Nicobar,AN,Union territory,2021,Power sector emissions,CO2 intensity,CO2 intensity,gCO2/kWh,521.09
India,IND,Andaman and Nicobar,AN,Union territory,2021,Power sector emissions,Fuel,Bioenergy,%,0.0
India,IND,Andaman and Nicobar,AN,Union territory,2021,Power sector emissions,Fuel,Coal,%,0.0
India,IND,Andaman and Nicobar,AN,Union territory,2021,Power sector emissions,Fuel,Gas,%,0.0
India,IND,Andaman and Nicobar,AN,Union territory,2021,Power sector emissions,Fuel,Hydro,%,0.31
India,IND,Andaman and Nicobar,AN,Union territory,2021,Power sector emissions,Fuel,Nuclear,%,0.0
India,IND,Andaman and Nicobar,AN,Union territory,2021,Power sector emissions,Fuel,Other Fossil,%,66.8
India,IND,Andaman and Nicobar,AN,Union territory,2021,Power sector emissions,Fuel,Other Renewables,%,0.0
India,IND,Andaman and Nicobar,AN,Union territory,2021,Power sector emissions,Fuel,Solar,%,1.08
India,IND,Andaman and Nicobar,AN,Union territory,2021,Power sector emissions,Fuel,Wind,%,0.0
India,IND,Andaman and Nicobar,AN,Union territory,2021,Power sector emissions,Fuel,Bioenergy,ktCO2,0.0
India,IND,Andaman and Nicobar,AN,Union territory,2021,Power sector emissions,Fuel,Coal,ktCO2,0.0
India,IND,Andaman and Nicobar,AN,Union territory,2021,Power sector emissions,Fuel,Gas,ktCO2,0.0
India,IND,Andaman and Nicobar,AN,Union territory,2021,Power sector emissions,Fuel,Hydro,ktCO2,0.31
India,IND,Andaman and Nicobar,AN,Union territory,2021,Power sector emissions,Fuel,Nuclear,ktCO2,0.0
India,IND,Andaman and Nicobar,AN,Union territory,2021,Power sector emissions,Fuel,Other Fossil,ktCO2,66.8
India,IND,Andaman and Nicobar,AN,Union territory,2021,Power sector emissions,Fuel,Other Renewables,ktCO2,0.0
India,IND,Andaman and Nicobar,AN,Union territory,2021,Power sector emissions,Fuel,Solar,ktCO2,1.08
India,IND,Andaman and Nicobar,AN,Union territory,2021,Power sector emissions,Fuel,Wind,ktCO2,0.0
India,IND,Andaman and Nicobar,AN,Union territory,2021,Power sector emissions,Total,Total emissions,ktCO2,68.19
India,IND,Andaman and Nicobar,AN,Union territory,2022,Capacity,Fuel,Bioenergy,MW,0.0
India,IND,Andaman and Nicobar,AN,Union territory,2022,Capacity,Fuel,Coal,MW,0.0
India,IND,Andaman and Nicobar,AN,Union territory,2022,Capacity,Fuel,Gas,MW,0.0
India,IND,Andaman and Nicobar,AN,Union territory,2022,Capacity,Fuel,Hydro,MW,5.25
India,IND,Andaman and Nicobar,AN,Union territory,2022,Capacity,Fuel,Nuclear,MW,0.0
India,IND,Andaman and Nicobar,AN,Union territory,2022,Capacity,Fuel,Other Fossil,MW,92.71
India,IND,Andaman and Nicobar,AN,Union territory,2022,Capacity,Fuel,Other Renewables,MW,
India,IND,Andaman and Nicobar,AN,Union territory,2022,Capacity,Fuel,Solar,MW,29.91
India,IND,Andaman and Nicobar,AN,Union territory,2022,Capacity,Fuel,Wind,MW,0.0
India,IND,Andaman and Nicobar,AN,Union territory,2022,Electricity generation,Fuel,Bioenergy,%,0.0
India,IND,Andaman and Nicobar,AN,Union territory,2022,Electricity generation,Fuel,Coal,%,0.0
India,IND,Andaman and Nicobar,AN,Union territory,2022,Electricity generation,Fuel,Gas,%,0.0
India,IND,Andaman and Nicobar,AN,Union territory,2022,Electricity generation,Fuel,Hydro,%,6.65
India,IND,Andaman and Nicobar,AN,Union territory,2022,Electricity generation,Fuel,Nuclear,%,0.0
India,IND,Andaman and Nicobar,AN,Union territory,2022,Electricity generation,Fuel,Other Fossil,%,82.43
India,IND,Andaman and Nicobar,AN,Union territory,2022,Electricity generation,Fuel,Other Renewables,%,0.0
India,IND,Andaman and Nicobar,AN,Union territory,2022,Electricity generation,Fuel,Solar,%,10.92
India,IND,Andaman and Nicobar,AN,Union territory,2022,Electricity generation,Fuel,Wind,%,0.0
India,IND,Andaman and Nicobar,AN,Union territory,2022,Electricity generation,Fuel,Bioenergy,GWh,0.0
India,IND,Andaman and Nicobar,AN,Union territory,2022,Electricity generation,Fuel,Coal,GWh,0.0
India,IND,Andaman and Nicobar,AN,Union territory,2022,Electricity generation,Fuel,Gas,GWh,0.0
India,IND,Andaman and Nicobar,AN,Union territory,2022,Electricity generation,Fuel,Hydro,GWh,14.29
India,IND,Andaman and Nicobar,AN,Union territory,2022,Electricity generation,Fuel,Nuclear,GWh,0.0
India,IND,Andaman and Nicobar,AN,Union territory,2022,Electricity generation,Fuel,Other Fossil,GWh,177.17
India,IND,Andaman and Nicobar,AN,Union territory,2022,Electricity generation,Fuel,Other Renewables,GWh,0.0
India,IND,Andaman and Nicobar,AN,Union territory,2022,Electricity generation,Fuel,Solar,GWh,23.47
India,IND,Andaman and Nicobar,AN,Union territory,2022,Electricity generation,Fuel,Wind,GWh,0.0
India,IND,Andaman and Nicobar,AN,Union territory,2022,Electricity generation,Total,Total Generation,GWh,214.93
India,IND,Andaman and Nicobar,AN,Union territory,2022,Power sector emissions,CO2 intensity,CO2 intensity,gCO2/kWh,583.87
India,IND,Andaman and Nicobar,AN,Union territory,2022,Power sector emissions,Fuel,Bioenergy,%,0.0
India,IND,Andaman and Nicobar,AN,Union territory,2022,Power sector emissions,Fuel,Coal,%,0.0
India,IND,Andaman and Nicobar,AN,Union territory,2022,Power sector emissions,Fuel,Gas,%,0.0
India,IND,Andaman and Nicobar,AN,Union territory,2022,Power sector emissions,Fuel,Hydro,%,0.34
India,IND,Andaman and Nicobar,AN,Union territory,2022,Power sector emissions,Fuel,Nuclear,%,0.0
India,IND,Andaman and Nicobar,AN,Union territory,2022,Power sector emissions,Fuel,Other Fossil,%,124.02
India,IND,Andaman and Nicobar,AN,Union territory,2022,Power sector emissions,Fuel,Other Renewables,%,0.0
India,IND,Andaman and Nicobar,AN,Union territory,2022,Power sector emissions,Fuel,Solar,%,1.13
India,IND,Andaman and Nicobar,AN,Union territory,2022,Power sector emissions,Fuel,Wind,%,0.0
India,IND,Andaman and Nicobar,AN,Union territory,2022,Power sector emissions,Fuel,Bioenergy,ktCO2,0.0
India,IND,Andaman and Nicobar,AN,Union territory,2022,Power sector emissions,Fuel,Coal,ktCO2,0.0
India,IND,Andaman and Nicobar,AN,Union territory,2022,Power sector emissions,Fuel,Gas,ktCO2,0.0
India,IND,Andaman and Nicobar,AN,Union territory,2022,Power sector emissions,Fuel,Hydro,ktCO2,0.34
India,IND,Andaman and Nicobar,AN,Union territory,2022,Power sector emissions,Fuel,Nuclear,ktCO2,0.0
India,IND,Andaman and Nicobar,AN,Union territory,2022,Power sector emissions,Fuel,Other Fossil,ktCO2,124.02
India,IND,Andaman and Nicobar,AN,Union territory,2022,Power sector emissions,Fuel,Other Renewables,ktCO2,0.0
India,IND,Andaman and Nicobar,AN,Union territory,2022,Power sector emissions,Fuel,Solar,ktCO2,1.13
India,IND,Andaman and Nicobar,AN,Union territory,2022,Power sector emissions,Fuel,Wind,ktCO2,0.0
India,IND,Andaman and Nicobar,AN,Union territory,2022,Power sector emissions,Total,Total emissions,ktCO2,125.49
India,IND,Andaman and Nicobar,AN,Union territory,2023,Capacity,Fuel,Bioenergy,MW,0.0
India,IND,Andaman and Nicobar,AN,Union territory,2023,Capacity,Fuel,Coal,MW,0.0
India,IND,Andaman and Nicobar,AN,Union territory,2023,Capacity,Fuel,Gas,MW,0.0
India,IND,Andaman and Nicobar,AN,Union territory,2023,Capacity,Fuel,Hydro,MW,5.25
India,IND,Andaman and Nicobar,AN,Union territory,2023,Capacity,Fuel,Nuclear,MW,0.0
India,IND,Andaman and Nicobar,AN,Union territory,2023,Capacity,Fuel,Other Fossil,MW,92.71
India,IND,Andaman and Nicobar,AN,Union territory,2023,Capacity,Fuel,Other Renewables,MW,
India,IND,Andaman and Nicobar,AN,Union territory,2023,Capacity,Fuel,Solar,MW,29.91
India,IND,Andaman and Nicobar,AN,Union territory,2023,Capacity,Fuel,Wind,MW,0.0
India,IND,Andaman and Nicobar,AN,Union territory,2023,Electricity generation,Fuel,Bioenergy,%,0.0
India,IND,Andaman and Nicobar,AN,Union territory,2023,Electricity generation,Fuel,Coal,%,0.0
India,IND,Andaman and Nicobar,AN,Union territory,2023,Electricity generation,Fuel,Gas,%,0.0
India,IND,Andaman and Nicobar,AN,Union territory,2023,Electricity generation,Fuel,Hydro,%,3.07
India,IND,Andaman and Nicobar,AN,Union territory,2023,Electricity generation,Fuel,Nuclear,%,0.0
India,IND,Andaman and Nicobar,AN,Union territory,2023,Electricity generation,Fuel,Other Fossil,%,90.29
India,IND,Andaman and Nicobar,AN,Union territory,2023,Electricity generation,Fuel,Other Renewables,%,0.0
India,IND,Andaman and Nicobar,AN,Union territory,2023,Electricity generation,Fuel,Solar,%,6.65
India,IND,Andaman and Nicobar,AN,Union territory,2023,Electricity generation,Fuel,Wind,%,0.0
India,IND,Andaman and Nicobar,AN,Union territory,2023,Electricity generation,Fuel,Bioenergy,GWh,0.0
India,IND,Andaman and Nicobar,AN,Union territory,2023,Electricity generation,Fuel,Coal,GWh,0.0
India,IND,Andaman and Nicobar,AN,Union territory,2023,Electricity generation,Fuel,Gas,GWh,0.0
India,IND,Andaman and Nicobar,AN,Union territory,2023,Electricity generation,Fuel,Hydro,GWh,11.3
India,IND,Andaman and Nicobar,AN,Union territory,2023,Electricity generation,Fuel,Nuclear,GWh,0.0
India,IND,Andaman and Nicobar,AN,Union territory,2023,Electricity generation,Fuel,Other Fossil,GWh,332.49
India,IND,Andaman and Nicobar,AN,Union territory,2023,Electricity generation,Fuel,Other Renewables,GWh,0.0
India,IND,Andaman and Nicobar,AN,Union territory,2023,Electricity generation,Fuel,Solar,GWh,24.47
India,IND,Andaman and Nicobar,AN,Union territory,2023,Electricity generation,Fuel,Wind,GWh,0.0
India,IND,Andaman and Nicobar,AN,Union territory,2023,Electricity generation,Total,Total Generation,GWh,368.26
India,IND,Andaman and Nicobar,AN,Union territory,2023,Power sector emissions,CO2 intensity,CO2 intensity,gCO2/kWh,635.91
India,IND,Andaman and Nicobar,AN,Union territory,2023,Power sector emissions,Fuel,Bioenergy,%,0.0
India,IND,Andaman and Nicobar,AN,Union territory,2023,Power sector emissions,Fuel,Coal,%,0.0
India,IND,Andaman and Nicobar,AN,Union territory,2023,Power sector emissions,Fuel,Gas,%,0.0
India,IND,Andaman and Nicobar,AN,Union territory,2023,Power sector emissions,Fuel,Hydro,%,0.27
India,IND,Andaman and Nicobar,AN,Union territory,2023,Power sector emissions,Fuel,Nuclear,%,0.0
India,IND,Andaman and Nicobar,AN,Union territory,2023,Power sector emissions,Fuel,Other Fossil,%,232.74
India,IND,Andaman and Nicobar,AN,Union territory,2023,Power sector emissions,Fuel,Other Renewables,%,0.0
India,IND,Andaman and Nicobar,AN,Union territory,2023,Power sector emissions,Fuel,Solar,%,1.17
India,IND,Andaman and Nicobar,AN,Union territory,2023,Power sector emissions,Fuel,Wind,%,0.0
India,IND,Andaman and Nicobar,AN,Union territory,2023,Power sector emissions,Fuel,Bioenergy,ktCO2,0.0
India,IND,Andaman and Nicobar,AN,Union territory,2023,Power sector emissions,Fuel,Coal,ktCO2,0.0
India,IND,Andaman and Nicobar,AN,Union territory,2023,Power sector emissions,Fuel,Gas,ktCO2,0.0
India,IND,Andaman and Nicobar,AN,Union territory,2023,Power sector emissions,Fuel,Hydro,ktCO2,0.27
India,IND,Andaman and Nicobar,AN,Union territory,2023,Power sector emissions,Fuel,Nuclear,ktCO2,0.0
India,IND,Andaman and Nicobar,AN,Union territory,2023,Power sector emissions,Fuel,Other Fossil,ktCO2,232.74
India,IND,Andaman and Nicobar,AN,Union territory,2023,Power sector emissions,Fuel,Other Renewables,ktCO2,0.0
India,IND,Andaman and Nicobar,AN,Union territory,2023,Power sector emissions,Fuel,Solar,ktCO2,1.17
India,IND,Andaman and Nicobar,AN,Union territory,2023,Power sector emissions,Fuel,Wind,ktCO2,0.0
India,IND,Andaman and Nicobar,AN,Union territory,2023,Power sector emissions,Total,Total emissions,ktCO2,234.18
India,IND,Andaman and Nicobar,AN,Union territory,2024,Capacity,Fuel,Bioenergy,MW,0.0
India,IND,Andaman and Nicobar,AN,Union territory,2024,Capacity,Fuel,Coal,MW,0.0
India,IND,Andaman and Nicobar,AN,Union territory,2024,Capacity,Fuel,Gas,MW,0.0
India,IND,Andaman and Nicobar,AN,Union territory,2024,Capacity,Fuel,Hydro,MW,5.25
India,IND,Andaman and Nicobar,AN,Union territory,2024,Capacity,Fuel,Nuclear,MW,0.0
India,IND,Andaman and Nicobar,AN,Union territory,2024,Capacity,Fuel,Other Fossil,MW,92.71
India,IND,Andaman and Nicobar,AN,Union territory,2024,Capacity,Fuel,Other Renewables,MW,
India,IND,Andaman and Nicobar,AN,Union territory,2024,Capacity,Fuel,Solar,MW,29.91
India,IND,Andaman and Nicobar,AN,Union territory,2024,Capacity,Fuel,Wind,MW,0.0
India,IND,Andaman and Nicobar,AN,Union territory,2024,Electricity generation,Fuel,Bioenergy,%,0.0
India,IND,Andaman and Nicobar,AN,Union territory,2024,Electricity generation,Fuel,Coal,%,0.0
India,IND,Andaman and Nicobar,AN,Union territory,2024,Electricity generation,Fuel,Gas,%,0.0
India,IND,Andaman and Nicobar,AN,Union territory,2024,Electricity generation,Fuel,Hydro,%,3.83
India,IND,Andaman and Nicobar,AN,Union territory,2024,Electricity generation,Fuel,Nuclear,%,0.0
India,IND,Andaman and Nicobar,AN,Union territory,2024,Electricity generation,Fuel,Other Fossil,%,89.36
India,IND,Andaman and Nicobar,AN,Union territory,2024,Electricity generation,Fuel,Other Renewables,%,0.0
India,IND,Andaman and Nicobar,AN,Union territory,2024,Electricity generation,Fuel,Solar,%,6.81
India,IND,Andaman and Nicobar,AN,Union territory,2024,Electricity generation,Fuel,Wind,%,0.0
India,IND,Andaman and Nicobar,AN,Union territory,2024,Electricity generation,Fuel,Bioenergy,GWh,0.0
India,IND,Andaman and Nicobar,AN,Union territory,2024,Electricity generation,Fuel,Coal,GWh,0.0
India,IND,Andaman and Nicobar,AN,Union territory,2024,Electricity generation,Fuel,Gas,GWh,0.0
India,IND,Andaman and Nicobar,AN,Union territory,2024,Electricity generation,Fuel,Hydro,GWh,15.5
India,IND,Andaman and Nicobar,AN,Union territory,2024,Electricity generation,Fuel,Nuclear,GWh,0.0
India,IND,Andaman and Nicobar,AN,Union territory,2024,Electricity generation,Fuel,Other Fossil,GWh,361.4
India,IND,Andaman and Nicobar,AN,Union territory,2024,Electricity generation,Fuel,Other Renewables,GWh,0.0
India,IND,Andaman and Nicobar,AN,Union territory,2024,Electricity generation,Fuel,Solar,GWh,27.53
India,IND,Andaman and Nicobar,AN,Union territory,2024,Electricity generation,Fuel,Wind,GWh,0.0
India,IND,Andaman and Nicobar,AN,Union territory,2024,Electricity generation,Total,Total Generation,GWh,404.43
India,IND,Andaman and Nicobar,AN,Union territory,2024,Power sector emissions,CO2 intensity,CO2 intensity,gCO2/kWh,629.7
India,IND,Andaman and Nicobar,AN,Union territory,2024,Power sector emissions,Fuel,Bioenergy,%,0.0
India,IND,Andaman and Nicobar,AN,Union territory,2024,Power sector emissions,Fuel,Coal,%,0.0
India,IND,Andaman and Nicobar,AN,Union territory,2024,Power sector emissions,Fuel,Gas,%,0.0
India,IND,Andaman and Nicobar,AN,Union territory,2024,Power sector emissions,Fuel,Hydro,%,0.37
India,IND,Andaman and Nicobar,AN,Union territory,2024,Power sector emissions,Fuel,Nuclear,%,0.0
India,IND,Andaman and Nicobar,AN,Union territory,2024,Power sector emissions,Fuel,Other Fossil,%,252.98
India,IND,Andaman and Nicobar,AN,Union territory,2024,Power sector emissions,Fuel,Other Renewables,%,0.0
India,IND,Andaman and Nicobar,AN,Union territory,2024,Power sector emissions,Fuel,Solar,%,1.32
India,IND,Andaman and Nicobar,AN,Union territory,2024,Power sector emissions,Fuel,Wind,%,0.0
India,IND,Andaman and Nicobar,AN,Union territory,2024,Power sector emissions,Fuel,Bioenergy,ktCO2,0.0
India,IND,Andaman and Nicobar,AN,Union territory,2024,Power sector emissions,Fuel,Coal,ktCO2,0.0
India,IND,Andaman and Nicobar,AN,Union territory,2024,Power sector emissions,Fuel,Gas,ktCO2,0.0
India,IND,Andaman and Nicobar,AN,Union territory,2024,Power sector emissions,Fuel,Hydro,ktCO2,0.37
India,IND,Andaman and Nicobar,AN,Union territory,2024,Power sector emissions,Fuel,Nuclear,ktCO2,0.0
India,IND,Andaman and Nicobar,AN,Union territory,2024,Power sector emissions,Fuel,Other Fossil,ktCO2,252.98
India,IND,Andaman and Nicobar,AN,Union territory,2024,Power sector emissions,Fuel,Other Renewables,ktCO2,0.0
India,IND,Andaman and Nicobar,AN,Union territory,2024,Power sector emissions,Fuel,Solar,ktCO2,1.32
India,IND,Andaman and Nicobar,AN,Union territory,2024,Power sector emissions,Fuel,Wind,ktCO2,0.0
India,IND,Andaman and Nicobar,AN,Union territory,2024,Power sector emissions,Total,Total emissions,ktCO2,254.67
India,IND,Andhra Pradesh,AP,state,2019,Capacity,Fuel,Bioenergy,MW,500.34
India,IND,Andhra Pradesh,AP,state,2019,Capacity,Fuel,Coal,MW,11590.0
India,IND,Andhra Pradesh,AP,state,2019,Capacity,Fuel,Gas,MW,4898.54
India,IND,Andhra Pradesh,AP,state,2019,Capacity,Fuel,Hydro,MW,1772.11
India,IND,Andhra Pradesh,AP,state,2019,Capacity,Fuel,Nuclear,MW,0.0
India,IND,Andhra Pradesh,AP,state,2019,Capacity,Fuel,Other Fossil,MW,36.8
India,IND,Andhra Pradesh,AP,state,2019,Capacity,Fuel,Other Renewables,MW,0.0
India,IND,Andhra Pradesh,AP,state,2019,Capacity,Fuel,Solar,MW,3559.02
India,IND,Andhra Pradesh,AP,state,2019,Capacity,Fuel,Wind,MW,4092.45
India,IND,Andhra Pradesh,AP,state,2019,Electricity generation,Fuel,Bioenergy,%,0.34
India,IND,Andhra Pradesh,AP,state,2019,Electricity generation,Fuel,Coal,%,74.06
India,IND,Andhra Pradesh,AP,state,2019,Electricity generation,Fuel,Gas,%,3.91
India,IND,Andhra Pradesh,AP,state,2019,Electricity generation,Fuel,Hydro,%,4.1
India,IND,Andhra Pradesh,AP,state,2019,Electricity generation,Fuel,Nuclear,%,0.0
India,IND,Andhra Pradesh,AP,state,2019,Electricity generation,Fuel,Other Fossil,%,0.0
India,IND,Andhra Pradesh,AP,state,2019,Electricity generation,Fuel,Other Renewables,%,0.01
India,IND,Andhra Pradesh,AP,state,2019,Electricity generation,Fuel,Solar,%,7.24
India,IND,Andhra Pradesh,AP,state,2019,Electricity generation,Fuel,Wind,%,10.34
India,IND,Andhra Pradesh,AP,state,2019,Electricity generation,Fuel,Bioenergy,GWh,260.99
India,IND,Andhra Pradesh,AP,state,2019,Electricity generation,Fuel,Coal,GWh,56674.98
India,IND,Andhra Pradesh,AP,state,2019,Electricity generation,Fuel,Gas,GWh,2995.04
India,IND,Andhra Pradesh,AP,state,2019,Electricity generation,Fuel,Hydro,GWh,3133.97
India,IND,Andhra Pradesh,AP,state,2019,Electricity generation,Fuel,Nuclear,GWh,0.0
India,IND,Andhra Pradesh,AP,state,2019,Electricity generation,Fuel,Other Fossil,GWh,0.0
India,IND,Andhra Pradesh,AP,state,2019,Electricity generation,Fuel,Other Renewables,GWh,7.28
India,IND,Andhra Pradesh,AP,state,2019,Electricity generation,Fuel,Solar,GWh,5544.21
India,IND,Andhra Pradesh,AP,state,2019,Electricity generation,Fuel,Wind,GWh,7911.17
India,IND,Andhra Pradesh,AP,state,2019,Electricity generation,Total,Total Generation,GWh,76527.64
India,IND,Andhra Pradesh,AP,state,2019,Power sector emissions,CO2 intensity,CO2 intensity,gCO2/kWh,632.84
India,IND,Andhra Pradesh,AP,state,2019,Power sector emissions,Fuel,Bioenergy,%,60.03
India,IND,Andhra Pradesh,AP,state,2019,Power sector emissions,Fuel,Coal,%,46473.48
India,IND,Andhra Pradesh,AP,state,2019,Power sector emissions,Fuel,Gas,%,1467.57
India,IND,Andhra Pradesh,AP,state,2019,Power sector emissions,Fuel,Hydro,%,75.22
India,IND,Andhra Pradesh,AP,state,2019,Power sector emissions,Fuel,Nuclear,%,0.0
India,IND,Andhra Pradesh,AP,state,2019,Power sector emissions,Fuel,Other Fossil,%,0.0
India,IND,Andhra Pradesh,AP,state,2019,Power sector emissions,Fuel,Other Renewables,%,0.28
India,IND,Andhra Pradesh,AP,state,2019,Power sector emissions,Fuel,Solar,%,266.12
India,IND,Andhra Pradesh,AP,state,2019,Power sector emissions,Fuel,Wind,%,87.02
India,IND,Andhra Pradesh,AP,state,2019,Power sector emissions,Fuel,Bioenergy,ktCO2,60.03
India,IND,Andhra Pradesh,AP,state,2019,Power sector emissions,Fuel,Coal,ktCO2,46473.48
India,IND,Andhra Pradesh,AP,state,2019,Power sector emissions,Fuel,Gas,ktCO2,1467.57
India,IND,Andhra Pradesh,AP,state,2019,Power sector emissions,Fuel,Hydro,ktCO2,75.22
India,IND,Andhra Pradesh,AP,state,2019,Power sector emissions,Fuel,Nuclear,ktCO2,0.0
India,IND,Andhra Pradesh,AP,state,2019,Power sector emissions,Fuel,Other Fossil,ktCO2,0.0
India,IND,Andhra Pradesh,AP,state,2019,Power sector emissions,Fuel,Other Renewables,ktCO2,0.28
India,IND,Andhra Pradesh,AP,state,2019,Power sector emissions,Fuel,Solar,ktCO2,266.12
India,IND,Andhra Pradesh,AP,state,2019,Power sector emissions,Fuel,Wind,ktCO2,87.02
India,IND,Andhra Pradesh,AP,state,2019,Power sector emissions,Total,Total emissions,ktCO2,48429.72
India,IND,Andhra Pradesh,AP,state,2020,Capacity,Fuel,Bioenergy,MW,506.83
India,IND,Andhra Pradesh,AP,state,2020,Capacity,Fuel,Coal,MW,11590.0
India,IND,Andhra Pradesh,AP,state,2020,Capacity,Fuel,Gas,MW,4898.54
India,IND,Andhra Pradesh,AP,state,2020,Capacity,Fuel,Hydro,MW,1772.11
India,IND,Andhra Pradesh,AP,state,2020,Capacity,Fuel,Nuclear,MW,0.0
India,IND,Andhra Pradesh,AP,state,2020,Capacity,Fuel,Other Fossil,MW,36.8
India,IND,Andhra Pradesh,AP,state,2020,Capacity,Fuel,Other Renewables,MW,0.0
India,IND,Andhra Pradesh,AP,state,2020,Capacity,Fuel,Solar,MW,3844.17
India,IND,Andhra Pradesh,AP,state,2020,Capacity,Fuel,Wind,MW,4092.45
India,IND,Andhra Pradesh,AP,state,2020,Electricity generation,Fuel,Bioenergy,%,0.31
India,IND,Andhra Pradesh,AP,state,2020,Electricity generation,Fuel,Coal,%,68.6
India,IND,Andhra Pradesh,AP,state,2020,Electricity generation,Fuel,Gas,%,5.41
India,IND,Andhra Pradesh,AP,state,2020,Electricity generation,Fuel,Hydro,%,5.56
India,IND,Andhra Pradesh,AP,state,2020,Electricity generation,Fuel,Nuclear,%,0.0
India,IND,Andhra Pradesh,AP,state,2020,Electricity generation,Fuel,Other Fossil,%,0.0
India,IND,Andhra Pradesh,AP,state,2020,Electricity generation,Fuel,Other Renewables,%,0.06
India,IND,Andhra Pradesh,AP,state,2020,Electricity generation,Fuel,Solar,%,10.17
India,IND,Andhra Pradesh,AP,state,2020,Electricity generation,Fuel,Wind,%,9.89
India,IND,Andhra Pradesh,AP,state,2020,Electricity generation,Fuel,Bioenergy,GWh,200.57
India,IND,Andhra Pradesh,AP,state,2020,Electricity generation,Fuel,Coal,GWh,44290.94
India,IND,Andhra Pradesh,AP,state,2020,Electricity generation,Fuel,Gas,GWh,3494.37
India,IND,Andhra Pradesh,AP,state,2020,Electricity generation,Fuel,Hydro,GWh,3588.07
India,IND,Andhra Pradesh,AP,state,2020,Electricity generation,Fuel,Nuclear,GWh,0.0
India,IND,Andhra Pradesh,AP,state,2020,Electricity generation,Fuel,Other Fossil,GWh,0.0
India,IND,Andhra Pradesh,AP,state,2020,Electricity generation,Fuel,Other Renewables,GWh,38.27
India,IND,Andhra Pradesh,AP,state,2020,Electricity generation,Fuel,Solar,GWh,6566.31
India,IND,Andhra Pradesh,AP,state,2020,Electricity generation,Fuel,Wind,GWh,6381.84
India,IND,Andhra Pradesh,AP,state,2020,Electricity generation,Total,Total Generation,GWh,64560.37
India,IND,Andhra Pradesh,AP,state,2020,Power sector emissions,CO2 intensity,CO2 intensity,gCO2/kWh,597.11
India,IND,Andhra Pradesh,AP,state,2020,Power sector emissions,Fuel,Bioenergy,%,46.13
India,IND,Andhra Pradesh,AP,state,2020,Power sector emissions,Fuel,Coal,%,36318.57
India,IND,Andhra Pradesh,AP,state,2020,Power sector emissions,Fuel,Gas,%,1712.24
India,IND,Andhra Pradesh,AP,state,2020,Power sector emissions,Fuel,Hydro,%,86.11
India,IND,Andhra Pradesh,AP,state,2020,Power sector emissions,Fuel,Nuclear,%,0.0
India,IND,Andhra Pradesh,AP,state,2020,Power sector emissions,Fuel,Other Fossil,%,0.0
India,IND,Andhra Pradesh,AP,state,2020,Power sector emissions,Fuel,Other Renewables,%,1.45
India,IND,Andhra Pradesh,AP,state,2020,Power sector emissions,Fuel,Solar,%,315.18
India,IND,Andhra Pradesh,AP,state,2020,Power sector emissions,Fuel,Wind,%,70.2
India,IND,Andhra Pradesh,AP,state,2020,Power sector emissions,Fuel,Bioenergy,ktCO2,46.13
India,IND,Andhra Pradesh,AP,state,2020,Power sector emissions,Fuel,Coal,ktCO2,36318.57
India,IND,Andhra Pradesh,AP,state,2020,Power sector emissions,Fuel,Gas,ktCO2,1712.24
India,IND,Andhra Pradesh,AP,state,2020,Power sector emissions,Fuel,Hydro,ktCO2,86.11
India,IND,Andhra Pradesh,AP,state,2020,Power sector emissions,Fuel,Nuclear,ktCO2,0.0
India,IND,Andhra Pradesh,AP,state,2020,Power sector emissions,Fuel,Other Fossil,ktCO2,0.0
India,IND,Andhra Pradesh,AP,state,2020,Power sector emissions,Fuel,Other Renewables,ktCO2,1.45
India,IND,Andhra Pradesh,AP,state,2020,Power sector emissions,Fuel,Solar,ktCO2,315.18
India,IND,Andhra Pradesh,AP,state,2020,Power sector emissions,Fuel,Wind,ktCO2,70.2
India,IND,Andhra Pradesh,AP,state,2020,Power sector emissions,Total,Total emissions,ktCO2,38549.88
India,IND,Andhra Pradesh,AP,state,2021,Capacity,Fuel,Bioenergy,MW,551.04
India,IND,Andhra Pradesh,AP,state,2021,Capacity,Fuel,Coal,MW,11590.0
India,IND,Andhra Pradesh,AP,state,2021,Capacity,Fuel,Gas,MW,4898.54
India,IND,Andhra Pradesh,AP,state,2021,Capacity,Fuel,Hydro,MW,1772.11
India,IND,Andhra Pradesh,AP,state,2021,Capacity,Fuel,Nuclear,MW,0.0
India,IND,Andhra Pradesh,AP,state,2021,Capacity,Fuel,Other Fossil,MW,36.8
India,IND,Andhra Pradesh,AP,state,2021,Capacity,Fuel,Other Renewables,MW,0.0
India,IND,Andhra Pradesh,AP,state,2021,Capacity,Fuel,Solar,MW,4383.58
India,IND,Andhra Pradesh,AP,state,2021,Capacity,Fuel,Wind,MW,4096.65
India,IND,Andhra Pradesh,AP,state,2021,Electricity generation,Fuel,Bioenergy,%,0.24
India,IND,Andhra Pradesh,AP,state,2021,Electricity generation,Fuel,Coal,%,71.62
India,IND,Andhra Pradesh,AP,state,2021,Electricity generation,Fuel,Gas,%,3.25
India,IND,Andhra Pradesh,AP,state,2021,Electricity generation,Fuel,Hydro,%,4.82
India,IND,Andhra Pradesh,AP,state,2021,Electricity generation,Fuel,Nuclear,%,0.0
India,IND,Andhra Pradesh,AP,state,2021,Electricity generation,Fuel,Other Fossil,%,0.0
India,IND,Andhra Pradesh,AP,state,2021,Electricity generation,Fuel,Other Renewables,%,0.14
India,IND,Andhra Pradesh,AP,state,2021,Electricity generation,Fuel,Solar,%,10.31
India,IND,Andhra Pradesh,AP,state,2021,Electricity generation,Fuel,Wind,%,9.61
India,IND,Andhra Pradesh,AP,state,2021,Electricity generation,Fuel,Bioenergy,GWh,183.93
India,IND,Andhra Pradesh,AP,state,2021,Electricity generation,Fuel,Coal,GWh,53958.91
India,IND,Andhra Pradesh,AP,state,2021,Electricity generation,Fuel,Gas,GWh,2450.25
India,IND,Andhra Pradesh,AP,state,2021,Electricity generation,Fuel,Hydro,GWh,3630.57
India,IND,Andhra Pradesh,AP,state,2021,Electricity generation,Fuel,Nuclear,GWh,0.0
India,IND,Andhra Pradesh,AP,state,2021,Electricity generation,Fuel,Other Fossil,GWh,0.0
India,IND,Andhra Pradesh,AP,state,2021,Electricity generation,Fuel,Other Renewables,GWh,107.7
India,IND,Andhra Pradesh,AP,state,2021,Electricity generation,Fuel,Solar,GWh,7764.92
India,IND,Andhra Pradesh,AP,state,2021,Electricity generation,Fuel,Wind,GWh,7243.53
India,IND,Andhra Pradesh,AP,state,2021,Electricity generation,Total,Total Generation,GWh,75339.81
India,IND,Andhra Pradesh,AP,state,2021,Power sector emissions,CO2 intensity,CO2 intensity,gCO2/kWh,611.0
India,IND,Andhra Pradesh,AP,state,2021,Power sector emissions,Fuel,Bioenergy,%,42.3
India,IND,Andhra Pradesh,AP,state,2021,Power sector emissions,Fuel,Coal,%,44246.31
India,IND,Andhra Pradesh,AP,state,2021,Power sector emissions,Fuel,Gas,%,1200.62
India,IND,Andhra Pradesh,AP,state,2021,Power sector emissions,Fuel,Hydro,%,87.13
India,IND,Andhra Pradesh,AP,state,2021,Power sector emissions,Fuel,Nuclear,%,0.0
India,IND,Andhra Pradesh,AP,state,2021,Power sector emissions,Fuel,Other Fossil,%,0.0
India,IND,Andhra Pradesh,AP,state,2021,Power sector emissions,Fuel,Other Renewables,%,4.09
India,IND,Andhra Pradesh,AP,state,2021,Power sector emissions,Fuel,Solar,%,372.72
India,IND,Andhra Pradesh,AP,state,2021,Power sector emissions,Fuel,Wind,%,79.68
India,IND,Andhra Pradesh,AP,state,2021,Power sector emissions,Fuel,Bioenergy,ktCO2,42.3
India,IND,Andhra Pradesh,AP,state,2021,Power sector emissions,Fuel,Coal,ktCO2,44246.31
India,IND,Andhra Pradesh,AP,state,2021,Power sector emissions,Fuel,Gas,ktCO2,1200.62
India,IND,Andhra Pradesh,AP,state,2021,Power sector emissions,Fuel,Hydro,ktCO2,87.13
India,IND,Andhra Pradesh,AP,state,2021,Power sector emissions,Fuel,Nuclear,ktCO2,0.0
India,IND,Andhra Pradesh,AP,state,2021,Power sector emissions,Fuel,Other Fossil,ktCO2,0.0
India,IND,Andhra Pradesh,AP,state,2021,Power sector emissions,Fuel,Other Renewables,ktCO2,4.09
India,IND,Andhra Pradesh,AP,state,2021,Power sector emissions,Fuel,Solar,ktCO2,372.72
India,IND,Andhra Pradesh,AP,state,2021,Power sector emissions,Fuel,Wind,ktCO2,79.68
India,IND,Andhra Pradesh,AP,state,2021,Power sector emissions,Total,Total emissions,ktCO2,46032.85
India,IND,Andhra Pradesh,AP,state,2022,Capacity,Fuel,Bioenergy,MW,566.04
India,IND,Andhra Pradesh,AP,state,2022,Capacity,Fuel,Coal,MW,11590.0
India,IND,Andhra Pradesh,AP,state,2022,Capacity,Fuel,Gas,MW,4898.54
India,IND,Andhra Pradesh,AP,state,2022,Capacity,Fuel,Hydro,MW,1772.11
India,IND,Andhra Pradesh,AP,state,2022,Capacity,Fuel,Nuclear,MW,0.0
India,IND,Andhra Pradesh,AP,state,2022,Capacity,Fuel,Other Fossil,MW,36.8
India,IND,Andhra Pradesh,AP,state,2022,Capacity,Fuel,Other Renewables,MW,
India,IND,Andhra Pradesh,AP,state,2022,Capacity,Fuel,Solar,MW,4524.72
India,IND,Andhra Pradesh,AP,state,2022,Capacity,Fuel,Wind,MW,4096.65
India,IND,Andhra Pradesh,AP,state,2022,Electricity generation,Fuel,Bioenergy,%,0.22
India,IND,Andhra Pradesh,AP,state,2022,Electricity generation,Fuel,Coal,%,74.03
India,IND,Andhra Pradesh,AP,state,2022,Electricity generation,Fuel,Gas,%,1.21
India,IND,Andhra Pradesh,AP,state,2022,Electricity generation,Fuel,Hydro,%,5.09
India,IND,Andhra Pradesh,AP,state,2022,Electricity generation,Fuel,Nuclear,%,0.0
India,IND,Andhra Pradesh,AP,state,2022,Electricity generation,Fuel,Other Fossil,%,0.0
India,IND,Andhra Pradesh,AP,state,2022,Electricity generation,Fuel,Other Renewables,%,0.33
India,IND,Andhra Pradesh,AP,state,2022,Electricity generation,Fuel,Solar,%,9.98
India,IND,Andhra Pradesh,AP,state,2022,Electricity generation,Fuel,Wind,%,9.14
India,IND,Andhra Pradesh,AP,state,2022,Electricity generation,Fuel,Bioenergy,GWh,176.79
India,IND,Andhra Pradesh,AP,state,2022,Electricity generation,Fuel,Coal,GWh,59458.07
India,IND,Andhra Pradesh,AP,state,2022,Electricity generation,Fuel,Gas,GWh,969.93
India,IND,Andhra Pradesh,AP,state,2022,Electricity generation,Fuel,Hydro,GWh,4088.55
India,IND,Andhra Pradesh,AP,state,2022,Electricity generation,Fuel,Nuclear,GWh,0.0
India,IND,Andhra Pradesh,AP,state,2022,Electricity generation,Fuel,Other Fossil,GWh,0.0
India,IND,Andhra Pradesh,AP,state,2022,Electricity generation,Fuel,Other Renewables,GWh,261.78
India,IND,Andhra Pradesh,AP,state,2022,Electricity generation,Fuel,Solar,GWh,8016.28
India,IND,Andhra Pradesh,AP,state,2022,Electricity generation,Fuel,Wind,GWh,7342.75
India,IND,Andhra Pradesh,AP,state,2022,Electricity generation,Total,Total Generation,GWh,80314.15
India,IND,Andhra Pradesh,AP,state,2022,Power sector emissions,CO2 intensity,CO2 intensity,gCO2/kWh,620.63
India,IND,Andhra Pradesh,AP,state,2022,Power sector emissions,Fuel,Bioenergy,%,40.66
India,IND,Andhra Pradesh,AP,state,2022,Power sector emissions,Fuel,Coal,%,48755.62
India,IND,Andhra Pradesh,AP,state,2022,Power sector emissions,Fuel,Gas,%,475.27
India,IND,Andhra Pradesh,AP,state,2022,Power sector emissions,Fuel,Hydro,%,98.13
India,IND,Andhra Pradesh,AP,state,2022,Power sector emissions,Fuel,Nuclear,%,0.0
India,IND,Andhra Pradesh,AP,state,2022,Power sector emissions,Fuel,Other Fossil,%,0.0
India,IND,Andhra Pradesh,AP,state,2022,Power sector emissions,Fuel,Other Renewables,%,9.95
India,IND,Andhra Pradesh,AP,state,2022,Power sector emissions,Fuel,Solar,%,384.78
India,IND,Andhra Pradesh,AP,state,2022,Power sector emissions,Fuel,Wind,%,80.77
India,IND,Andhra Pradesh,AP,state,2022,Power sector emissions,Fuel,Bioenergy,ktCO2,40.66
India,IND,Andhra Pradesh,AP,state,2022,Power sector emissions,Fuel,Coal,ktCO2,48755.62
India,IND,Andhra Pradesh,AP,state,2022,Power sector emissions,Fuel,Gas,ktCO2,475.27
India,IND,Andhra Pradesh,AP,state,2022,Power sector emissions,Fuel,Hydro,ktCO2,98.13
India,IND,Andhra Pradesh,AP,state,2022,Power sector emissions,Fuel,Nuclear,ktCO2,0.0
India,IND,Andhra Pradesh,AP,state,2022,Power sector emissions,Fuel,Other Fossil,ktCO2,0.0
India,IND,Andhra Pradesh,AP,state,2022,Power sector emissions,Fuel,Other Renewables,ktCO2,9.95
India,IND,Andhra Pradesh,AP,state,2022,Power sector emissions,Fuel,Solar,ktCO2,384.78
India,IND,Andhra Pradesh,AP,state,2022,Power sector emissions,Fuel,Wind,ktCO2,80.77
India,IND,Andhra Pradesh,AP,state,2022,Power sector emissions,Total,Total emissions,ktCO2,49845.18
India,IND,Andhra Pradesh,AP,state,2023,Capacity,Fuel,Bioenergy,MW,566.39
India,IND,Andhra Pradesh,AP,state,2023,Capacity,Fuel,Coal,MW,13190.0
India,IND,Andhra Pradesh,AP,state,2023,Capacity,Fuel,Gas,MW,4898.54
India,IND,Andhra Pradesh,AP,state,2023,Capacity,Fuel,Hydro,MW,1773.31
India,IND,Andhra Pradesh,AP,state,2023,Capacity,Fuel,Nuclear,MW,0.0
India,IND,Andhra Pradesh,AP,state,2023,Capacity,Fuel,Other Fossil,MW,36.8
India,IND,Andhra Pradesh,AP,state,2023,Capacity,Fuel,Other Renewables,MW,
India,IND,Andhra Pradesh,AP,state,2023,Capacity,Fuel,Solar,MW,4565.6
India,IND,Andhra Pradesh,AP,state,2023,Capacity,Fuel,Wind,MW,4096.65
India,IND,Andhra Pradesh,AP,state,2023,Electricity generation,Fuel,Bioenergy,%,0.1
India,IND,Andhra Pradesh,AP,state,2023,Electricity generation,Fuel,Coal,%,78.39
India,IND,Andhra Pradesh,AP,state,2023,Electricity generation,Fuel,Gas,%,0.0
India,IND,Andhra Pradesh,AP,state,2023,Electricity generation,Fuel,Hydro,%,2.22
India,IND,Andhra Pradesh,AP,state,2023,Electricity generation,Fuel,Nuclear,%,0.0
India,IND,Andhra Pradesh,AP,state,2023,Electricity generation,Fuel,Other Fossil,%,0.0
India,IND,Andhra Pradesh,AP,state,2023,Electricity generation,Fuel,Other Renewables,%,0.34
India,IND,Andhra Pradesh,AP,state,2023,Electricity generation,Fuel,Solar,%,9.42
India,IND,Andhra Pradesh,AP,state,2023,Electricity generation,Fuel,Wind,%,9.53
India,IND,Andhra Pradesh,AP,state,2023,Electricity generation,Fuel,Bioenergy,GWh,85.76
India,IND,Andhra Pradesh,AP,state,2023,Electricity generation,Fuel,Coal,GWh,69108.69
India,IND,Andhra Pradesh,AP,state,2023,Electricity generation,Fuel,Gas,GWh,0.0
India,IND,Andhra Pradesh,AP,state,2023,Electricity generation,Fuel,Hydro,GWh,1953.55
India,IND,Andhra Pradesh,AP,state,2023,Electricity generation,Fuel,Nuclear,GWh,0.0
India,IND,Andhra Pradesh,AP,state,2023,Electricity generation,Fuel,Other Fossil,GWh,0.0
India,IND,Andhra Pradesh,AP,state,2023,Electricity generation,Fuel,Other Renewables,GWh,303.64
India,IND,Andhra Pradesh,AP,state,2023,Electricity generation,Fuel,Solar,GWh,8303.21
India,IND,Andhra Pradesh,AP,state,2023,Electricity generation,Fuel,Wind,GWh,8400.81
India,IND,Andhra Pradesh,AP,state,2023,Electricity generation,Total,Total Generation,GWh,88155.66
India,IND,Andhra Pradesh,AP,state,2023,Power sector emissions,CO2 intensity,CO2 intensity,gCO2/kWh,649.29
India,IND,Andhra Pradesh,AP,state,2023,Power sector emissions,Fuel,Bioenergy,%,19.72
India,IND,Andhra Pradesh,AP,state,2023,Power sector emissions,Fuel,Coal,%,56669.12
India,IND,Andhra Pradesh,AP,state,2023,Power sector emissions,Fuel,Gas,%,0.0
India,IND,Andhra Pradesh,AP,state,2023,Power sector emissions,Fuel,Hydro,%,46.89
India,IND,Andhra Pradesh,AP,state,2023,Power sector emissions,Fuel,Nuclear,%,0.0
India,IND,Andhra Pradesh,AP,state,2023,Power sector emissions,Fuel,Other Fossil,%,0.0
India,IND,Andhra Pradesh,AP,state,2023,Power sector emissions,Fuel,Other Renewables,%,11.54
India,IND,Andhra Pradesh,AP,state,2023,Power sector emissions,Fuel,Solar,%,398.55
India,IND,Andhra Pradesh,AP,state,2023,Power sector emissions,Fuel,Wind,%,92.41
India,IND,Andhra Pradesh,AP,state,2023,Power sector emissions,Fuel,Bioenergy,ktCO2,19.72
India,IND,Andhra Pradesh,AP,state,2023,Power sector emissions,Fuel,Coal,ktCO2,56669.12
India,IND,Andhra Pradesh,AP,state,2023,Power sector emissions,Fuel,Gas,ktCO2,0.0
India,IND,Andhra Pradesh,AP,state,2023,Power sector emissions,Fuel,Hydro,ktCO2,46.89
India,IND,Andhra Pradesh,AP,state,2023,Power sector emissions,Fuel,Nuclear,ktCO2,0.0
India,IND,Andhra Pradesh,AP,state,2023,Power sector emissions,Fuel,Other Fossil,ktCO2,0.0
India,IND,Andhra Pradesh,AP,state,2023,Power sector emissions,Fuel,Other Renewables,ktCO2,11.54
India,IND,Andhra Pradesh,AP,state,2023,Power sector emissions,Fuel,Solar,ktCO2,398.55
India,IND,Andhra Pradesh,AP,state,2023,Power sector emissions,Fuel,Wind,ktCO2,92.41
India,IND,Andhra Pradesh,AP,state,2023,Power sector emissions,Total,Total emissions,ktCO2,57238.23
India,IND,Andhra Pradesh,AP,state,2024,Capacity,Fuel,Bioenergy,MW,574.39
India,IND,Andhra Pradesh,AP,state,2024,Capacity,Fuel,Coal,MW,13190.0
India,IND,Andhra Pradesh,AP,state,2024,Capacity,Fuel,Gas,MW,4678.54
India,IND,Andhra Pradesh,AP,state,2024,Capacity,Fuel,Hydro,MW,1773.31
India,IND,Andhra Pradesh,AP,state,2024,Capacity,Fuel,Nuclear,MW,0.0
India,IND,Andhra Pradesh,AP,state,2024,Capacity,Fuel,Other Fossil,MW,36.8
India,IND,Andhra Pradesh,AP,state,2024,Capacity,Fuel,Other Renewables,MW,
India,IND,Andhra Pradesh,AP,state,2024,Capacity,Fuel,Solar,MW,4730.27
India,IND,Andhra Pradesh,AP,state,2024,Capacity,Fuel,Wind,MW,4096.65
India,IND,Andhra Pradesh,AP,state,2024,Electricity generation,Fuel,Bioenergy,%,0.1
India,IND,Andhra Pradesh,AP,state,2024,Electricity generation,Fuel,Coal,%,79.06
India,IND,Andhra Pradesh,AP,state,2024,Electricity generation,Fuel,Gas,%,0.04
India,IND,Andhra Pradesh,AP,state,2024,Electricity generation,Fuel,Hydro,%,3.48
India,IND,Andhra Pradesh,AP,state,2024,Electricity generation,Fuel,Nuclear,%,0.0
India,IND,Andhra Pradesh,AP,state,2024,Electricity generation,Fuel,Other Fossil,%,0.0
India,IND,Andhra Pradesh,AP,state,2024,Electricity generation,Fuel,Other Renewables,%,0.34
India,IND,Andhra Pradesh,AP,state,2024,Electricity generation,Fuel,Solar,%,8.8
India,IND,Andhra Pradesh,AP,state,2024,Electricity generation,Fuel,Wind,%,8.18
India,IND,Andhra Pradesh,AP,state,2024,Electricity generation,Fuel,Bioenergy,GWh,86.5
India,IND,Andhra Pradesh,AP,state,2024,Electricity generation,Fuel,Coal,GWh,71659.23
India,IND,Andhra Pradesh,AP,state,2024,Electricity generation,Fuel,Gas,GWh,36.45
India,IND,Andhra Pradesh,AP,state,2024,Electricity generation,Fuel,Hydro,GWh,3158.6
India,IND,Andhra Pradesh,AP,state,2024,Electricity generation,Fuel,Nuclear,GWh,0.0
India,IND,Andhra Pradesh,AP,state,2024,Electricity generation,Fuel,Other Fossil,GWh,0.0
India,IND,Andhra Pradesh,AP,state,2024,Electricity generation,Fuel,Other Renewables,GWh,304.81
India,IND,Andhra Pradesh,AP,state,2024,Electricity generation,Fuel,Solar,GWh,7978.5
India,IND,Andhra Pradesh,AP,state,2024,Electricity generation,Fuel,Wind,GWh,7415.17
India,IND,Andhra Pradesh,AP,state,2024,Electricity generation,Total,Total Generation,GWh,90639.26
India,IND,Andhra Pradesh,AP,state,2024,Power sector emissions,CO2 intensity,CO2 intensity,gCO2/kWh,654.8
India,IND,Andhra Pradesh,AP,state,2024,Power sector emissions,Fuel,Bioenergy,%,19.9
India,IND,Andhra Pradesh,AP,state,2024,Power sector emissions,Fuel,Coal,%,58760.57
India,IND,Andhra Pradesh,AP,state,2024,Power sector emissions,Fuel,Gas,%,17.86
India,IND,Andhra Pradesh,AP,state,2024,Power sector emissions,Fuel,Hydro,%,75.81
India,IND,Andhra Pradesh,AP,state,2024,Power sector emissions,Fuel,Nuclear,%,0.0
India,IND,Andhra Pradesh,AP,state,2024,Power sector emissions,Fuel,Other Fossil,%,0.0
India,IND,Andhra Pradesh,AP,state,2024,Power sector emissions,Fuel,Other Renewables,%,11.58
India,IND,Andhra Pradesh,AP,state,2024,Power sector emissions,Fuel,Solar,%,382.97
India,IND,Andhra Pradesh,AP,state,2024,Power sector emissions,Fuel,Wind,%,81.57
India,IND,Andhra Pradesh,AP,state,2024,Power sector emissions,Fuel,Bioenergy,ktCO2,19.9
India,IND,Andhra Pradesh,AP,state,2024,Power sector emissions,Fuel,Coal,ktCO2,58760.57
India,IND,Andhra Pradesh,AP,state,2024,Power sector emissions,Fuel,Gas,ktCO2,17.86
India,IND,Andhra Pradesh,AP,state,2024,Power sector emissions,Fuel,Hydro,ktCO2,75.81
India,IND,Andhra Pradesh,AP,state,2024,Power sector emissions,Fuel,Nuclear,ktCO2,0.0
India,IND,Andhra Pradesh,AP,state,2024,Power sector emissions,Fuel,Other Fossil,ktCO2,0.0
India,IND,Andhra Pradesh,AP,state,2024,Power sector emissions,Fuel,Other Renewables,ktCO2,11.58
India,IND,Andhra Pradesh,AP,state,2024,Power sector emissions,Fuel,Solar,ktCO2,382.97
India,IND,Andhra Pradesh,AP,state,2024,Power sector emissions,Fuel,Wind,ktCO2,81.57
India,IND,Andhra Pradesh,AP,state,2024,Power sector emissions,Total,Total emissions,ktCO2,59350.26
India,IND,Arunachal Pradesh,AR,state,2019,Capacity,Fuel,Bioenergy,MW,0.0
India,IND,Arunachal Pradesh,AR,state,2019,Capacity,Fuel,Coal,MW,0.0
India,IND,Arunachal Pradesh,AR,state,2019,Capacity,Fuel,Gas,MW,0.0
India,IND,Arunachal Pradesh,AR,state,2019,Capacity,Fuel,Hydro,MW,646.1
India,IND,Arunachal Pradesh,AR,state,2019,Capacity,Fuel,Nuclear,MW,0.0
India,IND,Arunachal Pradesh,AR,state,2019,Capacity,Fuel,Other Fossil,MW,0.0
India,IND,Arunachal Pradesh,AR,state,2019,Capacity,Fuel,Other Renewables,MW,0.0
India,IND,Arunachal Pradesh,AR,state,2019,Capacity,Fuel,Solar,MW,5.61
India,IND,Arunachal Pradesh,AR,state,2019,Capacity,Fuel,Wind,MW,0.0
India,IND,Arunachal Pradesh,AR,state,2019,Electricity generation,Fuel,Bioenergy,%,0.0
India,IND,Arunachal Pradesh,AR,state,2019,Electricity generation,Fuel,Coal,%,0.0
India,IND,Arunachal Pradesh,AR,state,2019,Electricity generation,Fuel,Gas,%,0.0
India,IND,Arunachal Pradesh,AR,state,2019,Electricity generation,Fuel,Hydro,%,99.91
India,IND,Arunachal Pradesh,AR,state,2019,Electricity generation,Fuel,Nuclear,%,0.0
India,IND,Arunachal Pradesh,AR,state,2019,Electricity generation,Fuel,Other Fossil,%,0.0
India,IND,Arunachal Pradesh,AR,state,2019,Electricity generation,Fuel,Other Renewables,%,0.0
India,IND,Arunachal Pradesh,AR,state,2019,Electricity generation,Fuel,Solar,%,0.09
India,IND,Arunachal Pradesh,AR,state,2019,Electricity generation,Fuel,Wind,%,0.0
India,IND,Arunachal Pradesh,AR,state,2019,Electricity generation,Fuel,Bioenergy,GWh,0.0
India,IND,Arunachal Pradesh,AR,state,2019,Electricity generation,Fuel,Coal,GWh,0.0
India,IND,Arunachal Pradesh,AR,state,2019,Electricity generation,Fuel,Gas,GWh,0.0
India,IND,Arunachal Pradesh,AR,state,2019,Electricity generation,Fuel,Hydro,GWh,1648.44
India,IND,Arunachal Pradesh,AR,state,2019,Electricity generation,Fuel,Nuclear,GWh,0.0
India,IND,Arunachal Pradesh,AR,state,2019,Electricity generation,Fuel,Other Fossil,GWh,0.0
India,IND,Arunachal Pradesh,AR,state,2019,Electricity generation,Fuel,Other Renewables,GWh,0.0
India,IND,Arunachal Pradesh,AR,state,2019,Electricity generation,Fuel,Solar,GWh,1.41
India,IND,Arunachal Pradesh,AR,state,2019,Electricity generation,Fuel,Wind,GWh,0.0
India,IND,Arunachal Pradesh,AR,state,2019,Electricity generation,Total,Total Generation,GWh,1649.85
India,IND,Arunachal Pradesh,AR,state,2019,Power sector emissions,CO2 intensity,CO2 intensity,gCO2/kWh,24.02
India,IND,Arunachal Pradesh,AR,state,2019,Power sector emissions,Fuel,Bioenergy,%,0.0
India,IND,Arunachal Pradesh,AR,state,2019,Power sector emissions,Fuel,Coal,%,0.0
India,IND,Arunachal Pradesh,AR,state,2019,Power sector emissions,Fuel,Gas,%,0.0
India,IND,Arunachal Pradesh,AR,state,2019,Power sector emissions,Fuel,Hydro,%,39.56
India,IND,Arunachal Pradesh,AR,state,2019,Power sector emissions,Fuel,Nuclear,%,0.0
India,IND,Arunachal Pradesh,AR,state,2019,Power sector emissions,Fuel,Other Fossil,%,0.0
India,IND,Arunachal Pradesh,AR,state,2019,Power sector emissions,Fuel,Other Renewables,%,0.0
India,IND,Arunachal Pradesh,AR,state,2019,Power sector emissions,Fuel,Solar,%,0.07
India,IND,Arunachal Pradesh,AR,state,2019,Power sector emissions,Fuel,Wind,%,0.0
India,IND,Arunachal Pradesh,AR,state,2019,Power sector emissions,Fuel,Bioenergy,ktCO2,0.0
India,IND,Arunachal Pradesh,AR,state,2019,Power sector emissions,Fuel,Coal,ktCO2,0.0
India,IND,Arunachal Pradesh,AR,state,2019,Power sector emissions,Fuel,Gas,ktCO2,0.0
India,IND,Arunachal Pradesh,AR,state,2019,Power sector emissions,Fuel,Hydro,ktCO2,39.56
India,IND,Arunachal Pradesh,AR,state,2019,Power sector emissions,Fuel,Nuclear,ktCO2,0.0
India,IND,Arunachal Pradesh,AR,state,2019,Power sector emissions,Fuel,Other Fossil,ktCO2,0.0
India,IND,Arunachal Pradesh,AR,state,2019,Power sector emissions,Fuel,Other Renewables,ktCO2,0.0
India,IND,Arunachal Pradesh,AR,state,2019,Power sector emissions,Fuel,Solar,ktCO2,0.07
India,IND,Arunachal Pradesh,AR,state,2019,Power sector emissions,Fuel,Wind,ktCO2,0.0
India,IND,Arunachal Pradesh,AR,state,2019,Power sector emissions,Total,Total emissions,ktCO2,39.63
India,IND,Arunachal Pradesh,AR,state,2020,Capacity,Fuel,Bioenergy,MW,0.0
India,IND,Arunachal Pradesh,AR,state,2020,Capacity,Fuel,Coal,MW,0.0
India,IND,Arunachal Pradesh,AR,state,2020,Capacity,Fuel,Gas,MW,0.0
India,IND,Arunachal Pradesh,AR,state,2020,Capacity,Fuel,Hydro,MW,946.1
India,IND,Arunachal Pradesh,AR,state,2020,Capacity,Fuel,Nuclear,MW,0.0
India,IND,Arunachal Pradesh,AR,state,2020,Capacity,Fuel,Other Fossil,MW,0.0
India,IND,Arunachal Pradesh,AR,state,2020,Capacity,Fuel,Other Renewables,MW,0.0
India,IND,Arunachal Pradesh,AR,state,2020,Capacity,Fuel,Solar,MW,5.61
India,IND,Arunachal Pradesh,AR,state,2020,Capacity,Fuel,Wind,MW,0.0
India,IND,Arunachal Pradesh,AR,state,2020,Electricity generation,Fuel,Bioenergy,%,0.0
India,IND,Arunachal Pradesh,AR,state,2020,Electricity generation,Fuel,Coal,%,0.0
India,IND,Arunachal Pradesh,AR,state,2020,Electricity generation,Fuel,Gas,%,0.0
India,IND,Arunachal Pradesh,AR,state,2020,Electricity generation,Fuel,Hydro,%,99.95
India,IND,Arunachal Pradesh,AR,state,2020,Electricity generation,Fuel,Nuclear,%,0.0
India,IND,Arunachal Pradesh,AR,state,2020,Electricity generation,Fuel,Other Fossil,%,0.0
India,IND,Arunachal Pradesh,AR,state,2020,Electricity generation,Fuel,Other Renewables,%,0.0
India,IND,Arunachal Pradesh,AR,state,2020,Electricity generation,Fuel,Solar,%,0.05
India,IND,Arunachal Pradesh,AR,state,2020,Electricity generation,Fuel,Wind,%,0.0
India,IND,Arunachal Pradesh,AR,state,2020,Electricity generation,Fuel,Bioenergy,GWh,0.0
India,IND,Arunachal Pradesh,AR,state,2020,Electricity generation,Fuel,Coal,GWh,0.0
India,IND,Arunachal Pradesh,AR,state,2020,Electricity generation,Fuel,Gas,GWh,0.0
India,IND,Arunachal Pradesh,AR,state,2020,Electricity generation,Fuel,Hydro,GWh,3198.96
India,IND,Arunachal Pradesh,AR,state,2020,Electricity generation,Fuel,Nuclear,GWh,0.0
India,IND,Arunachal Pradesh,AR,state,2020,Electricity generation,Fuel,Other Fossil,GWh,0.0
India,IND,Arunachal Pradesh,AR,state,2020,Electricity generation,Fuel,Other Renewables,GWh,0.0
India,IND,Arunachal Pradesh,AR,state,2020,Electricity generation,Fuel,Solar,GWh,1.64
India,IND,Arunachal Pradesh,AR,state,2020,Electricity generation,Fuel,Wind,GWh,0.0
India,IND,Arunachal Pradesh,AR,state,2020,Electricity generation,Total,Total Generation,GWh,3200.6
India,IND,Arunachal Pradesh,AR,state,2020,Power sector emissions,CO2 intensity,CO2 intensity,gCO2/kWh,24.01
India,IND,Arunachal Pradesh,AR,state,2020,Power sector emissions,Fuel,Bioenergy,%,0.0
India,IND,Arunachal Pradesh,AR,state,2020,Power sector emissions,Fuel,Coal,%,0.0
India,IND,Arunachal Pradesh,AR,state,2020,Power sector emissions,Fuel,Gas,%,0.0
India,IND,Arunachal Pradesh,AR,state,2020,Power sector emissions,Fuel,Hydro,%,76.78
India,IND,Arunachal Pradesh,AR,state,2020,Power sector emissions,Fuel,Nuclear,%,0.0
India,IND,Arunachal Pradesh,AR,state,2020,Power sector emissions,Fuel,Other Fossil,%,0.0
India,IND,Arunachal Pradesh,AR,state,2020,Power sector emissions,Fuel,Other Renewables,%,0.0
India,IND,Arunachal Pradesh,AR,state,2020,Power sector emissions,Fuel,Solar,%,0.08
India,IND,Arunachal Pradesh,AR,state,2020,Power sector emissions,Fuel,Wind,%,0.0
India,IND,Arunachal Pradesh,AR,state,2020,Power sector emissions,Fuel,Bioenergy,ktCO2,0.0
India,IND,Arunachal Pradesh,AR,state,2020,Power sector emissions,Fuel,Coal,ktCO2,0.0
India,IND,Arunachal Pradesh,AR,state,2020,Power sector emissions,Fuel,Gas,ktCO2,0.0
India,IND,Arunachal Pradesh,AR,state,2020,Power sector emissions,Fuel,Hydro,ktCO2,76.78
India,IND,Arunachal Pradesh,AR,state,2020,Power sector emissions,Fuel,Nuclear,ktCO2,0.0
India,IND,Arunachal Pradesh,AR,state,2020,Power sector emissions,Fuel,Other Fossil,ktCO2,0.0
India,IND,Arunachal Pradesh,AR,state,2020,Power sector emissions,Fuel,Other Renewables,ktCO2,0.0
India,IND,Arunachal Pradesh,AR,state,2020,Power sector emissions,Fuel,Solar,ktCO2,0.08
India,IND,Arunachal Pradesh,AR,state,2020,Power sector emissions,Fuel,Wind,ktCO2,0.0
India,IND,Arunachal Pradesh,AR,state,2020,Power sector emissions,Total,Total emissions,ktCO2,76.86
India,IND,Arunachal Pradesh,AR,state,2021,Capacity,Fuel,Bioenergy,MW,0.0
India,IND,Arunachal Pradesh,AR,state,2021,Capacity,Fuel,Coal,MW,0.0
India,IND,Arunachal Pradesh,AR,state,2021,Capacity,Fuel,Gas,MW,0.0
India,IND,Arunachal Pradesh,AR,state,2021,Capacity,Fuel,Hydro,MW,1246.11
India,IND,Arunachal Pradesh,AR,state,2021,Capacity,Fuel,Nuclear,MW,0.0
India,IND,Arunachal Pradesh,AR,state,2021,Capacity,Fuel,Other Fossil,MW,0.0
India,IND,Arunachal Pradesh,AR,state,2021,Capacity,Fuel,Other Renewables,MW,0.0
India,IND,Arunachal Pradesh,AR,state,2021,Capacity,Fuel,Solar,MW,11.23
India,IND,Arunachal Pradesh,AR,state,2021,Capacity,Fuel,Wind,MW,0.0
India,IND,Arunachal Pradesh,AR,state,2021,Electricity generation,Fuel,Bioenergy,%,0.0
India,IND,Arunachal Pradesh,AR,state,2021,Electricity generation,Fuel,Coal,%,0.0
India,IND,Arunachal Pradesh,AR,state,2021,Electricity generation,Fuel,Gas,%,0.0
India,IND,Arunachal Pradesh,AR,state,2021,Electricity generation,Fuel,Hydro,%,99.96
India,IND,Arunachal Pradesh,AR,state,2021,Electricity generation,Fuel,Nuclear,%,0.0
India,IND,Arunachal Pradesh,AR,state,2021,Electricity generation,Fuel,Other Fossil,%,0.0
India,IND,Arunachal Pradesh,AR,state,2021,Electricity generation,Fuel,Other Renewables,%,0.0
India,IND,Arunachal Pradesh,AR,state,2021,Electricity generation,Fuel,Solar,%,0.04
India,IND,Arunachal Pradesh,AR,state,2021,Electricity generation,Fuel,Wind,%,0.0
India,IND,Arunachal Pradesh,AR,state,2021,Electricity generation,Fuel,Bioenergy,GWh,0.0
India,IND,Arunachal Pradesh,AR,state,2021,Electricity generation,Fuel,Coal,GWh,0.0
India,IND,Arunachal Pradesh,AR,state,2021,Electricity generation,Fuel,Gas,GWh,0.0
India,IND,Arunachal Pradesh,AR,state,2021,Electricity generation,Fuel,Hydro,GWh,4062.6
India,IND,Arunachal Pradesh,AR,state,2021,Electricity generation,Fuel,Nuclear,GWh,0.0
India,IND,Arunachal Pradesh,AR,state,2021,Electricity generation,Fuel,Other Fossil,GWh,0.0
India,IND,Arunachal Pradesh,AR,state,2021,Electricity generation,Fuel,Other Renewables,GWh,0.0
India,IND,Arunachal Pradesh,AR,state,2021,Electricity generation,Fuel,Solar,GWh,1.71
India,IND,Arunachal Pradesh,AR,state,2021,Electricity generation,Fuel,Wind,GWh,0.0
India,IND,Arunachal Pradesh,AR,state,2021,Electricity generation,Total,Total Generation,GWh,4064.31
India,IND,Arunachal Pradesh,AR,state,2021,Power sector emissions,CO2 intensity,CO2 intensity,gCO2/kWh,24.01
India,IND,Arunachal Pradesh,AR,state,2021,Power sector emissions,Fuel,Bioenergy,%,0.0
India,IND,Arunachal Pradesh,AR,state,2021,Power sector emissions,Fuel,Coal,%,0.0
India,IND,Arunachal Pradesh,AR,state,2021,Power sector emissions,Fuel,Gas,%,0.0
India,IND,Arunachal Pradesh,AR,state,2021,Power sector emissions,Fuel,Hydro,%,97.5
India,IND,Arunachal Pradesh,AR,state,2021,Power sector emissions,Fuel,Nuclear,%,0.0
India,IND,Arunachal Pradesh,AR,state,2021,Power sector emissions,Fuel,Other Fossil,%,0.0
India,IND,Arunachal Pradesh,AR,state,2021,Power sector emissions,Fuel,Other Renewables,%,0.0
India,IND,Arunachal Pradesh,AR,state,2021,Power sector emissions,Fuel,Solar,%,0.08
India,IND,Arunachal Pradesh,AR,state,2021,Power sector emissions,Fuel,Wind,%,0.0
India,IND,Arunachal Pradesh,AR,state,2021,Power sector emissions,Fuel,Bioenergy,ktCO2,0.0
India,IND,Arunachal Pradesh,AR,state,2021,Power sector emissions,Fuel,Coal,ktCO2,0.0
India,IND,Arunachal Pradesh,AR,state,2021,Power sector emissions,Fuel,Gas,ktCO2,0.0
India,IND,Arunachal Pradesh,AR,state,2021,Power sector emissions,Fuel,Hydro,ktCO2,97.5
India,IND,Arunachal Pradesh,AR,state,2021,Power sector emissions,Fuel,Nuclear,ktCO2,0.0
India,IND,Arunachal Pradesh,AR,state,2021,Power sector emissions,Fuel,Other Fossil,ktCO2,0.0
India,IND,Arunachal Pradesh,AR,state,2021,Power sector emissions,Fuel,Other Renewables,ktCO2,0.0
India,IND,Arunachal Pradesh,AR,state,2021,Power sector emissions,Fuel,Solar,ktCO2,0.08
India,IND,Arunachal Pradesh,AR,state,2021,Power sector emissions,Fuel,Wind,ktCO2,0.0
India,IND,Arunachal Pradesh,AR,state,2021,Power sector emissions,Total,Total emissions,ktCO2,97.58
India,IND,Arunachal Pradesh,AR,state,2022,Capacity,Fuel,Bioenergy,MW,0.0
India,IND,Arunachal Pradesh,AR,state,2022,Capacity,Fuel,Coal,MW,0.0
India,IND,Arunachal Pradesh,AR,state,2022,Capacity,Fuel,Gas,MW,0.0
India,IND,Arunachal Pradesh,AR,state,2022,Capacity,Fuel,Hydro,MW,1248.11
India,IND,Arunachal Pradesh,AR,state,2022,Capacity,Fuel,Nuclear,MW,0.0
India,IND,Arunachal Pradesh,AR,state,2022,Capacity,Fuel,Other Fossil,MW,0.0
India,IND,Arunachal Pradesh,AR,state,2022,Capacity,Fuel,Other Renewables,MW,
India,IND,Arunachal Pradesh,AR,state,2022,Capacity,Fuel,Solar,MW,11.52
India,IND,Arunachal Pradesh,AR,state,2022,Capacity,Fuel,Wind,MW,0.0
India,IND,Arunachal Pradesh,AR,state,2022,Electricity generation,Fuel,Bioenergy,%,0.0
India,IND,Arunachal Pradesh,AR,state,2022,Electricity generation,Fuel,Coal,%,0.0
India,IND,Arunachal Pradesh,AR,state,2022,Electricity generation,Fuel,Gas,%,0.0
India,IND,Arunachal Pradesh,AR,state,2022,Electricity generation,Fuel,Hydro,%,99.54
India,IND,Arunachal Pradesh,AR,state,2022,Electricity generation,Fuel,Nuclear,%,0.0
India,IND,Arunachal Pradesh,AR,state,2022,Electricity generation,Fuel,Other Fossil,%,0.0
India,IND,Arunachal Pradesh,AR,state,2022,Electricity generation,Fuel,Other Renewables,%,0.0
India,IND,Arunachal Pradesh,AR,state,2022,Electricity generation,Fuel,Solar,%,0.46
India,IND,Arunachal Pradesh,AR,state,2022,Electricity generation,Fuel,Wind,%,0.0
India,IND,Arunachal Pradesh,AR,state,2022,Electricity generation,Fuel,Bioenergy,GWh,0.0
India,IND,Arunachal Pradesh,AR,state,2022,Electricity generation,Fuel,Coal,GWh,0.0
India,IND,Arunachal Pradesh,AR,state,2022,Electricity generation,Fuel,Gas,GWh,0.0
India,IND,Arunachal Pradesh,AR,state,2022,Electricity generation,Fuel,Hydro,GWh,4836.98
India,IND,Arunachal Pradesh,AR,state,2022,Electricity generation,Fuel,Nuclear,GWh,0.0
India,IND,Arunachal Pradesh,AR,state,2022,Electricity generation,Fuel,Other Fossil,GWh,0.0
India,IND,Arunachal Pradesh,AR,state,2022,Electricity generation,Fuel,Other Renewables,GWh,0.03
India,IND,Arunachal Pradesh,AR,state,2022,Electricity generation,Fuel,Solar,GWh,22.2
India,IND,Arunachal Pradesh,AR,state,2022,Electricity generation,Fuel,Wind,GWh,0.0
India,IND,Arunachal Pradesh,AR,state,2022,Electricity generation,Total,Total Generation,GWh,4859.21
India,IND,Arunachal Pradesh,AR,state,2022,Power sector emissions,CO2 intensity,CO2 intensity,gCO2/kWh,24.11
India,IND,Arunachal Pradesh,AR,state,2022,Power sector emissions,Fuel,Bioenergy,%,0.0
India,IND,Arunachal Pradesh,AR,state,2022,Power sector emissions,Fuel,Coal,%,0.0
India,IND,Arunachal Pradesh,AR,state,2022,Power sector emissions,Fuel,Gas,%,0.0
India,IND,Arunachal Pradesh,AR,state,2022,Power sector emissions,Fuel,Hydro,%,116.09
India,IND,Arunachal Pradesh,AR,state,2022,Power sector emissions,Fuel,Nuclear,%,0.0
India,IND,Arunachal Pradesh,AR,state,2022,Power sector emissions,Fuel,Other Fossil,%,0.0
India,IND,Arunachal Pradesh,AR,state,2022,Power sector emissions,Fuel,Other Renewables,%,0.0
India,IND,Arunachal Pradesh,AR,state,2022,Power sector emissions,Fuel,Solar,%,1.07
India,IND,Arunachal Pradesh,AR,state,2022,Power sector emissions,Fuel,Wind,%,0.0
India,IND,Arunachal Pradesh,AR,state,2022,Power sector emissions,Fuel,Bioenergy,ktCO2,0.0
India,IND,Arunachal Pradesh,AR,state,2022,Power sector emissions,Fuel,Coal,ktCO2,0.0
India,IND,Arunachal Pradesh,AR,state,2022,Power sector emissions,Fuel,Gas,ktCO2,0.0
India,IND,Arunachal Pradesh,AR,state,2022,Power sector emissions,Fuel,Hydro,ktCO2,116.09
India,IND,Arunachal Pradesh,AR,state,2022,Power sector emissions,Fuel,Nuclear,ktCO2,0.0
India,IND,Arunachal Pradesh,AR,state,2022,Power sector emissions,Fuel,Other Fossil,ktCO2,0.0
India,IND,Arunachal Pradesh,AR,state,2022,Power sector emissions,Fuel,Other Renewables,ktCO2,0.0
India,IND,Arunachal Pradesh,AR,state,2022,Power sector emissions,Fuel,Solar,ktCO2,1.07
India,IND,Arunachal Pradesh,AR,state,2022,Power sector emissions,Fuel,Wind,ktCO2,0.0
India,IND,Arunachal Pradesh,AR,state,2022,Power sector emissions,Total,Total emissions,ktCO2,117.16
India,IND,Arunachal Pradesh,AR,state,2023,Capacity,Fuel,Bioenergy,MW,0.0
India,IND,Arunachal Pradesh,AR,state,2023,Capacity,Fuel,Coal,MW,0.0
India,IND,Arunachal Pradesh,AR,state,2023,Capacity,Fuel,Gas,MW,0.0
India,IND,Arunachal Pradesh,AR,state,2023,Capacity,Fuel,Hydro,MW,1248.11
India,IND,Arunachal Pradesh,AR,state,2023,Capacity,Fuel,Nuclear,MW,0.0
India,IND,Arunachal Pradesh,AR,state,2023,Capacity,Fuel,Other Fossil,MW,0.0
India,IND,Arunachal Pradesh,AR,state,2023,Capacity,Fuel,Other Renewables,MW,
India,IND,Arunachal Pradesh,AR,state,2023,Capacity,Fuel,Solar,MW,11.79
India,IND,Arunachal Pradesh,AR,state,2023,Capacity,Fuel,Wind,MW,0.0
India,IND,Arunachal Pradesh,AR,state,2023,Electricity generation,Fuel,Bioenergy,%,0.0
India,IND,Arunachal Pradesh,AR,state,2023,Electricity generation,Fuel,Coal,%,0.0
India,IND,Arunachal Pradesh,AR,state,2023,Electricity generation,Fuel,Gas,%,0.0
India,IND,Arunachal Pradesh,AR,state,2023,Electricity generation,Fuel,Hydro,%,99.95
India,IND,Arunachal Pradesh,AR,state,2023,Electricity generation,Fuel,Nuclear,%,0.0
India,IND,Arunachal Pradesh,AR,state,2023,Electricity generation,Fuel,Other Fossil,%,0.0
India,IND,Arunachal Pradesh,AR,state,2023,Electricity generation,Fuel,Other Renewables,%,0.0
India,IND,Arunachal Pradesh,AR,state,2023,Electricity generation,Fuel,Solar,%,0.05
India,IND,Arunachal Pradesh,AR,state,2023,Electricity generation,Fuel,Wind,%,0.0
India,IND,Arunachal Pradesh,AR,state,2023,Electricity generation,Fuel,Bioenergy,GWh,0.0
India,IND,Arunachal Pradesh,AR,state,2023,Electricity generation,Fuel,Coal,GWh,0.0
India,IND,Arunachal Pradesh,AR,state,2023,Electricity generation,Fuel,Gas,GWh,0.0
India,IND,Arunachal Pradesh,AR,state,2023,Electricity generation,Fuel,Hydro,GWh,4289.87
India,IND,Arunachal Pradesh,AR,state,2023,Electricity generation,Fuel,Nuclear,GWh,0.0
India,IND,Arunachal Pradesh,AR,state,2023,Electricity generation,Fuel,Other Fossil,GWh,0.0
India,IND,Arunachal Pradesh,AR,state,2023,Electricity generation,Fuel,Other Renewables,GWh,0.0
India,IND,Arunachal Pradesh,AR,state,2023,Electricity generation,Fuel,Solar,GWh,2.13
India,IND,Arunachal Pradesh,AR,state,2023,Electricity generation,Fuel,Wind,GWh,0.0
India,IND,Arunachal Pradesh,AR,state,2023,Electricity generation,Total,Total Generation,GWh,4292.0
India,IND,Arunachal Pradesh,AR,state,2023,Power sector emissions,CO2 intensity,CO2 intensity,gCO2/kWh,24.01
India,IND,Arunachal Pradesh,AR,state,2023,Power sector emissions,Fuel,Bioenergy,%,0.0
India,IND,Arunachal Pradesh,AR,state,2023,Power sector emissions,Fuel,Coal,%,0.0
India,IND,Arunachal Pradesh,AR,state,2023,Power sector emissions,Fuel,Gas,%,0.0
India,IND,Arunachal Pradesh,AR,state,2023,Power sector emissions,Fuel,Hydro,%,102.96
India,IND,Arunachal Pradesh,AR,state,2023,Power sector emissions,Fuel,Nuclear,%,0.0
India,IND,Arunachal Pradesh,AR,state,2023,Power sector emissions,Fuel,Other Fossil,%,0.0
India,IND,Arunachal Pradesh,AR,state,2023,Power sector emissions,Fuel,Other Renewables,%,0.0
India,IND,Arunachal Pradesh,AR,state,2023,Power sector emissions,Fuel,Solar,%,0.1
India,IND,Arunachal Pradesh,AR,state,2023,Power sector emissions,Fuel,Wind,%,0.0
India,IND,Arunachal Pradesh,AR,state,2023,Power sector emissions,Fuel,Bioenergy,ktCO2,0.0
India,IND,Arunachal Pradesh,AR,state,2023,Power sector emissions,Fuel,Coal,ktCO2,0.0
India,IND,Arunachal Pradesh,AR,state,2023,Power sector emissions,Fuel,Gas,ktCO2,0.0
India,IND,Arunachal Pradesh,AR,state,2023,Power sector emissions,Fuel,Hydro,ktCO2,102.96
India,IND,Arunachal Pradesh,AR,state,2023,Power sector emissions,Fuel,Nuclear,ktCO2,0.0
India,IND,Arunachal Pradesh,AR,state,2023,Power sector emissions,Fuel,Other Fossil,ktCO2,0.0
India,IND,Arunachal Pradesh,AR,state,2023,Power sector emissions,Fuel,Other Renewables,ktCO2,0.0
India,IND,Arunachal Pradesh,AR,state,2023,Power sector emissions,Fuel,Solar,ktCO2,0.1
India,IND,Arunachal Pradesh,AR,state,2023,Power sector emissions,Fuel,Wind,ktCO2,0.0
India,IND,Arunachal Pradesh,AR,state,2023,Power sector emissions,Total,Total emissions,ktCO2,103.06
India,IND,Arunachal Pradesh,AR,state,2024,Capacity,Fuel,Bioenergy,MW,0.0
India,IND,Arunachal Pradesh,AR,state,2024,Capacity,Fuel,Coal,MW,0.0
India,IND,Arunachal Pradesh,AR,state,2024,Capacity,Fuel,Gas,MW,0.0
India,IND,Arunachal Pradesh,AR,state,2024,Capacity,Fuel,Hydro,MW,1255.61
India,IND,Arunachal Pradesh,AR,state,2024,Capacity,Fuel,Nuclear,MW,0.0
India,IND,Arunachal Pradesh,AR,state,2024,Capacity,Fuel,Other Fossil,MW,0.0
India,IND,Arunachal Pradesh,AR,state,2024,Capacity,Fuel,Other Renewables,MW,
India,IND,Arunachal Pradesh,AR,state,2024,Capacity,Fuel,Solar,MW,14.85
India,IND,Arunachal Pradesh,AR,state,2024,Capacity,Fuel,Wind,MW,0.0
India,IND,Arunachal Pradesh,AR,state,2024,Electricity generation,Fuel,Bioenergy,%,0.0
India,IND,Arunachal Pradesh,AR,state,2024,Electricity generation,Fuel,Coal,%,0.0
India,IND,Arunachal Pradesh,AR,state,2024,Electricity generation,Fuel,Gas,%,0.0
India,IND,Arunachal Pradesh,AR,state,2024,Electricity generation,Fuel,Hydro,%,99.97
India,IND,Arunachal Pradesh,AR,state,2024,Electricity generation,Fuel,Nuclear,%,0.0
India,IND,Arunachal Pradesh,AR,state,2024,Electricity generation,Fuel,Other Fossil,%,0.0
India,IND,Arunachal Pradesh,AR,state,2024,Electricity generation,Fuel,Other Renewables,%,0.0
India,IND,Arunachal Pradesh,AR,state,2024,Electricity generation,Fuel,Solar,%,0.03
India,IND,Arunachal Pradesh,AR,state,2024,Electricity generation,Fuel,Wind,%,0.0
India,IND,Arunachal Pradesh,AR,state,2024,Electricity generation,Fuel,Bioenergy,GWh,0.0
India,IND,Arunachal Pradesh,AR,state,2024,Electricity generation,Fuel,Coal,GWh,0.0
India,IND,Arunachal Pradesh,AR,state,2024,Electricity generation,Fuel,Gas,GWh,0.0
India,IND,Arunachal Pradesh,AR,state,2024,Electricity generation,Fuel,Hydro,GWh,4295.97
India,IND,Arunachal Pradesh,AR,state,2024,Electricity generation,Fuel,Nuclear,GWh,0.0
India,IND,Arunachal Pradesh,AR,state,2024,Electricity generation,Fuel,Other Fossil,GWh,0.0
India,IND,Arunachal Pradesh,AR,state,2024,Electricity generation,Fuel,Other Renewables,GWh,0.0
India,IND,Arunachal Pradesh,AR,state,2024,Electricity generation,Fuel,Solar,GWh,1.18
India,IND,Arunachal Pradesh,AR,state,2024,Electricity generation,Fuel,Wind,GWh,0.0
India,IND,Arunachal Pradesh,AR,state,2024,Electricity generation,Total,Total Generation,GWh,4297.15
India,IND,Arunachal Pradesh,AR,state,2024,Power sector emissions,CO2 intensity,CO2 intensity,gCO2/kWh,24.01
India,IND,Arunachal Pradesh,AR,state,2024,Power sector emissions,Fuel,Bioenergy,%,0.0
India,IND,Arunachal Pradesh,AR,state,2024,Power sector emissions,Fuel,Coal,%,0.0
India,IND,Arunachal Pradesh,AR,state,2024,Power sector emissions,Fuel,Gas,%,0.0
India,IND,Arunachal Pradesh,AR,state,2024,Power sector emissions,Fuel,Hydro,%,103.1
India,IND,Arunachal Pradesh,AR,state,2024,Power sector emissions,Fuel,Nuclear,%,0.0
India,IND,Arunachal Pradesh,AR,state,2024,Power sector emissions,Fuel,Other Fossil,%,0.0
India,IND,Arunachal Pradesh,AR,state,2024,Power sector emissions,Fuel,Other Renewables,%,0.0
India,IND,Arunachal Pradesh,AR,state,2024,Power sector emissions,Fuel,Solar,%,0.06
India,IND,Arunachal Pradesh,AR,state,2024,Power sector emissions,Fuel,Wind,%,0.0
India,IND,Arunachal Pradesh,AR,state,2024,Power sector emissions,Fuel,Bioenergy,ktCO2,0.0
India,IND,Arunachal Pradesh,AR,state,2024,Power sector emissions,Fuel,Coal,ktCO2,0.0
India,IND,Arunachal Pradesh,AR,state,2024,Power sector emissions,Fuel,Gas,ktCO2,0.0
India,IND,Arunachal Pradesh,AR,state,2024,Power sector emissions,Fuel,Hydro,ktCO2,103.1
India,IND,Arunachal Pradesh,AR,state,2024,Power sector emissions,Fuel,Nuclear,ktCO2,0.0
India,IND,Arunachal Pradesh,AR,state,2024,Power sector emissions,Fuel,Other Fossil,ktCO2,0.0
India,IND,Arunachal Pradesh,AR,state,2024,Power sector emissions,Fuel,Other Renewables,ktCO2,0.0
India,IND,Arunachal Pradesh,AR,state,2024,Power sector emissions,Fuel,Solar,ktCO2,0.06
India,IND,Arunachal Pradesh,AR,state,2024,Power sector emissions,Fuel,Wind,ktCO2,0.0
India,IND,Arunachal Pradesh,AR,state,2024,Power sector emissions,Total,Total emissions,ktCO2,103.16
India,IND,Assam,AS,state,2019,Capacity,Fuel,Bioenergy,MW,2.0
India,IND,Assam,AS,state,2019,Capacity,Fuel,Coal,MW,750.0
India,IND,Assam,AS,state,2019,Capacity,Fuel,Gas,MW,619.21
India,IND,Assam,AS,state,2019,Capacity,Fuel,Hydro,MW,384.11
India,IND,Assam,AS,state,2019,Capacity,Fuel,Nuclear,MW,0.0
India,IND,Assam,AS,state,2019,Capacity,Fuel,Other Fossil,MW,0.0
India,IND,Assam,AS,state,2019,Capacity,Fuel,Other Renewables,MW,0.0
India,IND,Assam,AS,state,2019,Capacity,Fuel,Solar,MW,41.23
India,IND,Assam,AS,state,2019,Capacity,Fuel,Wind,MW,0.0
India,IND,Assam,AS,state,2019,Electricity generation,Fuel,Bioenergy,%,0.0
India,IND,Assam,AS,state,2019,Electricity generation,Fuel,Coal,%,45.93
India,IND,Assam,AS,state,2019,Electricity generation,Fuel,Gas,%,35.77
India,IND,Assam,AS,state,2019,Electricity generation,Fuel,Hydro,%,18.22
India,IND,Assam,AS,state,2019,Electricity generation,Fuel,Nuclear,%,0.0
India,IND,Assam,AS,state,2019,Electricity generation,Fuel,Other Fossil,%,0.0
India,IND,Assam,AS,state,2019,Electricity generation,Fuel,Other Renewables,%,0.0
India,IND,Assam,AS,state,2019,Electricity generation,Fuel,Solar,%,0.08
India,IND,Assam,AS,state,2019,Electricity generation,Fuel,Wind,%,0.0
India,IND,Assam,AS,state,2019,Electricity generation,Fuel,Bioenergy,GWh,0.0
India,IND,Assam,AS,state,2019,Electricity generation,Fuel,Coal,GWh,3653.01
India,IND,Assam,AS,state,2019,Electricity generation,Fuel,Gas,GWh,2845.15
India,IND,Assam,AS,state,2019,Electricity generation,Fuel,Hydro,GWh,1449.59
India,IND,Assam,AS,state,2019,Electricity generation,Fuel,Nuclear,GWh,0.0
India,IND,Assam,AS,state,2019,Electricity generation,Fuel,Other Fossil,GWh,0.0
India,IND,Assam,AS,state,2019,Electricity generation,Fuel,Other Renewables,GWh,0.0
India,IND,Assam,AS,state,2019,Electricity generation,Fuel,Solar,GWh,6.38
India,IND,Assam,AS,state,2019,Electricity generation,Fuel,Wind,GWh,0.0
India,IND,Assam,AS,state,2019,Electricity generation,Total,Total Generation,GWh,7954.13
India,IND,Assam,AS,state,2019,Power sector emissions,CO2 intensity,CO2 intensity,gCO2/kWh,556.28
India,IND,Assam,AS,state,2019,Power sector emissions,Fuel,Bioenergy,%,0.0
India,IND,Assam,AS,state,2019,Power sector emissions,Fuel,Coal,%,2995.47
India,IND,Assam,AS,state,2019,Power sector emissions,Fuel,Gas,%,1394.12
India,IND,Assam,AS,state,2019,Power sector emissions,Fuel,Hydro,%,34.79
India,IND,Assam,AS,state,2019,Power sector emissions,Fuel,Nuclear,%,0.0
India,IND,Assam,AS,state,2019,Power sector emissions,Fuel,Other Fossil,%,0.0
India,IND,Assam,AS,state,2019,Power sector emissions,Fuel,Other Renewables,%,0.0
India,IND,Assam,AS,state,2019,Power sector emissions,Fuel,Solar,%,0.31
India,IND,Assam,AS,state,2019,Power sector emissions,Fuel,Wind,%,0.0
India,IND,Assam,AS,state,2019,Power sector emissions,Fuel,Bioenergy,ktCO2,0.0
India,IND,Assam,AS,state,2019,Power sector emissions,Fuel,Coal,ktCO2,2995.47
India,IND,Assam,AS,state,2019,Power sector emissions,Fuel,Gas,ktCO2,1394.12
India,IND,Assam,AS,state,2019,Power sector emissions,Fuel,Hydro,ktCO2,34.79
India,IND,Assam,AS,state,2019,Power sector emissions,Fuel,Nuclear,ktCO2,0.0
India,IND,Assam,AS,state,2019,Power sector emissions,Fuel,Other Fossil,ktCO2,0.0
India,IND,Assam,AS,state,2019,Power sector emissions,Fuel,Other Renewables,ktCO2,0.0
India,IND,Assam,AS,state,2019,Power sector emissions,Fuel,Solar,ktCO2,0.31
India,IND,Assam,AS,state,2019,Power sector emissions,Fuel,Wind,ktCO2,0.0
India,IND,Assam,AS,state,2019,Power sector emissions,Total,Total emissions,ktCO2,4424.69
India,IND,Assam,AS,state,2020,Capacity,Fuel,Bioenergy,MW,2.0
India,IND,Assam,AS,state,2020,Capacity,Fuel,Coal,MW,750.0
India,IND,Assam,AS,state,2020,Capacity,Fuel,Gas,MW,620.35
India,IND,Assam,AS,state,2020,Capacity,Fuel,Hydro,MW,384.11
India,IND,Assam,AS,state,2020,Capacity,Fuel,Nuclear,MW,0.0
India,IND,Assam,AS,state,2020,Capacity,Fuel,Other Fossil,MW,0.0
India,IND,Assam,AS,state,2020,Capacity,Fuel,Other Renewables,MW,0.0
India,IND,Assam,AS,state,2020,Capacity,Fuel,Solar,MW,42.99
India,IND,Assam,AS,state,2020,Capacity,Fuel,Wind,MW,0.0
India,IND,Assam,AS,state,2020,Electricity generation,Fuel,Bioenergy,%,0.0
India,IND,Assam,AS,state,2020,Electricity generation,Fuel,Coal,%,51.88
India,IND,Assam,AS,state,2020,Electricity generation,Fuel,Gas,%,43.24
India,IND,Assam,AS,state,2020,Electricity generation,Fuel,Hydro,%,4.79
India,IND,Assam,AS,state,2020,Electricity generation,Fuel,Nuclear,%,0.0
India,IND,Assam,AS,state,2020,Electricity generation,Fuel,Other Fossil,%,0.0
India,IND,Assam,AS,state,2020,Electricity generation,Fuel,Other Renewables,%,0.0
India,IND,Assam,AS,state,2020,Electricity generation,Fuel,Solar,%,0.09
India,IND,Assam,AS,state,2020,Electricity generation,Fuel,Wind,%,0.0
India,IND,Assam,AS,state,2020,Electricity generation,Fuel,Bioenergy,GWh,0.0
India,IND,Assam,AS,state,2020,Electricity generation,Fuel,Coal,GWh,3131.0
India,IND,Assam,AS,state,2020,Electricity generation,Fuel,Gas,GWh,2609.37
India,IND,Assam,AS,state,2020,Electricity generation,Fuel,Hydro,GWh,288.98
India,IND,Assam,AS,state,2020,Electricity generation,Fuel,Nuclear,GWh,0.0
India,IND,Assam,AS,state,2020,Electricity generation,Fuel,Other Fossil,GWh,0.0
India,IND,Assam,AS,state,2020,Electricity generation,Fuel,Other Renewables,GWh,0.0
India,IND,Assam,AS,state,2020,Electricity generation,Fuel,Solar,GWh,5.71
India,IND,Assam,AS,state,2020,Electricity generation,Fuel,Wind,GWh,0.0
India,IND,Assam,AS,state,2020,Electricity generation,Total,Total Generation,GWh,6035.06
India,IND,Assam,AS,state,2020,Power sector emissions,CO2 intensity,CO2 intensity,gCO2/kWh,638.47
India,IND,Assam,AS,state,2020,Power sector emissions,Fuel,Bioenergy,%,0.0
India,IND,Assam,AS,state,2020,Power sector emissions,Fuel,Coal,%,2567.42
India,IND,Assam,AS,state,2020,Power sector emissions,Fuel,Gas,%,1278.59
India,IND,Assam,AS,state,2020,Power sector emissions,Fuel,Hydro,%,6.94
India,IND,Assam,AS,state,2020,Power sector emissions,Fuel,Nuclear,%,0.0
India,IND,Assam,AS,state,2020,Power sector emissions,Fuel,Other Fossil,%,0.0
India,IND,Assam,AS,state,2020,Power sector emissions,Fuel,Other Renewables,%,0.0
India,IND,Assam,AS,state,2020,Power sector emissions,Fuel,Solar,%,0.27
India,IND,Assam,AS,state,2020,Power sector emissions,Fuel,Wind,%,0.0
India,IND,Assam,AS,state,2020,Power sector emissions,Fuel,Bioenergy,ktCO2,0.0
India,IND,Assam,AS,state,2020,Power sector emissions,Fuel,Coal,ktCO2,2567.42
India,IND,Assam,AS,state,2020,Power sector emissions,Fuel,Gas,ktCO2,1278.59
India,IND,Assam,AS,state,2020,Power sector emissions,Fuel,Hydro,ktCO2,6.94
India,IND,Assam,AS,state,2020,Power sector emissions,Fuel,Nuclear,ktCO2,0.0
India,IND,Assam,AS,state,2020,Power sector emissions,Fuel,Other Fossil,ktCO2,0.0
India,IND,Assam,AS,state,2020,Power sector emissions,Fuel,Other Renewables,ktCO2,0.0
India,IND,Assam,AS,state,2020,Power sector emissions,Fuel,Solar,ktCO2,0.27
India,IND,Assam,AS,state,2020,Power sector emissions,Fuel,Wind,ktCO2,0.0
India,IND,Assam,AS,state,2020,Power sector emissions,Total,Total emissions,ktCO2,3853.22
India,IND,Assam,AS,state,2021,Capacity,Fuel,Bioenergy,MW,2.0
India,IND,Assam,AS,state,2021,Capacity,Fuel,Coal,MW,750.0
India,IND,Assam,AS,state,2021,Capacity,Fuel,Gas,MW,620.35
India,IND,Assam,AS,state,2021,Capacity,Fuel,Hydro,MW,384.11
India,IND,Assam,AS,state,2021,Capacity,Fuel,Nuclear,MW,0.0
India,IND,Assam,AS,state,2021,Capacity,Fuel,Other Fossil,MW,0.0
India,IND,Assam,AS,state,2021,Capacity,Fuel,Other Renewables,MW,0.0
India,IND,Assam,AS,state,2021,Capacity,Fuel,Solar,MW,68.57
India,IND,Assam,AS,state,2021,Capacity,Fuel,Wind,MW,0.0
India,IND,Assam,AS,state,2021,Electricity generation,Fuel,Bioenergy,%,0.0
India,IND,Assam,AS,state,2021,Electricity generation,Fuel,Coal,%,49.38
India,IND,Assam,AS,state,2021,Electricity generation,Fuel,Gas,%,40.61
India,IND,Assam,AS,state,2021,Electricity generation,Fuel,Hydro,%,9.23
India,IND,Assam,AS,state,2021,Electricity generation,Fuel,Nuclear,%,0.0
India,IND,Assam,AS,state,2021,Electricity generation,Fuel,Other Fossil,%,0.0
India,IND,Assam,AS,state,2021,Electricity generation,Fuel,Other Renewables,%,0.0
India,IND,Assam,AS,state,2021,Electricity generation,Fuel,Solar,%,0.77
India,IND,Assam,AS,state,2021,Electricity generation,Fuel,Wind,%,0.0
India,IND,Assam,AS,state,2021,Electricity generation,Fuel,Bioenergy,GWh,0.0
India,IND,Assam,AS,state,2021,Electricity generation,Fuel,Coal,GWh,3976.42
India,IND,Assam,AS,state,2021,Electricity generation,Fuel,Gas,GWh,3270.27
India,IND,Assam,AS,state,2021,Electricity generation,Fuel,Hydro,GWh,743.37
India,IND,Assam,AS,state,2021,Electricity generation,Fuel,Nuclear,GWh,0.0
India,IND,Assam,AS,state,2021,Electricity generation,Fuel,Other Fossil,GWh,0.0
India,IND,Assam,AS,state,2021,Electricity generation,Fuel,Other Renewables,GWh,0.0
India,IND,Assam,AS,state,2021,Electricity generation,Fuel,Solar,GWh,62.04
India,IND,Assam,AS,state,2021,Electricity generation,Fuel,Wind,GWh,0.0
India,IND,Assam,AS,state,2021,Electricity generation,Total,Total Generation,GWh,8052.1
India,IND,Assam,AS,state,2021,Power sector emissions,CO2 intensity,CO2 intensity,gCO2/kWh,606.54
India,IND,Assam,AS,state,2021,Power sector emissions,Fuel,Bioenergy,%,0.0
India,IND,Assam,AS,state,2021,Power sector emissions,Fuel,Coal,%,3260.66
India,IND,Assam,AS,state,2021,Power sector emissions,Fuel,Gas,%,1602.43
India,IND,Assam,AS,state,2021,Power sector emissions,Fuel,Hydro,%,17.84
India,IND,Assam,AS,state,2021,Power sector emissions,Fuel,Nuclear,%,0.0
India,IND,Assam,AS,state,2021,Power sector emissions,Fuel,Other Fossil,%,0.0
India,IND,Assam,AS,state,2021,Power sector emissions,Fuel,Other Renewables,%,0.0
India,IND,Assam,AS,state,2021,Power sector emissions,Fuel,Solar,%,2.98
India,IND,Assam,AS,state,2021,Power sector emissions,Fuel,Wind,%,0.0
India,IND,Assam,AS,state,2021,Power sector emissions,Fuel,Bioenergy,ktCO2,0.0
India,IND,Assam,AS,state,2021,Power sector emissions,Fuel,Coal,ktCO2,3260.66
India,IND,Assam,AS,state,2021,Power sector emissions,Fuel,Gas,ktCO2,1602.43
India,IND,Assam,AS,state,2021,Power sector emissions,Fuel,Hydro,ktCO2,17.84
India,IND,Assam,AS,state,2021,Power sector emissions,Fuel,Nuclear,ktCO2,0.0
India,IND,Assam,AS,state,2021,Power sector emissions,Fuel,Other Fossil,ktCO2,0.0
India,IND,Assam,AS,state,2021,Power sector emissions,Fuel,Other Renewables,ktCO2,0.0
India,IND,Assam,AS,state,2021,Power sector emissions,Fuel,Solar,ktCO2,2.98
India,IND,Assam,AS,state,2021,Power sector emissions,Fuel,Wind,ktCO2,0.0
India,IND,Assam,AS,state,2021,Power sector emissions,Total,Total emissions,ktCO2,4883.91
India,IND,Assam,AS,state,2022,Capacity,Fuel,Bioenergy,MW,2.0
India,IND,Assam,AS,state,2022,Capacity,Fuel,Coal,MW,750.0
India,IND,Assam,AS,state,2022,Capacity,Fuel,Gas,MW,597.35
India,IND,Assam,AS,state,2022,Capacity,Fuel,Hydro,MW,384.11
India,IND,Assam,AS,state,2022,Capacity,Fuel,Nuclear,MW,0.0
India,IND,Assam,AS,state,2022,Capacity,Fuel,Other Fossil,MW,0.0
India,IND,Assam,AS,state,2022,Capacity,Fuel,Other Renewables,MW,
India,IND,Assam,AS,state,2022,Capacity,Fuel,Solar,MW,147.92
India,IND,Assam,AS,state,2022,Capacity,Fuel,Wind,MW,0.0
India,IND,Assam,AS,state,2022,Electricity generation,Fuel,Bioenergy,%,0.0
India,IND,Assam,AS,state,2022,Electricity generation,Fuel,Coal,%,53.88
India,IND,Assam,AS,state,2022,Electricity generation,Fuel,Gas,%,38.18
India,IND,Assam,AS,state,2022,Electricity generation,Fuel,Hydro,%,5.95
India,IND,Assam,AS,state,2022,Electricity generation,Fuel,Nuclear,%,0.0
India,IND,Assam,AS,state,2022,Electricity generation,Fuel,Other Fossil,%,0.0
India,IND,Assam,AS,state,2022,Electricity generation,Fuel,Other Renewables,%,0.0
India,IND,Assam,AS,state,2022,Electricity generation,Fuel,Solar,%,1.99
India,IND,Assam,AS,state,2022,Electricity generation,Fuel,Wind,%,0.0
India,IND,Assam,AS,state,2022,Electricity generation,Fuel,Bioenergy,GWh,0.0
India,IND,Assam,AS,state,2022,Electricity generation,Fuel,Coal,GWh,4896.74
India,IND,Assam,AS,state,2022,Electricity generation,Fuel,Gas,GWh,3469.94
India,IND,Assam,AS,state,2022,Electricity generation,Fuel,Hydro,GWh,540.55
India,IND,Assam,AS,state,2022,Electricity generation,Fuel,Nuclear,GWh,0.0
India,IND,Assam,AS,state,2022,Electricity generation,Fuel,Other Fossil,GWh,0.0
India,IND,Assam,AS,state,2022,Electricity generation,Fuel,Other Renewables,GWh,0.0
India,IND,Assam,AS,state,2022,Electricity generation,Fuel,Solar,GWh,180.97
India,IND,Assam,AS,state,2022,Electricity generation,Fuel,Wind,GWh,0.0
India,IND,Assam,AS,state,2022,Electricity generation,Total,Total Generation,GWh,9088.2
India,IND,Assam,AS,state,2022,Power sector emissions,CO2 intensity,CO2 intensity,gCO2/kWh,631.29
India,IND,Assam,AS,state,2022,Power sector emissions,Fuel,Bioenergy,%,0.0
India,IND,Assam,AS,state,2022,Power sector emissions,Fuel,Coal,%,4015.33
India,IND,Assam,AS,state,2022,Power sector emissions,Fuel,Gas,%,1700.27
India,IND,Assam,AS,state,2022,Power sector emissions,Fuel,Hydro,%,12.97
India,IND,Assam,AS,state,2022,Power sector emissions,Fuel,Nuclear,%,0.0
India,IND,Assam,AS,state,2022,Power sector emissions,Fuel,Other Fossil,%,0.0
India,IND,Assam,AS,state,2022,Power sector emissions,Fuel,Other Renewables,%,0.0
India,IND,Assam,AS,state,2022,Power sector emissions,Fuel,Solar,%,8.69
India,IND,Assam,AS,state,2022,Power sector emissions,Fuel,Wind,%,0.0
India,IND,Assam,AS,state,2022,Power sector emissions,Fuel,Bioenergy,ktCO2,0.0
India,IND,Assam,AS,state,2022,Power sector emissions,Fuel,Coal,ktCO2,4015.33
India,IND,Assam,AS,state,2022,Power sector emissions,Fuel,Gas,ktCO2,1700.27
India,IND,Assam,AS,state,2022,Power sector emissions,Fuel,Hydro,ktCO2,12.97
India,IND,Assam,AS,state,2022,Power sector emissions,Fuel,Nuclear,ktCO2,0.0
India,IND,Assam,AS,state,2022,Power sector emissions,Fuel,Other Fossil,ktCO2,0.0
India,IND,Assam,AS,state,2022,Power sector emissions,Fuel,Other Renewables,ktCO2,0.0
India,IND,Assam,AS,state,2022,Power sector emissions,Fuel,Solar,ktCO2,8.69
India,IND,Assam,AS,state,2022,Power sector emissions,Fuel,Wind,ktCO2,0.0
India,IND,Assam,AS,state,2022,Power sector emissions,Total,Total emissions,ktCO2,5737.26
India,IND,Assam,AS,state,2023,Capacity,Fuel,Bioenergy,MW,2.0
India,IND,Assam,AS,state,2023,Capacity,Fuel,Coal,MW,750.0
India,IND,Assam,AS,state,2023,Capacity,Fuel,Gas,MW,597.35
India,IND,Assam,AS,state,2023,Capacity,Fuel,Hydro,MW,384.11
India,IND,Assam,AS,state,2023,Capacity,Fuel,Nuclear,MW,0.0
India,IND,Assam,AS,state,2023,Capacity,Fuel,Other Fossil,MW,0.0
India,IND,Assam,AS,state,2023,Capacity,Fuel,Other Renewables,MW,
India,IND,Assam,AS,state,2023,Capacity,Fuel,Solar,MW,155.81
India,IND,Assam,AS,state,2023,Capacity,Fuel,Wind,MW,0.0
India,IND,Assam,AS,state,2023,Electricity generation,Fuel,Bioenergy,%,0.0
India,IND,Assam,AS,state,2023,Electricity generation,Fuel,Coal,%,54.32
India,IND,Assam,AS,state,2023,Electricity generation,Fuel,Gas,%,35.8
India,IND,Assam,AS,state,2023,Electricity generation,Fuel,Hydro,%,6.68
India,IND,Assam,AS,state,2023,Electricity generation,Fuel,Nuclear,%,0.0
India,IND,Assam,AS,state,2023,Electricity generation,Fuel,Other Fossil,%,0.0
India,IND,Assam,AS,state,2023,Electricity generation,Fuel,Other Renewables,%,0.0
India,IND,Assam,AS,state,2023,Electricity generation,Fuel,Solar,%,3.2
India,IND,Assam,AS,state,2023,Electricity generation,Fuel,Wind,%,0.0
India,IND,Assam,AS,state,2023,Electricity generation,Fuel,Bioenergy,GWh,0.0
India,IND,Assam,AS,state,2023,Electricity generation,Fuel,Coal,GWh,5139.81
India,IND,Assam,AS,state,2023,Electricity generation,Fuel,Gas,GWh,3387.7
India,IND,Assam,AS,state,2023,Electricity generation,Fuel,Hydro,GWh,631.74
India,IND,Assam,AS,state,2023,Electricity generation,Fuel,Nuclear,GWh,0.0
India,IND,Assam,AS,state,2023,Electricity generation,Fuel,Other Fossil,GWh,0.0
India,IND,Assam,AS,state,2023,Electricity generation,Fuel,Other Renewables,GWh,0.39
India,IND,Assam,AS,state,2023,Electricity generation,Fuel,Solar,GWh,302.65
India,IND,Assam,AS,state,2023,Electricity generation,Fuel,Wind,GWh,0.0
India,IND,Assam,AS,state,2023,Electricity generation,Total,Total Generation,GWh,9462.29
India,IND,Assam,AS,state,2023,Power sector emissions,CO2 intensity,CO2 intensity,gCO2/kWh,623.98
India,IND,Assam,AS,state,2023,Power sector emissions,Fuel,Bioenergy,%,0.0
India,IND,Assam,AS,state,2023,Power sector emissions,Fuel,Coal,%,4214.64
India,IND,Assam,AS,state,2023,Power sector emissions,Fuel,Gas,%,1659.97
India,IND,Assam,AS,state,2023,Power sector emissions,Fuel,Hydro,%,15.16
India,IND,Assam,AS,state,2023,Power sector emissions,Fuel,Nuclear,%,0.0
India,IND,Assam,AS,state,2023,Power sector emissions,Fuel,Other Fossil,%,0.0
India,IND,Assam,AS,state,2023,Power sector emissions,Fuel,Other Renewables,%,0.01
India,IND,Assam,AS,state,2023,Power sector emissions,Fuel,Solar,%,14.53
India,IND,Assam,AS,state,2023,Power sector emissions,Fuel,Wind,%,0.0
India,IND,Assam,AS,state,2023,Power sector emissions,Fuel,Bioenergy,ktCO2,0.0
India,IND,Assam,AS,state,2023,Power sector emissions,Fuel,Coal,ktCO2,4214.64
India,IND,Assam,AS,state,2023,Power sector emissions,Fuel,Gas,ktCO2,1659.97
India,IND,Assam,AS,state,2023,Power sector emissions,Fuel,Hydro,ktCO2,15.16
India,IND,Assam,AS,state,2023,Power sector emissions,Fuel,Nuclear,ktCO2,0.0
India,IND,Assam,AS,state,2023,Power sector emissions,Fuel,Other Fossil,ktCO2,0.0
India,IND,Assam,AS,state,2023,Power sector emissions,Fuel,Other Renewables,ktCO2,0.01
India,IND,Assam,AS,state,2023,Power sector emissions,Fuel,Solar,ktCO2,14.53
India,IND,Assam,AS,state,2023,Power sector emissions,Fuel,Wind,ktCO2,0.0
India,IND,Assam,AS,state,2023,Power sector emissions,Total,Total emissions,ktCO2,5904.31
India,IND,Assam,AS,state,2024,Capacity,Fuel,Bioenergy,MW,2.0
India,IND,Assam,AS,state,2024,Capacity,Fuel,Coal,MW,750.0
India,IND,Assam,AS,state,2024,Capacity,Fuel,Gas,MW,597.35
India,IND,Assam,AS,state,2024,Capacity,Fuel,Hydro,MW,384.11
India,IND,Assam,AS,state,2024,Capacity,Fuel,Nuclear,MW,0.0
India,IND,Assam,AS,state,2024,Capacity,Fuel,Other Fossil,MW,0.0
India,IND,Assam,AS,state,2024,Capacity,Fuel,Other Renewables,MW,
India,IND,Assam,AS,state,2024,Capacity,Fuel,Solar,MW,185.44
India,IND,Assam,AS,state,2024,Capacity,Fuel,Wind,MW,0.0
India,IND,Assam,AS,state,2024,Electricity generation,Fuel,Bioenergy,%,0.0
India,IND,Assam,AS,state,2024,Electricity generation,Fuel,Coal,%,49.97
India,IND,Assam,AS,state,2024,Electricity generation,Fuel,Gas,%,35.2
India,IND,Assam,AS,state,2024,Electricity generation,Fuel,Hydro,%,11.64
India,IND,Assam,AS,state,2024,Electricity generation,Fuel,Nuclear,%,0.0
India,IND,Assam,AS,state,2024,Electricity generation,Fuel,Other Fossil,%,0.0
India,IND,Assam,AS,state,2024,Electricity generation,Fuel,Other Renewables,%,0.01
India,IND,Assam,AS,state,2024,Electricity generation,Fuel,Solar,%,3.19
India,IND,Assam,AS,state,2024,Electricity generation,Fuel,Wind,%,0.0
India,IND,Assam,AS,state,2024,Electricity generation,Fuel,Bioenergy,GWh,0.0
India,IND,Assam,AS,state,2024,Electricity generation,Fuel,Coal,GWh,4811.53
India,IND,Assam,AS,state,2024,Electricity generation,Fuel,Gas,GWh,3389.18
India,IND,Assam,AS,state,2024,Electricity generation,Fuel,Hydro,GWh,1120.63
India,IND,Assam,AS,state,2024,Electricity generation,Fuel,Nuclear,GWh,0.0
India,IND,Assam,AS,state,2024,Electricity generation,Fuel,Other Fossil,GWh,0.0
India,IND,Assam,AS,state,2024,Electricity generation,Fuel,Other Renewables,GWh,0.62
India,IND,Assam,AS,state,2024,Electricity generation,Fuel,Solar,GWh,306.91
India,IND,Assam,AS,state,2024,Electricity generation,Fuel,Wind,GWh,0.0
India,IND,Assam,AS,state,2024,Electricity generation,Total,Total Generation,GWh,9628.87
India,IND,Assam,AS,state,2024,Power sector emissions,CO2 intensity,CO2 intensity,gCO2/kWh,586.55
India,IND,Assam,AS,state,2024,Power sector emissions,Fuel,Bioenergy,%,0.0
India,IND,Assam,AS,state,2024,Power sector emissions,Fuel,Coal,%,3945.45
India,IND,Assam,AS,state,2024,Power sector emissions,Fuel,Gas,%,1660.7
India,IND,Assam,AS,state,2024,Power sector emissions,Fuel,Hydro,%,26.9
India,IND,Assam,AS,state,2024,Power sector emissions,Fuel,Nuclear,%,0.0
India,IND,Assam,AS,state,2024,Power sector emissions,Fuel,Other Fossil,%,0.0
India,IND,Assam,AS,state,2024,Power sector emissions,Fuel,Other Renewables,%,0.02
India,IND,Assam,AS,state,2024,Power sector emissions,Fuel,Solar,%,14.73
India,IND,Assam,AS,state,2024,Power sector emissions,Fuel,Wind,%,0.0
India,IND,Assam,AS,state,2024,Power sector emissions,Fuel,Bioenergy,ktCO2,0.0
India,IND,Assam,AS,state,2024,Power sector emissions,Fuel,Coal,ktCO2,3945.45
India,IND,Assam,AS,state,2024,Power sector emissions,Fuel,Gas,ktCO2,1660.7
India,IND,Assam,AS,state,2024,Power sector emissions,Fuel,Hydro,ktCO2,26.9
India,IND,Assam,AS,state,2024,Power sector emissions,Fuel,Nuclear,ktCO2,0.0
India,IND,Assam,AS,state,2024,Power sector emissions,Fuel,Other Fossil,ktCO2,0.0
India,IND,Assam,AS,state,2024,Power sector emissions,Fuel,Other Renewables,ktCO2,0.02
India,IND,Assam,AS,state,2024,Power sector emissions,Fuel,Solar,ktCO2,14.73
India,IND,Assam,AS,state,2024,Power sector emissions,Fuel,Wind,ktCO2,0.0
India,IND,Assam,AS,state,2024,Power sector emissions,Total,Total emissions,ktCO2,5647.8
India,IND,Bihar,BR,state,2019,Capacity,Fuel,Bioenergy,MW,121.2
India,IND,Bihar,BR,state,2019,Capacity,Fuel,Coal,MW,6390.0
India,IND,Bihar,BR,state,2019,Capacity,Fuel,Gas,MW,0.0
India,IND,Bihar,BR,state,2019,Capacity,Fuel,Hydro,MW,70.7
India,IND,Bihar,BR,state,2019,Capacity,Fuel,Nuclear,MW,0.0
India,IND,Bihar,BR,state,2019,Capacity,Fuel,Other Fossil,MW,0.0
India,IND,Bihar,BR,state,2019,Capacity,Fuel,Other Renewables,MW,0.0
India,IND,Bihar,BR,state,2019,Capacity,Fuel,Solar,MW,149.35
India,IND,Bihar,BR,state,2019,Capacity,Fuel,Wind,MW,0.0
India,IND,Bihar,BR,state,2019,Electricity generation,Fuel,Bioenergy,%,0.76
India,IND,Bihar,BR,state,2019,Electricity generation,Fuel,Coal,%,98.7
India,IND,Bihar,BR,state,2019,Electricity generation,Fuel,Gas,%,0.0
India,IND,Bihar,BR,state,2019,Electricity generation,Fuel,Hydro,%,0.05
India,IND,Bihar,BR,state,2019,Electricity generation,Fuel,Nuclear,%,0.0
India,IND,Bihar,BR,state,2019,Electricity generation,Fuel,Other Fossil,%,0.0
India,IND,Bihar,BR,state,2019,Electricity generation,Fuel,Other Renewables,%,0.0
India,IND,Bihar,BR,state,2019,Electricity generation,Fuel,Solar,%,0.49
India,IND,Bihar,BR,state,2019,Electricity generation,Fuel,Wind,%,0.0
India,IND,Bihar,BR,state,2019,Electricity generation,Fuel,Bioenergy,GWh,268.48
India,IND,Bihar,BR,state,2019,Electricity generation,Fuel,Coal,GWh,34992.35
India,IND,Bihar,BR,state,2019,Electricity generation,Fuel,Gas,GWh,0.0
India,IND,Bihar,BR,state,2019,Electricity generation,Fuel,Hydro,GWh,17.55
India,IND,Bihar,BR,state,2019,Electricity generation,Fuel,Nuclear,GWh,0.0
India,IND,Bihar,BR,state,2019,Electricity generation,Fuel,Other Fossil,GWh,0.0
India,IND,Bihar,BR,state,2019,Electricity generation,Fuel,Other Renewables,GWh,0.0
India,IND,Bihar,BR,state,2019,Electricity generation,Fuel,Solar,GWh,173.59
India,IND,Bihar,BR,state,2019,Electricity generation,Fuel,Wind,GWh,0.0
India,IND,Bihar,BR,state,2019,Electricity generation,Total,Total Generation,GWh,35451.97
India,IND,Bihar,BR,state,2019,Power sector emissions,CO2 intensity,CO2 intensity,gCO2/kWh,811.36
India,IND,Bihar,BR,state,2019,Power sector emissions,Fuel,Bioenergy,%,61.75
India,IND,Bihar,BR,state,2019,Power sector emissions,Fuel,Coal,%,28693.73
India,IND,Bihar,BR,state,2019,Power sector emissions,Fuel,Gas,%,0.0
India,IND,Bihar,BR,state,2019,Power sector emissions,Fuel,Hydro,%,0.42
India,IND,Bihar,BR,state,2019,Power sector emissions,Fuel,Nuclear,%,0.0
India,IND,Bihar,BR,state,2019,Power sector emissions,Fuel,Other Fossil,%,0.0
India,IND,Bihar,BR,state,2019,Power sector emissions,Fuel,Other Renewables,%,0.0
India,IND,Bihar,BR,state,2019,Power sector emissions,Fuel,Solar,%,8.33
India,IND,Bihar,BR,state,2019,Power sector emissions,Fuel,Wind,%,0.0
India,IND,Bihar,BR,state,2019,Power sector emissions,Fuel,Bioenergy,ktCO2,61.75
India,IND,Bihar,BR,state,2019,Power sector emissions,Fuel,Coal,ktCO2,28693.73
India,IND,Bihar,BR,state,2019,Power sector emissions,Fuel,Gas,ktCO2,0.0
India,IND,Bihar,BR,state,2019,Power sector emissions,Fuel,Hydro,ktCO2,0.42
India,IND,Bihar,BR,state,2019,Power sector emissions,Fuel,Nuclear,ktCO2,0.0
India,IND,Bihar,BR,state,2019,Power sector emissions,Fuel,Other Fossil,ktCO2,0.0
India,IND,Bihar,BR,state,2019,Power sector emissions,Fuel,Other Renewables,ktCO2,0.0
India,IND,Bihar,BR,state,2019,Power sector emissions,Fuel,Solar,ktCO2,8.33
India,IND,Bihar,BR,state,2019,Power sector emissions,Fuel,Wind,ktCO2,0.0
India,IND,Bihar,BR,state,2019,Power sector emissions,Total,Total emissions,ktCO2,28764.23
India,IND,Bihar,BR,state,2020,Capacity,Fuel,Bioenergy,MW,124.7
India,IND,Bihar,BR,state,2020,Capacity,Fuel,Coal,MW,6390.0
India,IND,Bihar,BR,state,2020,Capacity,Fuel,Gas,MW,0.0
India,IND,Bihar,BR,state,2020,Capacity,Fuel,Hydro,MW,70.7
India,IND,Bihar,BR,state,2020,Capacity,Fuel,Nuclear,MW,0.0
India,IND,Bihar,BR,state,2020,Capacity,Fuel,Other Fossil,MW,0.0
India,IND,Bihar,BR,state,2020,Capacity,Fuel,Other Renewables,MW,0.0
India,IND,Bihar,BR,state,2020,Capacity,Fuel,Solar,MW,157.41
India,IND,Bihar,BR,state,2020,Capacity,Fuel,Wind,MW,0.0
India,IND,Bihar,BR,state,2020,Electricity generation,Fuel,Bioenergy,%,0.33
India,IND,Bihar,BR,state,2020,Electricity generation,Fuel,Coal,%,99.02
India,IND,Bihar,BR,state,2020,Electricity generation,Fuel,Gas,%,0.0
India,IND,Bihar,BR,state,2020,Electricity generation,Fuel,Hydro,%,0.13
India,IND,Bihar,BR,state,2020,Electricity generation,Fuel,Nuclear,%,0.0
India,IND,Bihar,BR,state,2020,Electricity generation,Fuel,Other Fossil,%,0.0
India,IND,Bihar,BR,state,2020,Electricity generation,Fuel,Other Renewables,%,0.0
India,IND,Bihar,BR,state,2020,Electricity generation,Fuel,Solar,%,0.51
India,IND,Bihar,BR,state,2020,Electricity generation,Fuel,Wind,%,0.0
India,IND,Bihar,BR,state,2020,Electricity generation,Fuel,Bioenergy,GWh,109.74
India,IND,Bihar,BR,state,2020,Electricity generation,Fuel,Coal,GWh,32460.22
India,IND,Bihar,BR,state,2020,Electricity generation,Fuel,Gas,GWh,0.0
India,IND,Bihar,BR,state,2020,Electricity generation,Fuel,Hydro,GWh,44.01
India,IND,Bihar,BR,state,2020,Electricity generation,Fuel,Nuclear,GWh,0.0
India,IND,Bihar,BR,state,2020,Electricity generation,Fuel,Other Fossil,GWh,0.0
India,IND,Bihar,BR,state,2020,Electricity generation,Fuel,Other Renewables,GWh,0.0
India,IND,Bihar,BR,state,2020,Electricity generation,Fuel,Solar,GWh,166.71
India,IND,Bihar,BR,state,2020,Electricity generation,Fuel,Wind,GWh,0.0
India,IND,Bihar,BR,state,2020,Electricity generation,Total,Total Generation,GWh,32780.68
India,IND,Bihar,BR,state,2020,Power sector emissions,CO2 intensity,CO2 intensity,gCO2/kWh,813.03
India,IND,Bihar,BR,state,2020,Power sector emissions,Fuel,Bioenergy,%,25.24
India,IND,Bihar,BR,state,2020,Power sector emissions,Fuel,Coal,%,26617.38
India,IND,Bihar,BR,state,2020,Power sector emissions,Fuel,Gas,%,0.0
India,IND,Bihar,BR,state,2020,Power sector emissions,Fuel,Hydro,%,1.06
India,IND,Bihar,BR,state,2020,Power sector emissions,Fuel,Nuclear,%,0.0
India,IND,Bihar,BR,state,2020,Power sector emissions,Fuel,Other Fossil,%,0.0
India,IND,Bihar,BR,state,2020,Power sector emissions,Fuel,Other Renewables,%,0.0
India,IND,Bihar,BR,state,2020,Power sector emissions,Fuel,Solar,%,8.0
India,IND,Bihar,BR,state,2020,Power sector emissions,Fuel,Wind,%,0.0
India,IND,Bihar,BR,state,2020,Power sector emissions,Fuel,Bioenergy,ktCO2,25.24
India,IND,Bihar,BR,state,2020,Power sector emissions,Fuel,Coal,ktCO2,26617.38
India,IND,Bihar,BR,state,2020,Power sector emissions,Fuel,Gas,ktCO2,0.0
India,IND,Bihar,BR,state,2020,Power sector emissions,Fuel,Hydro,ktCO2,1.06
India,IND,Bihar,BR,state,2020,Power sector emissions,Fuel,Nuclear,ktCO2,0.0
India,IND,Bihar,BR,state,2020,Power sector emissions,Fuel,Other Fossil,ktCO2,0.0
India,IND,Bihar,BR,state,2020,Power sector emissions,Fuel,Other Renewables,ktCO2,0.0
India,IND,Bihar,BR,state,2020,Power sector emissions,Fuel,Solar,ktCO2,8.0
India,IND,Bihar,BR,state,2020,Power sector emissions,Fuel,Wind,ktCO2,0.0
India,IND,Bihar,BR,state,2020,Power sector emissions,Total,Total emissions,ktCO2,26651.68
India,IND,Bihar,BR,state,2021,Capacity,Fuel,Bioenergy,MW,125.7
India,IND,Bihar,BR,state,2021,Capacity,Fuel,Coal,MW,7960.0
India,IND,Bihar,BR,state,2021,Capacity,Fuel,Gas,MW,0.0
India,IND,Bihar,BR,state,2021,Capacity,Fuel,Hydro,MW,70.7
India,IND,Bihar,BR,state,2021,Capacity,Fuel,Nuclear,MW,0.0
India,IND,Bihar,BR,state,2021,Capacity,Fuel,Other Fossil,MW,0.0
India,IND,Bihar,BR,state,2021,Capacity,Fuel,Other Renewables,MW,0.0
India,IND,Bihar,BR,state,2021,Capacity,Fuel,Solar,MW,190.57
India,IND,Bihar,BR,state,2021,Capacity,Fuel,Wind,MW,0.0
India,IND,Bihar,BR,state,2021,Electricity generation,Fuel,Bioenergy,%,0.08
India,IND,Bihar,BR,state,2021,Electricity generation,Fuel,Coal,%,99.54
India,IND,Bihar,BR,state,2021,Electricity generation,Fuel,Gas,%,0.0
India,IND,Bihar,BR,state,2021,Electricity generation,Fuel,Hydro,%,0.01
India,IND,Bihar,BR,state,2021,Electricity generation,Fuel,Nuclear,%,0.0
India,IND,Bihar,BR,state,2021,Electricity generation,Fuel,Other Fossil,%,0.0
India,IND,Bihar,BR,state,2021,Electricity generation,Fuel,Other Renewables,%,0.0
India,IND,Bihar,BR,state,2021,Electricity generation,Fuel,Solar,%,0.37
India,IND,Bihar,BR,state,2021,Electricity generation,Fuel,Wind,%,0.0
India,IND,Bihar,BR,state,2021,Electricity generation,Fuel,Bioenergy,GWh,31.07
India,IND,Bihar,BR,state,2021,Electricity generation,Fuel,Coal,GWh,41197.35
India,IND,Bihar,BR,state,2021,Electricity generation,Fuel,Gas,GWh,0.0
India,IND,Bihar,BR,state,2021,Electricity generation,Fuel,Hydro,GWh,4.51
India,IND,Bihar,BR,state,2021,Electricity generation,Fuel,Nuclear,GWh,0.0
India,IND,Bihar,BR,state,2021,Electricity generation,Fuel,Other Fossil,GWh,0.0
India,IND,Bihar,BR,state,2021,Electricity generation,Fuel,Other Renewables,GWh,0.0
India,IND,Bihar,BR,state,2021,Electricity generation,Fuel,Solar,GWh,153.43
India,IND,Bihar,BR,state,2021,Electricity generation,Fuel,Wind,GWh,0.0
India,IND,Bihar,BR,state,2021,Electricity generation,Total,Total Generation,GWh,41386.36
India,IND,Bihar,BR,state,2021,Power sector emissions,CO2 intensity,CO2 intensity,gCO2/kWh,816.61
India,IND,Bihar,BR,state,2021,Power sector emissions,Fuel,Bioenergy,%,7.15
India,IND,Bihar,BR,state,2021,Power sector emissions,Fuel,Coal,%,33781.83
India,IND,Bihar,BR,state,2021,Power sector emissions,Fuel,Gas,%,0.0
India,IND,Bihar,BR,state,2021,Power sector emissions,Fuel,Hydro,%,0.11
India,IND,Bihar,BR,state,2021,Power sector emissions,Fuel,Nuclear,%,0.0
India,IND,Bihar,BR,state,2021,Power sector emissions,Fuel,Other Fossil,%,0.0
India,IND,Bihar,BR,state,2021,Power sector emissions,Fuel,Other Renewables,%,0.0
India,IND,Bihar,BR,state,2021,Power sector emissions,Fuel,Solar,%,7.36
India,IND,Bihar,BR,state,2021,Power sector emissions,Fuel,Wind,%,0.0
India,IND,Bihar,BR,state,2021,Power sector emissions,Fuel,Bioenergy,ktCO2,7.15
India,IND,Bihar,BR,state,2021,Power sector emissions,Fuel,Coal,ktCO2,33781.83
India,IND,Bihar,BR,state,2021,Power sector emissions,Fuel,Gas,ktCO2,0.0
India,IND,Bihar,BR,state,2021,Power sector emissions,Fuel,Hydro,ktCO2,0.11
India,IND,Bihar,BR,state,2021,Power sector emissions,Fuel,Nuclear,ktCO2,0.0
India,IND,Bihar,BR,state,2021,Power sector emissions,Fuel,Other Fossil,ktCO2,0.0
India,IND,Bihar,BR,state,2021,Power sector emissions,Fuel,Other Renewables,ktCO2,0.0
India,IND,Bihar,BR,state,2021,Power sector emissions,Fuel,Solar,ktCO2,7.36
India,IND,Bihar,BR,state,2021,Power sector emissions,Fuel,Wind,ktCO2,0.0
India,IND,Bihar,BR,state,2021,Power sector emissions,Total,Total emissions,ktCO2,33796.45
India,IND,Bihar,BR,state,2022,Capacity,Fuel,Bioenergy,MW,126.02
India,IND,Bihar,BR,state,2022,Capacity,Fuel,Coal,MW,8400.0
India,IND,Bihar,BR,state,2022,Capacity,Fuel,Gas,MW,0.0
India,IND,Bihar,BR,state,2022,Capacity,Fuel,Hydro,MW,70.7
India,IND,Bihar,BR,state,2022,Capacity,Fuel,Nuclear,MW,0.0
India,IND,Bihar,BR,state,2022,Capacity,Fuel,Other Fossil,MW,0.0
India,IND,Bihar,BR,state,2022,Capacity,Fuel,Other Renewables,MW,
India,IND,Bihar,BR,state,2022,Capacity,Fuel,Solar,MW,192.89
India,IND,Bihar,BR,state,2022,Capacity,Fuel,Wind,MW,0.0
India,IND,Bihar,BR,state,2022,Electricity generation,Fuel,Bioenergy,%,0.15
India,IND,Bihar,BR,state,2022,Electricity generation,Fuel,Coal,%,99.51
India,IND,Bihar,BR,state,2022,Electricity generation,Fuel,Gas,%,0.0
India,IND,Bihar,BR,state,2022,Electricity generation,Fuel,Hydro,%,0.03
India,IND,Bihar,BR,state,2022,Electricity generation,Fuel,Nuclear,%,0.0
India,IND,Bihar,BR,state,2022,Electricity generation,Fuel,Other Fossil,%,0.0
India,IND,Bihar,BR,state,2022,Electricity generation,Fuel,Other Renewables,%,0.0
India,IND,Bihar,BR,state,2022,Electricity generation,Fuel,Solar,%,0.32
India,IND,Bihar,BR,state,2022,Electricity generation,Fuel,Wind,%,0.0
India,IND,Bihar,BR,state,2022,Electricity generation,Fuel,Bioenergy,GWh,78.97
India,IND,Bihar,BR,state,2022,Electricity generation,Fuel,Coal,GWh,54060.14
India,IND,Bihar,BR,state,2022,Electricity generation,Fuel,Gas,GWh,0.0
India,IND,Bihar,BR,state,2022,Electricity generation,Fuel,Hydro,GWh,14.16
India,IND,Bihar,BR,state,2022,Electricity generation,Fuel,Nuclear,GWh,0.0
India,IND,Bihar,BR,state,2022,Electricity generation,Fuel,Other Fossil,GWh,0.0
India,IND,Bihar,BR,state,2022,Electricity generation,Fuel,Other Renewables,GWh,0.0
India,IND,Bihar,BR,state,2022,Electricity generation,Fuel,Solar,GWh,171.22
India,IND,Bihar,BR,state,2022,Electricity generation,Fuel,Wind,GWh,0.0
India,IND,Bihar,BR,state,2022,Electricity generation,Total,Total Generation,GWh,54324.49
India,IND,Bihar,BR,state,2022,Power sector emissions,CO2 intensity,CO2 intensity,gCO2/kWh,816.5
India,IND,Bihar,BR,state,2022,Power sector emissions,Fuel,Bioenergy,%,18.16
India,IND,Bihar,BR,state,2022,Power sector emissions,Fuel,Coal,%,44329.32
India,IND,Bihar,BR,state,2022,Power sector emissions,Fuel,Gas,%,0.0
India,IND,Bihar,BR,state,2022,Power sector emissions,Fuel,Hydro,%,0.34
India,IND,Bihar,BR,state,2022,Power sector emissions,Fuel,Nuclear,%,0.0
India,IND,Bihar,BR,state,2022,Power sector emissions,Fuel,Other Fossil,%,0.0
India,IND,Bihar,BR,state,2022,Power sector emissions,Fuel,Other Renewables,%,0.0
India,IND,Bihar,BR,state,2022,Power sector emissions,Fuel,Solar,%,8.22
India,IND,Bihar,BR,state,2022,Power sector emissions,Fuel,Wind,%,0.0
India,IND,Bihar,BR,state,2022,Power sector emissions,Fuel,Bioenergy,ktCO2,18.16
India,IND,Bihar,BR,state,2022,Power sector emissions,Fuel,Coal,ktCO2,44329.32
India,IND,Bihar,BR,state,2022,Power sector emissions,Fuel,Gas,ktCO2,0.0
India,IND,Bihar,BR,state,2022,Power sector emissions,Fuel,Hydro,ktCO2,0.34
India,IND,Bihar,BR,state,2022,Power sector emissions,Fuel,Nuclear,ktCO2,0.0
India,IND,Bihar,BR,state,2022,Power sector emissions,Fuel,Other Fossil,ktCO2,0.0
India,IND,Bihar,BR,state,2022,Power sector emissions,Fuel,Other Renewables,ktCO2,0.0
India,IND,Bihar,BR,state,2022,Power sector emissions,Fuel,Solar,ktCO2,8.22
India,IND,Bihar,BR,state,2022,Power sector emissions,Fuel,Wind,ktCO2,0.0
India,IND,Bihar,BR,state,2022,Power sector emissions,Total,Total emissions,ktCO2,44356.04
India,IND,Bihar,BR,state,2023,Capacity,Fuel,Bioenergy,MW,126.02
India,IND,Bihar,BR,state,2023,Capacity,Fuel,Coal,MW,9060.0
India,IND,Bihar,BR,state,2023,Capacity,Fuel,Gas,MW,0.0
India,IND,Bihar,BR,state,2023,Capacity,Fuel,Hydro,MW,70.7
India,IND,Bihar,BR,state,2023,Capacity,Fuel,Nuclear,MW,0.0
India,IND,Bihar,BR,state,2023,Capacity,Fuel,Other Fossil,MW,0.0
India,IND,Bihar,BR,state,2023,Capacity,Fuel,Other Renewables,MW,
India,IND,Bihar,BR,state,2023,Capacity,Fuel,Solar,MW,223.54
India,IND,Bihar,BR,state,2023,Capacity,Fuel,Wind,MW,0.0
India,IND,Bihar,BR,state,2023,Electricity generation,Fuel,Bioenergy,%,0.25
India,IND,Bihar,BR,state,2023,Electricity generation,Fuel,Coal,%,99.42
India,IND,Bihar,BR,state,2023,Electricity generation,Fuel,Gas,%,0.0
India,IND,Bihar,BR,state,2023,Electricity generation,Fuel,Hydro,%,0.01
India,IND,Bihar,BR,state,2023,Electricity generation,Fuel,Nuclear,%,0.0
India,IND,Bihar,BR,state,2023,Electricity generation,Fuel,Other Fossil,%,0.0
India,IND,Bihar,BR,state,2023,Electricity generation,Fuel,Other Renewables,%,0.0
India,IND,Bihar,BR,state,2023,Electricity generation,Fuel,Solar,%,0.32
India,IND,Bihar,BR,state,2023,Electricity generation,Fuel,Wind,%,0.0
India,IND,Bihar,BR,state,2023,Electricity generation,Fuel,Bioenergy,GWh,143.78
India,IND,Bihar,BR,state,2023,Electricity generation,Fuel,Coal,GWh,57364.11
India,IND,Bihar,BR,state,2023,Electricity generation,Fuel,Gas,GWh,0.0
India,IND,Bihar,BR,state,2023,Electricity generation,Fuel,Hydro,GWh,8.24
India,IND,Bihar,BR,state,2023,Electricity generation,Fuel,Nuclear,GWh,0.0
India,IND,Bihar,BR,state,2023,Electricity generation,Fuel,Other Fossil,GWh,0.0
India,IND,Bihar,BR,state,2023,Electricity generation,Fuel,Other Renewables,GWh,0.0
India,IND,Bihar,BR,state,2023,Electricity generation,Fuel,Solar,GWh,183.25
India,IND,Bihar,BR,state,2023,Electricity generation,Fuel,Wind,GWh,0.0
India,IND,Bihar,BR,state,2023,Electricity generation,Total,Total Generation,GWh,57699.38
India,IND,Bihar,BR,state,2023,Power sector emissions,CO2 intensity,CO2 intensity,gCO2/kWh,815.96
India,IND,Bihar,BR,state,2023,Power sector emissions,Fuel,Bioenergy,%,33.07
India,IND,Bihar,BR,state,2023,Power sector emissions,Fuel,Coal,%,47038.57
India,IND,Bihar,BR,state,2023,Power sector emissions,Fuel,Gas,%,0.0
India,IND,Bihar,BR,state,2023,Power sector emissions,Fuel,Hydro,%,0.2
India,IND,Bihar,BR,state,2023,Power sector emissions,Fuel,Nuclear,%,0.0
India,IND,Bihar,BR,state,2023,Power sector emissions,Fuel,Other Fossil,%,0.0
India,IND,Bihar,BR,state,2023,Power sector emissions,Fuel,Other Renewables,%,0.0
India,IND,Bihar,BR,state,2023,Power sector emissions,Fuel,Solar,%,8.8
India,IND,Bihar,BR,state,2023,Power sector emissions,Fuel,Wind,%,0.0
India,IND,Bihar,BR,state,2023,Power sector emissions,Fuel,Bioenergy,ktCO2,33.07
India,IND,Bihar,BR,state,2023,Power sector emissions,Fuel,Coal,ktCO2,47038.57
India,IND,Bihar,BR,state,2023,Power sector emissions,Fuel,Gas,ktCO2,0.0
India,IND,Bihar,BR,state,2023,Power sector emissions,Fuel,Hydro,ktCO2,0.2
India,IND,Bihar,BR,state,2023,Power sector emissions,Fuel,Nuclear,ktCO2,0.0
India,IND,Bihar,BR,state,2023,Power sector emissions,Fuel,Other Fossil,ktCO2,0.0
India,IND,Bihar,BR,state,2023,Power sector emissions,Fuel,Other Renewables,ktCO2,0.0
India,IND,Bihar,BR,state,2023,Power sector emissions,Fuel,Solar,ktCO2,8.8
India,IND,Bihar,BR,state,2023,Power sector emissions,Fuel,Wind,ktCO2,0.0
India,IND,Bihar,BR,state,2023,Power sector emissions,Total,Total emissions,ktCO2,47080.64
India,IND,Bihar,BR,state,2024,Capacity,Fuel,Bioenergy,MW,140.22
India,IND,Bihar,BR,state,2024,Capacity,Fuel,Coal,MW,9060.0
India,IND,Bihar,BR,state,2024,Capacity,Fuel,Gas,MW,0.0
India,IND,Bihar,BR,state,2024,Capacity,Fuel,Hydro,MW,70.7
India,IND,Bihar,BR,state,2024,Capacity,Fuel,Nuclear,MW,0.0
India,IND,Bihar,BR,state,2024,Capacity,Fuel,Other Fossil,MW,0.0
India,IND,Bihar,BR,state,2024,Capacity,Fuel,Other Renewables,MW,
India,IND,Bihar,BR,state,2024,Capacity,Fuel,Solar,MW,317.04
India,IND,Bihar,BR,state,2024,Capacity,Fuel,Wind,MW,0.0
India,IND,Bihar,BR,state,2024,Electricity generation,Fuel,Bioenergy,%,0.17
India,IND,Bihar,BR,state,2024,Electricity generation,Fuel,Coal,%,99.33
India,IND,Bihar,BR,state,2024,Electricity generation,Fuel,Gas,%,0.0
India,IND,Bihar,BR,state,2024,Electricity generation,Fuel,Hydro,%,0.02
India,IND,Bihar,BR,state,2024,Electricity generation,Fuel,Nuclear,%,0.0
India,IND,Bihar,BR,state,2024,Electricity generation,Fuel,Other Fossil,%,0.0
India,IND,Bihar,BR,state,2024,Electricity generation,Fuel,Other Renewables,%,0.0
India,IND,Bihar,BR,state,2024,Electricity generation,Fuel,Solar,%,0.48
India,IND,Bihar,BR,state,2024,Electricity generation,Fuel,Wind,%,0.0
India,IND,Bihar,BR,state,2024,Electricity generation,Fuel,Bioenergy,GWh,101.95
India,IND,Bihar,BR,state,2024,Electricity generation,Fuel,Coal,GWh,60576.29
India,IND,Bihar,BR,state,2024,Electricity generation,Fuel,Gas,GWh,0.0
India,IND,Bihar,BR,state,2024,Electricity generation,Fuel,Hydro,GWh,12.33
India,IND,Bihar,BR,state,2024,Electricity generation,Fuel,Nuclear,GWh,0.0
India,IND,Bihar,BR,state,2024,Electricity generation,Fuel,Other Fossil,GWh,0.0
India,IND,Bihar,BR,state,2024,Electricity generation,Fuel,Other Renewables,GWh,0.0
India,IND,Bihar,BR,state,2024,Electricity generation,Fuel,Solar,GWh,293.17
India,IND,Bihar,BR,state,2024,Electricity generation,Fuel,Wind,GWh,0.0
India,IND,Bihar,BR,state,2024,Electricity generation,Total,Total Generation,GWh,60983.74
India,IND,Bihar,BR,state,2024,Power sector emissions,CO2 intensity,CO2 intensity,gCO2/kWh,815.14
India,IND,Bihar,BR,state,2024,Power sector emissions,Fuel,Bioenergy,%,23.45
India,IND,Bihar,BR,state,2024,Power sector emissions,Fuel,Coal,%,49672.56
India,IND,Bihar,BR,state,2024,Power sector emissions,Fuel,Gas,%,0.0
India,IND,Bihar,BR,state,2024,Power sector emissions,Fuel,Hydro,%,0.3
India,IND,Bihar,BR,state,2024,Power sector emissions,Fuel,Nuclear,%,0.0
India,IND,Bihar,BR,state,2024,Power sector emissions,Fuel,Other Fossil,%,0.0
India,IND,Bihar,BR,state,2024,Power sector emissions,Fuel,Other Renewables,%,0.0
India,IND,Bihar,BR,state,2024,Power sector emissions,Fuel,Solar,%,14.07
India,IND,Bihar,BR,state,2024,Power sector emissions,Fuel,Wind,%,0.0
India,IND,Bihar,BR,state,2024,Power sector emissions,Fuel,Bioenergy,ktCO2,23.45
India,IND,Bihar,BR,state,2024,Power sector emissions,Fuel,Coal,ktCO2,49672.56
India,IND,Bihar,BR,state,2024,Power sector emissions,Fuel,Gas,ktCO2,0.0
India,IND,Bihar,BR,state,2024,Power sector emissions,Fuel,Hydro,ktCO2,0.3
India,IND,Bihar,BR,state,2024,Power sector emissions,Fuel,Nuclear,ktCO2,0.0
India,IND,Bihar,BR,state,2024,Power sector emissions,Fuel,Other Fossil,ktCO2,0.0
India,IND,Bihar,BR,state,2024,Power sector emissions,Fuel,Other Renewables,ktCO2,0.0
India,IND,Bihar,BR,state,2024,Power sector emissions,Fuel,Solar,ktCO2,14.07
India,IND,Bihar,BR,state,2024,Power sector emissions,Fuel,Wind,ktCO2,0.0
India,IND,Bihar,BR,state,2024,Power sector emissions,Total,Total emissions,ktCO2,49710.38
India,IND,Chandigarh,CH,Union territory,2019,Capacity,Fuel,Bioenergy,MW,0.0
India,IND,Chandigarh,CH,Union territory,2019,Capacity,Fuel,Coal,MW,0.0
India,IND,Chandigarh,CH,Union territory,2019,Capacity,Fuel,Gas,MW,0.0
India,IND,Chandigarh,CH,Union territory,2019,Capacity,Fuel,Hydro,MW,0.0
India,IND,Chandigarh,CH,Union territory,2019,Capacity,Fuel,Nuclear,MW,0.0
India,IND,Chandigarh,CH,Union territory,2019,Capacity,Fuel,Other Fossil,MW,0.0
India,IND,Chandigarh,CH,Union territory,2019,Capacity,Fuel,Other Renewables,MW,0.0
India,IND,Chandigarh,CH,Union territory,2019,Capacity,Fuel,Solar,MW,36.99
India,IND,Chandigarh,CH,Union territory,2019,Capacity,Fuel,Wind,MW,0.0
India,IND,Chandigarh,CH,Union territory,2019,Electricity generation,Fuel,Bioenergy,%,0.0
India,IND,Chandigarh,CH,Union territory,2019,Electricity generation,Fuel,Coal,%,0.0
India,IND,Chandigarh,CH,Union territory,2019,Electricity generation,Fuel,Gas,%,0.0
India,IND,Chandigarh,CH,Union territory,2019,Electricity generation,Fuel,Hydro,%,0.0
India,IND,Chandigarh,CH,Union territory,2019,Electricity generation,Fuel,Nuclear,%,0.0
India,IND,Chandigarh,CH,Union territory,2019,Electricity generation,Fuel,Other Fossil,%,0.0
India,IND,Chandigarh,CH,Union territory,2019,Electricity generation,Fuel,Other Renewables,%,0.0
India,IND,Chandigarh,CH,Union territory,2019,Electricity generation,Fuel,Solar,%,100.0
India,IND,Chandigarh,CH,Union territory,2019,Electricity generation,Fuel,Wind,%,0.0
India,IND,Chandigarh,CH,Union territory,2019,Electricity generation,Fuel,Bioenergy,GWh,0.0
India,IND,Chandigarh,CH,Union territory,2019,Electricity generation,Fuel,Coal,GWh,0.0
India,IND,Chandigarh,CH,Union territory,2019,Electricity generation,Fuel,Gas,GWh,0.0
India,IND,Chandigarh,CH,Union territory,2019,Electricity generation,Fuel,Hydro,GWh,0.0
India,IND,Chandigarh,CH,Union territory,2019,Electricity generation,Fuel,Nuclear,GWh,0.0
India,IND,Chandigarh,CH,Union territory,2019,Electricity generation,Fuel,Other Fossil,GWh,0.0
India,IND,Chandigarh,CH,Union territory,2019,Electricity generation,Fuel,Other Renewables,GWh,0.0
India,IND,Chandigarh,CH,Union territory,2019,Electricity generation,Fuel,Solar,GWh,11.99
India,IND,Chandigarh,CH,Union territory,2019,Electricity generation,Fuel,Wind,GWh,0.0
India,IND,Chandigarh,CH,Union territory,2019,Electricity generation,Total,Total Generation,GWh,11.99
India,IND,Chandigarh,CH,Union territory,2019,Power sector emissions,CO2 intensity,CO2 intensity,gCO2/kWh,48.37
India,IND,Chandigarh,CH,Union territory,2019,Power sector emissions,Fuel,Bioenergy,%,0.0
India,IND,Chandigarh,CH,Union territory,2019,Power sector emissions,Fuel,Coal,%,0.0
India,IND,Chandigarh,CH,Union territory,2019,Power sector emissions,Fuel,Gas,%,0.0
India,IND,Chandigarh,CH,Union territory,2019,Power sector emissions,Fuel,Hydro,%,0.0
India,IND,Chandigarh,CH,Union territory,2019,Power sector emissions,Fuel,Nuclear,%,0.0
India,IND,Chandigarh,CH,Union territory,2019,Power sector emissions,Fuel,Other Fossil,%,0.0
India,IND,Chandigarh,CH,Union territory,2019,Power sector emissions,Fuel,Other Renewables,%,0.0
India,IND,Chandigarh,CH,Union territory,2019,Power sector emissions,Fuel,Solar,%,0.58
India,IND,Chandigarh,CH,Union territory,2019,Power sector emissions,Fuel,Wind,%,0.0
India,IND,Chandigarh,CH,Union territory,2019,Power sector emissions,Fuel,Bioenergy,ktCO2,0.0
India,IND,Chandigarh,CH,Union territory,2019,Power sector emissions,Fuel,Coal,ktCO2,0.0
India,IND,Chandigarh,CH,Union territory,2019,Power sector emissions,Fuel,Gas,ktCO2,0.0
India,IND,Chandigarh,CH,Union territory,2019,Power sector emissions,Fuel,Hydro,ktCO2,0.0
India,IND,Chandigarh,CH,Union territory,2019,Power sector emissions,Fuel,Nuclear,ktCO2,0.0
India,IND,Chandigarh,CH,Union territory,2019,Power sector emissions,Fuel,Other Fossil,ktCO2,0.0
India,IND,Chandigarh,CH,Union territory,2019,Power sector emissions,Fuel,Other Renewables,ktCO2,0.0
India,IND,Chandigarh,CH,Union territory,2019,Power sector emissions,Fuel,Solar,ktCO2,0.58
India,IND,Chandigarh,CH,Union territory,2019,Power sector emissions,Fuel,Wind,ktCO2,0.0
India,IND,Chandigarh,CH,Union territory,2019,Power sector emissions,Total,Total emissions,ktCO2,0.58
India,IND,Chandigarh,CH,Union territory,2020,Capacity,Fuel,Bioenergy,MW,0.0
India,IND,Chandigarh,CH,Union territory,2020,Capacity,Fuel,Coal,MW,0.0
India,IND,Chandigarh,CH,Union territory,2020,Capacity,Fuel,Gas,MW,0.0
India,IND,Chandigarh,CH,Union territory,2020,Capacity,Fuel,Hydro,MW,0.0
India,IND,Chandigarh,CH,Union territory,2020,Capacity,Fuel,Nuclear,MW,0.0
India,IND,Chandigarh,CH,Union territory,2020,Capacity,Fuel,Other Fossil,MW,0.0
India,IND,Chandigarh,CH,Union territory,2020,Capacity,Fuel,Other Renewables,MW,0.0
India,IND,Chandigarh,CH,Union territory,2020,Capacity,Fuel,Solar,MW,45.16
India,IND,Chandigarh,CH,Union territory,2020,Capacity,Fuel,Wind,MW,0.0
India,IND,Chandigarh,CH,Union territory,2020,Electricity generation,Fuel,Bioenergy,%,0.0
India,IND,Chandigarh,CH,Union territory,2020,Electricity generation,Fuel,Coal,%,0.0
India,IND,Chandigarh,CH,Union territory,2020,Electricity generation,Fuel,Gas,%,0.0
India,IND,Chandigarh,CH,Union territory,2020,Electricity generation,Fuel,Hydro,%,0.0
India,IND,Chandigarh,CH,Union territory,2020,Electricity generation,Fuel,Nuclear,%,0.0
India,IND,Chandigarh,CH,Union territory,2020,Electricity generation,Fuel,Other Fossil,%,0.0
India,IND,Chandigarh,CH,Union territory,2020,Electricity generation,Fuel,Other Renewables,%,0.0
India,IND,Chandigarh,CH,Union territory,2020,Electricity generation,Fuel,Solar,%,100.0
India,IND,Chandigarh,CH,Union territory,2020,Electricity generation,Fuel,Wind,%,0.0
India,IND,Chandigarh,CH,Union territory,2020,Electricity generation,Fuel,Bioenergy,GWh,0.0
India,IND,Chandigarh,CH,Union territory,2020,Electricity generation,Fuel,Coal,GWh,0.0
India,IND,Chandigarh,CH,Union territory,2020,Electricity generation,Fuel,Gas,GWh,0.0
India,IND,Chandigarh,CH,Union territory,2020,Electricity generation,Fuel,Hydro,GWh,0.0
India,IND,Chandigarh,CH,Union territory,2020,Electricity generation,Fuel,Nuclear,GWh,0.0
India,IND,Chandigarh,CH,Union territory,2020,Electricity generation,Fuel,Other Fossil,GWh,0.0
India,IND,Chandigarh,CH,Union territory,2020,Electricity generation,Fuel,Other Renewables,GWh,0.0
India,IND,Chandigarh,CH,Union territory,2020,Electricity generation,Fuel,Solar,GWh,9.86
India,IND,Chandigarh,CH,Union territory,2020,Electricity generation,Fuel,Wind,GWh,0.0
India,IND,Chandigarh,CH,Union territory,2020,Electricity generation,Total,Total Generation,GWh,9.86
India,IND,Chandigarh,CH,Union territory,2020,Power sector emissions,CO2 intensity,CO2 intensity,gCO2/kWh,47.67
India,IND,Chandigarh,CH,Union territory,2020,Power sector emissions,Fuel,Bioenergy,%,0.0
India,IND,Chandigarh,CH,Union territory,2020,Power sector emissions,Fuel,Coal,%,0.0
India,IND,Chandigarh,CH,Union territory,2020,Power sector emissions,Fuel,Gas,%,0.0
India,IND,Chandigarh,CH,Union territory,2020,Power sector emissions,Fuel,Hydro,%,0.0
India,IND,Chandigarh,CH,Union territory,2020,Power sector emissions,Fuel,Nuclear,%,0.0
India,IND,Chandigarh,CH,Union territory,2020,Power sector emissions,Fuel,Other Fossil,%,0.0
India,IND,Chandigarh,CH,Union territory,2020,Power sector emissions,Fuel,Other Renewables,%,0.0
India,IND,Chandigarh,CH,Union territory,2020,Power sector emissions,Fuel,Solar,%,0.47
India,IND,Chandigarh,CH,Union territory,2020,Power sector emissions,Fuel,Wind,%,0.0
India,IND,Chandigarh,CH,Union territory,2020,Power sector emissions,Fuel,Bioenergy,ktCO2,0.0
India,IND,Chandigarh,CH,Union territory,2020,Power sector emissions,Fuel,Coal,ktCO2,0.0
India,IND,Chandigarh,CH,Union territory,2020,Power sector emissions,Fuel,Gas,ktCO2,0.0
India,IND,Chandigarh,CH,Union territory,2020,Power sector emissions,Fuel,Hydro,ktCO2,0.0
India,IND,Chandigarh,CH,Union territory,2020,Power sector emissions,Fuel,Nuclear,ktCO2,0.0
India,IND,Chandigarh,CH,Union territory,2020,Power sector emissions,Fuel,Other Fossil,ktCO2,0.0
India,IND,Chandigarh,CH,Union territory,2020,Power sector emissions,Fuel,Other Renewables,ktCO2,0.0
India,IND,Chandigarh,CH,Union territory,2020,Power sector emissions,Fuel,Solar,ktCO2,0.47
India,IND,Chandigarh,CH,Union territory,2020,Power sector emissions,Fuel,Wind,ktCO2,0.0
India,IND,Chandigarh,CH,Union territory,2020,Power sector emissions,Total,Total emissions,ktCO2,0.47
India,IND,Chandigarh,CH,Union territory,2021,Capacity,Fuel,Bioenergy,MW,0.0
India,IND,Chandigarh,CH,Union territory,2021,Capacity,Fuel,Coal,MW,0.0
India,IND,Chandigarh,CH,Union territory,2021,Capacity,Fuel,Gas,MW,0.0
India,IND,Chandigarh,CH,Union territory,2021,Capacity,Fuel,Hydro,MW,0.0
India,IND,Chandigarh,CH,Union territory,2021,Capacity,Fuel,Nuclear,MW,0.0
India,IND,Chandigarh,CH,Union territory,2021,Capacity,Fuel,Other Fossil,MW,0.0
India,IND,Chandigarh,CH,Union territory,2021,Capacity,Fuel,Other Renewables,MW,0.0
India,IND,Chandigarh,CH,Union territory,2021,Capacity,Fuel,Solar,MW,53.45
India,IND,Chandigarh,CH,Union territory,2021,Capacity,Fuel,Wind,MW,0.0
India,IND,Chandigarh,CH,Union territory,2021,Electricity generation,Fuel,Bioenergy,%,0.0
India,IND,Chandigarh,CH,Union territory,2021,Electricity generation,Fuel,Coal,%,0.0
India,IND,Chandigarh,CH,Union territory,2021,Electricity generation,Fuel,Gas,%,0.0
India,IND,Chandigarh,CH,Union territory,2021,Electricity generation,Fuel,Hydro,%,0.0
India,IND,Chandigarh,CH,Union territory,2021,Electricity generation,Fuel,Nuclear,%,0.0
India,IND,Chandigarh,CH,Union territory,2021,Electricity generation,Fuel,Other Fossil,%,0.0
India,IND,Chandigarh,CH,Union territory,2021,Electricity generation,Fuel,Other Renewables,%,0.0
India,IND,Chandigarh,CH,Union territory,2021,Electricity generation,Fuel,Solar,%,100.0
India,IND,Chandigarh,CH,Union territory,2021,Electricity generation,Fuel,Wind,%,0.0
India,IND,Chandigarh,CH,Union territory,2021,Electricity generation,Fuel,Bioenergy,GWh,0.0
India,IND,Chandigarh,CH,Union territory,2021,Electricity generation,Fuel,Coal,GWh,0.0
India,IND,Chandigarh,CH,Union territory,2021,Electricity generation,Fuel,Gas,GWh,0.0
India,IND,Chandigarh,CH,Union territory,2021,Electricity generation,Fuel,Hydro,GWh,0.0
India,IND,Chandigarh,CH,Union territory,2021,Electricity generation,Fuel,Nuclear,GWh,0.0
India,IND,Chandigarh,CH,Union territory,2021,Electricity generation,Fuel,Other Fossil,GWh,0.0
India,IND,Chandigarh,CH,Union territory,2021,Electricity generation,Fuel,Other Renewables,GWh,0.0
India,IND,Chandigarh,CH,Union territory,2021,Electricity generation,Fuel,Solar,GWh,14.81
India,IND,Chandigarh,CH,Union territory,2021,Electricity generation,Fuel,Wind,GWh,0.0
India,IND,Chandigarh,CH,Union territory,2021,Electricity generation,Total,Total Generation,GWh,14.81
India,IND,Chandigarh,CH,Union territory,2021,Power sector emissions,CO2 intensity,CO2 intensity,gCO2/kWh,47.94
India,IND,Chandigarh,CH,Union territory,2021,Power sector emissions,Fuel,Bioenergy,%,0.0
India,IND,Chandigarh,CH,Union territory,2021,Power sector emissions,Fuel,Coal,%,0.0
India,IND,Chandigarh,CH,Union territory,2021,Power sector emissions,Fuel,Gas,%,0.0
India,IND,Chandigarh,CH,Union territory,2021,Power sector emissions,Fuel,Hydro,%,0.0
India,IND,Chandigarh,CH,Union territory,2021,Power sector emissions,Fuel,Nuclear,%,0.0
India,IND,Chandigarh,CH,Union territory,2021,Power sector emissions,Fuel,Other Fossil,%,0.0
India,IND,Chandigarh,CH,Union territory,2021,Power sector emissions,Fuel,Other Renewables,%,0.0
India,IND,Chandigarh,CH,Union territory,2021,Power sector emissions,Fuel,Solar,%,0.71
India,IND,Chandigarh,CH,Union territory,2021,Power sector emissions,Fuel,Wind,%,0.0
India,IND,Chandigarh,CH,Union territory,2021,Power sector emissions,Fuel,Bioenergy,ktCO2,0.0
India,IND,Chandigarh,CH,Union territory,2021,Power sector emissions,Fuel,Coal,ktCO2,0.0
India,IND,Chandigarh,CH,Union territory,2021,Power sector emissions,Fuel,Gas,ktCO2,0.0
India,IND,Chandigarh,CH,Union territory,2021,Power sector emissions,Fuel,Hydro,ktCO2,0.0
India,IND,Chandigarh,CH,Union territory,2021,Power sector emissions,Fuel,Nuclear,ktCO2,0.0
India,IND,Chandigarh,CH,Union territory,2021,Power sector emissions,Fuel,Other Fossil,ktCO2,0.0
India,IND,Chandigarh,CH,Union territory,2021,Power sector emissions,Fuel,Other Renewables,ktCO2,0.0
India,IND,Chandigarh,CH,Union territory,2021,Power sector emissions,Fuel,Solar,ktCO2,0.71
India,IND,Chandigarh,CH,Union territory,2021,Power sector emissions,Fuel,Wind,ktCO2,0.0
India,IND,Chandigarh,CH,Union territory,2021,Power sector emissions,Total,Total emissions,ktCO2,0.71
India,IND,Chandigarh,CH,Union territory,2022,Capacity,Fuel,Bioenergy,MW,0.0
India,IND,Chandigarh,CH,Union territory,2022,Capacity,Fuel,Hydro,MW,0.0
India,IND,Chandigarh,CH,Union territory,2022,Capacity,Fuel,Other Renewables,MW,
India,IND,Chandigarh,CH,Union territory,2022,Capacity,Fuel,Solar,MW,58.69
India,IND,Chandigarh,CH,Union territory,2022,Capacity,Fuel,Wind,MW,0.0
India,IND,Chandigarh,CH,Union territory,2022,Electricity generation,Fuel,Bioenergy,%,0.0
India,IND,Chandigarh,CH,Union territory,2022,Electricity generation,Fuel,Hydro,%,0.0
India,IND,Chandigarh,CH,Union territory,2022,Electricity generation,Fuel,Other Renewables,%,0.0
India,IND,Chandigarh,CH,Union territory,2022,Electricity generation,Fuel,Solar,%,100.0
India,IND,Chandigarh,CH,Union territory,2022,Electricity generation,Fuel,Wind,%,0.0
India,IND,Chandigarh,CH,Union territory,2022,Electricity generation,Fuel,Bioenergy,GWh,0.0
India,IND,Chandigarh,CH,Union territory,2022,Electricity generation,Fuel,Hydro,GWh,0.0
India,IND,Chandigarh,CH,Union territory,2022,Electricity generation,Fuel,Other Renewables,GWh,0.0
India,IND,Chandigarh,CH,Union territory,2022,Electricity generation,Fuel,Solar,GWh,12.0
India,IND,Chandigarh,CH,Union territory,2022,Electricity generation,Fuel,Wind,GWh,0.0
India,IND,Chandigarh,CH,Union territory,2022,Electricity generation,Total,Total Generation,GWh,12.0
India,IND,Chandigarh,CH,Union territory,2022,Power sector emissions,CO2 intensity,CO2 intensity,gCO2/kWh,48.33
India,IND,Chandigarh,CH,Union territory,2022,Power sector emissions,Fuel,Bioenergy,%,0.0
India,IND,Chandigarh,CH,Union territory,2022,Power sector emissions,Fuel,Hydro,%,0.0
India,IND,Chandigarh,CH,Union territory,2022,Power sector emissions,Fuel,Other Renewables,%,0.0
India,IND,Chandigarh,CH,Union territory,2022,Power sector emissions,Fuel,Solar,%,0.58
India,IND,Chandigarh,CH,Union territory,2022,Power sector emissions,Fuel,Wind,%,0.0
India,IND,Chandigarh,CH,Union territory,2022,Power sector emissions,Fuel,Bioenergy,ktCO2,0.0
India,IND,Chandigarh,CH,Union territory,2022,Power sector emissions,Fuel,Hydro,ktCO2,0.0
India,IND,Chandigarh,CH,Union territory,2022,Power sector emissions,Fuel,Other Renewables,ktCO2,0.0
India,IND,Chandigarh,CH,Union territory,2022,Power sector emissions,Fuel,Solar,ktCO2,0.58
India,IND,Chandigarh,CH,Union territory,2022,Power sector emissions,Fuel,Wind,ktCO2,0.0
India,IND,Chandigarh,CH,Union territory,2022,Power sector emissions,Total,Total emissions,ktCO2,0.58
India,IND,Chandigarh,CH,Union territory,2023,Capacity,Fuel,Bioenergy,MW,0.0
India,IND,Chandigarh,CH,Union territory,2023,Capacity,Fuel,Hydro,MW,0.0
India,IND,Chandigarh,CH,Union territory,2023,Capacity,Fuel,Other Renewables,MW,
India,IND,Chandigarh,CH,Union territory,2023,Capacity,Fuel,Solar,MW,64.05
India,IND,Chandigarh,CH,Union territory,2023,Capacity,Fuel,Wind,MW,0.0
India,IND,Chandigarh,CH,Union territory,2023,Electricity generation,Fuel,Bioenergy,%,0.0
India,IND,Chandigarh,CH,Union territory,2023,Electricity generation,Fuel,Hydro,%,0.0
India,IND,Chandigarh,CH,Union territory,2023,Electricity generation,Fuel,Other Renewables,%,0.0
India,IND,Chandigarh,CH,Union territory,2023,Electricity generation,Fuel,Solar,%,100.0
India,IND,Chandigarh,CH,Union territory,2023,Electricity generation,Fuel,Wind,%,0.0
India,IND,Chandigarh,CH,Union territory,2023,Electricity generation,Fuel,Bioenergy,GWh,0.0
India,IND,Chandigarh,CH,Union territory,2023,Electricity generation,Fuel,Hydro,GWh,0.0
India,IND,Chandigarh,CH,Union territory,2023,Electricity generation,Fuel,Other Renewables,GWh,0.0
India,IND,Chandigarh,CH,Union territory,2023,Electricity generation,Fuel,Solar,GWh,13.57
India,IND,Chandigarh,CH,Union territory,2023,Electricity generation,Fuel,Wind,GWh,0.0
India,IND,Chandigarh,CH,Union territory,2023,Electricity generation,Total,Total Generation,GWh,13.57
India,IND,Chandigarh,CH,Union territory,2023,Power sector emissions,CO2 intensity,CO2 intensity,gCO2/kWh,47.9
India,IND,Chandigarh,CH,Union territory,2023,Power sector emissions,Fuel,Bioenergy,%,0.0
India,IND,Chandigarh,CH,Union territory,2023,Power sector emissions,Fuel,Hydro,%,0.0
India,IND,Chandigarh,CH,Union territory,2023,Power sector emissions,Fuel,Other Renewables,%,0.0
India,IND,Chandigarh,CH,Union territory,2023,Power sector emissions,Fuel,Solar,%,0.65
India,IND,Chandigarh,CH,Union territory,2023,Power sector emissions,Fuel,Wind,%,0.0
India,IND,Chandigarh,CH,Union territory,2023,Power sector emissions,Fuel,Bioenergy,ktCO2,0.0
India,IND,Chandigarh,CH,Union territory,2023,Power sector emissions,Fuel,Hydro,ktCO2,0.0
India,IND,Chandigarh,CH,Union territory,2023,Power sector emissions,Fuel,Other Renewables,ktCO2,0.0
India,IND,Chandigarh,CH,Union territory,2023,Power sector emissions,Fuel,Solar,ktCO2,0.65
India,IND,Chandigarh,CH,Union territory,2023,Power sector emissions,Fuel,Wind,ktCO2,0.0
India,IND,Chandigarh,CH,Union territory,2023,Power sector emissions,Total,Total emissions,ktCO2,0.65
India,IND,Chandigarh,CH,Union territory,2024,Capacity,Fuel,Bioenergy,MW,0.0
India,IND,Chandigarh,CH,Union territory,2024,Capacity,Fuel,Hydro,MW,0.0
India,IND,Chandigarh,CH,Union territory,2024,Capacity,Fuel,Other Renewables,MW,
India,IND,Chandigarh,CH,Union territory,2024,Capacity,Fuel,Solar,MW,77.05
India,IND,Chandigarh,CH,Union territory,2024,Capacity,Fuel,Wind,MW,0.0
India,IND,Chandigarh,CH,Union territory,2024,Electricity generation,Fuel,Bioenergy,%,0.0
India,IND,Chandigarh,CH,Union territory,2024,Electricity generation,Fuel,Hydro,%,0.0
India,IND,Chandigarh,CH,Union territory,2024,Electricity generation,Fuel,Other Renewables,%,0.0
India,IND,Chandigarh,CH,Union territory,2024,Electricity generation,Fuel,Solar,%,100.0
India,IND,Chandigarh,CH,Union territory,2024,Electricity generation,Fuel,Wind,%,0.0
India,IND,Chandigarh,CH,Union territory,2024,Electricity generation,Fuel,Bioenergy,GWh,0.0
India,IND,Chandigarh,CH,Union territory,2024,Electricity generation,Fuel,Hydro,GWh,0.0
India,IND,Chandigarh,CH,Union territory,2024,Electricity generation,Fuel,Other Renewables,GWh,0.0
India,IND,Chandigarh,CH,Union territory,2024,Electricity generation,Fuel,Solar,GWh,9.3
India,IND,Chandigarh,CH,Union territory,2024,Electricity generation,Fuel,Wind,GWh,0.0
India,IND,Chandigarh,CH,Union territory,2024,Electricity generation,Total,Total Generation,GWh,9.3
India,IND,Chandigarh,CH,Union territory,2024,Power sector emissions,CO2 intensity,CO2 intensity,gCO2/kWh,48.39
India,IND,Chandigarh,CH,Union territory,2024,Power sector emissions,Fuel,Bioenergy,%,0.0
India,IND,Chandigarh,CH,Union territory,2024,Power sector emissions,Fuel,Hydro,%,0.0
India,IND,Chandigarh,CH,Union territory,2024,Power sector emissions,Fuel,Other Renewables,%,0.0
India,IND,Chandigarh,CH,Union territory,2024,Power sector emissions,Fuel,Solar,%,0.45
India,IND,Chandigarh,CH,Union territory,2024,Power sector emissions,Fuel,Wind,%,0.0
India,IND,Chandigarh,CH,Union territory,2024,Power sector emissions,Fuel,Bioenergy,ktCO2,0.0
India,IND,Chandigarh,CH,Union territory,2024,Power sector emissions,Fuel,Hydro,ktCO2,0.0
India,IND,Chandigarh,CH,Union territory,2024,Power sector emissions,Fuel,Other Renewables,ktCO2,0.0
India,IND,Chandigarh,CH,Union territory,2024,Power sector emissions,Fuel,Solar,ktCO2,0.45
India,IND,Chandigarh,CH,Union territory,2024,Power sector emissions,Fuel,Wind,ktCO2,0.0
India,IND,Chandigarh,CH,Union territory,2024,Power sector emissions,Total,Total emissions,ktCO2,0.45
India,IND,Chhattisgarh,CT,state,2019,Capacity,Fuel,Bioenergy,MW,230.5
India,IND,Chhattisgarh,CT,state,2019,Capacity,Fuel,Coal,MW,23128.0
India,IND,Chhattisgarh,CT,state,2019,Capacity,Fuel,Gas,MW,0.0
India,IND,Chhattisgarh,CT,state,2019,Capacity,Fuel,Hydro,MW,196.0
India,IND,Chhattisgarh,CT,state,2019,Capacity,Fuel,Nuclear,MW,0.0
India,IND,Chhattisgarh,CT,state,2019,Capacity,Fuel,Other Fossil,MW,0.0
India,IND,Chhattisgarh,CT,state,2019,Capacity,Fuel,Other Renewables,MW,0.0
India,IND,Chhattisgarh,CT,state,2019,Capacity,Fuel,Solar,MW,231.35
India,IND,Chhattisgarh,CT,state,2019,Capacity,Fuel,Wind,MW,0.0
India,IND,Chhattisgarh,CT,state,2019,Electricity generation,Fuel,Bioenergy,%,0.51
India,IND,Chhattisgarh,CT,state,2019,Electricity generation,Fuel,Coal,%,98.94
India,IND,Chhattisgarh,CT,state,2019,Electricity generation,Fuel,Gas,%,0.0
India,IND,Chhattisgarh,CT,state,2019,Electricity generation,Fuel,Hydro,%,0.27
India,IND,Chhattisgarh,CT,state,2019,Electricity generation,Fuel,Nuclear,%,0.0
India,IND,Chhattisgarh,CT,state,2019,Electricity generation,Fuel,Other Fossil,%,0.0
India,IND,Chhattisgarh,CT,state,2019,Electricity generation,Fuel,Other Renewables,%,0.0
India,IND,Chhattisgarh,CT,state,2019,Electricity generation,Fuel,Solar,%,0.28
India,IND,Chhattisgarh,CT,state,2019,Electricity generation,Fuel,Wind,%,0.0
India,IND,Chhattisgarh,CT,state,2019,Electricity generation,Fuel,Bioenergy,GWh,585.72
India,IND,Chhattisgarh,CT,state,2019,Electricity generation,Fuel,Coal,GWh,113634.97
India,IND,Chhattisgarh,CT,state,2019,Electricity generation,Fuel,Gas,GWh,0.0
India,IND,Chhattisgarh,CT,state,2019,Electricity generation,Fuel,Hydro,GWh,310.85
India,IND,Chhattisgarh,CT,state,2019,Electricity generation,Fuel,Nuclear,GWh,0.0
India,IND,Chhattisgarh,CT,state,2019,Electricity generation,Fuel,Other Fossil,GWh,0.0
India,IND,Chhattisgarh,CT,state,2019,Electricity generation,Fuel,Other Renewables,GWh,0.0
India,IND,Chhattisgarh,CT,state,2019,Electricity generation,Fuel,Solar,GWh,325.52
India,IND,Chhattisgarh,CT,state,2019,Electricity generation,Fuel,Wind,GWh,0.0
India,IND,Chhattisgarh,CT,state,2019,Electricity generation,Total,Total Generation,GWh,114857.06
India,IND,Chhattisgarh,CT,state,2019,Power sector emissions,CO2 intensity,CO2 intensity,gCO2/kWh,812.65
India,IND,Chhattisgarh,CT,state,2019,Power sector emissions,Fuel,Bioenergy,%,134.72
India,IND,Chhattisgarh,CT,state,2019,Power sector emissions,Fuel,Coal,%,93180.67
India,IND,Chhattisgarh,CT,state,2019,Power sector emissions,Fuel,Gas,%,0.0
India,IND,Chhattisgarh,CT,state,2019,Power sector emissions,Fuel,Hydro,%,7.46
India,IND,Chhattisgarh,CT,state,2019,Power sector emissions,Fuel,Nuclear,%,0.0
India,IND,Chhattisgarh,CT,state,2019,Power sector emissions,Fuel,Other Fossil,%,0.0
India,IND,Chhattisgarh,CT,state,2019,Power sector emissions,Fuel,Other Renewables,%,0.0
India,IND,Chhattisgarh,CT,state,2019,Power sector emissions,Fuel,Solar,%,15.63
India,IND,Chhattisgarh,CT,state,2019,Power sector emissions,Fuel,Wind,%,0.0
India,IND,Chhattisgarh,CT,state,2019,Power sector emissions,Fuel,Bioenergy,ktCO2,134.72
India,IND,Chhattisgarh,CT,state,2019,Power sector emissions,Fuel,Coal,ktCO2,93180.67
India,IND,Chhattisgarh,CT,state,2019,Power sector emissions,Fuel,Gas,ktCO2,0.0
India,IND,Chhattisgarh,CT,state,2019,Power sector emissions,Fuel,Hydro,ktCO2,7.46
India,IND,Chhattisgarh,CT,state,2019,Power sector emissions,Fuel,Nuclear,ktCO2,0.0
India,IND,Chhattisgarh,CT,state,2019,Power sector emissions,Fuel,Other Fossil,ktCO2,0.0
India,IND,Chhattisgarh,CT,state,2019,Power sector emissions,Fuel,Other Renewables,ktCO2,0.0
India,IND,Chhattisgarh,CT,state,2019,Power sector emissions,Fuel,Solar,ktCO2,15.63
India,IND,Chhattisgarh,CT,state,2019,Power sector emissions,Fuel,Wind,ktCO2,0.0
India,IND,Chhattisgarh,CT,state,2019,Power sector emissions,Total,Total emissions,ktCO2,93338.48
India,IND,Chhattisgarh,CT,state,2020,Capacity,Fuel,Bioenergy,MW,244.9
India,IND,Chhattisgarh,CT,state,2020,Capacity,Fuel,Coal,MW,23928.0
India,IND,Chhattisgarh,CT,state,2020,Capacity,Fuel,Gas,MW,0.0
India,IND,Chhattisgarh,CT,state,2020,Capacity,Fuel,Hydro,MW,196.0
India,IND,Chhattisgarh,CT,state,2020,Capacity,Fuel,Nuclear,MW,0.0
India,IND,Chhattisgarh,CT,state,2020,Capacity,Fuel,Other Fossil,MW,0.0
India,IND,Chhattisgarh,CT,state,2020,Capacity,Fuel,Other Renewables,MW,0.0
India,IND,Chhattisgarh,CT,state,2020,Capacity,Fuel,Solar,MW,240.0
India,IND,Chhattisgarh,CT,state,2020,Capacity,Fuel,Wind,MW,0.0
India,IND,Chhattisgarh,CT,state,2020,Electricity generation,Fuel,Bioenergy,%,0.71
India,IND,Chhattisgarh,CT,state,2020,Electricity generation,Fuel,Coal,%,98.62
India,IND,Chhattisgarh,CT,state,2020,Electricity generation,Fuel,Gas,%,0.0
India,IND,Chhattisgarh,CT,state,2020,Electricity generation,Fuel,Hydro,%,0.4
India,IND,Chhattisgarh,CT,state,2020,Electricity generation,Fuel,Nuclear,%,0.0
India,IND,Chhattisgarh,CT,state,2020,Electricity generation,Fuel,Other Fossil,%,0.0
India,IND,Chhattisgarh,CT,state,2020,Electricity generation,Fuel,Other Renewables,%,0.0
India,IND,Chhattisgarh,CT,state,2020,Electricity generation,Fuel,Solar,%,0.27
India,IND,Chhattisgarh,CT,state,2020,Electricity generation,Fuel,Wind,%,0.0
India,IND,Chhattisgarh,CT,state,2020,Electricity generation,Fuel,Bioenergy,GWh,934.16
India,IND,Chhattisgarh,CT,state,2020,Electricity generation,Fuel,Coal,GWh,130680.88
India,IND,Chhattisgarh,CT,state,2020,Electricity generation,Fuel,Gas,GWh,0.0
India,IND,Chhattisgarh,CT,state,2020,Electricity generation,Fuel,Hydro,GWh,528.33
India,IND,Chhattisgarh,CT,state,2020,Electricity generation,Fuel,Nuclear,GWh,0.0
India,IND,Chhattisgarh,CT,state,2020,Electricity generation,Fuel,Other Fossil,GWh,0.0
India,IND,Chhattisgarh,CT,state,2020,Electricity generation,Fuel,Other Renewables,GWh,0.0
India,IND,Chhattisgarh,CT,state,2020,Electricity generation,Fuel,Solar,GWh,360.87
India,IND,Chhattisgarh,CT,state,2020,Electricity generation,Fuel,Wind,GWh,0.0
India,IND,Chhattisgarh,CT,state,2020,Electricity generation,Total,Total Generation,GWh,132504.24
India,IND,Chhattisgarh,CT,state,2020,Power sector emissions,CO2 intensity,CO2 intensity,gCO2/kWh,810.56
India,IND,Chhattisgarh,CT,state,2020,Power sector emissions,Fuel,Bioenergy,%,214.86
India,IND,Chhattisgarh,CT,state,2020,Power sector emissions,Fuel,Coal,%,107158.32
India,IND,Chhattisgarh,CT,state,2020,Power sector emissions,Fuel,Gas,%,0.0
India,IND,Chhattisgarh,CT,state,2020,Power sector emissions,Fuel,Hydro,%,12.68
India,IND,Chhattisgarh,CT,state,2020,Power sector emissions,Fuel,Nuclear,%,0.0
India,IND,Chhattisgarh,CT,state,2020,Power sector emissions,Fuel,Other Fossil,%,0.0
India,IND,Chhattisgarh,CT,state,2020,Power sector emissions,Fuel,Other Renewables,%,0.0
India,IND,Chhattisgarh,CT,state,2020,Power sector emissions,Fuel,Solar,%,17.32
India,IND,Chhattisgarh,CT,state,2020,Power sector emissions,Fuel,Wind,%,0.0
India,IND,Chhattisgarh,CT,state,2020,Power sector emissions,Fuel,Bioenergy,ktCO2,214.86
India,IND,Chhattisgarh,CT,state,2020,Power sector emissions,Fuel,Coal,ktCO2,107158.32
India,IND,Chhattisgarh,CT,state,2020,Power sector emissions,Fuel,Gas,ktCO2,0.0
India,IND,Chhattisgarh,CT,state,2020,Power sector emissions,Fuel,Hydro,ktCO2,12.68
India,IND,Chhattisgarh,CT,state,2020,Power sector emissions,Fuel,Nuclear,ktCO2,0.0
India,IND,Chhattisgarh,CT,state,2020,Power sector emissions,Fuel,Other Fossil,ktCO2,0.0
India,IND,Chhattisgarh,CT,state,2020,Power sector emissions,Fuel,Other Renewables,ktCO2,0.0
India,IND,Chhattisgarh,CT,state,2020,Power sector emissions,Fuel,Solar,ktCO2,17.32
India,IND,Chhattisgarh,CT,state,2020,Power sector emissions,Fuel,Wind,ktCO2,0.0
India,IND,Chhattisgarh,CT,state,2020,Power sector emissions,Total,Total emissions,ktCO2,107403.18
India,IND,Chhattisgarh,CT,state,2021,Capacity,Fuel,Bioenergy,MW,275.0
India,IND,Chhattisgarh,CT,state,2021,Capacity,Fuel,Coal,MW,23688.0
India,IND,Chhattisgarh,CT,state,2021,Capacity,Fuel,Gas,MW,0.0
India,IND,Chhattisgarh,CT,state,2021,Capacity,Fuel,Hydro,MW,196.0
India,IND,Chhattisgarh,CT,state,2021,Capacity,Fuel,Nuclear,MW,0.0
India,IND,Chhattisgarh,CT,state,2021,Capacity,Fuel,Other Fossil,MW,0.0
India,IND,Chhattisgarh,CT,state,2021,Capacity,Fuel,Other Renewables,MW,0.0
India,IND,Chhattisgarh,CT,state,2021,Capacity,Fuel,Solar,MW,506.87
India,IND,Chhattisgarh,CT,state,2021,Capacity,Fuel,Wind,MW,0.0
India,IND,Chhattisgarh,CT,state,2021,Electricity generation,Fuel,Bioenergy,%,0.94
India,IND,Chhattisgarh,CT,state,2021,Electricity generation,Fuel,Coal,%,98.35
India,IND,Chhattisgarh,CT,state,2021,Electricity generation,Fuel,Gas,%,0.0
India,IND,Chhattisgarh,CT,state,2021,Electricity generation,Fuel,Hydro,%,0.42
India,IND,Chhattisgarh,CT,state,2021,Electricity generation,Fuel,Nuclear,%,0.0
India,IND,Chhattisgarh,CT,state,2021,Electricity generation,Fuel,Other Fossil,%,0.0
India,IND,Chhattisgarh,CT,state,2021,Electricity generation,Fuel,Other Renewables,%,0.0
India,IND,Chhattisgarh,CT,state,2021,Electricity generation,Fuel,Solar,%,0.29
India,IND,Chhattisgarh,CT,state,2021,Electricity generation,Fuel,Wind,%,0.0
India,IND,Chhattisgarh,CT,state,2021,Electricity generation,Fuel,Bioenergy,GWh,1326.13
India,IND,Chhattisgarh,CT,state,2021,Electricity generation,Fuel,Coal,GWh,139148.95
India,IND,Chhattisgarh,CT,state,2021,Electricity generation,Fuel,Gas,GWh,0.0
India,IND,Chhattisgarh,CT,state,2021,Electricity generation,Fuel,Hydro,GWh,596.21
India,IND,Chhattisgarh,CT,state,2021,Electricity generation,Fuel,Nuclear,GWh,0.0
India,IND,Chhattisgarh,CT,state,2021,Electricity generation,Fuel,Other Fossil,GWh,0.0
India,IND,Chhattisgarh,CT,state,2021,Electricity generation,Fuel,Other Renewables,GWh,0.0
India,IND,Chhattisgarh,CT,state,2021,Electricity generation,Fuel,Solar,GWh,409.98
India,IND,Chhattisgarh,CT,state,2021,Electricity generation,Fuel,Wind,GWh,0.0
India,IND,Chhattisgarh,CT,state,2021,Electricity generation,Total,Total Generation,GWh,141481.27
India,IND,Chhattisgarh,CT,state,2021,Power sector emissions,CO2 intensity,CO2 intensity,gCO2/kWh,808.88
India,IND,Chhattisgarh,CT,state,2021,Power sector emissions,Fuel,Bioenergy,%,305.01
India,IND,Chhattisgarh,CT,state,2021,Power sector emissions,Fuel,Coal,%,114102.14
India,IND,Chhattisgarh,CT,state,2021,Power sector emissions,Fuel,Gas,%,0.0
India,IND,Chhattisgarh,CT,state,2021,Power sector emissions,Fuel,Hydro,%,14.31
India,IND,Chhattisgarh,CT,state,2021,Power sector emissions,Fuel,Nuclear,%,0.0
India,IND,Chhattisgarh,CT,state,2021,Power sector emissions,Fuel,Other Fossil,%,0.0
India,IND,Chhattisgarh,CT,state,2021,Power sector emissions,Fuel,Other Renewables,%,0.0
India,IND,Chhattisgarh,CT,state,2021,Power sector emissions,Fuel,Solar,%,19.68
India,IND,Chhattisgarh,CT,state,2021,Power sector emissions,Fuel,Wind,%,0.0
India,IND,Chhattisgarh,CT,state,2021,Power sector emissions,Fuel,Bioenergy,ktCO2,305.01
India,IND,Chhattisgarh,CT,state,2021,Power sector emissions,Fuel,Coal,ktCO2,114102.14
India,IND,Chhattisgarh,CT,state,2021,Power sector emissions,Fuel,Gas,ktCO2,0.0
India,IND,Chhattisgarh,CT,state,2021,Power sector emissions,Fuel,Hydro,ktCO2,14.31
India,IND,Chhattisgarh,CT,state,2021,Power sector emissions,Fuel,Nuclear,ktCO2,0.0
India,IND,Chhattisgarh,CT,state,2021,Power sector emissions,Fuel,Other Fossil,ktCO2,0.0
India,IND,Chhattisgarh,CT,state,2021,Power sector emissions,Fuel,Other Renewables,ktCO2,0.0
India,IND,Chhattisgarh,CT,state,2021,Power sector emissions,Fuel,Solar,ktCO2,19.68
India,IND,Chhattisgarh,CT,state,2021,Power sector emissions,Fuel,Wind,ktCO2,0.0
India,IND,Chhattisgarh,CT,state,2021,Power sector emissions,Total,Total emissions,ktCO2,114441.14
India,IND,Chhattisgarh,CT,state,2022,Capacity,Fuel,Bioenergy,MW,275.0
India,IND,Chhattisgarh,CT,state,2022,Capacity,Fuel,Coal,MW,23688.0
India,IND,Chhattisgarh,CT,state,2022,Capacity,Fuel,Gas,MW,0.0
India,IND,Chhattisgarh,CT,state,2022,Capacity,Fuel,Hydro,MW,196.0
India,IND,Chhattisgarh,CT,state,2022,Capacity,Fuel,Nuclear,MW,0.0
India,IND,Chhattisgarh,CT,state,2022,Capacity,Fuel,Other Fossil,MW,0.0
India,IND,Chhattisgarh,CT,state,2022,Capacity,Fuel,Other Renewables,MW,
India,IND,Chhattisgarh,CT,state,2022,Capacity,Fuel,Solar,MW,944.22
India,IND,Chhattisgarh,CT,state,2022,Capacity,Fuel,Wind,MW,0.0
India,IND,Chhattisgarh,CT,state,2022,Electricity generation,Fuel,Bioenergy,%,0.84
India,IND,Chhattisgarh,CT,state,2022,Electricity generation,Fuel,Coal,%,98.48
India,IND,Chhattisgarh,CT,state,2022,Electricity generation,Fuel,Gas,%,0.0
India,IND,Chhattisgarh,CT,state,2022,Electricity generation,Fuel,Hydro,%,0.3
India,IND,Chhattisgarh,CT,state,2022,Electricity generation,Fuel,Nuclear,%,0.0
India,IND,Chhattisgarh,CT,state,2022,Electricity generation,Fuel,Other Fossil,%,0.0
India,IND,Chhattisgarh,CT,state,2022,Electricity generation,Fuel,Other Renewables,%,0.0
India,IND,Chhattisgarh,CT,state,2022,Electricity generation,Fuel,Solar,%,0.38
India,IND,Chhattisgarh,CT,state,2022,Electricity generation,Fuel,Wind,%,0.0
India,IND,Chhattisgarh,CT,state,2022,Electricity generation,Fuel,Bioenergy,GWh,1189.42
India,IND,Chhattisgarh,CT,state,2022,Electricity generation,Fuel,Coal,GWh,139254.89
India,IND,Chhattisgarh,CT,state,2022,Electricity generation,Fuel,Gas,GWh,0.0
India,IND,Chhattisgarh,CT,state,2022,Electricity generation,Fuel,Hydro,GWh,420.46
India,IND,Chhattisgarh,CT,state,2022,Electricity generation,Fuel,Nuclear,GWh,0.0
India,IND,Chhattisgarh,CT,state,2022,Electricity generation,Fuel,Other Fossil,GWh,0.0
India,IND,Chhattisgarh,CT,state,2022,Electricity generation,Fuel,Other Renewables,GWh,0.0
India,IND,Chhattisgarh,CT,state,2022,Electricity generation,Fuel,Solar,GWh,540.98
India,IND,Chhattisgarh,CT,state,2022,Electricity generation,Fuel,Wind,GWh,0.0
India,IND,Chhattisgarh,CT,state,2022,Electricity generation,Total,Total Generation,GWh,141405.75
India,IND,Chhattisgarh,CT,state,2022,Power sector emissions,CO2 intensity,CO2 intensity,gCO2/kWh,809.72
India,IND,Chhattisgarh,CT,state,2022,Power sector emissions,Fuel,Bioenergy,%,273.57
India,IND,Chhattisgarh,CT,state,2022,Power sector emissions,Fuel,Coal,%,114189.01
India,IND,Chhattisgarh,CT,state,2022,Power sector emissions,Fuel,Gas,%,0.0
India,IND,Chhattisgarh,CT,state,2022,Power sector emissions,Fuel,Hydro,%,10.09
India,IND,Chhattisgarh,CT,state,2022,Power sector emissions,Fuel,Nuclear,%,0.0
India,IND,Chhattisgarh,CT,state,2022,Power sector emissions,Fuel,Other Fossil,%,0.0
India,IND,Chhattisgarh,CT,state,2022,Power sector emissions,Fuel,Other Renewables,%,0.0
India,IND,Chhattisgarh,CT,state,2022,Power sector emissions,Fuel,Solar,%,25.97
India,IND,Chhattisgarh,CT,state,2022,Power sector emissions,Fuel,Wind,%,0.0
India,IND,Chhattisgarh,CT,state,2022,Power sector emissions,Fuel,Bioenergy,ktCO2,273.57
India,IND,Chhattisgarh,CT,state,2022,Power sector emissions,Fuel,Coal,ktCO2,114189.01
India,IND,Chhattisgarh,CT,state,2022,Power sector emissions,Fuel,Gas,ktCO2,0.0
India,IND,Chhattisgarh,CT,state,2022,Power sector emissions,Fuel,Hydro,ktCO2,10.09
India,IND,Chhattisgarh,CT,state,2022,Power sector emissions,Fuel,Nuclear,ktCO2,0.0
India,IND,Chhattisgarh,CT,state,2022,Power sector emissions,Fuel,Other Fossil,ktCO2,0.0
India,IND,Chhattisgarh,CT,state,2022,Power sector emissions,Fuel,Other Renewables,ktCO2,0.0
India,IND,Chhattisgarh,CT,state,2022,Power sector emissions,Fuel,Solar,ktCO2,25.97
India,IND,Chhattisgarh,CT,state,2022,Power sector emissions,Fuel,Wind,ktCO2,0.0
India,IND,Chhattisgarh,CT,state,2022,Power sector emissions,Total,Total emissions,ktCO2,114498.64
India,IND,Chhattisgarh,CT,state,2023,Capacity,Fuel,Bioenergy,MW,275.0
India,IND,Chhattisgarh,CT,state,2023,Capacity,Fuel,Coal,MW,23688.0
India,IND,Chhattisgarh,CT,state,2023,Capacity,Fuel,Gas,MW,0.0
India,IND,Chhattisgarh,CT,state,2023,Capacity,Fuel,Hydro,MW,196.0
India,IND,Chhattisgarh,CT,state,2023,Capacity,Fuel,Nuclear,MW,0.0
India,IND,Chhattisgarh,CT,state,2023,Capacity,Fuel,Other Fossil,MW,0.0
India,IND,Chhattisgarh,CT,state,2023,Capacity,Fuel,Other Renewables,MW,
India,IND,Chhattisgarh,CT,state,2023,Capacity,Fuel,Solar,MW,1072.24
India,IND,Chhattisgarh,CT,state,2023,Capacity,Fuel,Wind,MW,0.0
India,IND,Chhattisgarh,CT,state,2023,Electricity generation,Fuel,Bioenergy,%,0.88
India,IND,Chhattisgarh,CT,state,2023,Electricity generation,Fuel,Coal,%,98.32
India,IND,Chhattisgarh,CT,state,2023,Electricity generation,Fuel,Gas,%,0.0
India,IND,Chhattisgarh,CT,state,2023,Electricity generation,Fuel,Hydro,%,0.28
India,IND,Chhattisgarh,CT,state,2023,Electricity generation,Fuel,Nuclear,%,0.0
India,IND,Chhattisgarh,CT,state,2023,Electricity generation,Fuel,Other Fossil,%,0.0
India,IND,Chhattisgarh,CT,state,2023,Electricity generation,Fuel,Other Renewables,%,0.0
India,IND,Chhattisgarh,CT,state,2023,Electricity generation,Fuel,Solar,%,0.52
India,IND,Chhattisgarh,CT,state,2023,Electricity generation,Fuel,Wind,%,0.0
India,IND,Chhattisgarh,CT,state,2023,Electricity generation,Fuel,Bioenergy,GWh,1434.37
India,IND,Chhattisgarh,CT,state,2023,Electricity generation,Fuel,Coal,GWh,160512.8
India,IND,Chhattisgarh,CT,state,2023,Electricity generation,Fuel,Gas,GWh,0.0
India,IND,Chhattisgarh,CT,state,2023,Electricity generation,Fuel,Hydro,GWh,457.33
India,IND,Chhattisgarh,CT,state,2023,Electricity generation,Fuel,Nuclear,GWh,0.0
India,IND,Chhattisgarh,CT,state,2023,Electricity generation,Fuel,Other Fossil,GWh,0.0
India,IND,Chhattisgarh,CT,state,2023,Electricity generation,Fuel,Other Renewables,GWh,0.0
India,IND,Chhattisgarh,CT,state,2023,Electricity generation,Fuel,Solar,GWh,846.29
India,IND,Chhattisgarh,CT,state,2023,Electricity generation,Fuel,Wind,GWh,0.0
India,IND,Chhattisgarh,CT,state,2023,Electricity generation,Total,Total Generation,GWh,163250.79
India,IND,Chhattisgarh,CT,state,2023,Power sector emissions,CO2 intensity,CO2 intensity,gCO2/kWh,808.58
India,IND,Chhattisgarh,CT,state,2023,Power sector emissions,Fuel,Bioenergy,%,329.9
India,IND,Chhattisgarh,CT,state,2023,Power sector emissions,Fuel,Coal,%,131620.48
India,IND,Chhattisgarh,CT,state,2023,Power sector emissions,Fuel,Gas,%,0.0
India,IND,Chhattisgarh,CT,state,2023,Power sector emissions,Fuel,Hydro,%,10.98
India,IND,Chhattisgarh,CT,state,2023,Power sector emissions,Fuel,Nuclear,%,0.0
India,IND,Chhattisgarh,CT,state,2023,Power sector emissions,Fuel,Other Fossil,%,0.0
India,IND,Chhattisgarh,CT,state,2023,Power sector emissions,Fuel,Other Renewables,%,0.0
India,IND,Chhattisgarh,CT,state,2023,Power sector emissions,Fuel,Solar,%,40.62
India,IND,Chhattisgarh,CT,state,2023,Power sector emissions,Fuel,Wind,%,0.0
India,IND,Chhattisgarh,CT,state,2023,Power sector emissions,Fuel,Bioenergy,ktCO2,329.9
India,IND,Chhattisgarh,CT,state,2023,Power sector emissions,Fuel,Coal,ktCO2,131620.48
India,IND,Chhattisgarh,CT,state,2023,Power sector emissions,Fuel,Gas,ktCO2,0.0
India,IND,Chhattisgarh,CT,state,2023,Power sector emissions,Fuel,Hydro,ktCO2,10.98
India,IND,Chhattisgarh,CT,state,2023,Power sector emissions,Fuel,Nuclear,ktCO2,0.0
India,IND,Chhattisgarh,CT,state,2023,Power sector emissions,Fuel,Other Fossil,ktCO2,0.0
India,IND,Chhattisgarh,CT,state,2023,Power sector emissions,Fuel,Other Renewables,ktCO2,0.0
India,IND,Chhattisgarh,CT,state,2023,Power sector emissions,Fuel,Solar,ktCO2,40.62
India,IND,Chhattisgarh,CT,state,2023,Power sector emissions,Fuel,Wind,ktCO2,0.0
India,IND,Chhattisgarh,CT,state,2023,Power sector emissions,Total,Total emissions,ktCO2,132001.99
India,IND,Chhattisgarh,CT,state,2024,Capacity,Fuel,Bioenergy,MW,275.0
India,IND,Chhattisgarh,CT,state,2024,Capacity,Fuel,Coal,MW,23688.0
India,IND,Chhattisgarh,CT,state,2024,Capacity,Fuel,Gas,MW,0.0
India,IND,Chhattisgarh,CT,state,2024,Capacity,Fuel,Hydro,MW,196.0
India,IND,Chhattisgarh,CT,state,2024,Capacity,Fuel,Nuclear,MW,0.0
India,IND,Chhattisgarh,CT,state,2024,Capacity,Fuel,Other Fossil,MW,0.0
India,IND,Chhattisgarh,CT,state,2024,Capacity,Fuel,Other Renewables,MW,
India,IND,Chhattisgarh,CT,state,2024,Capacity,Fuel,Solar,MW,1336.34
India,IND,Chhattisgarh,CT,state,2024,Capacity,Fuel,Wind,MW,0.0
India,IND,Chhattisgarh,CT,state,2024,Electricity generation,Fuel,Bioenergy,%,0.88
India,IND,Chhattisgarh,CT,state,2024,Electricity generation,Fuel,Coal,%,97.99
India,IND,Chhattisgarh,CT,state,2024,Electricity generation,Fuel,Gas,%,0.0
India,IND,Chhattisgarh,CT,state,2024,Electricity generation,Fuel,Hydro,%,0.29
India,IND,Chhattisgarh,CT,state,2024,Electricity generation,Fuel,Nuclear,%,0.0
India,IND,Chhattisgarh,CT,state,2024,Electricity generation,Fuel,Other Fossil,%,0.0
India,IND,Chhattisgarh,CT,state,2024,Electricity generation,Fuel,Other Renewables,%,0.0
India,IND,Chhattisgarh,CT,state,2024,Electricity generation,Fuel,Solar,%,0.84
India,IND,Chhattisgarh,CT,state,2024,Electricity generation,Fuel,Wind,%,0.0
India,IND,Chhattisgarh,CT,state,2024,Electricity generation,Fuel,Bioenergy,GWh,1482.92
India,IND,Chhattisgarh,CT,state,2024,Electricity generation,Fuel,Coal,GWh,164482.22
India,IND,Chhattisgarh,CT,state,2024,Electricity generation,Fuel,Gas,GWh,0.0
India,IND,Chhattisgarh,CT,state,2024,Electricity generation,Fuel,Hydro,GWh,487.25
India,IND,Chhattisgarh,CT,state,2024,Electricity generation,Fuel,Nuclear,GWh,0.0
India,IND,Chhattisgarh,CT,state,2024,Electricity generation,Fuel,Other Fossil,GWh,0.0
India,IND,Chhattisgarh,CT,state,2024,Electricity generation,Fuel,Other Renewables,GWh,0.0
India,IND,Chhattisgarh,CT,state,2024,Electricity generation,Fuel,Solar,GWh,1407.01
India,IND,Chhattisgarh,CT,state,2024,Electricity generation,Fuel,Wind,GWh,0.0
India,IND,Chhattisgarh,CT,state,2024,Electricity generation,Total,Total Generation,GWh,167859.4
India,IND,Chhattisgarh,CT,state,2024,Power sector emissions,CO2 intensity,CO2 intensity,gCO2/kWh,806.01
India,IND,Chhattisgarh,CT,state,2024,Power sector emissions,Fuel,Bioenergy,%,341.07
India,IND,Chhattisgarh,CT,state,2024,Power sector emissions,Fuel,Coal,%,134875.42
India,IND,Chhattisgarh,CT,state,2024,Power sector emissions,Fuel,Gas,%,0.0
India,IND,Chhattisgarh,CT,state,2024,Power sector emissions,Fuel,Hydro,%,11.69
India,IND,Chhattisgarh,CT,state,2024,Power sector emissions,Fuel,Nuclear,%,0.0
India,IND,Chhattisgarh,CT,state,2024,Power sector emissions,Fuel,Other Fossil,%,0.0
India,IND,Chhattisgarh,CT,state,2024,Power sector emissions,Fuel,Other Renewables,%,0.0
India,IND,Chhattisgarh,CT,state,2024,Power sector emissions,Fuel,Solar,%,67.54
India,IND,Chhattisgarh,CT,state,2024,Power sector emissions,Fuel,Wind,%,0.0
India,IND,Chhattisgarh,CT,state,2024,Power sector emissions,Fuel,Bioenergy,ktCO2,341.07
India,IND,Chhattisgarh,CT,state,2024,Power sector emissions,Fuel,Coal,ktCO2,134875.42
India,IND,Chhattisgarh,CT,state,2024,Power sector emissions,Fuel,Gas,ktCO2,0.0
India,IND,Chhattisgarh,CT,state,2024,Power sector emissions,Fuel,Hydro,ktCO2,11.69
India,IND,Chhattisgarh,CT,state,2024,Power sector emissions,Fuel,Nuclear,ktCO2,0.0
India,IND,Chhattisgarh,CT,state,2024,Power sector emissions,Fuel,Other Fossil,ktCO2,0.0
India,IND,Chhattisgarh,CT,state,2024,Power sector emissions,Fuel,Other Renewables,ktCO2,0.0
India,IND,Chhattisgarh,CT,state,2024,Power sector emissions,Fuel,Solar,ktCO2,67.54
India,IND,Chhattisgarh,CT,state,2024,Power sector emissions,Fuel,Wind,ktCO2,0.0
India,IND,Chhattisgarh,CT,state,2024,Power sector emissions,Total,Total emissions,ktCO2,135295.72
India,IND,Dadra and Nagar Haveli and Daman and Diu,DH,Union territory,2019,Capacity,Fuel,Bioenergy,MW,0.0
India,IND,Dadra and Nagar Haveli and Daman and Diu,DH,Union territory,2019,Capacity,Fuel,Coal,MW,0.0
India,IND,Dadra and Nagar Haveli and Daman and Diu,DH,Union territory,2019,Capacity,Fuel,Gas,MW,0.0
India,IND,Dadra and Nagar Haveli and Daman and Diu,DH,Union territory,2019,Capacity,Fuel,Hydro,MW,0.0
India,IND,Dadra and Nagar Haveli and Daman and Diu,DH,Union territory,2019,Capacity,Fuel,Nuclear,MW,0.0
India,IND,Dadra and Nagar Haveli and Daman and Diu,DH,Union territory,2019,Capacity,Fuel,Other Fossil,MW,0.0
India,IND,Dadra and Nagar Haveli and Daman and Diu,DH,Union territory,2019,Capacity,Fuel,Other Renewables,MW,0.0
India,IND,Dadra and Nagar Haveli and Daman and Diu,DH,Union territory,2019,Capacity,Fuel,Solar,MW,22.02
India,IND,Dadra and Nagar Haveli and Daman and Diu,DH,Union territory,2019,Capacity,Fuel,Wind,MW,0.0
India,IND,Dadra and Nagar Haveli and Daman and Diu,DH,Union territory,2019,Electricity generation,Fuel,Bioenergy,%,0.0
India,IND,Dadra and Nagar Haveli and Daman and Diu,DH,Union territory,2019,Electricity generation,Fuel,Coal,%,0.0
India,IND,Dadra and Nagar Haveli and Daman and Diu,DH,Union territory,2019,Electricity generation,Fuel,Gas,%,0.0
India,IND,Dadra and Nagar Haveli and Daman and Diu,DH,Union territory,2019,Electricity generation,Fuel,Hydro,%,0.0
India,IND,Dadra and Nagar Haveli and Daman and Diu,DH,Union territory,2019,Electricity generation,Fuel,Nuclear,%,0.0
India,IND,Dadra and Nagar Haveli and Daman and Diu,DH,Union territory,2019,Electricity generation,Fuel,Other Fossil,%,0.0
India,IND,Dadra and Nagar Haveli and Daman and Diu,DH,Union territory,2019,Electricity generation,Fuel,Other Renewables,%,0.0
India,IND,Dadra and Nagar Haveli and Daman and Diu,DH,Union territory,2019,Electricity generation,Fuel,Solar,%,100.0
India,IND,Dadra and Nagar Haveli and Daman and Diu,DH,Union territory,2019,Electricity generation,Fuel,Wind,%,0.0
India,IND,Dadra and Nagar Haveli and Daman and Diu,DH,Union territory,2019,Electricity generation,Fuel,Bioenergy,GWh,0.0
India,IND,Dadra and Nagar Haveli and Daman and Diu,DH,Union territory,2019,Electricity generation,Fuel,Coal,GWh,0.0
India,IND,Dadra and Nagar Haveli and Daman and Diu,DH,Union territory,2019,Electricity generation,Fuel,Gas,GWh,0.0
India,IND,Dadra and Nagar Haveli and Daman and Diu,DH,Union territory,2019,Electricity generation,Fuel,Hydro,GWh,0.0
India,IND,Dadra and Nagar Haveli and Daman and Diu,DH,Union territory,2019,Electricity generation,Fuel,Nuclear,GWh,0.0
India,IND,Dadra and Nagar Haveli and Daman and Diu,DH,Union territory,2019,Electricity generation,Fuel,Other Fossil,GWh,0.0
India,IND,Dadra and Nagar Haveli and Daman and Diu,DH,Union territory,2019,Electricity generation,Fuel,Other Renewables,GWh,0.0
India,IND,Dadra and Nagar Haveli and Daman and Diu,DH,Union territory,2019,Electricity generation,Fuel,Solar,GWh,27.68
India,IND,Dadra and Nagar Haveli and Daman and Diu,DH,Union territory,2019,Electricity generation,Fuel,Wind,GWh,0.0
India,IND,Dadra and Nagar Haveli and Daman and Diu,DH,Union territory,2019,Electricity generation,Total,Total Generation,GWh,27.68
India,IND,Dadra and Nagar Haveli and Daman and Diu,DH,Union territory,2019,Power sector emissions,CO2 intensity,CO2 intensity,gCO2/kWh,48.05
India,IND,Dadra and Nagar Haveli and Daman and Diu,DH,Union territory,2019,Power sector emissions,Fuel,Bioenergy,%,0.0
India,IND,Dadra and Nagar Haveli and Daman and Diu,DH,Union territory,2019,Power sector emissions,Fuel,Coal,%,0.0
India,IND,Dadra and Nagar Haveli and Daman and Diu,DH,Union territory,2019,Power sector emissions,Fuel,Gas,%,0.0
India,IND,Dadra and Nagar Haveli and Daman and Diu,DH,Union territory,2019,Power sector emissions,Fuel,Hydro,%,0.0
India,IND,Dadra and Nagar Haveli and Daman and Diu,DH,Union territory,2019,Power sector emissions,Fuel,Nuclear,%,0.0
India,IND,Dadra and Nagar Haveli and Daman and Diu,DH,Union territory,2019,Power sector emissions,Fuel,Other Fossil,%,0.0
India,IND,Dadra and Nagar Haveli and Daman and Diu,DH,Union territory,2019,Power sector emissions,Fuel,Other Renewables,%,0.0
India,IND,Dadra and Nagar Haveli and Daman and Diu,DH,Union territory,2019,Power sector emissions,Fuel,Solar,%,1.33
India,IND,Dadra and Nagar Haveli and Daman and Diu,DH,Union territory,2019,Power sector emissions,Fuel,Wind,%,0.0
India,IND,Dadra and Nagar Haveli and Daman and Diu,DH,Union territory,2019,Power sector emissions,Fuel,Bioenergy,ktCO2,0.0
India,IND,Dadra and Nagar Haveli and Daman and Diu,DH,Union territory,2019,Power sector emissions,Fuel,Coal,ktCO2,0.0
India,IND,Dadra and Nagar Haveli and Daman and Diu,DH,Union territory,2019,Power sector emissions,Fuel,Gas,ktCO2,0.0
India,IND,Dadra and Nagar Haveli and Daman and Diu,DH,Union territory,2019,Power sector emissions,Fuel,Hydro,ktCO2,0.0
India,IND,Dadra and Nagar Haveli and Daman and Diu,DH,Union territory,2019,Power sector emissions,Fuel,Nuclear,ktCO2,0.0
India,IND,Dadra and Nagar Haveli and Daman and Diu,DH,Union territory,2019,Power sector emissions,Fuel,Other Fossil,ktCO2,0.0
India,IND,Dadra and Nagar Haveli and Daman and Diu,DH,Union territory,2019,Power sector emissions,Fuel,Other Renewables,ktCO2,0.0
India,IND,Dadra and Nagar Haveli and Daman and Diu,DH,Union territory,2019,Power sector emissions,Fuel,Solar,ktCO2,1.33
India,IND,Dadra and Nagar Haveli and Daman and Diu,DH,Union territory,2019,Power sector emissions,Fuel,Wind,ktCO2,0.0
India,IND,Dadra and Nagar Haveli and Daman and Diu,DH,Union territory,2019,Power sector emissions,Total,Total emissions,ktCO2,1.33
India,IND,Dadra and Nagar Haveli and Daman and Diu,DH,Union territory,2020,Capacity,Fuel,Bioenergy,MW,0.0
India,IND,Dadra and Nagar Haveli and Daman and Diu,DH,Union territory,2020,Capacity,Fuel,Coal,MW,0.0
India,IND,Dadra and Nagar Haveli and Daman and Diu,DH,Union territory,2020,Capacity,Fuel,Gas,MW,0.0
India,IND,Dadra and Nagar Haveli and Daman and Diu,DH,Union territory,2020,Capacity,Fuel,Hydro,MW,0.0
India,IND,Dadra and Nagar Haveli and Daman and Diu,DH,Union territory,2020,Capacity,Fuel,Nuclear,MW,0.0
India,IND,Dadra and Nagar Haveli and Daman and Diu,DH,Union territory,2020,Capacity,Fuel,Other Fossil,MW,0.0
India,IND,Dadra and Nagar Haveli and Daman and Diu,DH,Union territory,2020,Capacity,Fuel,Other Renewables,MW,0.0
India,IND,Dadra and Nagar Haveli and Daman and Diu,DH,Union territory,2020,Capacity,Fuel,Solar,MW,45.43
India,IND,Dadra and Nagar Haveli and Daman and Diu,DH,Union territory,2020,Capacity,Fuel,Wind,MW,0.0
India,IND,Dadra and Nagar Haveli and Daman and Diu,DH,Union territory,2020,Electricity generation,Fuel,Bioenergy,%,18.73
India,IND,Dadra and Nagar Haveli and Daman and Diu,DH,Union territory,2020,Electricity generation,Fuel,Coal,%,0.0
India,IND,Dadra and Nagar Haveli and Daman and Diu,DH,Union territory,2020,Electricity generation,Fuel,Gas,%,0.0
India,IND,Dadra and Nagar Haveli and Daman and Diu,DH,Union territory,2020,Electricity generation,Fuel,Hydro,%,0.0
India,IND,Dadra and Nagar Haveli and Daman and Diu,DH,Union territory,2020,Electricity generation,Fuel,Nuclear,%,0.0
India,IND,Dadra and Nagar Haveli and Daman and Diu,DH,Union territory,2020,Electricity generation,Fuel,Other Fossil,%,0.0
India,IND,Dadra and Nagar Haveli and Daman and Diu,DH,Union territory,2020,Electricity generation,Fuel,Other Renewables,%,0.0
India,IND,Dadra and Nagar Haveli and Daman and Diu,DH,Union territory,2020,Electricity generation,Fuel,Solar,%,81.27
India,IND,Dadra and Nagar Haveli and Daman and Diu,DH,Union territory,2020,Electricity generation,Fuel,Wind,%,0.0
India,IND,Dadra and Nagar Haveli and Daman and Diu,DH,Union territory,2020,Electricity generation,Fuel,Bioenergy,GWh,7.23
India,IND,Dadra and Nagar Haveli and Daman and Diu,DH,Union territory,2020,Electricity generation,Fuel,Coal,GWh,0.0
India,IND,Dadra and Nagar Haveli and Daman and Diu,DH,Union territory,2020,Electricity generation,Fuel,Gas,GWh,0.0
India,IND,Dadra and Nagar Haveli and Daman and Diu,DH,Union territory,2020,Electricity generation,Fuel,Hydro,GWh,0.0
India,IND,Dadra and Nagar Haveli and Daman and Diu,DH,Union territory,2020,Electricity generation,Fuel,Nuclear,GWh,0.0
India,IND,Dadra and Nagar Haveli and Daman and Diu,DH,Union territory,2020,Electricity generation,Fuel,Other Fossil,GWh,0.0
India,IND,Dadra and Nagar Haveli and Daman and Diu,DH,Union territory,2020,Electricity generation,Fuel,Other Renewables,GWh,0.0
India,IND,Dadra and Nagar Haveli and Daman and Diu,DH,Union territory,2020,Electricity generation,Fuel,Solar,GWh,31.37
India,IND,Dadra and Nagar Haveli and Daman and Diu,DH,Union territory,2020,Electricity generation,Fuel,Wind,GWh,0.0
India,IND,Dadra and Nagar Haveli and Daman and Diu,DH,Union territory,2020,Electricity generation,Total,Total Generation,GWh,38.6
India,IND,Dadra and Nagar Haveli and Daman and Diu,DH,Union territory,2020,Power sector emissions,CO2 intensity,CO2 intensity,gCO2/kWh,82.12
India,IND,Dadra and Nagar Haveli and Daman and Diu,DH,Union territory,2020,Power sector emissions,Fuel,Bioenergy,%,1.66
India,IND,Dadra and Nagar Haveli and Daman and Diu,DH,Union territory,2020,Power sector emissions,Fuel,Coal,%,0.0
India,IND,Dadra and Nagar Haveli and Daman and Diu,DH,Union territory,2020,Power sector emissions,Fuel,Gas,%,0.0
India,IND,Dadra and Nagar Haveli and Daman and Diu,DH,Union territory,2020,Power sector emissions,Fuel,Hydro,%,0.0
India,IND,Dadra and Nagar Haveli and Daman and Diu,DH,Union territory,2020,Power sector emissions,Fuel,Nuclear,%,0.0
India,IND,Dadra and Nagar Haveli and Daman and Diu,DH,Union territory,2020,Power sector emissions,Fuel,Other Fossil,%,0.0
India,IND,Dadra and Nagar Haveli and Daman and Diu,DH,Union territory,2020,Power sector emissions,Fuel,Other Renewables,%,0.0
India,IND,Dadra and Nagar Haveli and Daman and Diu,DH,Union territory,2020,Power sector emissions,Fuel,Solar,%,1.51
India,IND,Dadra and Nagar Haveli and Daman and Diu,DH,Union territory,2020,Power sector emissions,Fuel,Wind,%,0.0
India,IND,Dadra and Nagar Haveli and Daman and Diu,DH,Union territory,2020,Power sector emissions,Fuel,Bioenergy,ktCO2,1.66
India,IND,Dadra and Nagar Haveli and Daman and Diu,DH,Union territory,2020,Power sector emissions,Fuel,Coal,ktCO2,0.0
India,IND,Dadra and Nagar Haveli and Daman and Diu,DH,Union territory,2020,Power sector emissions,Fuel,Gas,ktCO2,0.0
India,IND,Dadra and Nagar Haveli and Daman and Diu,DH,Union territory,2020,Power sector emissions,Fuel,Hydro,ktCO2,0.0
India,IND,Dadra and Nagar Haveli and Daman and Diu,DH,Union territory,2020,Power sector emissions,Fuel,Nuclear,ktCO2,0.0
India,IND,Dadra and Nagar Haveli and Daman and Diu,DH,Union territory,2020,Power sector emissions,Fuel,Other Fossil,ktCO2,0.0
India,IND,Dadra and Nagar Haveli and Daman and Diu,DH,Union territory,2020,Power sector emissions,Fuel,Other Renewables,ktCO2,0.0
India,IND,Dadra and Nagar Haveli and Daman and Diu,DH,Union territory,2020,Power sector emissions,Fuel,Solar,ktCO2,1.51
India,IND,Dadra and Nagar Haveli and Daman and Diu,DH,Union territory,2020,Power sector emissions,Fuel,Wind,ktCO2,0.0
India,IND,Dadra and Nagar Haveli and Daman and Diu,DH,Union territory,2020,Power sector emissions,Total,Total emissions,ktCO2,3.17
India,IND,Dadra and Nagar Haveli and Daman and Diu,DH,Union territory,2021,Capacity,Fuel,Bioenergy,MW,0.0
India,IND,Dadra and Nagar Haveli and Daman and Diu,DH,Union territory,2021,Capacity,Fuel,Coal,MW,0.0
India,IND,Dadra and Nagar Haveli and Daman and Diu,DH,Union territory,2021,Capacity,Fuel,Gas,MW,0.0
India,IND,Dadra and Nagar Haveli and Daman and Diu,DH,Union territory,2021,Capacity,Fuel,Hydro,MW,0.0
India,IND,Dadra and Nagar Haveli and Daman and Diu,DH,Union territory,2021,Capacity,Fuel,Nuclear,MW,0.0
India,IND,Dadra and Nagar Haveli and Daman and Diu,DH,Union territory,2021,Capacity,Fuel,Other Fossil,MW,0.0
India,IND,Dadra and Nagar Haveli and Daman and Diu,DH,Union territory,2021,Capacity,Fuel,Other Renewables,MW,0.0
India,IND,Dadra and Nagar Haveli and Daman and Diu,DH,Union territory,2021,Capacity,Fuel,Solar,MW,46.18
India,IND,Dadra and Nagar Haveli and Daman and Diu,DH,Union territory,2021,Capacity,Fuel,Wind,MW,0.0
India,IND,Dadra and Nagar Haveli and Daman and Diu,DH,Union territory,2021,Electricity generation,Fuel,Bioenergy,%,13.46
India,IND,Dadra and Nagar Haveli and Daman and Diu,DH,Union territory,2021,Electricity generation,Fuel,Coal,%,0.0
India,IND,Dadra and Nagar Haveli and Daman and Diu,DH,Union territory,2021,Electricity generation,Fuel,Gas,%,0.0
India,IND,Dadra and Nagar Haveli and Daman and Diu,DH,Union territory,2021,Electricity generation,Fuel,Hydro,%,0.0
India,IND,Dadra and Nagar Haveli and Daman and Diu,DH,Union territory,2021,Electricity generation,Fuel,Nuclear,%,0.0
India,IND,Dadra and Nagar Haveli and Daman and Diu,DH,Union territory,2021,Electricity generation,Fuel,Other Fossil,%,0.0
India,IND,Dadra and Nagar Haveli and Daman and Diu,DH,Union territory,2021,Electricity generation,Fuel,Other Renewables,%,0.0
India,IND,Dadra and Nagar Haveli and Daman and Diu,DH,Union territory,2021,Electricity generation,Fuel,Solar,%,86.54
India,IND,Dadra and Nagar Haveli and Daman and Diu,DH,Union territory,2021,Electricity generation,Fuel,Wind,%,0.0
India,IND,Dadra and Nagar Haveli and Daman and Diu,DH,Union territory,2021,Electricity generation,Fuel,Bioenergy,GWh,12.21
India,IND,Dadra and Nagar Haveli and Daman and Diu,DH,Union territory,2021,Electricity generation,Fuel,Coal,GWh,0.0
India,IND,Dadra and Nagar Haveli and Daman and Diu,DH,Union territory,2021,Electricity generation,Fuel,Gas,GWh,0.0
India,IND,Dadra and Nagar Haveli and Daman and Diu,DH,Union territory,2021,Electricity generation,Fuel,Hydro,GWh,0.0
India,IND,Dadra and Nagar Haveli and Daman and Diu,DH,Union territory,2021,Electricity generation,Fuel,Nuclear,GWh,0.0
India,IND,Dadra and Nagar Haveli and Daman and Diu,DH,Union territory,2021,Electricity generation,Fuel,Other Fossil,GWh,0.0
India,IND,Dadra and Nagar Haveli and Daman and Diu,DH,Union territory,2021,Electricity generation,Fuel,Other Renewables,GWh,0.0
India,IND,Dadra and Nagar Haveli and Daman and Diu,DH,Union territory,2021,Electricity generation,Fuel,Solar,GWh,78.53
India,IND,Dadra and Nagar Haveli and Daman and Diu,DH,Union territory,2021,Electricity generation,Fuel,Wind,GWh,0.0
India,IND,Dadra and Nagar Haveli and Daman and Diu,DH,Union territory,2021,Electricity generation,Total,Total Generation,GWh,90.74
India,IND,Dadra and Nagar Haveli and Daman and Diu,DH,Union territory,2021,Power sector emissions,CO2 intensity,CO2 intensity,gCO2/kWh,72.52
India,IND,Dadra and Nagar Haveli and Daman and Diu,DH,Union territory,2021,Power sector emissions,Fuel,Bioenergy,%,2.81
India,IND,Dadra and Nagar Haveli and Daman and Diu,DH,Union territory,2021,Power sector emissions,Fuel,Coal,%,0.0
India,IND,Dadra and Nagar Haveli and Daman and Diu,DH,Union territory,2021,Power sector emissions,Fuel,Gas,%,0.0
India,IND,Dadra and Nagar Haveli and Daman and Diu,DH,Union territory,2021,Power sector emissions,Fuel,Hydro,%,0.0
India,IND,Dadra and Nagar Haveli and Daman and Diu,DH,Union territory,2021,Power sector emissions,Fuel,Nuclear,%,0.0
India,IND,Dadra and Nagar Haveli and Daman and Diu,DH,Union territory,2021,Power sector emissions,Fuel,Other Fossil,%,0.0
India,IND,Dadra and Nagar Haveli and Daman and Diu,DH,Union territory,2021,Power sector emissions,Fuel,Other Renewables,%,0.0
India,IND,Dadra and Nagar Haveli and Daman and Diu,DH,Union territory,2021,Power sector emissions,Fuel,Solar,%,3.77
India,IND,Dadra and Nagar Haveli and Daman and Diu,DH,Union territory,2021,Power sector emissions,Fuel,Wind,%,0.0
India,IND,Dadra and Nagar Haveli and Daman and Diu,DH,Union territory,2021,Power sector emissions,Fuel,Bioenergy,ktCO2,2.81
India,IND,Dadra and Nagar Haveli and Daman and Diu,DH,Union territory,2021,Power sector emissions,Fuel,Coal,ktCO2,0.0
India,IND,Dadra and Nagar Haveli and Daman and Diu,DH,Union territory,2021,Power sector emissions,Fuel,Gas,ktCO2,0.0
India,IND,Dadra and Nagar Haveli and Daman and Diu,DH,Union territory,2021,Power sector emissions,Fuel,Hydro,ktCO2,0.0
India,IND,Dadra and Nagar Haveli and Daman and Diu,DH,Union territory,2021,Power sector emissions,Fuel,Nuclear,ktCO2,0.0
India,IND,Dadra and Nagar Haveli and Daman and Diu,DH,Union territory,2021,Power sector emissions,Fuel,Other Fossil,ktCO2,0.0
India,IND,Dadra and Nagar Haveli and Daman and Diu,DH,Union territory,2021,Power sector emissions,Fuel,Other Renewables,ktCO2,0.0
India,IND,Dadra and Nagar Haveli and Daman and Diu,DH,Union territory,2021,Power sector emissions,Fuel,Solar,ktCO2,3.77
India,IND,Dadra and Nagar Haveli and Daman and Diu,DH,Union territory,2021,Power sector emissions,Fuel,Wind,ktCO2,0.0
India,IND,Dadra and Nagar Haveli and Daman and Diu,DH,Union territory,2021,Power sector emissions,Total,Total emissions,ktCO2,6.58
India,IND,Dadra and Nagar Haveli and Daman and Diu,DH,Union territory,2022,Capacity,Fuel,Bioenergy,MW,0.0
India,IND,Dadra and Nagar Haveli and Daman and Diu,DH,Union territory,2022,Capacity,Fuel,Hydro,MW,0.0
India,IND,Dadra and Nagar Haveli and Daman and Diu,DH,Union territory,2022,Capacity,Fuel,Other Renewables,MW,
India,IND,Dadra and Nagar Haveli and Daman and Diu,DH,Union territory,2022,Capacity,Fuel,Solar,MW,46.47
India,IND,Dadra and Nagar Haveli and Daman and Diu,DH,Union territory,2022,Capacity,Fuel,Wind,MW,0.0
India,IND,Dadra and Nagar Haveli and Daman and Diu,DH,Union territory,2022,Electricity generation,Fuel,Bioenergy,%,12.32
India,IND,Dadra and Nagar Haveli and Daman and Diu,DH,Union territory,2022,Electricity generation,Fuel,Hydro,%,0.0
India,IND,Dadra and Nagar Haveli and Daman and Diu,DH,Union territory,2022,Electricity generation,Fuel,Other Renewables,%,0.0
India,IND,Dadra and Nagar Haveli and Daman and Diu,DH,Union territory,2022,Electricity generation,Fuel,Solar,%,87.68
India,IND,Dadra and Nagar Haveli and Daman and Diu,DH,Union territory,2022,Electricity generation,Fuel,Wind,%,0.0
India,IND,Dadra and Nagar Haveli and Daman and Diu,DH,Union territory,2022,Electricity generation,Fuel,Bioenergy,GWh,6.65
India,IND,Dadra and Nagar Haveli and Daman and Diu,DH,Union territory,2022,Electricity generation,Fuel,Hydro,GWh,0.0
India,IND,Dadra and Nagar Haveli and Daman and Diu,DH,Union territory,2022,Electricity generation,Fuel,Other Renewables,GWh,0.0
India,IND,Dadra and Nagar Haveli and Daman and Diu,DH,Union territory,2022,Electricity generation,Fuel,Solar,GWh,47.32
India,IND,Dadra and Nagar Haveli and Daman and Diu,DH,Union territory,2022,Electricity generation,Fuel,Wind,GWh,0.0
India,IND,Dadra and Nagar Haveli and Daman and Diu,DH,Union territory,2022,Electricity generation,Total,Total Generation,GWh,53.97
India,IND,Dadra and Nagar Haveli and Daman and Diu,DH,Union territory,2022,Power sector emissions,CO2 intensity,CO2 intensity,gCO2/kWh,70.41
India,IND,Dadra and Nagar Haveli and Daman and Diu,DH,Union territory,2022,Power sector emissions,Fuel,Bioenergy,%,1.53
India,IND,Dadra and Nagar Haveli and Daman and Diu,DH,Union territory,2022,Power sector emissions,Fuel,Hydro,%,0.0
India,IND,Dadra and Nagar Haveli and Daman and Diu,DH,Union territory,2022,Power sector emissions,Fuel,Other Renewables,%,0.0
India,IND,Dadra and Nagar Haveli and Daman and Diu,DH,Union territory,2022,Power sector emissions,Fuel,Solar,%,2.27
India,IND,Dadra and Nagar Haveli and Daman and Diu,DH,Union territory,2022,Power sector emissions,Fuel,Wind,%,0.0
India,IND,Dadra and Nagar Haveli and Daman and Diu,DH,Union territory,2022,Power sector emissions,Fuel,Bioenergy,ktCO2,1.53
India,IND,Dadra and Nagar Haveli and Daman and Diu,DH,Union territory,2022,Power sector emissions,Fuel,Hydro,ktCO2,0.0
India,IND,Dadra and Nagar Haveli and Daman and Diu,DH,Union territory,2022,Power sector emissions,Fuel,Other Renewables,ktCO2,0.0
India,IND,Dadra and Nagar Haveli and Daman and Diu,DH,Union territory,2022,Power sector emissions,Fuel,Solar,ktCO2,2.27
India,IND,Dadra and Nagar Haveli and Daman and Diu,DH,Union territory,2022,Power sector emissions,Fuel,Wind,ktCO2,0.0
India,IND,Dadra and Nagar Haveli and Daman and Diu,DH,Union territory,2022,Power sector emissions,Total,Total emissions,ktCO2,3.8
India,IND,Dadra and Nagar Haveli and Daman and Diu,DH,Union territory,2023,Capacity,Fuel,Bioenergy,MW,0.0
India,IND,Dadra and Nagar Haveli and Daman and Diu,DH,Union territory,2023,Capacity,Fuel,Hydro,MW,0.0
India,IND,Dadra and Nagar Haveli and Daman and Diu,DH,Union territory,2023,Capacity,Fuel,Other Renewables,MW,
India,IND,Dadra and Nagar Haveli and Daman and Diu,DH,Union territory,2023,Capacity,Fuel,Solar,MW,46.47
India,IND,Dadra and Nagar Haveli and Daman and Diu,DH,Union territory,2023,Capacity,Fuel,Wind,MW,0.0
India,IND,Dadra and Nagar Haveli and Daman and Diu,DH,Union territory,2023,Electricity generation,Fuel,Bioenergy,%,38.78
India,IND,Dadra and Nagar Haveli and Daman and Diu,DH,Union territory,2023,Electricity generation,Fuel,Hydro,%,0.0
India,IND,Dadra and Nagar Haveli and Daman and Diu,DH,Union territory,2023,Electricity generation,Fuel,Other Renewables,%,0.0
India,IND,Dadra and Nagar Haveli and Daman and Diu,DH,Union territory,2023,Electricity generation,Fuel,Solar,%,61.22
India,IND,Dadra and Nagar Haveli and Daman and Diu,DH,Union territory,2023,Electricity generation,Fuel,Wind,%,0.0
India,IND,Dadra and Nagar Haveli and Daman and Diu,DH,Union territory,2023,Electricity generation,Fuel,Bioenergy,GWh,9.71
India,IND,Dadra and Nagar Haveli and Daman and Diu,DH,Union territory,2023,Electricity generation,Fuel,Hydro,GWh,0.0
India,IND,Dadra and Nagar Haveli and Daman and Diu,DH,Union territory,2023,Electricity generation,Fuel,Other Renewables,GWh,0.0
India,IND,Dadra and Nagar Haveli and Daman and Diu,DH,Union territory,2023,Electricity generation,Fuel,Solar,GWh,15.33
India,IND,Dadra and Nagar Haveli and Daman and Diu,DH,Union territory,2023,Electricity generation,Fuel,Wind,GWh,0.0
India,IND,Dadra and Nagar Haveli and Daman and Diu,DH,Union territory,2023,Electricity generation,Total,Total Generation,GWh,25.04
India,IND,Dadra and Nagar Haveli and Daman and Diu,DH,Union territory,2023,Power sector emissions,CO2 intensity,CO2 intensity,gCO2/kWh,118.61
India,IND,Dadra and Nagar Haveli and Daman and Diu,DH,Union territory,2023,Power sector emissions,Fuel,Bioenergy,%,2.23
India,IND,Dadra and Nagar Haveli and Daman and Diu,DH,Union territory,2023,Power sector emissions,Fuel,Hydro,%,0.0
India,IND,Dadra and Nagar Haveli and Daman and Diu,DH,Union territory,2023,Power sector emissions,Fuel,Other Renewables,%,0.0
India,IND,Dadra and Nagar Haveli and Daman and Diu,DH,Union territory,2023,Power sector emissions,Fuel,Solar,%,0.74
India,IND,Dadra and Nagar Haveli and Daman and Diu,DH,Union territory,2023,Power sector emissions,Fuel,Wind,%,0.0
India,IND,Dadra and Nagar Haveli and Daman and Diu,DH,Union territory,2023,Power sector emissions,Fuel,Bioenergy,ktCO2,2.23
India,IND,Dadra and Nagar Haveli and Daman and Diu,DH,Union territory,2023,Power sector emissions,Fuel,Hydro,ktCO2,0.0
India,IND,Dadra and Nagar Haveli and Daman and Diu,DH,Union territory,2023,Power sector emissions,Fuel,Other Renewables,ktCO2,0.0
India,IND,Dadra and Nagar Haveli and Daman and Diu,DH,Union territory,2023,Power sector emissions,Fuel,Solar,ktCO2,0.74
India,IND,Dadra and Nagar Haveli and Daman and Diu,DH,Union territory,2023,Power sector emissions,Fuel,Wind,ktCO2,0.0
India,IND,Dadra and Nagar Haveli and Daman and Diu,DH,Union territory,2023,Power sector emissions,Total,Total emissions,ktCO2,2.97
India,IND,Dadra and Nagar Haveli and Daman and Diu,DH,Union territory,2024,Capacity,Fuel,Bioenergy,MW,3.75
India,IND,Dadra and Nagar Haveli and Daman and Diu,DH,Union territory,2024,Capacity,Fuel,Hydro,MW,0.0
India,IND,Dadra and Nagar Haveli and Daman and Diu,DH,Union territory,2024,Capacity,Fuel,Other Renewables,MW,
India,IND,Dadra and Nagar Haveli and Daman and Diu,DH,Union territory,2024,Capacity,Fuel,Solar,MW,48.12
India,IND,Dadra and Nagar Haveli and Daman and Diu,DH,Union territory,2024,Capacity,Fuel,Wind,MW,0.0
India,IND,Dadra and Nagar Haveli and Daman and Diu,DH,Union territory,2024,Electricity generation,Fuel,Bioenergy,%,44.45
India,IND,Dadra and Nagar Haveli and Daman and Diu,DH,Union territory,2024,Electricity generation,Fuel,Hydro,%,0.0
India,IND,Dadra and Nagar Haveli and Daman and Diu,DH,Union territory,2024,Electricity generation,Fuel,Other Renewables,%,0.0
India,IND,Dadra and Nagar Haveli and Daman and Diu,DH,Union territory,2024,Electricity generation,Fuel,Solar,%,55.55
India,IND,Dadra and Nagar Haveli and Daman and Diu,DH,Union territory,2024,Electricity generation,Fuel,Wind,%,0.0
India,IND,Dadra and Nagar Haveli and Daman and Diu,DH,Union territory,2024,Electricity generation,Fuel,Bioenergy,GWh,12.78
India,IND,Dadra and Nagar Haveli and Daman and Diu,DH,Union territory,2024,Electricity generation,Fuel,Hydro,GWh,0.0
India,IND,Dadra and Nagar Haveli and Daman and Diu,DH,Union territory,2024,Electricity generation,Fuel,Other Renewables,GWh,0.0
India,IND,Dadra and Nagar Haveli and Daman and Diu,DH,Union territory,2024,Electricity generation,Fuel,Solar,GWh,15.98
India,IND,Dadra and Nagar Haveli and Daman and Diu,DH,Union territory,2024,Electricity generation,Fuel,Wind,GWh,0.0
India,IND,Dadra and Nagar Haveli and Daman and Diu,DH,Union territory,2024,Electricity generation,Total,Total Generation,GWh,28.76
India,IND,Dadra and Nagar Haveli and Daman and Diu,DH,Union territory,2024,Power sector emissions,CO2 intensity,CO2 intensity,gCO2/kWh,129.0
India,IND,Dadra and Nagar Haveli and Daman and Diu,DH,Union territory,2024,Power sector emissions,Fuel,Bioenergy,%,2.94
India,IND,Dadra and Nagar Haveli and Daman and Diu,DH,Union territory,2024,Power sector emissions,Fuel,Hydro,%,0.0
India,IND,Dadra and Nagar Haveli and Daman and Diu,DH,Union territory,2024,Power sector emissions,Fuel,Other Renewables,%,0.0
India,IND,Dadra and Nagar Haveli and Daman and Diu,DH,Union territory,2024,Power sector emissions,Fuel,Solar,%,0.77
India,IND,Dadra and Nagar Haveli and Daman and Diu,DH,Union territory,2024,Power sector emissions,Fuel,Wind,%,0.0
India,IND,Dadra and Nagar Haveli and Daman and Diu,DH,Union territory,2024,Power sector emissions,Fuel,Bioenergy,ktCO2,2.94
India,IND,Dadra and Nagar Haveli and Daman and Diu,DH,Union territory,2024,Power sector emissions,Fuel,Hydro,ktCO2,0.0
India,IND,Dadra and Nagar Haveli and Daman and Diu,DH,Union territory,2024,Power sector emissions,Fuel,Other Renewables,ktCO2,0.0
India,IND,Dadra and Nagar Haveli and Daman and Diu,DH,Union territory,2024,Power sector emissions,Fuel,Solar,ktCO2,0.77
India,IND,Dadra and Nagar Haveli and Daman and Diu,DH,Union territory,2024,Power sector emissions,Fuel,Wind,ktCO2,0.0
India,IND,Dadra and Nagar Haveli and Daman and Diu,DH,Union territory,2024,Power sector emissions,Total,Total emissions,ktCO2,3.71
India,IND,Delhi,DL,Union territory,2019,Capacity,Fuel,Bioenergy,MW,52.0
India,IND,Delhi,DL,Union territory,2019,Capacity,Fuel,Coal,MW,0.0
India,IND,Delhi,DL,Union territory,2019,Capacity,Fuel,Gas,MW,2208.4
India,IND,Delhi,DL,Union territory,2019,Capacity,Fuel,Hydro,MW,0.0
India,IND,Delhi,DL,Union territory,2019,Capacity,Fuel,Nuclear,MW,0.0
India,IND,Delhi,DL,Union territory,2019,Capacity,Fuel,Other Fossil,MW,0.0
India,IND,Delhi,DL,Union territory,2019,Capacity,Fuel,Other Renewables,MW,0.0
India,IND,Delhi,DL,Union territory,2019,Capacity,Fuel,Solar,MW,156.12
India,IND,Delhi,DL,Union territory,2019,Capacity,Fuel,Wind,MW,0.0
India,IND,Delhi,DL,Union territory,2019,Electricity generation,Fuel,Bioenergy,%,0.0
India,IND,Delhi,DL,Union territory,2019,Electricity generation,Fuel,Coal,%,0.0
India,IND,Delhi,DL,Union territory,2019,Electricity generation,Fuel,Gas,%,93.39
India,IND,Delhi,DL,Union territory,2019,Electricity generation,Fuel,Hydro,%,0.0
India,IND,Delhi,DL,Union territory,2019,Electricity generation,Fuel,Nuclear,%,0.0
India,IND,Delhi,DL,Union territory,2019,Electricity generation,Fuel,Other Fossil,%,0.0
India,IND,Delhi,DL,Union territory,2019,Electricity generation,Fuel,Other Renewables,%,4.79
India,IND,Delhi,DL,Union territory,2019,Electricity generation,Fuel,Solar,%,1.83
India,IND,Delhi,DL,Union territory,2019,Electricity generation,Fuel,Wind,%,0.0
India,IND,Delhi,DL,Union territory,2019,Electricity generation,Fuel,Bioenergy,GWh,0.0
India,IND,Delhi,DL,Union territory,2019,Electricity generation,Fuel,Coal,GWh,0.0
India,IND,Delhi,DL,Union territory,2019,Electricity generation,Fuel,Gas,GWh,5680.24
India,IND,Delhi,DL,Union territory,2019,Electricity generation,Fuel,Hydro,GWh,0.0
India,IND,Delhi,DL,Union territory,2019,Electricity generation,Fuel,Nuclear,GWh,0.0
India,IND,Delhi,DL,Union territory,2019,Electricity generation,Fuel,Other Fossil,GWh,0.0
India,IND,Delhi,DL,Union territory,2019,Electricity generation,Fuel,Other Renewables,GWh,291.11
India,IND,Delhi,DL,Union territory,2019,Electricity generation,Fuel,Solar,GWh,111.19
India,IND,Delhi,DL,Union territory,2019,Electricity generation,Fuel,Wind,GWh,0.0
India,IND,Delhi,DL,Union territory,2019,Electricity generation,Total,Total Generation,GWh,6082.54
India,IND,Delhi,DL,Union territory,2019,Power sector emissions,CO2 intensity,CO2 intensity,gCO2/kWh,460.29
India,IND,Delhi,DL,Union territory,2019,Power sector emissions,Fuel,Bioenergy,%,0.0
India,IND,Delhi,DL,Union territory,2019,Power sector emissions,Fuel,Coal,%,0.0
India,IND,Delhi,DL,Union territory,2019,Power sector emissions,Fuel,Gas,%,2783.32
India,IND,Delhi,DL,Union territory,2019,Power sector emissions,Fuel,Hydro,%,0.0
India,IND,Delhi,DL,Union territory,2019,Power sector emissions,Fuel,Nuclear,%,0.0
India,IND,Delhi,DL,Union territory,2019,Power sector emissions,Fuel,Other Fossil,%,0.0
India,IND,Delhi,DL,Union territory,2019,Power sector emissions,Fuel,Other Renewables,%,11.06
India,IND,Delhi,DL,Union territory,2019,Power sector emissions,Fuel,Solar,%,5.34
India,IND,Delhi,DL,Union territory,2019,Power sector emissions,Fuel,Wind,%,0.0
India,IND,Delhi,DL,Union territory,2019,Power sector emissions,Fuel,Bioenergy,ktCO2,0.0
India,IND,Delhi,DL,Union territory,2019,Power sector emissions,Fuel,Coal,ktCO2,0.0
India,IND,Delhi,DL,Union territory,2019,Power sector emissions,Fuel,Gas,ktCO2,2783.32
India,IND,Delhi,DL,Union territory,2019,Power sector emissions,Fuel,Hydro,ktCO2,0.0
India,IND,Delhi,DL,Union territory,2019,Power sector emissions,Fuel,Nuclear,ktCO2,0.0
India,IND,Delhi,DL,Union territory,2019,Power sector emissions,Fuel,Other Fossil,ktCO2,0.0
India,IND,Delhi,DL,Union territory,2019,Power sector emissions,Fuel,Other Renewables,ktCO2,11.06
India,IND,Delhi,DL,Union territory,2019,Power sector emissions,Fuel,Solar,ktCO2,5.34
India,IND,Delhi,DL,Union territory,2019,Power sector emissions,Fuel,Wind,ktCO2,0.0
India,IND,Delhi,DL,Union territory,2019,Power sector emissions,Total,Total emissions,ktCO2,2799.72
India,IND,Delhi,DL,Union territory,2020,Capacity,Fuel,Bioenergy,MW,52.0
India,IND,Delhi,DL,Union territory,2020,Capacity,Fuel,Coal,MW,0.0
India,IND,Delhi,DL,Union territory,2020,Capacity,Fuel,Gas,MW,2208.4
India,IND,Delhi,DL,Union territory,2020,Capacity,Fuel,Hydro,MW,0.0
India,IND,Delhi,DL,Union territory,2020,Capacity,Fuel,Nuclear,MW,0.0
India,IND,Delhi,DL,Union territory,2020,Capacity,Fuel,Other Fossil,MW,0.0
India,IND,Delhi,DL,Union territory,2020,Capacity,Fuel,Other Renewables,MW,0.0
India,IND,Delhi,DL,Union territory,2020,Capacity,Fuel,Solar,MW,176.46
India,IND,Delhi,DL,Union territory,2020,Capacity,Fuel,Wind,MW,0.0
India,IND,Delhi,DL,Union territory,2020,Electricity generation,Fuel,Bioenergy,%,0.0
India,IND,Delhi,DL,Union territory,2020,Electricity generation,Fuel,Coal,%,0.0
India,IND,Delhi,DL,Union territory,2020,Electricity generation,Fuel,Gas,%,92.81
India,IND,Delhi,DL,Union territory,2020,Electricity generation,Fuel,Hydro,%,0.0
India,IND,Delhi,DL,Union territory,2020,Electricity generation,Fuel,Nuclear,%,0.0
India,IND,Delhi,DL,Union territory,2020,Electricity generation,Fuel,Other Fossil,%,0.0
India,IND,Delhi,DL,Union territory,2020,Electricity generation,Fuel,Other Renewables,%,4.13
India,IND,Delhi,DL,Union territory,2020,Electricity generation,Fuel,Solar,%,3.06
India,IND,Delhi,DL,Union territory,2020,Electricity generation,Fuel,Wind,%,0.0
India,IND,Delhi,DL,Union territory,2020,Electricity generation,Fuel,Bioenergy,GWh,0.0
India,IND,Delhi,DL,Union territory,2020,Electricity generation,Fuel,Coal,GWh,0.0
India,IND,Delhi,DL,Union territory,2020,Electricity generation,Fuel,Gas,GWh,5391.43
India,IND,Delhi,DL,Union territory,2020,Electricity generation,Fuel,Hydro,GWh,0.0
India,IND,Delhi,DL,Union territory,2020,Electricity generation,Fuel,Nuclear,GWh,0.0
India,IND,Delhi,DL,Union territory,2020,Electricity generation,Fuel,Other Fossil,GWh,0.0
India,IND,Delhi,DL,Union territory,2020,Electricity generation,Fuel,Other Renewables,GWh,240.17
India,IND,Delhi,DL,Union territory,2020,Electricity generation,Fuel,Solar,GWh,177.5
India,IND,Delhi,DL,Union territory,2020,Electricity generation,Fuel,Wind,GWh,0.0
India,IND,Delhi,DL,Union territory,2020,Electricity generation,Total,Total Generation,GWh,5809.1
India,IND,Delhi,DL,Union territory,2020,Power sector emissions,CO2 intensity,CO2 intensity,gCO2/kWh,457.81
India,IND,Delhi,DL,Union territory,2020,Power sector emissions,Fuel,Bioenergy,%,0.0
India,IND,Delhi,DL,Union territory,2020,Power sector emissions,Fuel,Coal,%,0.0
India,IND,Delhi,DL,Union territory,2020,Power sector emissions,Fuel,Gas,%,2641.8
India,IND,Delhi,DL,Union territory,2020,Power sector emissions,Fuel,Hydro,%,0.0
India,IND,Delhi,DL,Union territory,2020,Power sector emissions,Fuel,Nuclear,%,0.0
India,IND,Delhi,DL,Union territory,2020,Power sector emissions,Fuel,Other Fossil,%,0.0
India,IND,Delhi,DL,Union territory,2020,Power sector emissions,Fuel,Other Renewables,%,9.13
India,IND,Delhi,DL,Union territory,2020,Power sector emissions,Fuel,Solar,%,8.52
India,IND,Delhi,DL,Union territory,2020,Power sector emissions,Fuel,Wind,%,0.0
India,IND,Delhi,DL,Union territory,2020,Power sector emissions,Fuel,Bioenergy,ktCO2,0.0
India,IND,Delhi,DL,Union territory,2020,Power sector emissions,Fuel,Coal,ktCO2,0.0
India,IND,Delhi,DL,Union territory,2020,Power sector emissions,Fuel,Gas,ktCO2,2641.8
India,IND,Delhi,DL,Union territory,2020,Power sector emissions,Fuel,Hydro,ktCO2,0.0
India,IND,Delhi,DL,Union territory,2020,Power sector emissions,Fuel,Nuclear,ktCO2,0.0
India,IND,Delhi,DL,Union territory,2020,Power sector emissions,Fuel,Other Fossil,ktCO2,0.0
India,IND,Delhi,DL,Union territory,2020,Power sector emissions,Fuel,Other Renewables,ktCO2,9.13
India,IND,Delhi,DL,Union territory,2020,Power sector emissions,Fuel,Solar,ktCO2,8.52
India,IND,Delhi,DL,Union territory,2020,Power sector emissions,Fuel,Wind,ktCO2,0.0
India,IND,Delhi,DL,Union territory,2020,Power sector emissions,Total,Total emissions,ktCO2,2659.45
India,IND,Delhi,DL,Union territory,2021,Capacity,Fuel,Bioenergy,MW,52.0
India,IND,Delhi,DL,Union territory,2021,Capacity,Fuel,Coal,MW,0.0
India,IND,Delhi,DL,Union territory,2021,Capacity,Fuel,Gas,MW,2208.4
India,IND,Delhi,DL,Union territory,2021,Capacity,Fuel,Hydro,MW,0.0
India,IND,Delhi,DL,Union territory,2021,Capacity,Fuel,Nuclear,MW,0.0
India,IND,Delhi,DL,Union territory,2021,Capacity,Fuel,Other Fossil,MW,0.0
India,IND,Delhi,DL,Union territory,2021,Capacity,Fuel,Other Renewables,MW,0.0
India,IND,Delhi,DL,Union territory,2021,Capacity,Fuel,Solar,MW,211.12
India,IND,Delhi,DL,Union territory,2021,Capacity,Fuel,Wind,MW,0.0
India,IND,Delhi,DL,Union territory,2021,Electricity generation,Fuel,Bioenergy,%,0.0
India,IND,Delhi,DL,Union territory,2021,Electricity generation,Fuel,Coal,%,0.0
India,IND,Delhi,DL,Union territory,2021,Electricity generation,Fuel,Gas,%,92.06
India,IND,Delhi,DL,Union territory,2021,Electricity generation,Fuel,Hydro,%,0.0
India,IND,Delhi,DL,Union territory,2021,Electricity generation,Fuel,Nuclear,%,0.0
India,IND,Delhi,DL,Union territory,2021,Electricity generation,Fuel,Other Fossil,%,0.0
India,IND,Delhi,DL,Union territory,2021,Electricity generation,Fuel,Other Renewables,%,4.25
India,IND,Delhi,DL,Union territory,2021,Electricity generation,Fuel,Solar,%,3.69
India,IND,Delhi,DL,Union territory,2021,Electricity generation,Fuel,Wind,%,0.0
India,IND,Delhi,DL,Union territory,2021,Electricity generation,Fuel,Bioenergy,GWh,0.0
India,IND,Delhi,DL,Union territory,2021,Electricity generation,Fuel,Coal,GWh,0.0
India,IND,Delhi,DL,Union territory,2021,Electricity generation,Fuel,Gas,GWh,5110.29
India,IND,Delhi,DL,Union territory,2021,Electricity generation,Fuel,Hydro,GWh,0.0
India,IND,Delhi,DL,Union territory,2021,Electricity generation,Fuel,Nuclear,GWh,0.0
India,IND,Delhi,DL,Union territory,2021,Electricity generation,Fuel,Other Fossil,GWh,0.0
India,IND,Delhi,DL,Union territory,2021,Electricity generation,Fuel,Other Renewables,GWh,235.66
India,IND,Delhi,DL,Union territory,2021,Electricity generation,Fuel,Solar,GWh,204.83
India,IND,Delhi,DL,Union territory,2021,Electricity generation,Fuel,Wind,GWh,0.0
India,IND,Delhi,DL,Union territory,2021,Electricity generation,Total,Total Generation,GWh,5550.78
India,IND,Delhi,DL,Union territory,2021,Power sector emissions,CO2 intensity,CO2 intensity,gCO2/kWh,454.5
India,IND,Delhi,DL,Union territory,2021,Power sector emissions,Fuel,Bioenergy,%,0.0
India,IND,Delhi,DL,Union territory,2021,Power sector emissions,Fuel,Coal,%,0.0
India,IND,Delhi,DL,Union territory,2021,Power sector emissions,Fuel,Gas,%,2504.04
India,IND,Delhi,DL,Union territory,2021,Power sector emissions,Fuel,Hydro,%,0.0
India,IND,Delhi,DL,Union territory,2021,Power sector emissions,Fuel,Nuclear,%,0.0
India,IND,Delhi,DL,Union territory,2021,Power sector emissions,Fuel,Other Fossil,%,0.0
India,IND,Delhi,DL,Union territory,2021,Power sector emissions,Fuel,Other Renewables,%,8.96
India,IND,Delhi,DL,Union territory,2021,Power sector emissions,Fuel,Solar,%,9.83
India,IND,Delhi,DL,Union territory,2021,Power sector emissions,Fuel,Wind,%,0.0
India,IND,Delhi,DL,Union territory,2021,Power sector emissions,Fuel,Bioenergy,ktCO2,0.0
India,IND,Delhi,DL,Union territory,2021,Power sector emissions,Fuel,Coal,ktCO2,0.0
India,IND,Delhi,DL,Union territory,2021,Power sector emissions,Fuel,Gas,ktCO2,2504.04
India,IND,Delhi,DL,Union territory,2021,Power sector emissions,Fuel,Hydro,ktCO2,0.0
India,IND,Delhi,DL,Union territory,2021,Power sector emissions,Fuel,Nuclear,ktCO2,0.0
India,IND,Delhi,DL,Union territory,2021,Power sector emissions,Fuel,Other Fossil,ktCO2,0.0
India,IND,Delhi,DL,Union territory,2021,Power sector emissions,Fuel,Other Renewables,ktCO2,8.96
India,IND,Delhi,DL,Union territory,2021,Power sector emissions,Fuel,Solar,ktCO2,9.83
India,IND,Delhi,DL,Union territory,2021,Power sector emissions,Fuel,Wind,ktCO2,0.0
India,IND,Delhi,DL,Union territory,2021,Power sector emissions,Total,Total emissions,ktCO2,2522.83
India,IND,Delhi,DL,Union territory,2022,Capacity,Fuel,Bioenergy,MW,84.0
India,IND,Delhi,DL,Union territory,2022,Capacity,Fuel,Coal,MW,0.0
India,IND,Delhi,DL,Union territory,2022,Capacity,Fuel,Gas,MW,2208.4
India,IND,Delhi,DL,Union territory,2022,Capacity,Fuel,Hydro,MW,0.0
India,IND,Delhi,DL,Union territory,2022,Capacity,Fuel,Nuclear,MW,0.0
India,IND,Delhi,DL,Union territory,2022,Capacity,Fuel,Other Fossil,MW,0.0
India,IND,Delhi,DL,Union territory,2022,Capacity,Fuel,Other Renewables,MW,
India,IND,Delhi,DL,Union territory,2022,Capacity,Fuel,Solar,MW,211.48
India,IND,Delhi,DL,Union territory,2022,Capacity,Fuel,Wind,MW,0.0
India,IND,Delhi,DL,Union territory,2022,Electricity generation,Fuel,Bioenergy,%,0.0
India,IND,Delhi,DL,Union territory,2022,Electricity generation,Fuel,Coal,%,0.0
India,IND,Delhi,DL,Union territory,2022,Electricity generation,Fuel,Gas,%,89.35
India,IND,Delhi,DL,Union territory,2022,Electricity generation,Fuel,Hydro,%,0.0
India,IND,Delhi,DL,Union territory,2022,Electricity generation,Fuel,Nuclear,%,0.0
India,IND,Delhi,DL,Union territory,2022,Electricity generation,Fuel,Other Fossil,%,0.0
India,IND,Delhi,DL,Union territory,2022,Electricity generation,Fuel,Other Renewables,%,5.42
India,IND,Delhi,DL,Union territory,2022,Electricity generation,Fuel,Solar,%,5.23
India,IND,Delhi,DL,Union territory,2022,Electricity generation,Fuel,Wind,%,0.0
India,IND,Delhi,DL,Union territory,2022,Electricity generation,Fuel,Bioenergy,GWh,0.0
India,IND,Delhi,DL,Union territory,2022,Electricity generation,Fuel,Coal,GWh,0.0
India,IND,Delhi,DL,Union territory,2022,Electricity generation,Fuel,Gas,GWh,4176.02
India,IND,Delhi,DL,Union territory,2022,Electricity generation,Fuel,Hydro,GWh,0.0
India,IND,Delhi,DL,Union territory,2022,Electricity generation,Fuel,Nuclear,GWh,0.0
India,IND,Delhi,DL,Union territory,2022,Electricity generation,Fuel,Other Fossil,GWh,0.0
India,IND,Delhi,DL,Union territory,2022,Electricity generation,Fuel,Other Renewables,GWh,253.35
India,IND,Delhi,DL,Union territory,2022,Electricity generation,Fuel,Solar,GWh,244.59
India,IND,Delhi,DL,Union territory,2022,Electricity generation,Fuel,Wind,GWh,0.0
India,IND,Delhi,DL,Union territory,2022,Electricity generation,Total,Total Generation,GWh,4673.96
India,IND,Delhi,DL,Union territory,2022,Power sector emissions,CO2 intensity,CO2 intensity,gCO2/kWh,442.37
India,IND,Delhi,DL,Union territory,2022,Power sector emissions,Fuel,Bioenergy,%,0.0
India,IND,Delhi,DL,Union territory,2022,Power sector emissions,Fuel,Coal,%,0.0
India,IND,Delhi,DL,Union territory,2022,Power sector emissions,Fuel,Gas,%,2046.25
India,IND,Delhi,DL,Union territory,2022,Power sector emissions,Fuel,Hydro,%,0.0
India,IND,Delhi,DL,Union territory,2022,Power sector emissions,Fuel,Nuclear,%,0.0
India,IND,Delhi,DL,Union territory,2022,Power sector emissions,Fuel,Other Fossil,%,0.0
India,IND,Delhi,DL,Union territory,2022,Power sector emissions,Fuel,Other Renewables,%,9.63
India,IND,Delhi,DL,Union territory,2022,Power sector emissions,Fuel,Solar,%,11.74
India,IND,Delhi,DL,Union territory,2022,Power sector emissions,Fuel,Wind,%,0.0
India,IND,Delhi,DL,Union territory,2022,Power sector emissions,Fuel,Bioenergy,ktCO2,0.0
India,IND,Delhi,DL,Union territory,2022,Power sector emissions,Fuel,Coal,ktCO2,0.0
India,IND,Delhi,DL,Union territory,2022,Power sector emissions,Fuel,Gas,ktCO2,2046.25
India,IND,Delhi,DL,Union territory,2022,Power sector emissions,Fuel,Hydro,ktCO2,0.0
India,IND,Delhi,DL,Union territory,2022,Power sector emissions,Fuel,Nuclear,ktCO2,0.0
India,IND,Delhi,DL,Union territory,2022,Power sector emissions,Fuel,Other Fossil,ktCO2,0.0
India,IND,Delhi,DL,Union territory,2022,Power sector emissions,Fuel,Other Renewables,ktCO2,9.63
India,IND,Delhi,DL,Union territory,2022,Power sector emissions,Fuel,Solar,ktCO2,11.74
India,IND,Delhi,DL,Union territory,2022,Power sector emissions,Fuel,Wind,ktCO2,0.0
India,IND,Delhi,DL,Union territory,2022,Power sector emissions,Total,Total emissions,ktCO2,2067.62
India,IND,Delhi,DL,Union territory,2023,Capacity,Fuel,Bioenergy,MW,84.0
India,IND,Delhi,DL,Union territory,2023,Capacity,Fuel,Coal,MW,0.0
India,IND,Delhi,DL,Union territory,2023,Capacity,Fuel,Gas,MW,2208.4
India,IND,Delhi,DL,Union territory,2023,Capacity,Fuel,Hydro,MW,0.0
India,IND,Delhi,DL,Union territory,2023,Capacity,Fuel,Nuclear,MW,0.0
India,IND,Delhi,DL,Union territory,2023,Capacity,Fuel,Other Fossil,MW,0.0
India,IND,Delhi,DL,Union territory,2023,Capacity,Fuel,Other Renewables,MW,
India,IND,Delhi,DL,Union territory,2023,Capacity,Fuel,Solar,MW,237.29
India,IND,Delhi,DL,Union territory,2023,Capacity,Fuel,Wind,MW,0.0
India,IND,Delhi,DL,Union territory,2023,Electricity generation,Fuel,Bioenergy,%,0.0
India,IND,Delhi,DL,Union territory,2023,Electricity generation,Fuel,Coal,%,0.0
India,IND,Delhi,DL,Union territory,2023,Electricity generation,Fuel,Gas,%,83.9
India,IND,Delhi,DL,Union territory,2023,Electricity generation,Fuel,Hydro,%,0.0
India,IND,Delhi,DL,Union territory,2023,Electricity generation,Fuel,Nuclear,%,0.0
India,IND,Delhi,DL,Union territory,2023,Electricity generation,Fuel,Other Fossil,%,0.0
India,IND,Delhi,DL,Union territory,2023,Electricity generation,Fuel,Other Renewables,%,11.24
India,IND,Delhi,DL,Union territory,2023,Electricity generation,Fuel,Solar,%,4.86
India,IND,Delhi,DL,Union territory,2023,Electricity generation,Fuel,Wind,%,0.0
India,IND,Delhi,DL,Union territory,2023,Electricity generation,Fuel,Bioenergy,GWh,0.0
India,IND,Delhi,DL,Union territory,2023,Electricity generation,Fuel,Coal,GWh,0.0
India,IND,Delhi,DL,Union territory,2023,Electricity generation,Fuel,Gas,GWh,3565.49
India,IND,Delhi,DL,Union territory,2023,Electricity generation,Fuel,Hydro,GWh,0.0
India,IND,Delhi,DL,Union territory,2023,Electricity generation,Fuel,Nuclear,GWh,0.0
India,IND,Delhi,DL,Union territory,2023,Electricity generation,Fuel,Other Fossil,GWh,0.0
India,IND,Delhi,DL,Union territory,2023,Electricity generation,Fuel,Other Renewables,GWh,477.71
India,IND,Delhi,DL,Union territory,2023,Electricity generation,Fuel,Solar,GWh,206.53
India,IND,Delhi,DL,Union territory,2023,Electricity generation,Fuel,Wind,GWh,0.0
India,IND,Delhi,DL,Union territory,2023,Electricity generation,Total,Total Generation,GWh,4249.73
India,IND,Delhi,DL,Union territory,2023,Power sector emissions,CO2 intensity,CO2 intensity,gCO2/kWh,417.71
India,IND,Delhi,DL,Union territory,2023,Power sector emissions,Fuel,Bioenergy,%,0.0
India,IND,Delhi,DL,Union territory,2023,Power sector emissions,Fuel,Coal,%,0.0
India,IND,Delhi,DL,Union territory,2023,Power sector emissions,Fuel,Gas,%,1747.09
India,IND,Delhi,DL,Union territory,2023,Power sector emissions,Fuel,Hydro,%,0.0
India,IND,Delhi,DL,Union territory,2023,Power sector emissions,Fuel,Nuclear,%,0.0
India,IND,Delhi,DL,Union territory,2023,Power sector emissions,Fuel,Other Fossil,%,0.0
India,IND,Delhi,DL,Union territory,2023,Power sector emissions,Fuel,Other Renewables,%,18.15
India,IND,Delhi,DL,Union territory,2023,Power sector emissions,Fuel,Solar,%,9.91
India,IND,Delhi,DL,Union territory,2023,Power sector emissions,Fuel,Wind,%,0.0
India,IND,Delhi,DL,Union territory,2023,Power sector emissions,Fuel,Bioenergy,ktCO2,0.0
India,IND,Delhi,DL,Union territory,2023,Power sector emissions,Fuel,Coal,ktCO2,0.0
India,IND,Delhi,DL,Union territory,2023,Power sector emissions,Fuel,Gas,ktCO2,1747.09
India,IND,Delhi,DL,Union territory,2023,Power sector emissions,Fuel,Hydro,ktCO2,0.0
India,IND,Delhi,DL,Union territory,2023,Power sector emissions,Fuel,Nuclear,ktCO2,0.0
India,IND,Delhi,DL,Union territory,2023,Power sector emissions,Fuel,Other Fossil,ktCO2,0.0
India,IND,Delhi,DL,Union territory,2023,Power sector emissions,Fuel,Other Renewables,ktCO2,18.15
India,IND,Delhi,DL,Union territory,2023,Power sector emissions,Fuel,Solar,ktCO2,9.91
India,IND,Delhi,DL,Union territory,2023,Power sector emissions,Fuel,Wind,ktCO2,0.0
India,IND,Delhi,DL,Union territory,2023,Power sector emissions,Total,Total emissions,ktCO2,1775.15
India,IND,Delhi,DL,Union territory,2024,Capacity,Fuel,Bioenergy,MW,84.0
India,IND,Delhi,DL,Union territory,2024,Capacity,Fuel,Coal,MW,0.0
India,IND,Delhi,DL,Union territory,2024,Capacity,Fuel,Gas,MW,2208.4
India,IND,Delhi,DL,Union territory,2024,Capacity,Fuel,Hydro,MW,0.0
India,IND,Delhi,DL,Union territory,2024,Capacity,Fuel,Nuclear,MW,0.0
India,IND,Delhi,DL,Union territory,2024,Capacity,Fuel,Other Fossil,MW,0.0
India,IND,Delhi,DL,Union territory,2024,Capacity,Fuel,Other Renewables,MW,
India,IND,Delhi,DL,Union territory,2024,Capacity,Fuel,Solar,MW,294.9
India,IND,Delhi,DL,Union territory,2024,Capacity,Fuel,Wind,MW,0.0
India,IND,Delhi,DL,Union territory,2024,Electricity generation,Fuel,Bioenergy,%,0.0
India,IND,Delhi,DL,Union territory,2024,Electricity generation,Fuel,Coal,%,0.0
India,IND,Delhi,DL,Union territory,2024,Electricity generation,Fuel,Gas,%,84.65
India,IND,Delhi,DL,Union territory,2024,Electricity generation,Fuel,Hydro,%,0.0
India,IND,Delhi,DL,Union territory,2024,Electricity generation,Fuel,Nuclear,%,0.0
India,IND,Delhi,DL,Union territory,2024,Electricity generation,Fuel,Other Fossil,%,0.0
India,IND,Delhi,DL,Union territory,2024,Electricity generation,Fuel,Other Renewables,%,11.2
India,IND,Delhi,DL,Union territory,2024,Electricity generation,Fuel,Solar,%,4.14
India,IND,Delhi,DL,Union territory,2024,Electricity generation,Fuel,Wind,%,0.0
India,IND,Delhi,DL,Union territory,2024,Electricity generation,Fuel,Bioenergy,GWh,0.0
India,IND,Delhi,DL,Union territory,2024,Electricity generation,Fuel,Coal,GWh,0.0
India,IND,Delhi,DL,Union territory,2024,Electricity generation,Fuel,Gas,GWh,4218.63
India,IND,Delhi,DL,Union territory,2024,Electricity generation,Fuel,Hydro,GWh,0.0
India,IND,Delhi,DL,Union territory,2024,Electricity generation,Fuel,Nuclear,GWh,0.0
India,IND,Delhi,DL,Union territory,2024,Electricity generation,Fuel,Other Fossil,GWh,0.0
India,IND,Delhi,DL,Union territory,2024,Electricity generation,Fuel,Other Renewables,GWh,558.28
India,IND,Delhi,DL,Union territory,2024,Electricity generation,Fuel,Solar,GWh,206.53
India,IND,Delhi,DL,Union territory,2024,Electricity generation,Fuel,Wind,GWh,0.0
India,IND,Delhi,DL,Union territory,2024,Electricity generation,Total,Total Generation,GWh,4983.44
India,IND,Delhi,DL,Union territory,2024,Power sector emissions,CO2 intensity,CO2 intensity,gCO2/kWh,421.04
India,IND,Delhi,DL,Union territory,2024,Power sector emissions,Fuel,Bioenergy,%,0.0
India,IND,Delhi,DL,Union territory,2024,Power sector emissions,Fuel,Coal,%,0.0
India,IND,Delhi,DL,Union territory,2024,Power sector emissions,Fuel,Gas,%,2067.13
India,IND,Delhi,DL,Union territory,2024,Power sector emissions,Fuel,Hydro,%,0.0
India,IND,Delhi,DL,Union territory,2024,Power sector emissions,Fuel,Nuclear,%,0.0
India,IND,Delhi,DL,Union territory,2024,Power sector emissions,Fuel,Other Fossil,%,0.0
India,IND,Delhi,DL,Union territory,2024,Power sector emissions,Fuel,Other Renewables,%,21.21
India,IND,Delhi,DL,Union territory,2024,Power sector emissions,Fuel,Solar,%,9.91
India,IND,Delhi,DL,Union territory,2024,Power sector emissions,Fuel,Wind,%,0.0
India,IND,Delhi,DL,Union territory,2024,Power sector emissions,Fuel,Bioenergy,ktCO2,0.0
India,IND,Delhi,DL,Union territory,2024,Power sector emissions,Fuel,Coal,ktCO2,0.0
India,IND,Delhi,DL,Union territory,2024,Power sector emissions,Fuel,Gas,ktCO2,2067.13
India,IND,Delhi,DL,Union territory,2024,Power sector emissions,Fuel,Hydro,ktCO2,0.0
India,IND,Delhi,DL,Union territory,2024,Power sector emissions,Fuel,Nuclear,ktCO2,0.0
India,IND,Delhi,DL,Union territory,2024,Power sector emissions,Fuel,Other Fossil,ktCO2,0.0
India,IND,Delhi,DL,Union territory,2024,Power sector emissions,Fuel,Other Renewables,ktCO2,21.21
India,IND,Delhi,DL,Union territory,2024,Power sector emissions,Fuel,Solar,ktCO2,9.91
India,IND,Delhi,DL,Union territory,2024,Power sector emissions,Fuel,Wind,ktCO2,0.0
India,IND,Delhi,DL,Union territory,2024,Power sector emissions,Total,Total emissions,ktCO2,2098.25
India,IND,Goa,GA,state,2019,Capacity,Fuel,Bioenergy,MW,0.34
India,IND,Goa,GA,state,2019,Capacity,Fuel,Coal,MW,0.0
India,IND,Goa,GA,state,2019,Capacity,Fuel,Gas,MW,48.0
India,IND,Goa,GA,state,2019,Capacity,Fuel,Hydro,MW,0.05
India,IND,Goa,GA,state,2019,Capacity,Fuel,Nuclear,MW,0.0
India,IND,Goa,GA,state,2019,Capacity,Fuel,Other Fossil,MW,0.0
India,IND,Goa,GA,state,2019,Capacity,Fuel,Other Renewables,MW,0.0
India,IND,Goa,GA,state,2019,Capacity,Fuel,Solar,MW,4.78
India,IND,Goa,GA,state,2019,Capacity,Fuel,Wind,MW,0.0
India,IND,Goa,GA,state,2019,Electricity generation,Fuel,Bioenergy,%,0.0
India,IND,Goa,GA,state,2019,Electricity generation,Fuel,Coal,%,0.0
India,IND,Goa,GA,state,2019,Electricity generation,Fuel,Gas,%,0.0
India,IND,Goa,GA,state,2019,Electricity generation,Fuel,Hydro,%,0.0
India,IND,Goa,GA,state,2019,Electricity generation,Fuel,Nuclear,%,0.0
India,IND,Goa,GA,state,2019,Electricity generation,Fuel,Other Fossil,%,0.0
India,IND,Goa,GA,state,2019,Electricity generation,Fuel,Other Renewables,%,0.0
India,IND,Goa,GA,state,2019,Electricity generation,Fuel,Solar,%,100.0
India,IND,Goa,GA,state,2019,Electricity generation,Fuel,Wind,%,0.0
India,IND,Goa,GA,state,2019,Electricity generation,Fuel,Bioenergy,GWh,0.0
India,IND,Goa,GA,state,2019,Electricity generation,Fuel,Coal,GWh,0.0
India,IND,Goa,GA,state,2019,Electricity generation,Fuel,Gas,GWh,0.0
India,IND,Goa,GA,state,2019,Electricity generation,Fuel,Hydro,GWh,0.0
India,IND,Goa,GA,state,2019,Electricity generation,Fuel,Nuclear,GWh,0.0
India,IND,Goa,GA,state,2019,Electricity generation,Fuel,Other Fossil,GWh,0.0
India,IND,Goa,GA,state,2019,Electricity generation,Fuel,Other Renewables,GWh,0.0
India,IND,Goa,GA,state,2019,Electricity generation,Fuel,Solar,GWh,0.4
India,IND,Goa,GA,state,2019,Electricity generation,Fuel,Wind,GWh,0.0
India,IND,Goa,GA,state,2019,Electricity generation,Total,Total Generation,GWh,0.4
India,IND,Goa,GA,state,2019,Power sector emissions,CO2 intensity,CO2 intensity,gCO2/kWh,50.0
India,IND,Goa,GA,state,2019,Power sector emissions,Fuel,Bioenergy,%,0.0
India,IND,Goa,GA,state,2019,Power sector emissions,Fuel,Coal,%,0.0
India,IND,Goa,GA,state,2019,Power sector emissions,Fuel,Gas,%,0.0
India,IND,Goa,GA,state,2019,Power sector emissions,Fuel,Hydro,%,0.0
India,IND,Goa,GA,state,2019,Power sector emissions,Fuel,Nuclear,%,0.0
India,IND,Goa,GA,state,2019,Power sector emissions,Fuel,Other Fossil,%,0.0
India,IND,Goa,GA,state,2019,Power sector emissions,Fuel,Other Renewables,%,0.0
India,IND,Goa,GA,state,2019,Power sector emissions,Fuel,Solar,%,0.02
India,IND,Goa,GA,state,2019,Power sector emissions,Fuel,Wind,%,0.0
India,IND,Goa,GA,state,2019,Power sector emissions,Fuel,Bioenergy,ktCO2,0.0
India,IND,Goa,GA,state,2019,Power sector emissions,Fuel,Coal,ktCO2,0.0
India,IND,Goa,GA,state,2019,Power sector emissions,Fuel,Gas,ktCO2,0.0
India,IND,Goa,GA,state,2019,Power sector emissions,Fuel,Hydro,ktCO2,0.0
India,IND,Goa,GA,state,2019,Power sector emissions,Fuel,Nuclear,ktCO2,0.0
India,IND,Goa,GA,state,2019,Power sector emissions,Fuel,Other Fossil,ktCO2,0.0
India,IND,Goa,GA,state,2019,Power sector emissions,Fuel,Other Renewables,ktCO2,0.0
India,IND,Goa,GA,state,2019,Power sector emissions,Fuel,Solar,ktCO2,0.02
India,IND,Goa,GA,state,2019,Power sector emissions,Fuel,Wind,ktCO2,0.0
India,IND,Goa,GA,state,2019,Power sector emissions,Total,Total emissions,ktCO2,0.02
India,IND,Goa,GA,state,2020,Capacity,Fuel,Bioenergy,MW,0.34
India,IND,Goa,GA,state,2020,Capacity,Fuel,Coal,MW,0.0
India,IND,Goa,GA,state,2020,Capacity,Fuel,Gas,MW,48.0
India,IND,Goa,GA,state,2020,Capacity,Fuel,Hydro,MW,0.05
India,IND,Goa,GA,state,2020,Capacity,Fuel,Nuclear,MW,0.0
India,IND,Goa,GA,state,2020,Capacity,Fuel,Other Fossil,MW,0.0
India,IND,Goa,GA,state,2020,Capacity,Fuel,Other Renewables,MW,0.0
India,IND,Goa,GA,state,2020,Capacity,Fuel,Solar,MW,4.78
India,IND,Goa,GA,state,2020,Capacity,Fuel,Wind,MW,0.0
India,IND,Goa,GA,state,2020,Electricity generation,Fuel,Bioenergy,%,0.0
India,IND,Goa,GA,state,2020,Electricity generation,Fuel,Coal,%,0.0
India,IND,Goa,GA,state,2020,Electricity generation,Fuel,Gas,%,0.0
India,IND,Goa,GA,state,2020,Electricity generation,Fuel,Hydro,%,0.0
India,IND,Goa,GA,state,2020,Electricity generation,Fuel,Nuclear,%,0.0
India,IND,Goa,GA,state,2020,Electricity generation,Fuel,Other Fossil,%,0.0
India,IND,Goa,GA,state,2020,Electricity generation,Fuel,Other Renewables,%,0.0
India,IND,Goa,GA,state,2020,Electricity generation,Fuel,Solar,%,100.0
India,IND,Goa,GA,state,2020,Electricity generation,Fuel,Wind,%,0.0
India,IND,Goa,GA,state,2020,Electricity generation,Fuel,Bioenergy,GWh,0.0
India,IND,Goa,GA,state,2020,Electricity generation,Fuel,Coal,GWh,0.0
India,IND,Goa,GA,state,2020,Electricity generation,Fuel,Gas,GWh,0.0
India,IND,Goa,GA,state,2020,Electricity generation,Fuel,Hydro,GWh,0.0
India,IND,Goa,GA,state,2020,Electricity generation,Fuel,Nuclear,GWh,0.0
India,IND,Goa,GA,state,2020,Electricity generation,Fuel,Other Fossil,GWh,0.0
India,IND,Goa,GA,state,2020,Electricity generation,Fuel,Other Renewables,GWh,0.0
India,IND,Goa,GA,state,2020,Electricity generation,Fuel,Solar,GWh,1.48
India,IND,Goa,GA,state,2020,Electricity generation,Fuel,Wind,GWh,0.0
India,IND,Goa,GA,state,2020,Electricity generation,Total,Total Generation,GWh,1.48
India,IND,Goa,GA,state,2020,Power sector emissions,CO2 intensity,CO2 intensity,gCO2/kWh,47.3
India,IND,Goa,GA,state,2020,Power sector emissions,Fuel,Bioenergy,%,0.0
India,IND,Goa,GA,state,2020,Power sector emissions,Fuel,Coal,%,0.0
India,IND,Goa,GA,state,2020,Power sector emissions,Fuel,Gas,%,0.0
India,IND,Goa,GA,state,2020,Power sector emissions,Fuel,Hydro,%,0.0
India,IND,Goa,GA,state,2020,Power sector emissions,Fuel,Nuclear,%,0.0
India,IND,Goa,GA,state,2020,Power sector emissions,Fuel,Other Fossil,%,0.0
India,IND,Goa,GA,state,2020,Power sector emissions,Fuel,Other Renewables,%,0.0
India,IND,Goa,GA,state,2020,Power sector emissions,Fuel,Solar,%,0.07
India,IND,Goa,GA,state,2020,Power sector emissions,Fuel,Wind,%,0.0
India,IND,Goa,GA,state,2020,Power sector emissions,Fuel,Bioenergy,ktCO2,0.0
India,IND,Goa,GA,state,2020,Power sector emissions,Fuel,Coal,ktCO2,0.0
India,IND,Goa,GA,state,2020,Power sector emissions,Fuel,Gas,ktCO2,0.0
India,IND,Goa,GA,state,2020,Power sector emissions,Fuel,Hydro,ktCO2,0.0
India,IND,Goa,GA,state,2020,Power sector emissions,Fuel,Nuclear,ktCO2,0.0
India,IND,Goa,GA,state,2020,Power sector emissions,Fuel,Other Fossil,ktCO2,0.0
India,IND,Goa,GA,state,2020,Power sector emissions,Fuel,Other Renewables,ktCO2,0.0
India,IND,Goa,GA,state,2020,Power sector emissions,Fuel,Solar,ktCO2,0.07
India,IND,Goa,GA,state,2020,Power sector emissions,Fuel,Wind,ktCO2,0.0
India,IND,Goa,GA,state,2020,Power sector emissions,Total,Total emissions,ktCO2,0.07
India,IND,Goa,GA,state,2021,Capacity,Fuel,Bioenergy,MW,0.34
India,IND,Goa,GA,state,2021,Capacity,Fuel,Coal,MW,0.0
India,IND,Goa,GA,state,2021,Capacity,Fuel,Gas,MW,48.0
India,IND,Goa,GA,state,2021,Capacity,Fuel,Hydro,MW,0.05
India,IND,Goa,GA,state,2021,Capacity,Fuel,Nuclear,MW,0.0
India,IND,Goa,GA,state,2021,Capacity,Fuel,Other Fossil,MW,0.0
India,IND,Goa,GA,state,2021,Capacity,Fuel,Other Renewables,MW,0.0
India,IND,Goa,GA,state,2021,Capacity,Fuel,Solar,MW,18.75
India,IND,Goa,GA,state,2021,Capacity,Fuel,Wind,MW,0.0
India,IND,Goa,GA,state,2021,Electricity generation,Fuel,Bioenergy,%,0.0
India,IND,Goa,GA,state,2021,Electricity generation,Fuel,Coal,%,0.0
India,IND,Goa,GA,state,2021,Electricity generation,Fuel,Gas,%,0.0
India,IND,Goa,GA,state,2021,Electricity generation,Fuel,Hydro,%,0.0
India,IND,Goa,GA,state,2021,Electricity generation,Fuel,Nuclear,%,0.0
India,IND,Goa,GA,state,2021,Electricity generation,Fuel,Other Fossil,%,0.0
India,IND,Goa,GA,state,2021,Electricity generation,Fuel,Other Renewables,%,0.39
India,IND,Goa,GA,state,2021,Electricity generation,Fuel,Solar,%,99.61
India,IND,Goa,GA,state,2021,Electricity generation,Fuel,Wind,%,0.0
India,IND,Goa,GA,state,2021,Electricity generation,Fuel,Bioenergy,GWh,0.0
India,IND,Goa,GA,state,2021,Electricity generation,Fuel,Coal,GWh,0.0
India,IND,Goa,GA,state,2021,Electricity generation,Fuel,Gas,GWh,0.0
India,IND,Goa,GA,state,2021,Electricity generation,Fuel,Hydro,GWh,0.0
India,IND,Goa,GA,state,2021,Electricity generation,Fuel,Nuclear,GWh,0.0
India,IND,Goa,GA,state,2021,Electricity generation,Fuel,Other Fossil,GWh,0.0
India,IND,Goa,GA,state,2021,Electricity generation,Fuel,Other Renewables,GWh,0.01
India,IND,Goa,GA,state,2021,Electricity generation,Fuel,Solar,GWh,2.58
India,IND,Goa,GA,state,2021,Electricity generation,Fuel,Wind,GWh,0.0
India,IND,Goa,GA,state,2021,Electricity generation,Total,Total Generation,GWh,2.59
India,IND,Goa,GA,state,2021,Power sector emissions,CO2 intensity,CO2 intensity,gCO2/kWh,46.33
India,IND,Goa,GA,state,2021,Power sector emissions,Fuel,Bioenergy,%,0.0
India,IND,Goa,GA,state,2021,Power sector emissions,Fuel,Coal,%,0.0
India,IND,Goa,GA,state,2021,Power sector emissions,Fuel,Gas,%,0.0
India,IND,Goa,GA,state,2021,Power sector emissions,Fuel,Hydro,%,0.0
India,IND,Goa,GA,state,2021,Power sector emissions,Fuel,Nuclear,%,0.0
India,IND,Goa,GA,state,2021,Power sector emissions,Fuel,Other Fossil,%,0.0
India,IND,Goa,GA,state,2021,Power sector emissions,Fuel,Other Renewables,%,0.0
India,IND,Goa,GA,state,2021,Power sector emissions,Fuel,Solar,%,0.12
India,IND,Goa,GA,state,2021,Power sector emissions,Fuel,Wind,%,0.0
India,IND,Goa,GA,state,2021,Power sector emissions,Fuel,Bioenergy,ktCO2,0.0
India,IND,Goa,GA,state,2021,Power sector emissions,Fuel,Coal,ktCO2,0.0
India,IND,Goa,GA,state,2021,Power sector emissions,Fuel,Gas,ktCO2,0.0
India,IND,Goa,GA,state,2021,Power sector emissions,Fuel,Hydro,ktCO2,0.0
India,IND,Goa,GA,state,2021,Power sector emissions,Fuel,Nuclear,ktCO2,0.0
India,IND,Goa,GA,state,2021,Power sector emissions,Fuel,Other Fossil,ktCO2,0.0
India,IND,Goa,GA,state,2021,Power sector emissions,Fuel,Other Renewables,ktCO2,0.0
India,IND,Goa,GA,state,2021,Power sector emissions,Fuel,Solar,ktCO2,0.12
India,IND,Goa,GA,state,2021,Power sector emissions,Fuel,Wind,ktCO2,0.0
India,IND,Goa,GA,state,2021,Power sector emissions,Total,Total emissions,ktCO2,0.12
India,IND,Goa,GA,state,2022,Capacity,Fuel,Bioenergy,MW,0.34
India,IND,Goa,GA,state,2022,Capacity,Fuel,Coal,MW,0.0
India,IND,Goa,GA,state,2022,Capacity,Fuel,Gas,MW,48.0
India,IND,Goa,GA,state,2022,Capacity,Fuel,Hydro,MW,0.05
India,IND,Goa,GA,state,2022,Capacity,Fuel,Nuclear,MW,0.0
India,IND,Goa,GA,state,2022,Capacity,Fuel,Other Fossil,MW,0.0
India,IND,Goa,GA,state,2022,Capacity,Fuel,Other Renewables,MW,
India,IND,Goa,GA,state,2022,Capacity,Fuel,Solar,MW,26.4
India,IND,Goa,GA,state,2022,Capacity,Fuel,Wind,MW,0.0
India,IND,Goa,GA,state,2022,Electricity generation,Fuel,Bioenergy,%,0.0
India,IND,Goa,GA,state,2022,Electricity generation,Fuel,Coal,%,0.0
India,IND,Goa,GA,state,2022,Electricity generation,Fuel,Gas,%,0.0
India,IND,Goa,GA,state,2022,Electricity generation,Fuel,Hydro,%,0.0
India,IND,Goa,GA,state,2022,Electricity generation,Fuel,Nuclear,%,0.0
India,IND,Goa,GA,state,2022,Electricity generation,Fuel,Other Fossil,%,0.0
India,IND,Goa,GA,state,2022,Electricity generation,Fuel,Other Renewables,%,22.05
India,IND,Goa,GA,state,2022,Electricity generation,Fuel,Solar,%,77.95
India,IND,Goa,GA,state,2022,Electricity generation,Fuel,Wind,%,0.0
India,IND,Goa,GA,state,2022,Electricity generation,Fuel,Bioenergy,GWh,0.0
India,IND,Goa,GA,state,2022,Electricity generation,Fuel,Coal,GWh,0.0
India,IND,Goa,GA,state,2022,Electricity generation,Fuel,Gas,GWh,0.0
India,IND,Goa,GA,state,2022,Electricity generation,Fuel,Hydro,GWh,0.0
India,IND,Goa,GA,state,2022,Electricity generation,Fuel,Nuclear,GWh,0.0
India,IND,Goa,GA,state,2022,Electricity generation,Fuel,Other Fossil,GWh,0.0
India,IND,Goa,GA,state,2022,Electricity generation,Fuel,Other Renewables,GWh,4.52
India,IND,Goa,GA,state,2022,Electricity generation,Fuel,Solar,GWh,15.97
India,IND,Goa,GA,state,2022,Electricity generation,Fuel,Wind,GWh,0.0
India,IND,Goa,GA,state,2022,Electricity generation,Total,Total Generation,GWh,20.49
India,IND,Goa,GA,state,2022,Power sector emissions,CO2 intensity,CO2 intensity,gCO2/kWh,45.88
India,IND,Goa,GA,state,2022,Power sector emissions,Fuel,Bioenergy,%,0.0
India,IND,Goa,GA,state,2022,Power sector emissions,Fuel,Coal,%,0.0
India,IND,Goa,GA,state,2022,Power sector emissions,Fuel,Gas,%,0.0
India,IND,Goa,GA,state,2022,Power sector emissions,Fuel,Hydro,%,0.0
India,IND,Goa,GA,state,2022,Power sector emissions,Fuel,Nuclear,%,0.0
India,IND,Goa,GA,state,2022,Power sector emissions,Fuel,Other Fossil,%,0.0
India,IND,Goa,GA,state,2022,Power sector emissions,Fuel,Other Renewables,%,0.17
India,IND,Goa,GA,state,2022,Power sector emissions,Fuel,Solar,%,0.77
India,IND,Goa,GA,state,2022,Power sector emissions,Fuel,Wind,%,0.0
India,IND,Goa,GA,state,2022,Power sector emissions,Fuel,Bioenergy,ktCO2,0.0
India,IND,Goa,GA,state,2022,Power sector emissions,Fuel,Coal,ktCO2,0.0
India,IND,Goa,GA,state,2022,Power sector emissions,Fuel,Gas,ktCO2,0.0
India,IND,Goa,GA,state,2022,Power sector emissions,Fuel,Hydro,ktCO2,0.0
India,IND,Goa,GA,state,2022,Power sector emissions,Fuel,Nuclear,ktCO2,0.0
India,IND,Goa,GA,state,2022,Power sector emissions,Fuel,Other Fossil,ktCO2,0.0
India,IND,Goa,GA,state,2022,Power sector emissions,Fuel,Other Renewables,ktCO2,0.17
India,IND,Goa,GA,state,2022,Power sector emissions,Fuel,Solar,ktCO2,0.77
India,IND,Goa,GA,state,2022,Power sector emissions,Fuel,Wind,ktCO2,0.0
India,IND,Goa,GA,state,2022,Power sector emissions,Total,Total emissions,ktCO2,0.94
India,IND,Goa,GA,state,2023,Capacity,Fuel,Bioenergy,MW,1.94
India,IND,Goa,GA,state,2023,Capacity,Fuel,Coal,MW,0.0
India,IND,Goa,GA,state,2023,Capacity,Fuel,Gas,MW,48.0
India,IND,Goa,GA,state,2023,Capacity,Fuel,Hydro,MW,0.05
India,IND,Goa,GA,state,2023,Capacity,Fuel,Nuclear,MW,0.0
India,IND,Goa,GA,state,2023,Capacity,Fuel,Other Fossil,MW,0.0
India,IND,Goa,GA,state,2023,Capacity,Fuel,Other Renewables,MW,
India,IND,Goa,GA,state,2023,Capacity,Fuel,Solar,MW,35.76
India,IND,Goa,GA,state,2023,Capacity,Fuel,Wind,MW,0.0
India,IND,Goa,GA,state,2023,Electricity generation,Fuel,Bioenergy,%,0.0
India,IND,Goa,GA,state,2023,Electricity generation,Fuel,Coal,%,0.0
India,IND,Goa,GA,state,2023,Electricity generation,Fuel,Gas,%,0.0
India,IND,Goa,GA,state,2023,Electricity generation,Fuel,Hydro,%,0.0
India,IND,Goa,GA,state,2023,Electricity generation,Fuel,Nuclear,%,0.0
India,IND,Goa,GA,state,2023,Electricity generation,Fuel,Other Fossil,%,0.0
India,IND,Goa,GA,state,2023,Electricity generation,Fuel,Other Renewables,%,12.52
India,IND,Goa,GA,state,2023,Electricity generation,Fuel,Solar,%,87.48
India,IND,Goa,GA,state,2023,Electricity generation,Fuel,Wind,%,0.0
India,IND,Goa,GA,state,2023,Electricity generation,Fuel,Bioenergy,GWh,0.0
India,IND,Goa,GA,state,2023,Electricity generation,Fuel,Coal,GWh,0.0
India,IND,Goa,GA,state,2023,Electricity generation,Fuel,Gas,GWh,0.0
India,IND,Goa,GA,state,2023,Electricity generation,Fuel,Hydro,GWh,0.0
India,IND,Goa,GA,state,2023,Electricity generation,Fuel,Nuclear,GWh,0.0
India,IND,Goa,GA,state,2023,Electricity generation,Fuel,Other Fossil,GWh,0.0
India,IND,Goa,GA,state,2023,Electricity generation,Fuel,Other Renewables,GWh,7.19
India,IND,Goa,GA,state,2023,Electricity generation,Fuel,Solar,GWh,50.25
India,IND,Goa,GA,state,2023,Electricity generation,Fuel,Wind,GWh,0.0
India,IND,Goa,GA,state,2023,Electricity generation,Total,Total Generation,GWh,57.44
India,IND,Goa,GA,state,2023,Power sector emissions,CO2 intensity,CO2 intensity,gCO2/kWh,46.66
India,IND,Goa,GA,state,2023,Power sector emissions,Fuel,Bioenergy,%,0.0
India,IND,Goa,GA,state,2023,Power sector emissions,Fuel,Coal,%,0.0
India,IND,Goa,GA,state,2023,Power sector emissions,Fuel,Gas,%,0.0
India,IND,Goa,GA,state,2023,Power sector emissions,Fuel,Hydro,%,0.0
India,IND,Goa,GA,state,2023,Power sector emissions,Fuel,Nuclear,%,0.0
India,IND,Goa,GA,state,2023,Power sector emissions,Fuel,Other Fossil,%,0.0
India,IND,Goa,GA,state,2023,Power sector emissions,Fuel,Other Renewables,%,0.27
India,IND,Goa,GA,state,2023,Power sector emissions,Fuel,Solar,%,2.41
India,IND,Goa,GA,state,2023,Power sector emissions,Fuel,Wind,%,0.0
India,IND,Goa,GA,state,2023,Power sector emissions,Fuel,Bioenergy,ktCO2,0.0
India,IND,Goa,GA,state,2023,Power sector emissions,Fuel,Coal,ktCO2,0.0
India,IND,Goa,GA,state,2023,Power sector emissions,Fuel,Gas,ktCO2,0.0
India,IND,Goa,GA,state,2023,Power sector emissions,Fuel,Hydro,ktCO2,0.0
India,IND,Goa,GA,state,2023,Power sector emissions,Fuel,Nuclear,ktCO2,0.0
India,IND,Goa,GA,state,2023,Power sector emissions,Fuel,Other Fossil,ktCO2,0.0
India,IND,Goa,GA,state,2023,Power sector emissions,Fuel,Other Renewables,ktCO2,0.27
India,IND,Goa,GA,state,2023,Power sector emissions,Fuel,Solar,ktCO2,2.41
India,IND,Goa,GA,state,2023,Power sector emissions,Fuel,Wind,ktCO2,0.0
India,IND,Goa,GA,state,2023,Power sector emissions,Total,Total emissions,ktCO2,2.68
India,IND,Goa,GA,state,2024,Capacity,Fuel,Bioenergy,MW,1.94
India,IND,Goa,GA,state,2024,Capacity,Fuel,Coal,MW,0.0
India,IND,Goa,GA,state,2024,Capacity,Fuel,Gas,MW,48.0
India,IND,Goa,GA,state,2024,Capacity,Fuel,Hydro,MW,0.05
India,IND,Goa,GA,state,2024,Capacity,Fuel,Nuclear,MW,0.0
India,IND,Goa,GA,state,2024,Capacity,Fuel,Other Fossil,MW,0.0
India,IND,Goa,GA,state,2024,Capacity,Fuel,Other Renewables,MW,
India,IND,Goa,GA,state,2024,Capacity,Fuel,Solar,MW,52.56
India,IND,Goa,GA,state,2024,Capacity,Fuel,Wind,MW,0.0
India,IND,Goa,GA,state,2024,Electricity generation,Fuel,Bioenergy,%,0.0
India,IND,Goa,GA,state,2024,Electricity generation,Fuel,Coal,%,0.0
India,IND,Goa,GA,state,2024,Electricity generation,Fuel,Gas,%,0.0
India,IND,Goa,GA,state,2024,Electricity generation,Fuel,Hydro,%,0.0
India,IND,Goa,GA,state,2024,Electricity generation,Fuel,Nuclear,%,0.0
India,IND,Goa,GA,state,2024,Electricity generation,Fuel,Other Fossil,%,0.0
India,IND,Goa,GA,state,2024,Electricity generation,Fuel,Other Renewables,%,12.47
India,IND,Goa,GA,state,2024,Electricity generation,Fuel,Solar,%,87.53
India,IND,Goa,GA,state,2024,Electricity generation,Fuel,Wind,%,0.0
India,IND,Goa,GA,state,2024,Electricity generation,Fuel,Bioenergy,GWh,0.0
India,IND,Goa,GA,state,2024,Electricity generation,Fuel,Coal,GWh,0.0
India,IND,Goa,GA,state,2024,Electricity generation,Fuel,Gas,GWh,0.0
India,IND,Goa,GA,state,2024,Electricity generation,Fuel,Hydro,GWh,0.0
India,IND,Goa,GA,state,2024,Electricity generation,Fuel,Nuclear,GWh,0.0
India,IND,Goa,GA,state,2024,Electricity generation,Fuel,Other Fossil,GWh,0.0
India,IND,Goa,GA,state,2024,Electricity generation,Fuel,Other Renewables,GWh,8.14
India,IND,Goa,GA,state,2024,Electricity generation,Fuel,Solar,GWh,57.11
India,IND,Goa,GA,state,2024,Electricity generation,Fuel,Wind,GWh,0.0
India,IND,Goa,GA,state,2024,Electricity generation,Total,Total Generation,GWh,65.25
India,IND,Goa,GA,state,2024,Power sector emissions,CO2 intensity,CO2 intensity,gCO2/kWh,46.74
India,IND,Goa,GA,state,2024,Power sector emissions,Fuel,Bioenergy,%,0.0
India,IND,Goa,GA,state,2024,Power sector emissions,Fuel,Coal,%,0.0
India,IND,Goa,GA,state,2024,Power sector emissions,Fuel,Gas,%,0.0
India,IND,Goa,GA,state,2024,Power sector emissions,Fuel,Hydro,%,0.0
India,IND,Goa,GA,state,2024,Power sector emissions,Fuel,Nuclear,%,0.0
India,IND,Goa,GA,state,2024,Power sector emissions,Fuel,Other Fossil,%,0.0
India,IND,Goa,GA,state,2024,Power sector emissions,Fuel,Other Renewables,%,0.31
India,IND,Goa,GA,state,2024,Power sector emissions,Fuel,Solar,%,2.74
India,IND,Goa,GA,state,2024,Power sector emissions,Fuel,Wind,%,0.0
India,IND,Goa,GA,state,2024,Power sector emissions,Fuel,Bioenergy,ktCO2,0.0
India,IND,Goa,GA,state,2024,Power sector emissions,Fuel,Coal,ktCO2,0.0
India,IND,Goa,GA,state,2024,Power sector emissions,Fuel,Gas,ktCO2,0.0
India,IND,Goa,GA,state,2024,Power sector emissions,Fuel,Hydro,ktCO2,0.0
India,IND,Goa,GA,state,2024,Power sector emissions,Fuel,Nuclear,ktCO2,0.0
India,IND,Goa,GA,state,2024,Power sector emissions,Fuel,Other Fossil,ktCO2,0.0
India,IND,Goa,GA,state,2024,Power sector emissions,Fuel,Other Renewables,ktCO2,0.31
India,IND,Goa,GA,state,2024,Power sector emissions,Fuel,Solar,ktCO2,2.74
India,IND,Goa,GA,state,2024,Power sector emissions,Fuel,Wind,ktCO2,0.0
India,IND,Goa,GA,state,2024,Power sector emissions,Total,Total emissions,ktCO2,3.05
India,IND,Gujarat,GJ,state,2019,Capacity,Fuel,Bioenergy,MW,77.3
India,IND,Gujarat,GJ,state,2019,Capacity,Fuel,Coal,MW,16232.0
India,IND,Gujarat,GJ,state,2019,Capacity,Fuel,Gas,MW,7551.41
India,IND,Gujarat,GJ,state,2019,Capacity,Fuel,Hydro,MW,2052.35
India,IND,Gujarat,GJ,state,2019,Capacity,Fuel,Nuclear,MW,440.0
India,IND,Gujarat,GJ,state,2019,Capacity,Fuel,Other Fossil,MW,0.0
India,IND,Gujarat,GJ,state,2019,Capacity,Fuel,Other Renewables,MW,0.0
India,IND,Gujarat,GJ,state,2019,Capacity,Fuel,Solar,MW,2763.55
India,IND,Gujarat,GJ,state,2019,Capacity,Fuel,Wind,MW,7359.22
India,IND,Gujarat,GJ,state,2019,Electricity generation,Fuel,Bioenergy,%,0.09
India,IND,Gujarat,GJ,state,2019,Electricity generation,Fuel,Coal,%,70.37
India,IND,Gujarat,GJ,state,2019,Electricity generation,Fuel,Gas,%,10.25
India,IND,Gujarat,GJ,state,2019,Electricity generation,Fuel,Hydro,%,3.75
India,IND,Gujarat,GJ,state,2019,Electricity generation,Fuel,Nuclear,%,2.4
India,IND,Gujarat,GJ,state,2019,Electricity generation,Fuel,Other Fossil,%,0.0
India,IND,Gujarat,GJ,state,2019,Electricity generation,Fuel,Other Renewables,%,0.01
India,IND,Gujarat,GJ,state,2019,Electricity generation,Fuel,Solar,%,2.65
India,IND,Gujarat,GJ,state,2019,Electricity generation,Fuel,Wind,%,10.47
India,IND,Gujarat,GJ,state,2019,Electricity generation,Fuel,Bioenergy,GWh,106.22
India,IND,Gujarat,GJ,state,2019,Electricity generation,Fuel,Coal,GWh,86999.38
India,IND,Gujarat,GJ,state,2019,Electricity generation,Fuel,Gas,GWh,12678.61
India,IND,Gujarat,GJ,state,2019,Electricity generation,Fuel,Hydro,GWh,4640.31
India,IND,Gujarat,GJ,state,2019,Electricity generation,Fuel,Nuclear,GWh,2963.97
India,IND,Gujarat,GJ,state,2019,Electricity generation,Fuel,Other Fossil,GWh,0.0
India,IND,Gujarat,GJ,state,2019,Electricity generation,Fuel,Other Renewables,GWh,16.08
India,IND,Gujarat,GJ,state,2019,Electricity generation,Fuel,Solar,GWh,3279.5
India,IND,Gujarat,GJ,state,2019,Electricity generation,Fuel,Wind,GWh,12950.67
India,IND,Gujarat,GJ,state,2019,Electricity generation,Total,Total Generation,GWh,123634.74
India,IND,Gujarat,GJ,state,2019,Power sector emissions,CO2 intensity,CO2 intensity,gCO2/kWh,631.08
India,IND,Gujarat,GJ,state,2019,Power sector emissions,Fuel,Bioenergy,%,24.43
India,IND,Gujarat,GJ,state,2019,Power sector emissions,Fuel,Coal,%,71339.49
India,IND,Gujarat,GJ,state,2019,Power sector emissions,Fuel,Gas,%,6212.52
India,IND,Gujarat,GJ,state,2019,Power sector emissions,Fuel,Hydro,%,111.37
India,IND,Gujarat,GJ,state,2019,Power sector emissions,Fuel,Nuclear,%,35.57
India,IND,Gujarat,GJ,state,2019,Power sector emissions,Fuel,Other Fossil,%,0.0
India,IND,Gujarat,GJ,state,2019,Power sector emissions,Fuel,Other Renewables,%,0.61
India,IND,Gujarat,GJ,state,2019,Power sector emissions,Fuel,Solar,%,157.42
India,IND,Gujarat,GJ,state,2019,Power sector emissions,Fuel,Wind,%,142.46
India,IND,Gujarat,GJ,state,2019,Power sector emissions,Fuel,Bioenergy,ktCO2,24.43
India,IND,Gujarat,GJ,state,2019,Power sector emissions,Fuel,Coal,ktCO2,71339.49
India,IND,Gujarat,GJ,state,2019,Power sector emissions,Fuel,Gas,ktCO2,6212.52
India,IND,Gujarat,GJ,state,2019,Power sector emissions,Fuel,Hydro,ktCO2,111.37
India,IND,Gujarat,GJ,state,2019,Power sector emissions,Fuel,Nuclear,ktCO2,35.57
India,IND,Gujarat,GJ,state,2019,Power sector emissions,Fuel,Other Fossil,ktCO2,0.0
India,IND,Gujarat,GJ,state,2019,Power sector emissions,Fuel,Other Renewables,ktCO2,0.61
India,IND,Gujarat,GJ,state,2019,Power sector emissions,Fuel,Solar,ktCO2,157.42
India,IND,Gujarat,GJ,state,2019,Power sector emissions,Fuel,Wind,ktCO2,142.46
India,IND,Gujarat,GJ,state,2019,Power sector emissions,Total,Total emissions,ktCO2,78023.87
India,IND,Gujarat,GJ,state,2020,Capacity,Fuel,Bioenergy,MW,77.3
India,IND,Gujarat,GJ,state,2020,Capacity,Fuel,Coal,MW,16232.0
India,IND,Gujarat,GJ,state,2020,Capacity,Fuel,Gas,MW,7551.41
India,IND,Gujarat,GJ,state,2020,Capacity,Fuel,Hydro,MW,2068.94
India,IND,Gujarat,GJ,state,2020,Capacity,Fuel,Nuclear,MW,440.0
India,IND,Gujarat,GJ,state,2020,Capacity,Fuel,Other Fossil,MW,0.0
India,IND,Gujarat,GJ,state,2020,Capacity,Fuel,Other Renewables,MW,0.0
India,IND,Gujarat,GJ,state,2020,Capacity,Fuel,Solar,MW,3918.48
India,IND,Gujarat,GJ,state,2020,Capacity,Fuel,Wind,MW,8192.52
India,IND,Gujarat,GJ,state,2020,Electricity generation,Fuel,Bioenergy,%,0.08
India,IND,Gujarat,GJ,state,2020,Electricity generation,Fuel,Coal,%,62.58
India,IND,Gujarat,GJ,state,2020,Electricity generation,Fuel,Gas,%,16.13
India,IND,Gujarat,GJ,state,2020,Electricity generation,Fuel,Hydro,%,3.86
India,IND,Gujarat,GJ,state,2020,Electricity generation,Fuel,Nuclear,%,3.01
India,IND,Gujarat,GJ,state,2020,Electricity generation,Fuel,Other Fossil,%,0.0
India,IND,Gujarat,GJ,state,2020,Electricity generation,Fuel,Other Renewables,%,0.01
India,IND,Gujarat,GJ,state,2020,Electricity generation,Fuel,Solar,%,3.54
India,IND,Gujarat,GJ,state,2020,Electricity generation,Fuel,Wind,%,10.79
India,IND,Gujarat,GJ,state,2020,Electricity generation,Fuel,Bioenergy,GWh,98.0
India,IND,Gujarat,GJ,state,2020,Electricity generation,Fuel,Coal,GWh,76653.3
India,IND,Gujarat,GJ,state,2020,Electricity generation,Fuel,Gas,GWh,19761.78
India,IND,Gujarat,GJ,state,2020,Electricity generation,Fuel,Hydro,GWh,4729.88
India,IND,Gujarat,GJ,state,2020,Electricity generation,Fuel,Nuclear,GWh,3687.04
India,IND,Gujarat,GJ,state,2020,Electricity generation,Fuel,Other Fossil,GWh,0.0
India,IND,Gujarat,GJ,state,2020,Electricity generation,Fuel,Other Renewables,GWh,13.3
India,IND,Gujarat,GJ,state,2020,Electricity generation,Fuel,Solar,GWh,4334.31
India,IND,Gujarat,GJ,state,2020,Electricity generation,Fuel,Wind,GWh,13219.62
India,IND,Gujarat,GJ,state,2020,Electricity generation,Total,Total Generation,GWh,122497.23
India,IND,Gujarat,GJ,state,2020,Power sector emissions,CO2 intensity,CO2 intensity,gCO2/kWh,596.53
India,IND,Gujarat,GJ,state,2020,Power sector emissions,Fuel,Bioenergy,%,22.54
India,IND,Gujarat,GJ,state,2020,Power sector emissions,Fuel,Coal,%,62855.7
India,IND,Gujarat,GJ,state,2020,Power sector emissions,Fuel,Gas,%,9683.27
India,IND,Gujarat,GJ,state,2020,Power sector emissions,Fuel,Hydro,%,113.52
India,IND,Gujarat,GJ,state,2020,Power sector emissions,Fuel,Nuclear,%,44.24
India,IND,Gujarat,GJ,state,2020,Power sector emissions,Fuel,Other Fossil,%,0.0
India,IND,Gujarat,GJ,state,2020,Power sector emissions,Fuel,Other Renewables,%,0.51
India,IND,Gujarat,GJ,state,2020,Power sector emissions,Fuel,Solar,%,208.05
India,IND,Gujarat,GJ,state,2020,Power sector emissions,Fuel,Wind,%,145.42
India,IND,Gujarat,GJ,state,2020,Power sector emissions,Fuel,Bioenergy,ktCO2,22.54
India,IND,Gujarat,GJ,state,2020,Power sector emissions,Fuel,Coal,ktCO2,62855.7
India,IND,Gujarat,GJ,state,2020,Power sector emissions,Fuel,Gas,ktCO2,9683.27
India,IND,Gujarat,GJ,state,2020,Power sector emissions,Fuel,Hydro,ktCO2,113.52
India,IND,Gujarat,GJ,state,2020,Power sector emissions,Fuel,Nuclear,ktCO2,44.24
India,IND,Gujarat,GJ,state,2020,Power sector emissions,Fuel,Other Fossil,ktCO2,0.0
India,IND,Gujarat,GJ,state,2020,Power sector emissions,Fuel,Other Renewables,ktCO2,0.51
India,IND,Gujarat,GJ,state,2020,Power sector emissions,Fuel,Solar,ktCO2,208.05
India,IND,Gujarat,GJ,state,2020,Power sector emissions,Fuel,Wind,ktCO2,145.42
India,IND,Gujarat,GJ,state,2020,Power sector emissions,Total,Total emissions,ktCO2,73073.25
India,IND,Gujarat,GJ,state,2021,Capacity,Fuel,Bioenergy,MW,107.38
India,IND,Gujarat,GJ,state,2021,Capacity,Fuel,Coal,MW,16092.0
India,IND,Gujarat,GJ,state,2021,Capacity,Fuel,Gas,MW,7551.41
India,IND,Gujarat,GJ,state,2021,Capacity,Fuel,Hydro,MW,2074.89
India,IND,Gujarat,GJ,state,2021,Capacity,Fuel,Nuclear,MW,440.0
India,IND,Gujarat,GJ,state,2021,Capacity,Fuel,Other Fossil,MW,0.0
India,IND,Gujarat,GJ,state,2021,Capacity,Fuel,Other Renewables,MW,0.0
India,IND,Gujarat,GJ,state,2021,Capacity,Fuel,Solar,MW,6233.88
India,IND,Gujarat,GJ,state,2021,Capacity,Fuel,Wind,MW,8992.42
India,IND,Gujarat,GJ,state,2021,Electricity generation,Fuel,Bioenergy,%,0.02
India,IND,Gujarat,GJ,state,2021,Electricity generation,Fuel,Coal,%,59.88
India,IND,Gujarat,GJ,state,2021,Electricity generation,Fuel,Gas,%,9.32
India,IND,Gujarat,GJ,state,2021,Electricity generation,Fuel,Hydro,%,3.33
India,IND,Gujarat,GJ,state,2021,Electricity generation,Fuel,Nuclear,%,3.59
India,IND,Gujarat,GJ,state,2021,Electricity generation,Fuel,Other Fossil,%,0.0
India,IND,Gujarat,GJ,state,2021,Electricity generation,Fuel,Other Renewables,%,0.0
India,IND,Gujarat,GJ,state,2021,Electricity generation,Fuel,Solar,%,6.27
India,IND,Gujarat,GJ,state,2021,Electricity generation,Fuel,Wind,%,17.6
India,IND,Gujarat,GJ,state,2021,Electricity generation,Fuel,Bioenergy,GWh,20.13
India,IND,Gujarat,GJ,state,2021,Electricity generation,Fuel,Coal,GWh,58424.78
India,IND,Gujarat,GJ,state,2021,Electricity generation,Fuel,Gas,GWh,9090.93
India,IND,Gujarat,GJ,state,2021,Electricity generation,Fuel,Hydro,GWh,3244.55
India,IND,Gujarat,GJ,state,2021,Electricity generation,Fuel,Nuclear,GWh,3497.96
India,IND,Gujarat,GJ,state,2021,Electricity generation,Fuel,Other Fossil,GWh,0.0
India,IND,Gujarat,GJ,state,2021,Electricity generation,Fuel,Other Renewables,GWh,0.0
India,IND,Gujarat,GJ,state,2021,Electricity generation,Fuel,Solar,GWh,6118.49
India,IND,Gujarat,GJ,state,2021,Electricity generation,Fuel,Wind,GWh,17167.59
India,IND,Gujarat,GJ,state,2021,Electricity generation,Total,Total Generation,GWh,97564.43
India,IND,Gujarat,GJ,state,2021,Power sector emissions,CO2 intensity,CO2 intensity,gCO2/kWh,542.92
India,IND,Gujarat,GJ,state,2021,Power sector emissions,Fuel,Bioenergy,%,4.63
India,IND,Gujarat,GJ,state,2021,Power sector emissions,Fuel,Coal,%,47908.32
India,IND,Gujarat,GJ,state,2021,Power sector emissions,Fuel,Gas,%,4454.56
India,IND,Gujarat,GJ,state,2021,Power sector emissions,Fuel,Hydro,%,77.87
India,IND,Gujarat,GJ,state,2021,Power sector emissions,Fuel,Nuclear,%,41.98
India,IND,Gujarat,GJ,state,2021,Power sector emissions,Fuel,Other Fossil,%,0.0
India,IND,Gujarat,GJ,state,2021,Power sector emissions,Fuel,Other Renewables,%,0.0
India,IND,Gujarat,GJ,state,2021,Power sector emissions,Fuel,Solar,%,293.69
India,IND,Gujarat,GJ,state,2021,Power sector emissions,Fuel,Wind,%,188.84
India,IND,Gujarat,GJ,state,2021,Power sector emissions,Fuel,Bioenergy,ktCO2,4.63
India,IND,Gujarat,GJ,state,2021,Power sector emissions,Fuel,Coal,ktCO2,47908.32
India,IND,Gujarat,GJ,state,2021,Power sector emissions,Fuel,Gas,ktCO2,4454.56
India,IND,Gujarat,GJ,state,2021,Power sector emissions,Fuel,Hydro,ktCO2,77.87
India,IND,Gujarat,GJ,state,2021,Power sector emissions,Fuel,Nuclear,ktCO2,41.98
India,IND,Gujarat,GJ,state,2021,Power sector emissions,Fuel,Other Fossil,ktCO2,0.0
India,IND,Gujarat,GJ,state,2021,Power sector emissions,Fuel,Other Renewables,ktCO2,0.0
India,IND,Gujarat,GJ,state,2021,Power sector emissions,Fuel,Solar,ktCO2,293.69
India,IND,Gujarat,GJ,state,2021,Power sector emissions,Fuel,Wind,ktCO2,188.84
India,IND,Gujarat,GJ,state,2021,Power sector emissions,Total,Total emissions,ktCO2,52969.89
India,IND,Gujarat,GJ,state,2022,Capacity,Fuel,Bioenergy,MW,110.73
India,IND,Gujarat,GJ,state,2022,Capacity,Fuel,Coal,MW,16092.0
India,IND,Gujarat,GJ,state,2022,Capacity,Fuel,Gas,MW,7551.41
India,IND,Gujarat,GJ,state,2022,Capacity,Fuel,Hydro,MW,2079.39
India,IND,Gujarat,GJ,state,2022,Capacity,Fuel,Nuclear,MW,440.0
India,IND,Gujarat,GJ,state,2022,Capacity,Fuel,Other Fossil,MW,0.0
India,IND,Gujarat,GJ,state,2022,Capacity,Fuel,Other Renewables,MW,
India,IND,Gujarat,GJ,state,2022,Capacity,Fuel,Solar,MW,8500.74
India,IND,Gujarat,GJ,state,2022,Capacity,Fuel,Wind,MW,9860.62
India,IND,Gujarat,GJ,state,2022,Electricity generation,Fuel,Bioenergy,%,0.01
India,IND,Gujarat,GJ,state,2022,Electricity generation,Fuel,Coal,%,57.82
India,IND,Gujarat,GJ,state,2022,Electricity generation,Fuel,Gas,%,2.23
India,IND,Gujarat,GJ,state,2022,Electricity generation,Fuel,Hydro,%,6.27
India,IND,Gujarat,GJ,state,2022,Electricity generation,Fuel,Nuclear,%,3.91
India,IND,Gujarat,GJ,state,2022,Electricity generation,Fuel,Other Fossil,%,0.0
India,IND,Gujarat,GJ,state,2022,Electricity generation,Fuel,Other Renewables,%,0.0
India,IND,Gujarat,GJ,state,2022,Electricity generation,Fuel,Solar,%,9.92
India,IND,Gujarat,GJ,state,2022,Electricity generation,Fuel,Wind,%,19.84
India,IND,Gujarat,GJ,state,2022,Electricity generation,Fuel,Bioenergy,GWh,8.97
India,IND,Gujarat,GJ,state,2022,Electricity generation,Fuel,Coal,GWh,54162.97
India,IND,Gujarat,GJ,state,2022,Electricity generation,Fuel,Gas,GWh,2087.51
India,IND,Gujarat,GJ,state,2022,Electricity generation,Fuel,Hydro,GWh,5875.65
India,IND,Gujarat,GJ,state,2022,Electricity generation,Fuel,Nuclear,GWh,3663.17
India,IND,Gujarat,GJ,state,2022,Electricity generation,Fuel,Other Fossil,GWh,0.0
India,IND,Gujarat,GJ,state,2022,Electricity generation,Fuel,Other Renewables,GWh,2.24
India,IND,Gujarat,GJ,state,2022,Electricity generation,Fuel,Solar,GWh,9292.99
India,IND,Gujarat,GJ,state,2022,Electricity generation,Fuel,Wind,GWh,18588.23
India,IND,Gujarat,GJ,state,2022,Electricity generation,Total,Total Generation,GWh,93681.73
India,IND,Gujarat,GJ,state,2022,Power sector emissions,CO2 intensity,CO2 intensity,gCO2/kWh,493.95
India,IND,Gujarat,GJ,state,2022,Power sector emissions,Fuel,Bioenergy,%,2.06
India,IND,Gujarat,GJ,state,2022,Power sector emissions,Fuel,Coal,%,44413.63
India,IND,Gujarat,GJ,state,2022,Power sector emissions,Fuel,Gas,%,1022.88
India,IND,Gujarat,GJ,state,2022,Power sector emissions,Fuel,Hydro,%,141.02
India,IND,Gujarat,GJ,state,2022,Power sector emissions,Fuel,Nuclear,%,43.96
India,IND,Gujarat,GJ,state,2022,Power sector emissions,Fuel,Other Fossil,%,0.0
India,IND,Gujarat,GJ,state,2022,Power sector emissions,Fuel,Other Renewables,%,0.09
India,IND,Gujarat,GJ,state,2022,Power sector emissions,Fuel,Solar,%,446.06
India,IND,Gujarat,GJ,state,2022,Power sector emissions,Fuel,Wind,%,204.47
India,IND,Gujarat,GJ,state,2022,Power sector emissions,Fuel,Bioenergy,ktCO2,2.06
India,IND,Gujarat,GJ,state,2022,Power sector emissions,Fuel,Coal,ktCO2,44413.63
India,IND,Gujarat,GJ,state,2022,Power sector emissions,Fuel,Gas,ktCO2,1022.88
India,IND,Gujarat,GJ,state,2022,Power sector emissions,Fuel,Hydro,ktCO2,141.02
India,IND,Gujarat,GJ,state,2022,Power sector emissions,Fuel,Nuclear,ktCO2,43.96
India,IND,Gujarat,GJ,state,2022,Power sector emissions,Fuel,Other Fossil,ktCO2,0.0
India,IND,Gujarat,GJ,state,2022,Power sector emissions,Fuel,Other Renewables,ktCO2,0.09
India,IND,Gujarat,GJ,state,2022,Power sector emissions,Fuel,Solar,ktCO2,446.06
India,IND,Gujarat,GJ,state,2022,Power sector emissions,Fuel,Wind,ktCO2,204.47
India,IND,Gujarat,GJ,state,2022,Power sector emissions,Total,Total emissions,ktCO2,46274.17
India,IND,Gujarat,GJ,state,2023,Capacity,Fuel,Bioenergy,MW,112.48
India,IND,Gujarat,GJ,state,2023,Capacity,Fuel,Coal,MW,16092.0
India,IND,Gujarat,GJ,state,2023,Capacity,Fuel,Gas,MW,7551.41
India,IND,Gujarat,GJ,state,2023,Capacity,Fuel,Hydro,MW,2081.64
India,IND,Gujarat,GJ,state,2023,Capacity,Fuel,Nuclear,MW,1140.0
India,IND,Gujarat,GJ,state,2023,Capacity,Fuel,Other Fossil,MW,0.0
India,IND,Gujarat,GJ,state,2023,Capacity,Fuel,Other Renewables,MW,
India,IND,Gujarat,GJ,state,2023,Capacity,Fuel,Solar,MW,10549.1
India,IND,Gujarat,GJ,state,2023,Capacity,Fuel,Wind,MW,11223.8
India,IND,Gujarat,GJ,state,2023,Electricity generation,Fuel,Bioenergy,%,0.0
India,IND,Gujarat,GJ,state,2023,Electricity generation,Fuel,Coal,%,55.09
India,IND,Gujarat,GJ,state,2023,Electricity generation,Fuel,Gas,%,5.56
India,IND,Gujarat,GJ,state,2023,Electricity generation,Fuel,Hydro,%,4.01
India,IND,Gujarat,GJ,state,2023,Electricity generation,Fuel,Nuclear,%,5.34
India,IND,Gujarat,GJ,state,2023,Electricity generation,Fuel,Other Fossil,%,0.0
India,IND,Gujarat,GJ,state,2023,Electricity generation,Fuel,Other Renewables,%,0.0
India,IND,Gujarat,GJ,state,2023,Electricity generation,Fuel,Solar,%,10.33
India,IND,Gujarat,GJ,state,2023,Electricity generation,Fuel,Wind,%,19.68
India,IND,Gujarat,GJ,state,2023,Electricity generation,Fuel,Bioenergy,GWh,3.61
India,IND,Gujarat,GJ,state,2023,Electricity generation,Fuel,Coal,GWh,67353.0
India,IND,Gujarat,GJ,state,2023,Electricity generation,Fuel,Gas,GWh,6796.22
India,IND,Gujarat,GJ,state,2023,Electricity generation,Fuel,Hydro,GWh,4897.65
India,IND,Gujarat,GJ,state,2023,Electricity generation,Fuel,Nuclear,GWh,6525.29
India,IND,Gujarat,GJ,state,2023,Electricity generation,Fuel,Other Fossil,GWh,0.0
India,IND,Gujarat,GJ,state,2023,Electricity generation,Fuel,Other Renewables,GWh,0.0
India,IND,Gujarat,GJ,state,2023,Electricity generation,Fuel,Solar,GWh,12624.38
India,IND,Gujarat,GJ,state,2023,Electricity generation,Fuel,Wind,GWh,24067.9
India,IND,Gujarat,GJ,state,2023,Electricity generation,Total,Total Generation,GWh,122268.05
India,IND,Gujarat,GJ,state,2023,Power sector emissions,CO2 intensity,CO2 intensity,gCO2/kWh,487.67
India,IND,Gujarat,GJ,state,2023,Power sector emissions,Fuel,Bioenergy,%,0.83
India,IND,Gujarat,GJ,state,2023,Power sector emissions,Fuel,Coal,%,55229.46
India,IND,Gujarat,GJ,state,2023,Power sector emissions,Fuel,Gas,%,3330.15
India,IND,Gujarat,GJ,state,2023,Power sector emissions,Fuel,Hydro,%,117.54
India,IND,Gujarat,GJ,state,2023,Power sector emissions,Fuel,Nuclear,%,78.3
India,IND,Gujarat,GJ,state,2023,Power sector emissions,Fuel,Other Fossil,%,0.0
India,IND,Gujarat,GJ,state,2023,Power sector emissions,Fuel,Other Renewables,%,0.0
India,IND,Gujarat,GJ,state,2023,Power sector emissions,Fuel,Solar,%,605.97
India,IND,Gujarat,GJ,state,2023,Power sector emissions,Fuel,Wind,%,264.75
India,IND,Gujarat,GJ,state,2023,Power sector emissions,Fuel,Bioenergy,ktCO2,0.83
India,IND,Gujarat,GJ,state,2023,Power sector emissions,Fuel,Coal,ktCO2,55229.46
India,IND,Gujarat,GJ,state,2023,Power sector emissions,Fuel,Gas,ktCO2,3330.15
India,IND,Gujarat,GJ,state,2023,Power sector emissions,Fuel,Hydro,ktCO2,117.54
India,IND,Gujarat,GJ,state,2023,Power sector emissions,Fuel,Nuclear,ktCO2,78.3
India,IND,Gujarat,GJ,state,2023,Power sector emissions,Fuel,Other Fossil,ktCO2,0.0
India,IND,Gujarat,GJ,state,2023,Power sector emissions,Fuel,Other Renewables,ktCO2,0.0
India,IND,Gujarat,GJ,state,2023,Power sector emissions,Fuel,Solar,ktCO2,605.97
India,IND,Gujarat,GJ,state,2023,Power sector emissions,Fuel,Wind,ktCO2,264.75
India,IND,Gujarat,GJ,state,2023,Power sector emissions,Total,Total emissions,ktCO2,59627.0
India,IND,Gujarat,GJ,state,2024,Capacity,Fuel,Bioenergy,MW,116.6
India,IND,Gujarat,GJ,state,2024,Capacity,Fuel,Coal,MW,16092.0
India,IND,Gujarat,GJ,state,2024,Capacity,Fuel,Gas,MW,7551.41
India,IND,Gujarat,GJ,state,2024,Capacity,Fuel,Hydro,MW,2096.64
India,IND,Gujarat,GJ,state,2024,Capacity,Fuel,Nuclear,MW,1840.0
India,IND,Gujarat,GJ,state,2024,Capacity,Fuel,Other Fossil,MW,0.0
India,IND,Gujarat,GJ,state,2024,Capacity,Fuel,Other Renewables,MW,
India,IND,Gujarat,GJ,state,2024,Capacity,Fuel,Solar,MW,16795.8
India,IND,Gujarat,GJ,state,2024,Capacity,Fuel,Wind,MW,12473.8
India,IND,Gujarat,GJ,state,2024,Electricity generation,Fuel,Bioenergy,%,0.03
India,IND,Gujarat,GJ,state,2024,Electricity generation,Fuel,Coal,%,55.08
India,IND,Gujarat,GJ,state,2024,Electricity generation,Fuel,Gas,%,6.4
India,IND,Gujarat,GJ,state,2024,Electricity generation,Fuel,Hydro,%,4.02
India,IND,Gujarat,GJ,state,2024,Electricity generation,Fuel,Nuclear,%,7.11
India,IND,Gujarat,GJ,state,2024,Electricity generation,Fuel,Other Fossil,%,0.0
India,IND,Gujarat,GJ,state,2024,Electricity generation,Fuel,Other Renewables,%,0.0
India,IND,Gujarat,GJ,state,2024,Electricity generation,Fuel,Solar,%,11.31
India,IND,Gujarat,GJ,state,2024,Electricity generation,Fuel,Wind,%,16.04
India,IND,Gujarat,GJ,state,2024,Electricity generation,Fuel,Bioenergy,GWh,44.87
India,IND,Gujarat,GJ,state,2024,Electricity generation,Fuel,Coal,GWh,84615.28
India,IND,Gujarat,GJ,state,2024,Electricity generation,Fuel,Gas,GWh,9829.1
India,IND,Gujarat,GJ,state,2024,Electricity generation,Fuel,Hydro,GWh,6181.5
India,IND,Gujarat,GJ,state,2024,Electricity generation,Fuel,Nuclear,GWh,10923.39
India,IND,Gujarat,GJ,state,2024,Electricity generation,Fuel,Other Fossil,GWh,0.0
India,IND,Gujarat,GJ,state,2024,Electricity generation,Fuel,Other Renewables,GWh,0.0
India,IND,Gujarat,GJ,state,2024,Electricity generation,Fuel,Solar,GWh,17374.38
India,IND,Gujarat,GJ,state,2024,Electricity generation,Fuel,Wind,GWh,24644.66
India,IND,Gujarat,GJ,state,2024,Electricity generation,Total,Total Generation,GWh,153613.18
India,IND,Gujarat,GJ,state,2024,Power sector emissions,CO2 intensity,CO2 intensity,gCO2/kWh,492.12
India,IND,Gujarat,GJ,state,2024,Power sector emissions,Fuel,Bioenergy,%,10.32
India,IND,Gujarat,GJ,state,2024,Power sector emissions,Fuel,Coal,%,69384.53
India,IND,Gujarat,GJ,state,2024,Power sector emissions,Fuel,Gas,%,4816.26
India,IND,Gujarat,GJ,state,2024,Power sector emissions,Fuel,Hydro,%,148.36
India,IND,Gujarat,GJ,state,2024,Power sector emissions,Fuel,Nuclear,%,131.08
India,IND,Gujarat,GJ,state,2024,Power sector emissions,Fuel,Other Fossil,%,0.0
India,IND,Gujarat,GJ,state,2024,Power sector emissions,Fuel,Other Renewables,%,0.0
India,IND,Gujarat,GJ,state,2024,Power sector emissions,Fuel,Solar,%,833.97
India,IND,Gujarat,GJ,state,2024,Power sector emissions,Fuel,Wind,%,271.09
India,IND,Gujarat,GJ,state,2024,Power sector emissions,Fuel,Bioenergy,ktCO2,10.32
India,IND,Gujarat,GJ,state,2024,Power sector emissions,Fuel,Coal,ktCO2,69384.53
India,IND,Gujarat,GJ,state,2024,Power sector emissions,Fuel,Gas,ktCO2,4816.26
India,IND,Gujarat,GJ,state,2024,Power sector emissions,Fuel,Hydro,ktCO2,148.36
India,IND,Gujarat,GJ,state,2024,Power sector emissions,Fuel,Nuclear,ktCO2,131.08
India,IND,Gujarat,GJ,state,2024,Power sector emissions,Fuel,Other Fossil,ktCO2,0.0
India,IND,Gujarat,GJ,state,2024,Power sector emissions,Fuel,Other Renewables,ktCO2,0.0
India,IND,Gujarat,GJ,state,2024,Power sector emissions,Fuel,Solar,ktCO2,833.97
India,IND,Gujarat,GJ,state,2024,Power sector emissions,Fuel,Wind,ktCO2,271.09
India,IND,Gujarat,GJ,state,2024,Power sector emissions,Total,Total emissions,ktCO2,75595.61
India,IND,Haryana,HR,state,2019,Capacity,Fuel,Bioenergy,MW,205.66
India,IND,Haryana,HR,state,2019,Capacity,Fuel,Coal,MW,5540.0
India,IND,Haryana,HR,state,2019,Capacity,Fuel,Gas,MW,431.59
India,IND,Haryana,HR,state,2019,Capacity,Fuel,Hydro,MW,73.5
India,IND,Haryana,HR,state,2019,Capacity,Fuel,Nuclear,MW,0.0
India,IND,Haryana,HR,state,2019,Capacity,Fuel,Other Fossil,MW,0.0
India,IND,Haryana,HR,state,2019,Capacity,Fuel,Other Renewables,MW,0.0
India,IND,Haryana,HR,state,2019,Capacity,Fuel,Solar,MW,249.27
India,IND,Haryana,HR,state,2019,Capacity,Fuel,Wind,MW,0.0
India,IND,Haryana,HR,state,2019,Electricity generation,Fuel,Bioenergy,%,1.4
India,IND,Haryana,HR,state,2019,Electricity generation,Fuel,Coal,%,93.23
India,IND,Haryana,HR,state,2019,Electricity generation,Fuel,Gas,%,3.23
India,IND,Haryana,HR,state,2019,Electricity generation,Fuel,Hydro,%,1.58
India,IND,Haryana,HR,state,2019,Electricity generation,Fuel,Nuclear,%,0.0
India,IND,Haryana,HR,state,2019,Electricity generation,Fuel,Other Fossil,%,0.0
India,IND,Haryana,HR,state,2019,Electricity generation,Fuel,Other Renewables,%,0.0
India,IND,Haryana,HR,state,2019,Electricity generation,Fuel,Solar,%,0.57
India,IND,Haryana,HR,state,2019,Electricity generation,Fuel,Wind,%,0.0
India,IND,Haryana,HR,state,2019,Electricity generation,Fuel,Bioenergy,GWh,281.04
India,IND,Haryana,HR,state,2019,Electricity generation,Fuel,Coal,GWh,18731.88
India,IND,Haryana,HR,state,2019,Electricity generation,Fuel,Gas,GWh,648.21
India,IND,Haryana,HR,state,2019,Electricity generation,Fuel,Hydro,GWh,316.88
India,IND,Haryana,HR,state,2019,Electricity generation,Fuel,Nuclear,GWh,0.0
India,IND,Haryana,HR,state,2019,Electricity generation,Fuel,Other Fossil,GWh,0.0
India,IND,Haryana,HR,state,2019,Electricity generation,Fuel,Other Renewables,GWh,0.0
India,IND,Haryana,HR,state,2019,Electricity generation,Fuel,Solar,GWh,115.03
India,IND,Haryana,HR,state,2019,Electricity generation,Fuel,Wind,GWh,0.0
India,IND,Haryana,HR,state,2019,Electricity generation,Total,Total Generation,GWh,20093.04
India,IND,Haryana,HR,state,2019,Power sector emissions,CO2 intensity,CO2 intensity,gCO2/kWh,784.13
India,IND,Haryana,HR,state,2019,Power sector emissions,Fuel,Bioenergy,%,64.64
India,IND,Haryana,HR,state,2019,Power sector emissions,Fuel,Coal,%,15360.14
India,IND,Haryana,HR,state,2019,Power sector emissions,Fuel,Gas,%,317.62
India,IND,Haryana,HR,state,2019,Power sector emissions,Fuel,Hydro,%,7.61
India,IND,Haryana,HR,state,2019,Power sector emissions,Fuel,Nuclear,%,0.0
India,IND,Haryana,HR,state,2019,Power sector emissions,Fuel,Other Fossil,%,0.0
India,IND,Haryana,HR,state,2019,Power sector emissions,Fuel,Other Renewables,%,0.0
India,IND,Haryana,HR,state,2019,Power sector emissions,Fuel,Solar,%,5.52
India,IND,Haryana,HR,state,2019,Power sector emissions,Fuel,Wind,%,0.0
India,IND,Haryana,HR,state,2019,Power sector emissions,Fuel,Bioenergy,ktCO2,64.64
India,IND,Haryana,HR,state,2019,Power sector emissions,Fuel,Coal,ktCO2,15360.14
India,IND,Haryana,HR,state,2019,Power sector emissions,Fuel,Gas,ktCO2,317.62
India,IND,Haryana,HR,state,2019,Power sector emissions,Fuel,Hydro,ktCO2,7.61
India,IND,Haryana,HR,state,2019,Power sector emissions,Fuel,Nuclear,ktCO2,0.0
India,IND,Haryana,HR,state,2019,Power sector emissions,Fuel,Other Fossil,ktCO2,0.0
India,IND,Haryana,HR,state,2019,Power sector emissions,Fuel,Other Renewables,ktCO2,0.0
India,IND,Haryana,HR,state,2019,Power sector emissions,Fuel,Solar,ktCO2,5.52
India,IND,Haryana,HR,state,2019,Power sector emissions,Fuel,Wind,ktCO2,0.0
India,IND,Haryana,HR,state,2019,Power sector emissions,Total,Total emissions,ktCO2,15755.53
India,IND,Haryana,HR,state,2020,Capacity,Fuel,Bioenergy,MW,211.86
India,IND,Haryana,HR,state,2020,Capacity,Fuel,Coal,MW,5330.0
India,IND,Haryana,HR,state,2020,Capacity,Fuel,Gas,MW,431.59
India,IND,Haryana,HR,state,2020,Capacity,Fuel,Hydro,MW,73.5
India,IND,Haryana,HR,state,2020,Capacity,Fuel,Nuclear,MW,0.0
India,IND,Haryana,HR,state,2020,Capacity,Fuel,Other Fossil,MW,0.0
India,IND,Haryana,HR,state,2020,Capacity,Fuel,Other Renewables,MW,0.0
India,IND,Haryana,HR,state,2020,Capacity,Fuel,Solar,MW,262.42
India,IND,Haryana,HR,state,2020,Capacity,Fuel,Wind,MW,0.0
India,IND,Haryana,HR,state,2020,Electricity generation,Fuel,Bioenergy,%,2.25
India,IND,Haryana,HR,state,2020,Electricity generation,Fuel,Coal,%,88.22
India,IND,Haryana,HR,state,2020,Electricity generation,Fuel,Gas,%,6.36
India,IND,Haryana,HR,state,2020,Electricity generation,Fuel,Hydro,%,2.48
India,IND,Haryana,HR,state,2020,Electricity generation,Fuel,Nuclear,%,0.0
India,IND,Haryana,HR,state,2020,Electricity generation,Fuel,Other Fossil,%,0.0
India,IND,Haryana,HR,state,2020,Electricity generation,Fuel,Other Renewables,%,0.0
India,IND,Haryana,HR,state,2020,Electricity generation,Fuel,Solar,%,0.7
India,IND,Haryana,HR,state,2020,Electricity generation,Fuel,Wind,%,0.0
India,IND,Haryana,HR,state,2020,Electricity generation,Fuel,Bioenergy,GWh,299.71
India,IND,Haryana,HR,state,2020,Electricity generation,Fuel,Coal,GWh,11775.12
India,IND,Haryana,HR,state,2020,Electricity generation,Fuel,Gas,GWh,848.55
India,IND,Haryana,HR,state,2020,Electricity generation,Fuel,Hydro,GWh,330.54
India,IND,Haryana,HR,state,2020,Electricity generation,Fuel,Nuclear,GWh,0.0
India,IND,Haryana,HR,state,2020,Electricity generation,Fuel,Other Fossil,GWh,0.0
India,IND,Haryana,HR,state,2020,Electricity generation,Fuel,Other Renewables,GWh,0.0
India,IND,Haryana,HR,state,2020,Electricity generation,Fuel,Solar,GWh,93.51
India,IND,Haryana,HR,state,2020,Electricity generation,Fuel,Wind,GWh,0.0
India,IND,Haryana,HR,state,2020,Electricity generation,Total,Total Generation,GWh,13347.43
India,IND,Haryana,HR,state,2020,Power sector emissions,CO2 intensity,CO2 intensity,gCO2/kWh,760.65
India,IND,Haryana,HR,state,2020,Power sector emissions,Fuel,Bioenergy,%,68.93
India,IND,Haryana,HR,state,2020,Power sector emissions,Fuel,Coal,%,9655.6
India,IND,Haryana,HR,state,2020,Power sector emissions,Fuel,Gas,%,415.79
India,IND,Haryana,HR,state,2020,Power sector emissions,Fuel,Hydro,%,7.93
India,IND,Haryana,HR,state,2020,Power sector emissions,Fuel,Nuclear,%,0.0
India,IND,Haryana,HR,state,2020,Power sector emissions,Fuel,Other Fossil,%,0.0
India,IND,Haryana,HR,state,2020,Power sector emissions,Fuel,Other Renewables,%,0.0
India,IND,Haryana,HR,state,2020,Power sector emissions,Fuel,Solar,%,4.49
India,IND,Haryana,HR,state,2020,Power sector emissions,Fuel,Wind,%,0.0
India,IND,Haryana,HR,state,2020,Power sector emissions,Fuel,Bioenergy,ktCO2,68.93
India,IND,Haryana,HR,state,2020,Power sector emissions,Fuel,Coal,ktCO2,9655.6
India,IND,Haryana,HR,state,2020,Power sector emissions,Fuel,Gas,ktCO2,415.79
India,IND,Haryana,HR,state,2020,Power sector emissions,Fuel,Hydro,ktCO2,7.93
India,IND,Haryana,HR,state,2020,Power sector emissions,Fuel,Nuclear,ktCO2,0.0
India,IND,Haryana,HR,state,2020,Power sector emissions,Fuel,Other Fossil,ktCO2,0.0
India,IND,Haryana,HR,state,2020,Power sector emissions,Fuel,Other Renewables,ktCO2,0.0
India,IND,Haryana,HR,state,2020,Power sector emissions,Fuel,Solar,ktCO2,4.49
India,IND,Haryana,HR,state,2020,Power sector emissions,Fuel,Wind,ktCO2,0.0
India,IND,Haryana,HR,state,2020,Power sector emissions,Total,Total emissions,ktCO2,10152.74
India,IND,Haryana,HR,state,2021,Capacity,Fuel,Bioenergy,MW,226.0
India,IND,Haryana,HR,state,2021,Capacity,Fuel,Coal,MW,5330.0
India,IND,Haryana,HR,state,2021,Capacity,Fuel,Gas,MW,431.59
India,IND,Haryana,HR,state,2021,Capacity,Fuel,Hydro,MW,73.5
India,IND,Haryana,HR,state,2021,Capacity,Fuel,Nuclear,MW,0.0
India,IND,Haryana,HR,state,2021,Capacity,Fuel,Other Fossil,MW,0.0
India,IND,Haryana,HR,state,2021,Capacity,Fuel,Other Renewables,MW,0.0
India,IND,Haryana,HR,state,2021,Capacity,Fuel,Solar,MW,787.38
India,IND,Haryana,HR,state,2021,Capacity,Fuel,Wind,MW,0.0
India,IND,Haryana,HR,state,2021,Electricity generation,Fuel,Bioenergy,%,1.14
India,IND,Haryana,HR,state,2021,Electricity generation,Fuel,Coal,%,94.19
India,IND,Haryana,HR,state,2021,Electricity generation,Fuel,Gas,%,1.52
India,IND,Haryana,HR,state,2021,Electricity generation,Fuel,Hydro,%,0.98
India,IND,Haryana,HR,state,2021,Electricity generation,Fuel,Nuclear,%,0.0
India,IND,Haryana,HR,state,2021,Electricity generation,Fuel,Other Fossil,%,0.0
India,IND,Haryana,HR,state,2021,Electricity generation,Fuel,Other Renewables,%,0.06
India,IND,Haryana,HR,state,2021,Electricity generation,Fuel,Solar,%,2.1
India,IND,Haryana,HR,state,2021,Electricity generation,Fuel,Wind,%,0.0
India,IND,Haryana,HR,state,2021,Electricity generation,Fuel,Bioenergy,GWh,265.89
India,IND,Haryana,HR,state,2021,Electricity generation,Fuel,Coal,GWh,21944.8
India,IND,Haryana,HR,state,2021,Electricity generation,Fuel,Gas,GWh,355.25
India,IND,Haryana,HR,state,2021,Electricity generation,Fuel,Hydro,GWh,229.27
India,IND,Haryana,HR,state,2021,Electricity generation,Fuel,Nuclear,GWh,0.0
India,IND,Haryana,HR,state,2021,Electricity generation,Fuel,Other Fossil,GWh,0.0
India,IND,Haryana,HR,state,2021,Electricity generation,Fuel,Other Renewables,GWh,13.25
India,IND,Haryana,HR,state,2021,Electricity generation,Fuel,Solar,GWh,490.01
India,IND,Haryana,HR,state,2021,Electricity generation,Fuel,Wind,GWh,0.0
India,IND,Haryana,HR,state,2021,Electricity generation,Total,Total Generation,GWh,23298.47
India,IND,Haryana,HR,state,2021,Power sector emissions,CO2 intensity,CO2 intensity,gCO2/kWh,783.72
India,IND,Haryana,HR,state,2021,Power sector emissions,Fuel,Bioenergy,%,61.15
India,IND,Haryana,HR,state,2021,Power sector emissions,Fuel,Coal,%,17994.74
India,IND,Haryana,HR,state,2021,Power sector emissions,Fuel,Gas,%,174.07
India,IND,Haryana,HR,state,2021,Power sector emissions,Fuel,Hydro,%,5.5
India,IND,Haryana,HR,state,2021,Power sector emissions,Fuel,Nuclear,%,0.0
India,IND,Haryana,HR,state,2021,Power sector emissions,Fuel,Other Fossil,%,0.0
India,IND,Haryana,HR,state,2021,Power sector emissions,Fuel,Other Renewables,%,0.5
India,IND,Haryana,HR,state,2021,Power sector emissions,Fuel,Solar,%,23.52
India,IND,Haryana,HR,state,2021,Power sector emissions,Fuel,Wind,%,0.0
India,IND,Haryana,HR,state,2021,Power sector emissions,Fuel,Bioenergy,ktCO2,61.15
India,IND,Haryana,HR,state,2021,Power sector emissions,Fuel,Coal,ktCO2,17994.74
India,IND,Haryana,HR,state,2021,Power sector emissions,Fuel,Gas,ktCO2,174.07
India,IND,Haryana,HR,state,2021,Power sector emissions,Fuel,Hydro,ktCO2,5.5
India,IND,Haryana,HR,state,2021,Power sector emissions,Fuel,Nuclear,ktCO2,0.0
India,IND,Haryana,HR,state,2021,Power sector emissions,Fuel,Other Fossil,ktCO2,0.0
India,IND,Haryana,HR,state,2021,Power sector emissions,Fuel,Other Renewables,ktCO2,0.5
India,IND,Haryana,HR,state,2021,Power sector emissions,Fuel,Solar,ktCO2,23.52
India,IND,Haryana,HR,state,2021,Power sector emissions,Fuel,Wind,ktCO2,0.0
India,IND,Haryana,HR,state,2021,Power sector emissions,Total,Total emissions,ktCO2,18259.48
India,IND,Haryana,HR,state,2022,Capacity,Fuel,Bioenergy,MW,258.88
India,IND,Haryana,HR,state,2022,Capacity,Fuel,Coal,MW,5330.0
India,IND,Haryana,HR,state,2022,Capacity,Fuel,Gas,MW,431.59
India,IND,Haryana,HR,state,2022,Capacity,Fuel,Hydro,MW,73.5
India,IND,Haryana,HR,state,2022,Capacity,Fuel,Nuclear,MW,0.0
India,IND,Haryana,HR,state,2022,Capacity,Fuel,Other Fossil,MW,0.0
India,IND,Haryana,HR,state,2022,Capacity,Fuel,Other Renewables,MW,
India,IND,Haryana,HR,state,2022,Capacity,Fuel,Solar,MW,990.67
India,IND,Haryana,HR,state,2022,Capacity,Fuel,Wind,MW,0.0
India,IND,Haryana,HR,state,2022,Electricity generation,Fuel,Bioenergy,%,1.62
India,IND,Haryana,HR,state,2022,Electricity generation,Fuel,Coal,%,95.49
India,IND,Haryana,HR,state,2022,Electricity generation,Fuel,Gas,%,0.01
India,IND,Haryana,HR,state,2022,Electricity generation,Fuel,Hydro,%,0.78
India,IND,Haryana,HR,state,2022,Electricity generation,Fuel,Nuclear,%,0.0
India,IND,Haryana,HR,state,2022,Electricity generation,Fuel,Other Fossil,%,0.0
India,IND,Haryana,HR,state,2022,Electricity generation,Fuel,Other Renewables,%,0.18
India,IND,Haryana,HR,state,2022,Electricity generation,Fuel,Solar,%,1.91
India,IND,Haryana,HR,state,2022,Electricity generation,Fuel,Wind,%,0.0
India,IND,Haryana,HR,state,2022,Electricity generation,Fuel,Bioenergy,GWh,534.64
India,IND,Haryana,HR,state,2022,Electricity generation,Fuel,Coal,GWh,31475.97
India,IND,Haryana,HR,state,2022,Electricity generation,Fuel,Gas,GWh,3.93
India,IND,Haryana,HR,state,2022,Electricity generation,Fuel,Hydro,GWh,258.2
India,IND,Haryana,HR,state,2022,Electricity generation,Fuel,Nuclear,GWh,0.0
India,IND,Haryana,HR,state,2022,Electricity generation,Fuel,Other Fossil,GWh,0.0
India,IND,Haryana,HR,state,2022,Electricity generation,Fuel,Other Renewables,GWh,59.96
India,IND,Haryana,HR,state,2022,Electricity generation,Fuel,Solar,GWh,628.73
India,IND,Haryana,HR,state,2022,Electricity generation,Fuel,Wind,GWh,0.0
India,IND,Haryana,HR,state,2022,Electricity generation,Total,Total Generation,GWh,32961.43
India,IND,Haryana,HR,state,2022,Power sector emissions,CO2 intensity,CO2 intensity,gCO2/kWh,788.01
India,IND,Haryana,HR,state,2022,Power sector emissions,Fuel,Bioenergy,%,122.97
India,IND,Haryana,HR,state,2022,Power sector emissions,Fuel,Coal,%,25810.3
India,IND,Haryana,HR,state,2022,Power sector emissions,Fuel,Gas,%,1.93
India,IND,Haryana,HR,state,2022,Power sector emissions,Fuel,Hydro,%,6.2
India,IND,Haryana,HR,state,2022,Power sector emissions,Fuel,Nuclear,%,0.0
India,IND,Haryana,HR,state,2022,Power sector emissions,Fuel,Other Fossil,%,0.0
India,IND,Haryana,HR,state,2022,Power sector emissions,Fuel,Other Renewables,%,2.28
India,IND,Haryana,HR,state,2022,Power sector emissions,Fuel,Solar,%,30.18
India,IND,Haryana,HR,state,2022,Power sector emissions,Fuel,Wind,%,0.0
India,IND,Haryana,HR,state,2022,Power sector emissions,Fuel,Bioenergy,ktCO2,122.97
India,IND,Haryana,HR,state,2022,Power sector emissions,Fuel,Coal,ktCO2,25810.3
India,IND,Haryana,HR,state,2022,Power sector emissions,Fuel,Gas,ktCO2,1.93
India,IND,Haryana,HR,state,2022,Power sector emissions,Fuel,Hydro,ktCO2,6.2
India,IND,Haryana,HR,state,2022,Power sector emissions,Fuel,Nuclear,ktCO2,0.0
India,IND,Haryana,HR,state,2022,Power sector emissions,Fuel,Other Fossil,ktCO2,0.0
India,IND,Haryana,HR,state,2022,Power sector emissions,Fuel,Other Renewables,ktCO2,2.28
India,IND,Haryana,HR,state,2022,Power sector emissions,Fuel,Solar,ktCO2,30.18
India,IND,Haryana,HR,state,2022,Power sector emissions,Fuel,Wind,ktCO2,0.0
India,IND,Haryana,HR,state,2022,Power sector emissions,Total,Total emissions,ktCO2,25973.86
India,IND,Haryana,HR,state,2023,Capacity,Fuel,Bioenergy,MW,265.7
India,IND,Haryana,HR,state,2023,Capacity,Fuel,Coal,MW,5330.0
India,IND,Haryana,HR,state,2023,Capacity,Fuel,Gas,MW,431.59
India,IND,Haryana,HR,state,2023,Capacity,Fuel,Hydro,MW,73.5
India,IND,Haryana,HR,state,2023,Capacity,Fuel,Nuclear,MW,0.0
India,IND,Haryana,HR,state,2023,Capacity,Fuel,Other Fossil,MW,0.0
India,IND,Haryana,HR,state,2023,Capacity,Fuel,Other Renewables,MW,
India,IND,Haryana,HR,state,2023,Capacity,Fuel,Solar,MW,1240.47
India,IND,Haryana,HR,state,2023,Capacity,Fuel,Wind,MW,0.0
India,IND,Haryana,HR,state,2023,Electricity generation,Fuel,Bioenergy,%,1.35
India,IND,Haryana,HR,state,2023,Electricity generation,Fuel,Coal,%,94.61
India,IND,Haryana,HR,state,2023,Electricity generation,Fuel,Gas,%,0.45
India,IND,Haryana,HR,state,2023,Electricity generation,Fuel,Hydro,%,0.75
India,IND,Haryana,HR,state,2023,Electricity generation,Fuel,Nuclear,%,0.0
India,IND,Haryana,HR,state,2023,Electricity generation,Fuel,Other Fossil,%,0.0
India,IND,Haryana,HR,state,2023,Electricity generation,Fuel,Other Renewables,%,0.19
India,IND,Haryana,HR,state,2023,Electricity generation,Fuel,Solar,%,2.65
India,IND,Haryana,HR,state,2023,Electricity generation,Fuel,Wind,%,0.0
India,IND,Haryana,HR,state,2023,Electricity generation,Fuel,Bioenergy,GWh,412.91
India,IND,Haryana,HR,state,2023,Electricity generation,Fuel,Coal,GWh,28892.72
India,IND,Haryana,HR,state,2023,Electricity generation,Fuel,Gas,GWh,137.28
India,IND,Haryana,HR,state,2023,Electricity generation,Fuel,Hydro,GWh,227.56
India,IND,Haryana,HR,state,2023,Electricity generation,Fuel,Nuclear,GWh,0.0
India,IND,Haryana,HR,state,2023,Electricity generation,Fuel,Other Fossil,GWh,0.0
India,IND,Haryana,HR,state,2023,Electricity generation,Fuel,Other Renewables,GWh,59.34
India,IND,Haryana,HR,state,2023,Electricity generation,Fuel,Solar,GWh,808.17
India,IND,Haryana,HR,state,2023,Electricity generation,Fuel,Wind,GWh,0.0
India,IND,Haryana,HR,state,2023,Electricity generation,Total,Total Generation,GWh,30537.98
India,IND,Haryana,HR,state,2023,Power sector emissions,CO2 intensity,CO2 intensity,gCO2/kWh,782.66
India,IND,Haryana,HR,state,2023,Power sector emissions,Fuel,Bioenergy,%,94.97
India,IND,Haryana,HR,state,2023,Power sector emissions,Fuel,Coal,%,23692.03
India,IND,Haryana,HR,state,2023,Power sector emissions,Fuel,Gas,%,67.27
India,IND,Haryana,HR,state,2023,Power sector emissions,Fuel,Hydro,%,5.46
India,IND,Haryana,HR,state,2023,Power sector emissions,Fuel,Nuclear,%,0.0
India,IND,Haryana,HR,state,2023,Power sector emissions,Fuel,Other Fossil,%,0.0
India,IND,Haryana,HR,state,2023,Power sector emissions,Fuel,Other Renewables,%,2.25
India,IND,Haryana,HR,state,2023,Power sector emissions,Fuel,Solar,%,38.79
India,IND,Haryana,HR,state,2023,Power sector emissions,Fuel,Wind,%,0.0
India,IND,Haryana,HR,state,2023,Power sector emissions,Fuel,Bioenergy,ktCO2,94.97
India,IND,Haryana,HR,state,2023,Power sector emissions,Fuel,Coal,ktCO2,23692.03
India,IND,Haryana,HR,state,2023,Power sector emissions,Fuel,Gas,ktCO2,67.27
India,IND,Haryana,HR,state,2023,Power sector emissions,Fuel,Hydro,ktCO2,5.46
India,IND,Haryana,HR,state,2023,Power sector emissions,Fuel,Nuclear,ktCO2,0.0
India,IND,Haryana,HR,state,2023,Power sector emissions,Fuel,Other Fossil,ktCO2,0.0
India,IND,Haryana,HR,state,2023,Power sector emissions,Fuel,Other Renewables,ktCO2,2.25
India,IND,Haryana,HR,state,2023,Power sector emissions,Fuel,Solar,ktCO2,38.79
India,IND,Haryana,HR,state,2023,Power sector emissions,Fuel,Wind,ktCO2,0.0
India,IND,Haryana,HR,state,2023,Power sector emissions,Total,Total emissions,ktCO2,23900.77
India,IND,Haryana,HR,state,2024,Capacity,Fuel,Bioenergy,MW,292.62
India,IND,Haryana,HR,state,2024,Capacity,Fuel,Coal,MW,5330.0
India,IND,Haryana,HR,state,2024,Capacity,Fuel,Gas,MW,431.59
India,IND,Haryana,HR,state,2024,Capacity,Fuel,Hydro,MW,73.5
India,IND,Haryana,HR,state,2024,Capacity,Fuel,Nuclear,MW,0.0
India,IND,Haryana,HR,state,2024,Capacity,Fuel,Other Fossil,MW,0.0
India,IND,Haryana,HR,state,2024,Capacity,Fuel,Other Renewables,MW,
India,IND,Haryana,HR,state,2024,Capacity,Fuel,Solar,MW,1986.96
India,IND,Haryana,HR,state,2024,Capacity,Fuel,Wind,MW,0.0
India,IND,Haryana,HR,state,2024,Electricity generation,Fuel,Bioenergy,%,1.26
India,IND,Haryana,HR,state,2024,Electricity generation,Fuel,Coal,%,92.86
India,IND,Haryana,HR,state,2024,Electricity generation,Fuel,Gas,%,0.66
India,IND,Haryana,HR,state,2024,Electricity generation,Fuel,Hydro,%,0.76
India,IND,Haryana,HR,state,2024,Electricity generation,Fuel,Nuclear,%,0.0
India,IND,Haryana,HR,state,2024,Electricity generation,Fuel,Other Fossil,%,0.0
India,IND,Haryana,HR,state,2024,Electricity generation,Fuel,Other Renewables,%,0.17
India,IND,Haryana,HR,state,2024,Electricity generation,Fuel,Solar,%,4.3
India,IND,Haryana,HR,state,2024,Electricity generation,Fuel,Wind,%,0.0
India,IND,Haryana,HR,state,2024,Electricity generation,Fuel,Bioenergy,GWh,409.01
India,IND,Haryana,HR,state,2024,Electricity generation,Fuel,Coal,GWh,30138.12
India,IND,Haryana,HR,state,2024,Electricity generation,Fuel,Gas,GWh,215.37
India,IND,Haryana,HR,state,2024,Electricity generation,Fuel,Hydro,GWh,245.87
India,IND,Haryana,HR,state,2024,Electricity generation,Fuel,Nuclear,GWh,0.0
India,IND,Haryana,HR,state,2024,Electricity generation,Fuel,Other Fossil,GWh,0.0
India,IND,Haryana,HR,state,2024,Electricity generation,Fuel,Other Renewables,GWh,53.56
India,IND,Haryana,HR,state,2024,Electricity generation,Fuel,Solar,GWh,1394.65
India,IND,Haryana,HR,state,2024,Electricity generation,Fuel,Wind,GWh,0.0
India,IND,Haryana,HR,state,2024,Electricity generation,Total,Total Generation,GWh,32456.58
India,IND,Haryana,HR,state,2024,Power sector emissions,CO2 intensity,CO2 intensity,gCO2/kWh,769.88
India,IND,Haryana,HR,state,2024,Power sector emissions,Fuel,Bioenergy,%,94.07
India,IND,Haryana,HR,state,2024,Power sector emissions,Fuel,Coal,%,24713.26
India,IND,Haryana,HR,state,2024,Power sector emissions,Fuel,Gas,%,105.53
India,IND,Haryana,HR,state,2024,Power sector emissions,Fuel,Hydro,%,5.9
India,IND,Haryana,HR,state,2024,Power sector emissions,Fuel,Nuclear,%,0.0
India,IND,Haryana,HR,state,2024,Power sector emissions,Fuel,Other Fossil,%,0.0
India,IND,Haryana,HR,state,2024,Power sector emissions,Fuel,Other Renewables,%,2.04
India,IND,Haryana,HR,state,2024,Power sector emissions,Fuel,Solar,%,66.94
India,IND,Haryana,HR,state,2024,Power sector emissions,Fuel,Wind,%,0.0
India,IND,Haryana,HR,state,2024,Power sector emissions,Fuel,Bioenergy,ktCO2,94.07
India,IND,Haryana,HR,state,2024,Power sector emissions,Fuel,Coal,ktCO2,24713.26
India,IND,Haryana,HR,state,2024,Power sector emissions,Fuel,Gas,ktCO2,105.53
India,IND,Haryana,HR,state,2024,Power sector emissions,Fuel,Hydro,ktCO2,5.9
India,IND,Haryana,HR,state,2024,Power sector emissions,Fuel,Nuclear,ktCO2,0.0
India,IND,Haryana,HR,state,2024,Power sector emissions,Fuel,Other Fossil,ktCO2,0.0
India,IND,Haryana,HR,state,2024,Power sector emissions,Fuel,Other Renewables,ktCO2,2.04
India,IND,Haryana,HR,state,2024,Power sector emissions,Fuel,Solar,ktCO2,66.94
India,IND,Haryana,HR,state,2024,Power sector emissions,Fuel,Wind,ktCO2,0.0
India,IND,Haryana,HR,state,2024,Power sector emissions,Total,Total emissions,ktCO2,24987.74
India,IND,Himachal Pradesh,HP,state,2019,Capacity,Fuel,Bioenergy,MW,7.2
India,IND,Himachal Pradesh,HP,state,2019,Capacity,Fuel,Coal,MW,0.0
India,IND,Himachal Pradesh,HP,state,2019,Capacity,Fuel,Gas,MW,0.0
India,IND,Himachal Pradesh,HP,state,2019,Capacity,Fuel,Hydro,MW,10715.53
India,IND,Himachal Pradesh,HP,state,2019,Capacity,Fuel,Nuclear,MW,0.0
India,IND,Himachal Pradesh,HP,state,2019,Capacity,Fuel,Other Fossil,MW,0.0
India,IND,Himachal Pradesh,HP,state,2019,Capacity,Fuel,Other Renewables,MW,0.0
India,IND,Himachal Pradesh,HP,state,2019,Capacity,Fuel,Solar,MW,32.57
India,IND,Himachal Pradesh,HP,state,2019,Capacity,Fuel,Wind,MW,0.0
India,IND,Himachal Pradesh,HP,state,2019,Electricity generation,Fuel,Bioenergy,%,0.0
India,IND,Himachal Pradesh,HP,state,2019,Electricity generation,Fuel,Coal,%,0.0
India,IND,Himachal Pradesh,HP,state,2019,Electricity generation,Fuel,Gas,%,0.0
India,IND,Himachal Pradesh,HP,state,2019,Electricity generation,Fuel,Hydro,%,99.99
India,IND,Himachal Pradesh,HP,state,2019,Electricity generation,Fuel,Nuclear,%,0.0
India,IND,Himachal Pradesh,HP,state,2019,Electricity generation,Fuel,Other Fossil,%,0.0
India,IND,Himachal Pradesh,HP,state,2019,Electricity generation,Fuel,Other Renewables,%,0.0
India,IND,Himachal Pradesh,HP,state,2019,Electricity generation,Fuel,Solar,%,0.01
India,IND,Himachal Pradesh,HP,state,2019,Electricity generation,Fuel,Wind,%,0.0
India,IND,Himachal Pradesh,HP,state,2019,Electricity generation,Fuel,Bioenergy,GWh,0.0
India,IND,Himachal Pradesh,HP,state,2019,Electricity generation,Fuel,Coal,GWh,0.0
India,IND,Himachal Pradesh,HP,state,2019,Electricity generation,Fuel,Gas,GWh,0.0
India,IND,Himachal Pradesh,HP,state,2019,Electricity generation,Fuel,Hydro,GWh,42912.81
India,IND,Himachal Pradesh,HP,state,2019,Electricity generation,Fuel,Nuclear,GWh,0.0
India,IND,Himachal Pradesh,HP,state,2019,Electricity generation,Fuel,Other Fossil,GWh,0.0
India,IND,Himachal Pradesh,HP,state,2019,Electricity generation,Fuel,Other Renewables,GWh,0.0
India,IND,Himachal Pradesh,HP,state,2019,Electricity generation,Fuel,Solar,GWh,4.84
India,IND,Himachal Pradesh,HP,state,2019,Electricity generation,Fuel,Wind,GWh,0.0
India,IND,Himachal Pradesh,HP,state,2019,Electricity generation,Total,Total Generation,GWh,42917.65
India,IND,Himachal Pradesh,HP,state,2019,Power sector emissions,CO2 intensity,CO2 intensity,gCO2/kWh,24.0
India,IND,Himachal Pradesh,HP,state,2019,Power sector emissions,Fuel,Bioenergy,%,0.0
India,IND,Himachal Pradesh,HP,state,2019,Power sector emissions,Fuel,Coal,%,0.0
India,IND,Himachal Pradesh,HP,state,2019,Power sector emissions,Fuel,Gas,%,0.0
India,IND,Himachal Pradesh,HP,state,2019,Power sector emissions,Fuel,Hydro,%,1029.91
India,IND,Himachal Pradesh,HP,state,2019,Power sector emissions,Fuel,Nuclear,%,0.0
India,IND,Himachal Pradesh,HP,state,2019,Power sector emissions,Fuel,Other Fossil,%,0.0
India,IND,Himachal Pradesh,HP,state,2019,Power sector emissions,Fuel,Other Renewables,%,0.0
India,IND,Himachal Pradesh,HP,state,2019,Power sector emissions,Fuel,Solar,%,0.23
India,IND,Himachal Pradesh,HP,state,2019,Power sector emissions,Fuel,Wind,%,0.0
India,IND,Himachal Pradesh,HP,state,2019,Power sector emissions,Fuel,Bioenergy,ktCO2,0.0
India,IND,Himachal Pradesh,HP,state,2019,Power sector emissions,Fuel,Coal,ktCO2,0.0
India,IND,Himachal Pradesh,HP,state,2019,Power sector emissions,Fuel,Gas,ktCO2,0.0
India,IND,Himachal Pradesh,HP,state,2019,Power sector emissions,Fuel,Hydro,ktCO2,1029.91
India,IND,Himachal Pradesh,HP,state,2019,Power sector emissions,Fuel,Nuclear,ktCO2,0.0
India,IND,Himachal Pradesh,HP,state,2019,Power sector emissions,Fuel,Other Fossil,ktCO2,0.0
India,IND,Himachal Pradesh,HP,state,2019,Power sector emissions,Fuel,Other Renewables,ktCO2,0.0
India,IND,Himachal Pradesh,HP,state,2019,Power sector emissions,Fuel,Solar,ktCO2,0.23
India,IND,Himachal Pradesh,HP,state,2019,Power sector emissions,Fuel,Wind,ktCO2,0.0
India,IND,Himachal Pradesh,HP,state,2019,Power sector emissions,Total,Total emissions,ktCO2,1030.14
India,IND,Himachal Pradesh,HP,state,2020,Capacity,Fuel,Bioenergy,MW,9.2
India,IND,Himachal Pradesh,HP,state,2020,Capacity,Fuel,Coal,MW,0.0
India,IND,Himachal Pradesh,HP,state,2020,Capacity,Fuel,Gas,MW,0.0
India,IND,Himachal Pradesh,HP,state,2020,Capacity,Fuel,Hydro,MW,10720.53
India,IND,Himachal Pradesh,HP,state,2020,Capacity,Fuel,Nuclear,MW,0.0
India,IND,Himachal Pradesh,HP,state,2020,Capacity,Fuel,Other Fossil,MW,0.0
India,IND,Himachal Pradesh,HP,state,2020,Capacity,Fuel,Other Renewables,MW,0.0
India,IND,Himachal Pradesh,HP,state,2020,Capacity,Fuel,Solar,MW,42.73
India,IND,Himachal Pradesh,HP,state,2020,Capacity,Fuel,Wind,MW,0.0
India,IND,Himachal Pradesh,HP,state,2020,Electricity generation,Fuel,Bioenergy,%,0.0
India,IND,Himachal Pradesh,HP,state,2020,Electricity generation,Fuel,Coal,%,0.0
India,IND,Himachal Pradesh,HP,state,2020,Electricity generation,Fuel,Gas,%,0.0
India,IND,Himachal Pradesh,HP,state,2020,Electricity generation,Fuel,Hydro,%,99.92
India,IND,Himachal Pradesh,HP,state,2020,Electricity generation,Fuel,Nuclear,%,0.0
India,IND,Himachal Pradesh,HP,state,2020,Electricity generation,Fuel,Other Fossil,%,0.0
India,IND,Himachal Pradesh,HP,state,2020,Electricity generation,Fuel,Other Renewables,%,0.0
India,IND,Himachal Pradesh,HP,state,2020,Electricity generation,Fuel,Solar,%,0.08
India,IND,Himachal Pradesh,HP,state,2020,Electricity generation,Fuel,Wind,%,0.0
India,IND,Himachal Pradesh,HP,state,2020,Electricity generation,Fuel,Bioenergy,GWh,0.0
India,IND,Himachal Pradesh,HP,state,2020,Electricity generation,Fuel,Coal,GWh,0.0
India,IND,Himachal Pradesh,HP,state,2020,Electricity generation,Fuel,Gas,GWh,0.0
India,IND,Himachal Pradesh,HP,state,2020,Electricity generation,Fuel,Hydro,GWh,40698.59
India,IND,Himachal Pradesh,HP,state,2020,Electricity generation,Fuel,Nuclear,GWh,0.0
India,IND,Himachal Pradesh,HP,state,2020,Electricity generation,Fuel,Other Fossil,GWh,0.0
India,IND,Himachal Pradesh,HP,state,2020,Electricity generation,Fuel,Other Renewables,GWh,0.0
India,IND,Himachal Pradesh,HP,state,2020,Electricity generation,Fuel,Solar,GWh,34.59
India,IND,Himachal Pradesh,HP,state,2020,Electricity generation,Fuel,Wind,GWh,0.0
India,IND,Himachal Pradesh,HP,state,2020,Electricity generation,Total,Total Generation,GWh,40733.18
India,IND,Himachal Pradesh,HP,state,2020,Power sector emissions,CO2 intensity,CO2 intensity,gCO2/kWh,24.02
India,IND,Himachal Pradesh,HP,state,2020,Power sector emissions,Fuel,Bioenergy,%,0.0
India,IND,Himachal Pradesh,HP,state,2020,Power sector emissions,Fuel,Coal,%,0.0
India,IND,Himachal Pradesh,HP,state,2020,Power sector emissions,Fuel,Gas,%,0.0
India,IND,Himachal Pradesh,HP,state,2020,Power sector emissions,Fuel,Hydro,%,976.77
India,IND,Himachal Pradesh,HP,state,2020,Power sector emissions,Fuel,Nuclear,%,0.0
India,IND,Himachal Pradesh,HP,state,2020,Power sector emissions,Fuel,Other Fossil,%,0.0
India,IND,Himachal Pradesh,HP,state,2020,Power sector emissions,Fuel,Other Renewables,%,0.0
India,IND,Himachal Pradesh,HP,state,2020,Power sector emissions,Fuel,Solar,%,1.66
India,IND,Himachal Pradesh,HP,state,2020,Power sector emissions,Fuel,Wind,%,0.0
India,IND,Himachal Pradesh,HP,state,2020,Power sector emissions,Fuel,Bioenergy,ktCO2,0.0
India,IND,Himachal Pradesh,HP,state,2020,Power sector emissions,Fuel,Coal,ktCO2,0.0
India,IND,Himachal Pradesh,HP,state,2020,Power sector emissions,Fuel,Gas,ktCO2,0.0
India,IND,Himachal Pradesh,HP,state,2020,Power sector emissions,Fuel,Hydro,ktCO2,976.77
India,IND,Himachal Pradesh,HP,state,2020,Power sector emissions,Fuel,Nuclear,ktCO2,0.0
India,IND,Himachal Pradesh,HP,state,2020,Power sector emissions,Fuel,Other Fossil,ktCO2,0.0
India,IND,Himachal Pradesh,HP,state,2020,Power sector emissions,Fuel,Other Renewables,ktCO2,0.0
India,IND,Himachal Pradesh,HP,state,2020,Power sector emissions,Fuel,Solar,ktCO2,1.66
India,IND,Himachal Pradesh,HP,state,2020,Power sector emissions,Fuel,Wind,ktCO2,0.0
India,IND,Himachal Pradesh,HP,state,2020,Power sector emissions,Total,Total emissions,ktCO2,978.43
India,IND,Himachal Pradesh,HP,state,2021,Capacity,Fuel,Bioenergy,MW,10.2
India,IND,Himachal Pradesh,HP,state,2021,Capacity,Fuel,Coal,MW,0.0
India,IND,Himachal Pradesh,HP,state,2021,Capacity,Fuel,Gas,MW,0.0
India,IND,Himachal Pradesh,HP,state,2021,Capacity,Fuel,Hydro,MW,11016.73
India,IND,Himachal Pradesh,HP,state,2021,Capacity,Fuel,Nuclear,MW,0.0
India,IND,Himachal Pradesh,HP,state,2021,Capacity,Fuel,Other Fossil,MW,0.0
India,IND,Himachal Pradesh,HP,state,2021,Capacity,Fuel,Other Renewables,MW,0.0
India,IND,Himachal Pradesh,HP,state,2021,Capacity,Fuel,Solar,MW,65.6
India,IND,Himachal Pradesh,HP,state,2021,Capacity,Fuel,Wind,MW,0.0
India,IND,Himachal Pradesh,HP,state,2021,Electricity generation,Fuel,Bioenergy,%,0.0
India,IND,Himachal Pradesh,HP,state,2021,Electricity generation,Fuel,Coal,%,0.0
India,IND,Himachal Pradesh,HP,state,2021,Electricity generation,Fuel,Gas,%,0.0
India,IND,Himachal Pradesh,HP,state,2021,Electricity generation,Fuel,Hydro,%,99.89
India,IND,Himachal Pradesh,HP,state,2021,Electricity generation,Fuel,Nuclear,%,0.0
India,IND,Himachal Pradesh,HP,state,2021,Electricity generation,Fuel,Other Fossil,%,0.0
India,IND,Himachal Pradesh,HP,state,2021,Electricity generation,Fuel,Other Renewables,%,0.0
India,IND,Himachal Pradesh,HP,state,2021,Electricity generation,Fuel,Solar,%,0.11
India,IND,Himachal Pradesh,HP,state,2021,Electricity generation,Fuel,Wind,%,0.0
India,IND,Himachal Pradesh,HP,state,2021,Electricity generation,Fuel,Bioenergy,GWh,0.0
India,IND,Himachal Pradesh,HP,state,2021,Electricity generation,Fuel,Coal,GWh,0.0
India,IND,Himachal Pradesh,HP,state,2021,Electricity generation,Fuel,Gas,GWh,0.0
India,IND,Himachal Pradesh,HP,state,2021,Electricity generation,Fuel,Hydro,GWh,37677.18
India,IND,Himachal Pradesh,HP,state,2021,Electricity generation,Fuel,Nuclear,GWh,0.0
India,IND,Himachal Pradesh,HP,state,2021,Electricity generation,Fuel,Other Fossil,GWh,0.0
India,IND,Himachal Pradesh,HP,state,2021,Electricity generation,Fuel,Other Renewables,GWh,0.0
India,IND,Himachal Pradesh,HP,state,2021,Electricity generation,Fuel,Solar,GWh,42.54
India,IND,Himachal Pradesh,HP,state,2021,Electricity generation,Fuel,Wind,GWh,0.0
India,IND,Himachal Pradesh,HP,state,2021,Electricity generation,Total,Total Generation,GWh,37719.72
India,IND,Himachal Pradesh,HP,state,2021,Power sector emissions,CO2 intensity,CO2 intensity,gCO2/kWh,24.03
India,IND,Himachal Pradesh,HP,state,2021,Power sector emissions,Fuel,Bioenergy,%,0.0
India,IND,Himachal Pradesh,HP,state,2021,Power sector emissions,Fuel,Coal,%,0.0
India,IND,Himachal Pradesh,HP,state,2021,Power sector emissions,Fuel,Gas,%,0.0
India,IND,Himachal Pradesh,HP,state,2021,Power sector emissions,Fuel,Hydro,%,904.25
India,IND,Himachal Pradesh,HP,state,2021,Power sector emissions,Fuel,Nuclear,%,0.0
India,IND,Himachal Pradesh,HP,state,2021,Power sector emissions,Fuel,Other Fossil,%,0.0
India,IND,Himachal Pradesh,HP,state,2021,Power sector emissions,Fuel,Other Renewables,%,0.0
India,IND,Himachal Pradesh,HP,state,2021,Power sector emissions,Fuel,Solar,%,2.04
India,IND,Himachal Pradesh,HP,state,2021,Power sector emissions,Fuel,Wind,%,0.0
India,IND,Himachal Pradesh,HP,state,2021,Power sector emissions,Fuel,Bioenergy,ktCO2,0.0
India,IND,Himachal Pradesh,HP,state,2021,Power sector emissions,Fuel,Coal,ktCO2,0.0
India,IND,Himachal Pradesh,HP,state,2021,Power sector emissions,Fuel,Gas,ktCO2,0.0
India,IND,Himachal Pradesh,HP,state,2021,Power sector emissions,Fuel,Hydro,ktCO2,904.25
India,IND,Himachal Pradesh,HP,state,2021,Power sector emissions,Fuel,Nuclear,ktCO2,0.0
India,IND,Himachal Pradesh,HP,state,2021,Power sector emissions,Fuel,Other Fossil,ktCO2,0.0
India,IND,Himachal Pradesh,HP,state,2021,Power sector emissions,Fuel,Other Renewables,ktCO2,0.0
India,IND,Himachal Pradesh,HP,state,2021,Power sector emissions,Fuel,Solar,ktCO2,2.04
India,IND,Himachal Pradesh,HP,state,2021,Power sector emissions,Fuel,Wind,ktCO2,0.0
India,IND,Himachal Pradesh,HP,state,2021,Power sector emissions,Total,Total emissions,ktCO2,906.29
India,IND,Himachal Pradesh,HP,state,2022,Capacity,Fuel,Bioenergy,MW,10.2
India,IND,Himachal Pradesh,HP,state,2022,Capacity,Fuel,Coal,MW,0.0
India,IND,Himachal Pradesh,HP,state,2022,Capacity,Fuel,Gas,MW,0.0
India,IND,Himachal Pradesh,HP,state,2022,Capacity,Fuel,Hydro,MW,11223.73
India,IND,Himachal Pradesh,HP,state,2022,Capacity,Fuel,Nuclear,MW,0.0
India,IND,Himachal Pradesh,HP,state,2022,Capacity,Fuel,Other Fossil,MW,0.0
India,IND,Himachal Pradesh,HP,state,2022,Capacity,Fuel,Other Renewables,MW,
India,IND,Himachal Pradesh,HP,state,2022,Capacity,Fuel,Solar,MW,87.39
India,IND,Himachal Pradesh,HP,state,2022,Capacity,Fuel,Wind,MW,0.0
India,IND,Himachal Pradesh,HP,state,2022,Electricity generation,Fuel,Bioenergy,%,0.0
India,IND,Himachal Pradesh,HP,state,2022,Electricity generation,Fuel,Coal,%,0.0
India,IND,Himachal Pradesh,HP,state,2022,Electricity generation,Fuel,Gas,%,0.0
India,IND,Himachal Pradesh,HP,state,2022,Electricity generation,Fuel,Hydro,%,99.86
India,IND,Himachal Pradesh,HP,state,2022,Electricity generation,Fuel,Nuclear,%,0.0
India,IND,Himachal Pradesh,HP,state,2022,Electricity generation,Fuel,Other Fossil,%,0.0
India,IND,Himachal Pradesh,HP,state,2022,Electricity generation,Fuel,Other Renewables,%,0.0
India,IND,Himachal Pradesh,HP,state,2022,Electricity generation,Fuel,Solar,%,0.14
India,IND,Himachal Pradesh,HP,state,2022,Electricity generation,Fuel,Wind,%,0.0
India,IND,Himachal Pradesh,HP,state,2022,Electricity generation,Fuel,Bioenergy,GWh,0.0
India,IND,Himachal Pradesh,HP,state,2022,Electricity generation,Fuel,Coal,GWh,0.0
India,IND,Himachal Pradesh,HP,state,2022,Electricity generation,Fuel,Gas,GWh,0.0
India,IND,Himachal Pradesh,HP,state,2022,Electricity generation,Fuel,Hydro,GWh,41619.44
India,IND,Himachal Pradesh,HP,state,2022,Electricity generation,Fuel,Nuclear,GWh,0.0
India,IND,Himachal Pradesh,HP,state,2022,Electricity generation,Fuel,Other Fossil,GWh,0.0
India,IND,Himachal Pradesh,HP,state,2022,Electricity generation,Fuel,Other Renewables,GWh,0.0
India,IND,Himachal Pradesh,HP,state,2022,Electricity generation,Fuel,Solar,GWh,57.1
India,IND,Himachal Pradesh,HP,state,2022,Electricity generation,Fuel,Wind,GWh,0.0
India,IND,Himachal Pradesh,HP,state,2022,Electricity generation,Total,Total Generation,GWh,41676.54
India,IND,Himachal Pradesh,HP,state,2022,Power sector emissions,CO2 intensity,CO2 intensity,gCO2/kWh,24.03
India,IND,Himachal Pradesh,HP,state,2022,Power sector emissions,Fuel,Bioenergy,%,0.0
India,IND,Himachal Pradesh,HP,state,2022,Power sector emissions,Fuel,Coal,%,0.0
India,IND,Himachal Pradesh,HP,state,2022,Power sector emissions,Fuel,Gas,%,0.0
India,IND,Himachal Pradesh,HP,state,2022,Power sector emissions,Fuel,Hydro,%,998.87
India,IND,Himachal Pradesh,HP,state,2022,Power sector emissions,Fuel,Nuclear,%,0.0
India,IND,Himachal Pradesh,HP,state,2022,Power sector emissions,Fuel,Other Fossil,%,0.0
India,IND,Himachal Pradesh,HP,state,2022,Power sector emissions,Fuel,Other Renewables,%,0.0
India,IND,Himachal Pradesh,HP,state,2022,Power sector emissions,Fuel,Solar,%,2.74
India,IND,Himachal Pradesh,HP,state,2022,Power sector emissions,Fuel,Wind,%,0.0
India,IND,Himachal Pradesh,HP,state,2022,Power sector emissions,Fuel,Bioenergy,ktCO2,0.0
India,IND,Himachal Pradesh,HP,state,2022,Power sector emissions,Fuel,Coal,ktCO2,0.0
India,IND,Himachal Pradesh,HP,state,2022,Power sector emissions,Fuel,Gas,ktCO2,0.0
India,IND,Himachal Pradesh,HP,state,2022,Power sector emissions,Fuel,Hydro,ktCO2,998.87
India,IND,Himachal Pradesh,HP,state,2022,Power sector emissions,Fuel,Nuclear,ktCO2,0.0
India,IND,Himachal Pradesh,HP,state,2022,Power sector emissions,Fuel,Other Fossil,ktCO2,0.0
India,IND,Himachal Pradesh,HP,state,2022,Power sector emissions,Fuel,Other Renewables,ktCO2,0.0
India,IND,Himachal Pradesh,HP,state,2022,Power sector emissions,Fuel,Solar,ktCO2,2.74
India,IND,Himachal Pradesh,HP,state,2022,Power sector emissions,Fuel,Wind,ktCO2,0.0
India,IND,Himachal Pradesh,HP,state,2022,Power sector emissions,Total,Total emissions,ktCO2,1001.61
India,IND,Himachal Pradesh,HP,state,2023,Capacity,Fuel,Bioenergy,MW,10.2
India,IND,Himachal Pradesh,HP,state,2023,Capacity,Fuel,Coal,MW,0.0
India,IND,Himachal Pradesh,HP,state,2023,Capacity,Fuel,Gas,MW,0.0
India,IND,Himachal Pradesh,HP,state,2023,Capacity,Fuel,Hydro,MW,11232.73
India,IND,Himachal Pradesh,HP,state,2023,Capacity,Fuel,Nuclear,MW,0.0
India,IND,Himachal Pradesh,HP,state,2023,Capacity,Fuel,Other Fossil,MW,0.0
India,IND,Himachal Pradesh,HP,state,2023,Capacity,Fuel,Other Renewables,MW,
India,IND,Himachal Pradesh,HP,state,2023,Capacity,Fuel,Solar,MW,111.55
India,IND,Himachal Pradesh,HP,state,2023,Capacity,Fuel,Wind,MW,0.0
India,IND,Himachal Pradesh,HP,state,2023,Electricity generation,Fuel,Bioenergy,%,0.0
India,IND,Himachal Pradesh,HP,state,2023,Electricity generation,Fuel,Coal,%,0.0
India,IND,Himachal Pradesh,HP,state,2023,Electricity generation,Fuel,Gas,%,0.0
India,IND,Himachal Pradesh,HP,state,2023,Electricity generation,Fuel,Hydro,%,99.85
India,IND,Himachal Pradesh,HP,state,2023,Electricity generation,Fuel,Nuclear,%,0.0
India,IND,Himachal Pradesh,HP,state,2023,Electricity generation,Fuel,Other Fossil,%,0.0
India,IND,Himachal Pradesh,HP,state,2023,Electricity generation,Fuel,Other Renewables,%,0.0
India,IND,Himachal Pradesh,HP,state,2023,Electricity generation,Fuel,Solar,%,0.15
India,IND,Himachal Pradesh,HP,state,2023,Electricity generation,Fuel,Wind,%,0.0
India,IND,Himachal Pradesh,HP,state,2023,Electricity generation,Fuel,Bioenergy,GWh,0.0
India,IND,Himachal Pradesh,HP,state,2023,Electricity generation,Fuel,Coal,GWh,0.0
India,IND,Himachal Pradesh,HP,state,2023,Electricity generation,Fuel,Gas,GWh,0.0
India,IND,Himachal Pradesh,HP,state,2023,Electricity generation,Fuel,Hydro,GWh,39058.0
India,IND,Himachal Pradesh,HP,state,2023,Electricity generation,Fuel,Nuclear,GWh,0.0
India,IND,Himachal Pradesh,HP,state,2023,Electricity generation,Fuel,Other Fossil,GWh,0.0
India,IND,Himachal Pradesh,HP,state,2023,Electricity generation,Fuel,Other Renewables,GWh,0.0
India,IND,Himachal Pradesh,HP,state,2023,Electricity generation,Fuel,Solar,GWh,57.11
India,IND,Himachal Pradesh,HP,state,2023,Electricity generation,Fuel,Wind,GWh,0.0
India,IND,Himachal Pradesh,HP,state,2023,Electricity generation,Total,Total Generation,GWh,39115.11
India,IND,Himachal Pradesh,HP,state,2023,Power sector emissions,CO2 intensity,CO2 intensity,gCO2/kWh,24.04
India,IND,Himachal Pradesh,HP,state,2023,Power sector emissions,Fuel,Bioenergy,%,0.0
India,IND,Himachal Pradesh,HP,state,2023,Power sector emissions,Fuel,Coal,%,0.0
India,IND,Himachal Pradesh,HP,state,2023,Power sector emissions,Fuel,Gas,%,0.0
India,IND,Himachal Pradesh,HP,state,2023,Power sector emissions,Fuel,Hydro,%,937.39
India,IND,Himachal Pradesh,HP,state,2023,Power sector emissions,Fuel,Nuclear,%,0.0
India,IND,Himachal Pradesh,HP,state,2023,Power sector emissions,Fuel,Other Fossil,%,0.0
India,IND,Himachal Pradesh,HP,state,2023,Power sector emissions,Fuel,Other Renewables,%,0.0
India,IND,Himachal Pradesh,HP,state,2023,Power sector emissions,Fuel,Solar,%,2.74
India,IND,Himachal Pradesh,HP,state,2023,Power sector emissions,Fuel,Wind,%,0.0
India,IND,Himachal Pradesh,HP,state,2023,Power sector emissions,Fuel,Bioenergy,ktCO2,0.0
India,IND,Himachal Pradesh,HP,state,2023,Power sector emissions,Fuel,Coal,ktCO2,0.0
India,IND,Himachal Pradesh,HP,state,2023,Power sector emissions,Fuel,Gas,ktCO2,0.0
India,IND,Himachal Pradesh,HP,state,2023,Power sector emissions,Fuel,Hydro,ktCO2,937.39
India,IND,Himachal Pradesh,HP,state,2023,Power sector emissions,Fuel,Nuclear,ktCO2,0.0
India,IND,Himachal Pradesh,HP,state,2023,Power sector emissions,Fuel,Other Fossil,ktCO2,0.0
India,IND,Himachal Pradesh,HP,state,2023,Power sector emissions,Fuel,Other Renewables,ktCO2,0.0
India,IND,Himachal Pradesh,HP,state,2023,Power sector emissions,Fuel,Solar,ktCO2,2.74
India,IND,Himachal Pradesh,HP,state,2023,Power sector emissions,Fuel,Wind,ktCO2,0.0
India,IND,Himachal Pradesh,HP,state,2023,Power sector emissions,Total,Total emissions,ktCO2,940.13
India,IND,Himachal Pradesh,HP,state,2024,Capacity,Fuel,Bioenergy,MW,10.2
India,IND,Himachal Pradesh,HP,state,2024,Capacity,Fuel,Coal,MW,0.0
India,IND,Himachal Pradesh,HP,state,2024,Capacity,Fuel,Gas,MW,0.0
India,IND,Himachal Pradesh,HP,state,2024,Capacity,Fuel,Hydro,MW,11281.73
India,IND,Himachal Pradesh,HP,state,2024,Capacity,Fuel,Nuclear,MW,0.0
India,IND,Himachal Pradesh,HP,state,2024,Capacity,Fuel,Other Fossil,MW,0.0
India,IND,Himachal Pradesh,HP,state,2024,Capacity,Fuel,Other Renewables,MW,
India,IND,Himachal Pradesh,HP,state,2024,Capacity,Fuel,Solar,MW,162.51
India,IND,Himachal Pradesh,HP,state,2024,Capacity,Fuel,Wind,MW,0.0
India,IND,Himachal Pradesh,HP,state,2024,Electricity generation,Fuel,Bioenergy,%,0.0
India,IND,Himachal Pradesh,HP,state,2024,Electricity generation,Fuel,Coal,%,0.0
India,IND,Himachal Pradesh,HP,state,2024,Electricity generation,Fuel,Gas,%,0.0
India,IND,Himachal Pradesh,HP,state,2024,Electricity generation,Fuel,Hydro,%,99.8
India,IND,Himachal Pradesh,HP,state,2024,Electricity generation,Fuel,Nuclear,%,0.0
India,IND,Himachal Pradesh,HP,state,2024,Electricity generation,Fuel,Other Fossil,%,0.0
India,IND,Himachal Pradesh,HP,state,2024,Electricity generation,Fuel,Other Renewables,%,0.0
India,IND,Himachal Pradesh,HP,state,2024,Electricity generation,Fuel,Solar,%,0.2
India,IND,Himachal Pradesh,HP,state,2024,Electricity generation,Fuel,Wind,%,0.0
India,IND,Himachal Pradesh,HP,state,2024,Electricity generation,Fuel,Bioenergy,GWh,0.0
India,IND,Himachal Pradesh,HP,state,2024,Electricity generation,Fuel,Coal,GWh,0.0
India,IND,Himachal Pradesh,HP,state,2024,Electricity generation,Fuel,Gas,GWh,0.0
India,IND,Himachal Pradesh,HP,state,2024,Electricity generation,Fuel,Hydro,GWh,42757.63
India,IND,Himachal Pradesh,HP,state,2024,Electricity generation,Fuel,Nuclear,GWh,0.0
India,IND,Himachal Pradesh,HP,state,2024,Electricity generation,Fuel,Other Fossil,GWh,0.0
India,IND,Himachal Pradesh,HP,state,2024,Electricity generation,Fuel,Other Renewables,GWh,0.0
India,IND,Himachal Pradesh,HP,state,2024,Electricity generation,Fuel,Solar,GWh,84.14
India,IND,Himachal Pradesh,HP,state,2024,Electricity generation,Fuel,Wind,GWh,0.0
India,IND,Himachal Pradesh,HP,state,2024,Electricity generation,Total,Total Generation,GWh,42841.77
India,IND,Himachal Pradesh,HP,state,2024,Power sector emissions,CO2 intensity,CO2 intensity,gCO2/kWh,24.05
India,IND,Himachal Pradesh,HP,state,2024,Power sector emissions,Fuel,Bioenergy,%,0.0
India,IND,Himachal Pradesh,HP,state,2024,Power sector emissions,Fuel,Coal,%,0.0
India,IND,Himachal Pradesh,HP,state,2024,Power sector emissions,Fuel,Gas,%,0.0
India,IND,Himachal Pradesh,HP,state,2024,Power sector emissions,Fuel,Hydro,%,1026.18
India,IND,Himachal Pradesh,HP,state,2024,Power sector emissions,Fuel,Nuclear,%,0.0
India,IND,Himachal Pradesh,HP,state,2024,Power sector emissions,Fuel,Other Fossil,%,0.0
India,IND,Himachal Pradesh,HP,state,2024,Power sector emissions,Fuel,Other Renewables,%,0.0
India,IND,Himachal Pradesh,HP,state,2024,Power sector emissions,Fuel,Solar,%,4.04
India,IND,Himachal Pradesh,HP,state,2024,Power sector emissions,Fuel,Wind,%,0.0
India,IND,Himachal Pradesh,HP,state,2024,Power sector emissions,Fuel,Bioenergy,ktCO2,0.0
India,IND,Himachal Pradesh,HP,state,2024,Power sector emissions,Fuel,Coal,ktCO2,0.0
India,IND,Himachal Pradesh,HP,state,2024,Power sector emissions,Fuel,Gas,ktCO2,0.0
India,IND,Himachal Pradesh,HP,state,2024,Power sector emissions,Fuel,Hydro,ktCO2,1026.18
India,IND,Himachal Pradesh,HP,state,2024,Power sector emissions,Fuel,Nuclear,ktCO2,0.0
India,IND,Himachal Pradesh,HP,state,2024,Power sector emissions,Fuel,Other Fossil,ktCO2,0.0
India,IND,Himachal Pradesh,HP,state,2024,Power sector emissions,Fuel,Other Renewables,ktCO2,0.0
India,IND,Himachal Pradesh,HP,state,2024,Power sector emissions,Fuel,Solar,ktCO2,4.04
India,IND,Himachal Pradesh,HP,state,2024,Power sector emissions,Fuel,Wind,ktCO2,0.0
India,IND,Himachal Pradesh,HP,state,2024,Power sector emissions,Total,Total emissions,ktCO2,1030.22
India,IND,India Total,IN,total,2019,Capacity,Fuel,Bioenergy,MW,10003.45
India,IND,India Total,IN,total,2019,Capacity,Fuel,Coal,MW,205114.58
India,IND,India Total,IN,total,2019,Capacity,Fuel,Gas,MW,24900.86
India,IND,India Total,IN,total,2019,Capacity,Fuel,Hydro,MW,50070.77
India,IND,India Total,IN,total,2019,Capacity,Fuel,Nuclear,MW,6780.0
India,IND,India Total,IN,total,2019,Capacity,Fuel,Other Fossil,MW,637.63
India,IND,India Total,IN,total,2019,Capacity,Fuel,Other Renewables,MW,0.0
India,IND,India Total,IN,total,2019,Capacity,Fuel,Solar,MW,33775.57
India,IND,India Total,IN,total,2019,Capacity,Fuel,Wind,MW,37505.18
India,IND,India Total,IN,total,2019,Electricity generation,Fuel,Bioenergy,%,1.07
India,IND,India Total,IN,total,2019,Electricity generation,Fuel,Coal,%,72.46
India,IND,India Total,IN,total,2019,Electricity generation,Fuel,Gas,%,3.48
India,IND,India Total,IN,total,2019,Electricity generation,Fuel,Hydro,%,11.73
India,IND,India Total,IN,total,2019,Electricity generation,Fuel,Nuclear,%,3.28
India,IND,India Total,IN,total,2019,Electricity generation,Fuel,Other Fossil,%,0.01
India,IND,India Total,IN,total,2019,Electricity generation,Fuel,Other Renewables,%,0.03
India,IND,India Total,IN,total,2019,Electricity generation,Fuel,Solar,%,3.36
India,IND,India Total,IN,total,2019,Electricity generation,Fuel,Wind,%,4.59
India,IND,India Total,IN,total,2019,Electricity generation,Fuel,Bioenergy,GWh,14746.76
India,IND,India Total,IN,total,2019,Electricity generation,Fuel,Coal,GWh,998835.25
India,IND,India Total,IN,total,2019,Electricity generation,Fuel,Gas,GWh,47980.39
India,IND,India Total,IN,total,2019,Electricity generation,Fuel,Hydro,GWh,161716.14
India,IND,India Total,IN,total,2019,Electricity generation,Fuel,Nuclear,GWh,45162.88
India,IND,India Total,IN,total,2019,Electricity generation,Fuel,Other Fossil,GWh,103.5
India,IND,India Total,IN,total,2019,Electricity generation,Fuel,Other Renewables,GWh,382.98
India,IND,India Total,IN,total,2019,Electricity generation,Fuel,Solar,GWh,46267.66
India,IND,India Total,IN,total,2019,Electricity generation,Fuel,Wind,GWh,63314.28
India,IND,India Total,IN,total,2019,Electricity generation,Total,Total Generation,GWh,1378509.84
India,IND,India Total,IN,total,2019,Power sector emissions,CO2 intensity,CO2 intensity,gCO2/kWh,619.06
India,IND,India Total,IN,total,2019,Power sector emissions,Fuel,Bioenergy,%,3391.75
India,IND,India Total,IN,total,2019,Power sector emissions,Fuel,Coal,%,819044.94
India,IND,India Total,IN,total,2019,Power sector emissions,Fuel,Gas,%,23510.39
India,IND,India Total,IN,total,2019,Power sector emissions,Fuel,Hydro,%,3881.19
India,IND,India Total,IN,total,2019,Power sector emissions,Fuel,Nuclear,%,541.95
India,IND,India Total,IN,total,2019,Power sector emissions,Fuel,Other Fossil,%,72.45
India,IND,India Total,IN,total,2019,Power sector emissions,Fuel,Other Renewables,%,14.55
India,IND,India Total,IN,total,2019,Power sector emissions,Fuel,Solar,%,2220.85
India,IND,India Total,IN,total,2019,Power sector emissions,Fuel,Wind,%,696.46
India,IND,India Total,IN,total,2019,Power sector emissions,Fuel,Bioenergy,ktCO2,3391.75
India,IND,India Total,IN,total,2019,Power sector emissions,Fuel,Coal,ktCO2,819044.94
India,IND,India Total,IN,total,2019,Power sector emissions,Fuel,Gas,ktCO2,23510.39
India,IND,India Total,IN,total,2019,Power sector emissions,Fuel,Hydro,ktCO2,3881.19
India,IND,India Total,IN,total,2019,Power sector emissions,Fuel,Nuclear,ktCO2,541.95
India,IND,India Total,IN,total,2019,Power sector emissions,Fuel,Other Fossil,ktCO2,72.45
India,IND,India Total,IN,total,2019,Power sector emissions,Fuel,Other Renewables,ktCO2,14.55
India,IND,India Total,IN,total,2019,Power sector emissions,Fuel,Solar,ktCO2,2220.85
India,IND,India Total,IN,total,2019,Power sector emissions,Fuel,Wind,ktCO2,696.46
India,IND,India Total,IN,total,2019,Power sector emissions,Total,Total emissions,ktCO2,853374.5
India,IND,India Total,IN,total,2020,Capacity,Fuel,Bioenergy,MW,10314.56
India,IND,India Total,IN,total,2020,Capacity,Fuel,Coal,MW,206112.5
India,IND,India Total,IN,total,2020,Capacity,Fuel,Gas,MW,24902.01
India,IND,India Total,IN,total,2020,Capacity,Fuel,Hydro,MW,50548.68
India,IND,India Total,IN,total,2020,Capacity,Fuel,Nuclear,MW,6780.0
India,IND,India Total,IN,total,2020,Capacity,Fuel,Other Fossil,MW,509.71
India,IND,India Total,IN,total,2020,Capacity,Fuel,Other Renewables,MW,0.0
India,IND,India Total,IN,total,2020,Capacity,Fuel,Solar,MW,37509.65
India,IND,India Total,IN,total,2020,Capacity,Fuel,Wind,MW,38624.15
India,IND,India Total,IN,total,2020,Electricity generation,Fuel,Bioenergy,%,1.08
India,IND,India Total,IN,total,2020,Electricity generation,Fuel,Coal,%,70.57
India,IND,India Total,IN,total,2020,Electricity generation,Fuel,Gas,%,3.89
India,IND,India Total,IN,total,2020,Electricity generation,Fuel,Hydro,%,12.17
India,IND,India Total,IN,total,2020,Electricity generation,Fuel,Nuclear,%,3.32
India,IND,India Total,IN,total,2020,Electricity generation,Fuel,Other Fossil,%,0.01
India,IND,India Total,IN,total,2020,Electricity generation,Fuel,Other Renewables,%,0.09
India,IND,India Total,IN,total,2020,Electricity generation,Fuel,Solar,%,4.37
India,IND,India Total,IN,total,2020,Electricity generation,Fuel,Wind,%,4.5
India,IND,India Total,IN,total,2020,Electricity generation,Fuel,Bioenergy,GWh,14495.97
India,IND,India Total,IN,total,2020,Electricity generation,Fuel,Coal,GWh,947534.06
India,IND,India Total,IN,total,2020,Electricity generation,Fuel,Gas,GWh,52170.75
India,IND,India Total,IN,total,2020,Electricity generation,Fuel,Hydro,GWh,163364.8
India,IND,India Total,IN,total,2020,Electricity generation,Fuel,Nuclear,GWh,44613.11
India,IND,India Total,IN,total,2020,Electricity generation,Fuel,Other Fossil,GWh,128.55
India,IND,India Total,IN,total,2020,Electricity generation,Fuel,Other Renewables,GWh,1210.94
India,IND,India Total,IN,total,2020,Electricity generation,Fuel,Solar,GWh,58683.51
India,IND,India Total,IN,total,2020,Electricity generation,Fuel,Wind,GWh,60427.42
India,IND,India Total,IN,total,2020,Electricity generation,Total,Total Generation,GWh,1342629.11
India,IND,India Total,IN,total,2020,Power sector emissions,CO2 intensity,CO2 intensity,gCO2/kWh,606.24
India,IND,India Total,IN,total,2020,Power sector emissions,Fuel,Bioenergy,%,3334.07
India,IND,India Total,IN,total,2020,Power sector emissions,Fuel,Coal,%,776977.94
India,IND,India Total,IN,total,2020,Power sector emissions,Fuel,Gas,%,25563.67
India,IND,India Total,IN,total,2020,Power sector emissions,Fuel,Hydro,%,3920.76
India,IND,India Total,IN,total,2020,Power sector emissions,Fuel,Nuclear,%,535.36
India,IND,India Total,IN,total,2020,Power sector emissions,Fuel,Other Fossil,%,89.99
India,IND,India Total,IN,total,2020,Power sector emissions,Fuel,Other Renewables,%,46.02
India,IND,India Total,IN,total,2020,Power sector emissions,Fuel,Solar,%,2816.81
India,IND,India Total,IN,total,2020,Power sector emissions,Fuel,Wind,%,664.7
India,IND,India Total,IN,total,2020,Power sector emissions,Fuel,Bioenergy,ktCO2,3334.07
India,IND,India Total,IN,total,2020,Power sector emissions,Fuel,Coal,ktCO2,776977.94
India,IND,India Total,IN,total,2020,Power sector emissions,Fuel,Gas,ktCO2,25563.67
India,IND,India Total,IN,total,2020,Power sector emissions,Fuel,Hydro,ktCO2,3920.76
India,IND,India Total,IN,total,2020,Power sector emissions,Fuel,Nuclear,ktCO2,535.36
India,IND,India Total,IN,total,2020,Power sector emissions,Fuel,Other Fossil,ktCO2,89.99
India,IND,India Total,IN,total,2020,Power sector emissions,Fuel,Other Renewables,ktCO2,46.02
India,IND,India Total,IN,total,2020,Power sector emissions,Fuel,Solar,ktCO2,2816.81
India,IND,India Total,IN,total,2020,Power sector emissions,Fuel,Wind,ktCO2,664.7
India,IND,India Total,IN,total,2020,Power sector emissions,Total,Total emissions,ktCO2,813949.31
India,IND,India Total,IN,total,2021,Capacity,Fuel,Bioenergy,MW,10609.72
India,IND,India Total,IN,total,2021,Capacity,Fuel,Coal,MW,209809.5
India,IND,India Total,IN,total,2021,Capacity,Fuel,Gas,MW,24869.51
India,IND,India Total,IN,total,2021,Capacity,Fuel,Hydro,MW,51347.84
India,IND,India Total,IN,total,2021,Capacity,Fuel,Nuclear,MW,6780.0
India,IND,India Total,IN,total,2021,Capacity,Fuel,Other Fossil,MW,509.71
India,IND,India Total,IN,total,2021,Capacity,Fuel,Other Renewables,MW,0.0
India,IND,India Total,IN,total,2021,Capacity,Fuel,Solar,MW,49430.11
India,IND,India Total,IN,total,2021,Capacity,Fuel,Wind,MW,40067.27
India,IND,India Total,IN,total,2021,Electricity generation,Fuel,Bioenergy,%,1.04
India,IND,India Total,IN,total,2021,Electricity generation,Fuel,Coal,%,72.98
India,IND,India Total,IN,total,2021,Electricity generation,Fuel,Gas,%,2.68
India,IND,India Total,IN,total,2021,Electricity generation,Fuel,Hydro,%,10.88
India,IND,India Total,IN,total,2021,Electricity generation,Fuel,Nuclear,%,2.99
India,IND,India Total,IN,total,2021,Electricity generation,Fuel,Other Fossil,%,0.01
India,IND,India Total,IN,total,2021,Electricity generation,Fuel,Other Renewables,%,0.15
India,IND,India Total,IN,total,2021,Electricity generation,Fuel,Solar,%,4.65
India,IND,India Total,IN,total,2021,Electricity generation,Fuel,Wind,%,4.63
India,IND,India Total,IN,total,2021,Electricity generation,Fuel,Bioenergy,GWh,15331.8
India,IND,India Total,IN,total,2021,Electricity generation,Fuel,Coal,GWh,1072844.75
India,IND,India Total,IN,total,2021,Electricity generation,Fuel,Gas,GWh,39379.9
India,IND,India Total,IN,total,2021,Electricity generation,Fuel,Hydro,GWh,159985.34
India,IND,India Total,IN,total,2021,Electricity generation,Fuel,Nuclear,GWh,43917.93
India,IND,India Total,IN,total,2021,Electricity generation,Fuel,Other Fossil,GWh,100.93
India,IND,India Total,IN,total,2021,Electricity generation,Fuel,Other Renewables,GWh,2160.78
India,IND,India Total,IN,total,2021,Electricity generation,Fuel,Solar,GWh,68305.89
India,IND,India Total,IN,total,2021,Electricity generation,Fuel,Wind,GWh,68094.26
India,IND,India Total,IN,total,2021,Electricity generation,Total,Total Generation,GWh,1470121.58
India,IND,India Total,IN,total,2021,Power sector emissions,CO2 intensity,CO2 intensity,gCO2/kWh,619.75
India,IND,India Total,IN,total,2021,Power sector emissions,Fuel,Bioenergy,%,3526.31
India,IND,India Total,IN,total,2021,Power sector emissions,Fuel,Coal,%,879732.69
India,IND,India Total,IN,total,2021,Power sector emissions,Fuel,Gas,%,19296.15
India,IND,India Total,IN,total,2021,Power sector emissions,Fuel,Hydro,%,3839.65
India,IND,India Total,IN,total,2021,Power sector emissions,Fuel,Nuclear,%,527.02
India,IND,India Total,IN,total,2021,Power sector emissions,Fuel,Other Fossil,%,70.65
India,IND,India Total,IN,total,2021,Power sector emissions,Fuel,Other Renewables,%,82.11
India,IND,India Total,IN,total,2021,Power sector emissions,Fuel,Solar,%,3278.68
India,IND,India Total,IN,total,2021,Power sector emissions,Fuel,Wind,%,749.04
India,IND,India Total,IN,total,2021,Power sector emissions,Fuel,Bioenergy,ktCO2,3526.31
India,IND,India Total,IN,total,2021,Power sector emissions,Fuel,Coal,ktCO2,879732.69
India,IND,India Total,IN,total,2021,Power sector emissions,Fuel,Gas,ktCO2,19296.15
India,IND,India Total,IN,total,2021,Power sector emissions,Fuel,Hydro,ktCO2,3839.65
India,IND,India Total,IN,total,2021,Power sector emissions,Fuel,Nuclear,ktCO2,527.02
India,IND,India Total,IN,total,2021,Power sector emissions,Fuel,Other Fossil,ktCO2,70.65
India,IND,India Total,IN,total,2021,Power sector emissions,Fuel,Other Renewables,ktCO2,82.11
India,IND,India Total,IN,total,2021,Power sector emissions,Fuel,Solar,ktCO2,3278.68
India,IND,India Total,IN,total,2021,Power sector emissions,Fuel,Wind,ktCO2,749.04
India,IND,India Total,IN,total,2021,Power sector emissions,Total,Total emissions,ktCO2,911102.31
India,IND,India Total,IN,total,2022,Capacity,Fuel,Bioenergy,MW,10725.84
India,IND,India Total,IN,total,2022,Capacity,Fuel,Coal,MW,210632.33
India,IND,India Total,IN,total,2022,Capacity,Fuel,Gas,MW,24814.21
India,IND,India Total,IN,total,2022,Capacity,Fuel,Hydro,MW,51738.82
India,IND,India Total,IN,total,2022,Capacity,Fuel,Nuclear,MW,6780.0
India,IND,India Total,IN,total,2022,Capacity,Fuel,Other Fossil,MW,562.37
India,IND,India Total,IN,total,2022,Capacity,Fuel,Other Renewables,MW,
India,IND,India Total,IN,total,2022,Capacity,Fuel,Solar,MW,63302.57
India,IND,India Total,IN,total,2022,Capacity,Fuel,Wind,MW,41895.28
India,IND,India Total,IN,total,2022,Electricity generation,Fuel,Bioenergy,%,1.03
India,IND,India Total,IN,total,2022,Electricity generation,Fuel,Coal,%,73.03
India,IND,India Total,IN,total,2022,Electricity generation,Fuel,Gas,%,1.58
India,IND,India Total,IN,total,2022,Electricity generation,Fuel,Hydro,%,10.94
India,IND,India Total,IN,total,2022,Electricity generation,Fuel,Nuclear,%,2.9
India,IND,India Total,IN,total,2022,Electricity generation,Fuel,Other Fossil,%,0.01
India,IND,India Total,IN,total,2022,Electricity generation,Fuel,Other Renewables,%,0.16
India,IND,India Total,IN,total,2022,Electricity generation,Fuel,Solar,%,5.97
India,IND,India Total,IN,total,2022,Electricity generation,Fuel,Wind,%,4.39
India,IND,India Total,IN,total,2022,Electricity generation,Fuel,Bioenergy,GWh,16349.01
India,IND,India Total,IN,total,2022,Electricity generation,Fuel,Coal,GWh,1164741.5
India,IND,India Total,IN,total,2022,Electricity generation,Fuel,Gas,GWh,25155.85
India,IND,India Total,IN,total,2022,Electricity generation,Fuel,Hydro,GWh,174506.78
India,IND,India Total,IN,total,2022,Electricity generation,Fuel,Nuclear,GWh,46194.68
India,IND,India Total,IN,total,2022,Electricity generation,Fuel,Other Fossil,GWh,177.29
India,IND,India Total,IN,total,2022,Electricity generation,Fuel,Other Renewables,GWh,2503.62
India,IND,India Total,IN,total,2022,Electricity generation,Fuel,Solar,GWh,95160.3
India,IND,India Total,IN,total,2022,Electricity generation,Fuel,Wind,GWh,70045.16
India,IND,India Total,IN,total,2022,Electricity generation,Total,Total Generation,GWh,1594834.19
India,IND,India Total,IN,total,2022,Power sector emissions,CO2 intensity,CO2 intensity,gCO2/kWh,615.41
India,IND,India Total,IN,total,2022,Power sector emissions,Fuel,Bioenergy,%,3760.27
India,IND,India Total,IN,total,2022,Power sector emissions,Fuel,Coal,%,955088.0
India,IND,India Total,IN,total,2022,Power sector emissions,Fuel,Gas,%,12326.37
India,IND,India Total,IN,total,2022,Power sector emissions,Fuel,Hydro,%,4188.16
India,IND,India Total,IN,total,2022,Power sector emissions,Fuel,Nuclear,%,554.34
India,IND,India Total,IN,total,2022,Power sector emissions,Fuel,Other Fossil,%,124.1
India,IND,India Total,IN,total,2022,Power sector emissions,Fuel,Other Renewables,%,95.14
India,IND,India Total,IN,total,2022,Power sector emissions,Fuel,Solar,%,4567.69
India,IND,India Total,IN,total,2022,Power sector emissions,Fuel,Wind,%,770.5
India,IND,India Total,IN,total,2022,Power sector emissions,Fuel,Bioenergy,ktCO2,3760.27
India,IND,India Total,IN,total,2022,Power sector emissions,Fuel,Coal,ktCO2,955088.0
India,IND,India Total,IN,total,2022,Power sector emissions,Fuel,Gas,ktCO2,12326.37
India,IND,India Total,IN,total,2022,Power sector emissions,Fuel,Hydro,ktCO2,4188.16
India,IND,India Total,IN,total,2022,Power sector emissions,Fuel,Nuclear,ktCO2,554.34
India,IND,India Total,IN,total,2022,Power sector emissions,Fuel,Other Fossil,ktCO2,124.1
India,IND,India Total,IN,total,2022,Power sector emissions,Fuel,Other Renewables,ktCO2,95.14
India,IND,India Total,IN,total,2022,Power sector emissions,Fuel,Solar,ktCO2,4567.69
India,IND,India Total,IN,total,2022,Power sector emissions,Fuel,Wind,ktCO2,770.5
India,IND,India Total,IN,total,2022,Power sector emissions,Total,Total emissions,ktCO2,981474.6
India,IND,India Total,IN,total,2023,Capacity,Fuel,Bioenergy,MW,10844.7
India,IND,India Total,IN,total,2023,Capacity,Fuel,Coal,MW,214422.33
India,IND,India Total,IN,total,2023,Capacity,Fuel,Gas,MW,25028.21
India,IND,India Total,IN,total,2023,Capacity,Fuel,Hydro,MW,51860.92
India,IND,India Total,IN,total,2023,Capacity,Fuel,Nuclear,MW,7480.0
India,IND,India Total,IN,total,2023,Capacity,Fuel,Other Fossil,MW,562.37
India,IND,India Total,IN,total,2023,Capacity,Fuel,Other Renewables,MW,
India,IND,India Total,IN,total,2023,Capacity,Fuel,Solar,MW,73318.48
India,IND,India Total,IN,total,2023,Capacity,Fuel,Wind,MW,44736.25
India,IND,India Total,IN,total,2023,Electricity generation,Fuel,Bioenergy,%,0.88
India,IND,India Total,IN,total,2023,Electricity generation,Fuel,Coal,%,74.2
India,IND,India Total,IN,total,2023,Electricity generation,Fuel,Gas,%,1.72
India,IND,India Total,IN,total,2023,Electricity generation,Fuel,Hydro,%,8.72
India,IND,India Total,IN,total,2023,Electricity generation,Fuel,Nuclear,%,2.83
India,IND,India Total,IN,total,2023,Electricity generation,Fuel,Other Fossil,%,0.02
India,IND,India Total,IN,total,2023,Electricity generation,Fuel,Other Renewables,%,0.16
India,IND,India Total,IN,total,2023,Electricity generation,Fuel,Solar,%,6.65
India,IND,India Total,IN,total,2023,Electricity generation,Fuel,Wind,%,4.82
India,IND,India Total,IN,total,2023,Electricity generation,Fuel,Bioenergy,GWh,14929.92
India,IND,India Total,IN,total,2023,Electricity generation,Fuel,Coal,GWh,1265172.25
India,IND,India Total,IN,total,2023,Electricity generation,Fuel,Gas,GWh,29403.52
India,IND,India Total,IN,total,2023,Electricity generation,Fuel,Hydro,GWh,148747.5
India,IND,India Total,IN,total,2023,Electricity generation,Fuel,Nuclear,GWh,48204.43
India,IND,India Total,IN,total,2023,Electricity generation,Fuel,Other Fossil,GWh,332.49
India,IND,India Total,IN,total,2023,Electricity generation,Fuel,Other Renewables,GWh,2673.58
India,IND,India Total,IN,total,2023,Electricity generation,Fuel,Solar,GWh,113409.34
India,IND,India Total,IN,total,2023,Electricity generation,Fuel,Wind,GWh,82106.39
India,IND,India Total,IN,total,2023,Electricity generation,Total,Total Generation,GWh,1704979.42
India,IND,India Total,IN,total,2023,Power sector emissions,CO2 intensity,CO2 intensity,gCO2/kWh,625.29
India,IND,India Total,IN,total,2023,Power sector emissions,Fuel,Bioenergy,%,3433.88
India,IND,India Total,IN,total,2023,Power sector emissions,Fuel,Coal,%,1037441.25
India,IND,India Total,IN,total,2023,Power sector emissions,Fuel,Gas,%,14407.72
India,IND,India Total,IN,total,2023,Power sector emissions,Fuel,Hydro,%,3569.94
India,IND,India Total,IN,total,2023,Power sector emissions,Fuel,Nuclear,%,578.45
India,IND,India Total,IN,total,2023,Power sector emissions,Fuel,Other Fossil,%,232.74
India,IND,India Total,IN,total,2023,Power sector emissions,Fuel,Other Renewables,%,101.6
India,IND,India Total,IN,total,2023,Power sector emissions,Fuel,Solar,%,5443.65
India,IND,India Total,IN,total,2023,Power sector emissions,Fuel,Wind,%,903.17
India,IND,India Total,IN,total,2023,Power sector emissions,Fuel,Bioenergy,ktCO2,3433.88
India,IND,India Total,IN,total,2023,Power sector emissions,Fuel,Coal,ktCO2,1037441.25
India,IND,India Total,IN,total,2023,Power sector emissions,Fuel,Gas,ktCO2,14407.72
India,IND,India Total,IN,total,2023,Power sector emissions,Fuel,Hydro,ktCO2,3569.94
India,IND,India Total,IN,total,2023,Power sector emissions,Fuel,Nuclear,ktCO2,578.45
India,IND,India Total,IN,total,2023,Power sector emissions,Fuel,Other Fossil,ktCO2,232.74
India,IND,India Total,IN,total,2023,Power sector emissions,Fuel,Other Renewables,ktCO2,101.6
India,IND,India Total,IN,total,2023,Power sector emissions,Fuel,Solar,ktCO2,5443.65
India,IND,India Total,IN,total,2023,Power sector emissions,Fuel,Wind,ktCO2,903.17
India,IND,India Total,IN,total,2023,Power sector emissions,Total,Total emissions,ktCO2,1066112.4
India,IND,India Total,IN,total,2024,Capacity,Fuel,Bioenergy,MW,11348.15
India,IND,India Total,IN,total,2024,Capacity,Fuel,Coal,MW,219059.84
India,IND,India Total,IN,total,2024,Capacity,Fuel,Gas,MW,24808.21
India,IND,India Total,IN,total,2024,Capacity,Fuel,Hydro,MW,52032.72
India,IND,India Total,IN,total,2024,Capacity,Fuel,Nuclear,MW,8180.0
India,IND,India Total,IN,total,2024,Capacity,Fuel,Other Fossil,MW,562.37
India,IND,India Total,IN,total,2024,Capacity,Fuel,Other Renewables,MW,
India,IND,India Total,IN,total,2024,Capacity,Fuel,Solar,MW,97864.8
India,IND,India Total,IN,total,2024,Capacity,Fuel,Wind,MW,48163.14
India,IND,India Total,IN,total,2024,Electricity generation,Fuel,Bioenergy,%,0.75
India,IND,India Total,IN,total,2024,Electricity generation,Fuel,Coal,%,73.59
India,IND,India Total,IN,total,2024,Electricity generation,Fuel,Gas,%,1.88
India,IND,India Total,IN,total,2024,Electricity generation,Fuel,Hydro,%,8.63
India,IND,India Total,IN,total,2024,Electricity generation,Fuel,Nuclear,%,3.03
India,IND,India Total,IN,total,2024,Electricity generation,Fuel,Other Fossil,%,0.02
India,IND,India Total,IN,total,2024,Electricity generation,Fuel,Other Renewables,%,0.16
India,IND,India Total,IN,total,2024,Electricity generation,Fuel,Solar,%,7.41
India,IND,India Total,IN,total,2024,Electricity generation,Fuel,Wind,%,4.52
India,IND,India Total,IN,total,2024,Electricity generation,Fuel,Bioenergy,GWh,13479.52
India,IND,India Total,IN,total,2024,Electricity generation,Fuel,Coal,GWh,1327955.75
India,IND,India Total,IN,total,2024,Electricity generation,Fuel,Gas,GWh,33928.69
India,IND,India Total,IN,total,2024,Electricity generation,Fuel,Hydro,GWh,155796.69
India,IND,India Total,IN,total,2024,Electricity generation,Fuel,Nuclear,GWh,54704.06
India,IND,India Total,IN,total,2024,Electricity generation,Fuel,Other Fossil,GWh,362.93
India,IND,India Total,IN,total,2024,Electricity generation,Fuel,Other Renewables,GWh,2857.02
India,IND,India Total,IN,total,2024,Electricity generation,Fuel,Solar,GWh,133795.06
India,IND,India Total,IN,total,2024,Electricity generation,Fuel,Wind,GWh,81544.15
India,IND,India Total,IN,total,2024,Electricity generation,Total,Total Generation,GWh,1804423.87
India,IND,India Total,IN,total,2024,Power sector emissions,CO2 intensity,CO2 intensity,gCO2/kWh,621.1
India,IND,India Total,IN,total,2024,Power sector emissions,Fuel,Bioenergy,%,3100.29
India,IND,India Total,IN,total,2024,Power sector emissions,Fuel,Coal,%,1088923.75
India,IND,India Total,IN,total,2024,Power sector emissions,Fuel,Gas,%,16625.06
India,IND,India Total,IN,total,2024,Power sector emissions,Fuel,Hydro,%,3739.12
India,IND,India Total,IN,total,2024,Power sector emissions,Fuel,Nuclear,%,656.45
India,IND,India Total,IN,total,2024,Power sector emissions,Fuel,Other Fossil,%,254.05
India,IND,India Total,IN,total,2024,Power sector emissions,Fuel,Other Renewables,%,108.57
India,IND,India Total,IN,total,2024,Power sector emissions,Fuel,Solar,%,6422.16
India,IND,India Total,IN,total,2024,Power sector emissions,Fuel,Wind,%,896.99
India,IND,India Total,IN,total,2024,Power sector emissions,Fuel,Bioenergy,ktCO2,3100.29
India,IND,India Total,IN,total,2024,Power sector emissions,Fuel,Coal,ktCO2,1088923.75
India,IND,India Total,IN,total,2024,Power sector emissions,Fuel,Gas,ktCO2,16625.06
India,IND,India Total,IN,total,2024,Power sector emissions,Fuel,Hydro,ktCO2,3739.12
India,IND,India Total,IN,total,2024,Power sector emissions,Fuel,Nuclear,ktCO2,656.45
India,IND,India Total,IN,total,2024,Power sector emissions,Fuel,Other Fossil,ktCO2,254.05
India,IND,India Total,IN,total,2024,Power sector emissions,Fuel,Other Renewables,ktCO2,108.57
India,IND,India Total,IN,total,2024,Power sector emissions,Fuel,Solar,ktCO2,6422.16
India,IND,India Total,IN,total,2024,Power sector emissions,Fuel,Wind,ktCO2,896.99
India,IND,India Total,IN,total,2024,Power sector emissions,Total,Total emissions,ktCO2,1120726.41
India,IND,Jammu and Kashmir,JK,Union territory,2019,Capacity,Fuel,Bioenergy,MW,0.0
India,IND,Jammu and Kashmir,JK,Union territory,2019,Capacity,Fuel,Coal,MW,0.0
India,IND,Jammu and Kashmir,JK,Union territory,2019,Capacity,Fuel,Gas,MW,175.0
India,IND,Jammu and Kashmir,JK,Union territory,2019,Capacity,Fuel,Hydro,MW,3629.48
India,IND,Jammu and Kashmir,JK,Union territory,2019,Capacity,Fuel,Nuclear,MW,0.0
India,IND,Jammu and Kashmir,JK,Union territory,2019,Capacity,Fuel,Other Fossil,MW,0.0
India,IND,Jammu and Kashmir,JK,Union territory,2019,Capacity,Fuel,Other Renewables,MW,0.0
India,IND,Jammu and Kashmir,JK,Union territory,2019,Capacity,Fuel,Solar,MW,19.3
India,IND,Jammu and Kashmir,JK,Union territory,2019,Capacity,Fuel,Wind,MW,0.0
India,IND,Jammu and Kashmir,JK,Union territory,2019,Electricity generation,Fuel,Bioenergy,%,0.0
India,IND,Jammu and Kashmir,JK,Union territory,2019,Electricity generation,Fuel,Coal,%,0.0
India,IND,Jammu and Kashmir,JK,Union territory,2019,Electricity generation,Fuel,Gas,%,0.0
India,IND,Jammu and Kashmir,JK,Union territory,2019,Electricity generation,Fuel,Hydro,%,100.0
India,IND,Jammu and Kashmir,JK,Union territory,2019,Electricity generation,Fuel,Nuclear,%,0.0
India,IND,Jammu and Kashmir,JK,Union territory,2019,Electricity generation,Fuel,Other Fossil,%,0.0
India,IND,Jammu and Kashmir,JK,Union territory,2019,Electricity generation,Fuel,Other Renewables,%,0.0
India,IND,Jammu and Kashmir,JK,Union territory,2019,Electricity generation,Fuel,Solar,%,0.0
India,IND,Jammu and Kashmir,JK,Union territory,2019,Electricity generation,Fuel,Wind,%,0.0
India,IND,Jammu and Kashmir,JK,Union territory,2019,Electricity generation,Fuel,Bioenergy,GWh,0.0
India,IND,Jammu and Kashmir,JK,Union territory,2019,Electricity generation,Fuel,Coal,GWh,0.0
India,IND,Jammu and Kashmir,JK,Union territory,2019,Electricity generation,Fuel,Gas,GWh,0.0
India,IND,Jammu and Kashmir,JK,Union territory,2019,Electricity generation,Fuel,Hydro,GWh,18508.58
India,IND,Jammu and Kashmir,JK,Union territory,2019,Electricity generation,Fuel,Nuclear,GWh,0.0
India,IND,Jammu and Kashmir,JK,Union territory,2019,Electricity generation,Fuel,Other Fossil,GWh,0.0
India,IND,Jammu and Kashmir,JK,Union territory,2019,Electricity generation,Fuel,Other Renewables,GWh,0.0
India,IND,Jammu and Kashmir,JK,Union territory,2019,Electricity generation,Fuel,Solar,GWh,0.0
India,IND,Jammu and Kashmir,JK,Union territory,2019,Electricity generation,Fuel,Wind,GWh,0.0
India,IND,Jammu and Kashmir,JK,Union territory,2019,Electricity generation,Total,Total Generation,GWh,18508.58
India,IND,Jammu and Kashmir,JK,Union territory,2019,Power sector emissions,CO2 intensity,CO2 intensity,gCO2/kWh,24.0
India,IND,Jammu and Kashmir,JK,Union territory,2019,Power sector emissions,Fuel,Bioenergy,%,0.0
India,IND,Jammu and Kashmir,JK,Union territory,2019,Power sector emissions,Fuel,Coal,%,0.0
India,IND,Jammu and Kashmir,JK,Union territory,2019,Power sector emissions,Fuel,Gas,%,0.0
India,IND,Jammu and Kashmir,JK,Union territory,2019,Power sector emissions,Fuel,Hydro,%,444.21
India,IND,Jammu and Kashmir,JK,Union territory,2019,Power sector emissions,Fuel,Nuclear,%,0.0
India,IND,Jammu and Kashmir,JK,Union territory,2019,Power sector emissions,Fuel,Other Fossil,%,0.0
India,IND,Jammu and Kashmir,JK,Union territory,2019,Power sector emissions,Fuel,Other Renewables,%,0.0
India,IND,Jammu and Kashmir,JK,Union territory,2019,Power sector emissions,Fuel,Solar,%,0.0
India,IND,Jammu and Kashmir,JK,Union territory,2019,Power sector emissions,Fuel,Wind,%,0.0
India,IND,Jammu and Kashmir,JK,Union territory,2019,Power sector emissions,Fuel,Bioenergy,ktCO2,0.0
India,IND,Jammu and Kashmir,JK,Union territory,2019,Power sector emissions,Fuel,Coal,ktCO2,0.0
India,IND,Jammu and Kashmir,JK,Union territory,2019,Power sector emissions,Fuel,Gas,ktCO2,0.0
India,IND,Jammu and Kashmir,JK,Union territory,2019,Power sector emissions,Fuel,Hydro,ktCO2,444.21
India,IND,Jammu and Kashmir,JK,Union territory,2019,Power sector emissions,Fuel,Nuclear,ktCO2,0.0
India,IND,Jammu and Kashmir,JK,Union territory,2019,Power sector emissions,Fuel,Other Fossil,ktCO2,0.0
India,IND,Jammu and Kashmir,JK,Union territory,2019,Power sector emissions,Fuel,Other Renewables,ktCO2,0.0
India,IND,Jammu and Kashmir,JK,Union territory,2019,Power sector emissions,Fuel,Solar,ktCO2,0.0
India,IND,Jammu and Kashmir,JK,Union territory,2019,Power sector emissions,Fuel,Wind,ktCO2,0.0
India,IND,Jammu and Kashmir,JK,Union territory,2019,Power sector emissions,Total,Total emissions,ktCO2,444.21
India,IND,Jammu and Kashmir,JK,Union territory,2020,Capacity,Fuel,Bioenergy,MW,0.0
India,IND,Jammu and Kashmir,JK,Union territory,2020,Capacity,Fuel,Coal,MW,0.0
India,IND,Jammu and Kashmir,JK,Union territory,2020,Capacity,Fuel,Gas,MW,175.0
India,IND,Jammu and Kashmir,JK,Union territory,2020,Capacity,Fuel,Hydro,MW,3634.98
India,IND,Jammu and Kashmir,JK,Union territory,2020,Capacity,Fuel,Nuclear,MW,0.0
India,IND,Jammu and Kashmir,JK,Union territory,2020,Capacity,Fuel,Other Fossil,MW,0.0
India,IND,Jammu and Kashmir,JK,Union territory,2020,Capacity,Fuel,Other Renewables,MW,0.0
India,IND,Jammu and Kashmir,JK,Union territory,2020,Capacity,Fuel,Solar,MW,20.73
India,IND,Jammu and Kashmir,JK,Union territory,2020,Capacity,Fuel,Wind,MW,0.0
India,IND,Jammu and Kashmir,JK,Union territory,2020,Electricity generation,Fuel,Bioenergy,%,0.0
India,IND,Jammu and Kashmir,JK,Union territory,2020,Electricity generation,Fuel,Coal,%,0.0
India,IND,Jammu and Kashmir,JK,Union territory,2020,Electricity generation,Fuel,Gas,%,0.0
India,IND,Jammu and Kashmir,JK,Union territory,2020,Electricity generation,Fuel,Hydro,%,99.97
India,IND,Jammu and Kashmir,JK,Union territory,2020,Electricity generation,Fuel,Nuclear,%,0.0
India,IND,Jammu and Kashmir,JK,Union territory,2020,Electricity generation,Fuel,Other Fossil,%,0.0
India,IND,Jammu and Kashmir,JK,Union territory,2020,Electricity generation,Fuel,Other Renewables,%,0.0
India,IND,Jammu and Kashmir,JK,Union territory,2020,Electricity generation,Fuel,Solar,%,0.03
India,IND,Jammu and Kashmir,JK,Union territory,2020,Electricity generation,Fuel,Wind,%,0.0
India,IND,Jammu and Kashmir,JK,Union territory,2020,Electricity generation,Fuel,Bioenergy,GWh,0.0
India,IND,Jammu and Kashmir,JK,Union territory,2020,Electricity generation,Fuel,Coal,GWh,0.0
India,IND,Jammu and Kashmir,JK,Union territory,2020,Electricity generation,Fuel,Gas,GWh,0.0
India,IND,Jammu and Kashmir,JK,Union territory,2020,Electricity generation,Fuel,Hydro,GWh,18505.9
India,IND,Jammu and Kashmir,JK,Union territory,2020,Electricity generation,Fuel,Nuclear,GWh,0.0
India,IND,Jammu and Kashmir,JK,Union territory,2020,Electricity generation,Fuel,Other Fossil,GWh,0.0
India,IND,Jammu and Kashmir,JK,Union territory,2020,Electricity generation,Fuel,Other Renewables,GWh,0.0
India,IND,Jammu and Kashmir,JK,Union territory,2020,Electricity generation,Fuel,Solar,GWh,5.36
India,IND,Jammu and Kashmir,JK,Union territory,2020,Electricity generation,Fuel,Wind,GWh,0.0
India,IND,Jammu and Kashmir,JK,Union territory,2020,Electricity generation,Total,Total Generation,GWh,18511.26
India,IND,Jammu and Kashmir,JK,Union territory,2020,Power sector emissions,CO2 intensity,CO2 intensity,gCO2/kWh,24.01
India,IND,Jammu and Kashmir,JK,Union territory,2020,Power sector emissions,Fuel,Bioenergy,%,0.0
India,IND,Jammu and Kashmir,JK,Union territory,2020,Power sector emissions,Fuel,Coal,%,0.0
India,IND,Jammu and Kashmir,JK,Union territory,2020,Power sector emissions,Fuel,Gas,%,0.0
India,IND,Jammu and Kashmir,JK,Union territory,2020,Power sector emissions,Fuel,Hydro,%,444.14
India,IND,Jammu and Kashmir,JK,Union territory,2020,Power sector emissions,Fuel,Nuclear,%,0.0
India,IND,Jammu and Kashmir,JK,Union territory,2020,Power sector emissions,Fuel,Other Fossil,%,0.0
India,IND,Jammu and Kashmir,JK,Union territory,2020,Power sector emissions,Fuel,Other Renewables,%,0.0
India,IND,Jammu and Kashmir,JK,Union territory,2020,Power sector emissions,Fuel,Solar,%,0.26
India,IND,Jammu and Kashmir,JK,Union territory,2020,Power sector emissions,Fuel,Wind,%,0.0
India,IND,Jammu and Kashmir,JK,Union territory,2020,Power sector emissions,Fuel,Bioenergy,ktCO2,0.0
India,IND,Jammu and Kashmir,JK,Union territory,2020,Power sector emissions,Fuel,Coal,ktCO2,0.0
India,IND,Jammu and Kashmir,JK,Union territory,2020,Power sector emissions,Fuel,Gas,ktCO2,0.0
India,IND,Jammu and Kashmir,JK,Union territory,2020,Power sector emissions,Fuel,Hydro,ktCO2,444.14
India,IND,Jammu and Kashmir,JK,Union territory,2020,Power sector emissions,Fuel,Nuclear,ktCO2,0.0
India,IND,Jammu and Kashmir,JK,Union territory,2020,Power sector emissions,Fuel,Other Fossil,ktCO2,0.0
India,IND,Jammu and Kashmir,JK,Union territory,2020,Power sector emissions,Fuel,Other Renewables,ktCO2,0.0
India,IND,Jammu and Kashmir,JK,Union territory,2020,Power sector emissions,Fuel,Solar,ktCO2,0.26
India,IND,Jammu and Kashmir,JK,Union territory,2020,Power sector emissions,Fuel,Wind,ktCO2,0.0
India,IND,Jammu and Kashmir,JK,Union territory,2020,Power sector emissions,Total,Total emissions,ktCO2,444.4
India,IND,Jammu and Kashmir,JK,Union territory,2021,Capacity,Fuel,Bioenergy,MW,0.0
India,IND,Jammu and Kashmir,JK,Union territory,2021,Capacity,Fuel,Coal,MW,0.0
India,IND,Jammu and Kashmir,JK,Union territory,2021,Capacity,Fuel,Gas,MW,175.0
India,IND,Jammu and Kashmir,JK,Union territory,2021,Capacity,Fuel,Hydro,MW,3504.68
India,IND,Jammu and Kashmir,JK,Union territory,2021,Capacity,Fuel,Nuclear,MW,0.0
India,IND,Jammu and Kashmir,JK,Union territory,2021,Capacity,Fuel,Other Fossil,MW,0.0
India,IND,Jammu and Kashmir,JK,Union territory,2021,Capacity,Fuel,Other Renewables,MW,0.0
India,IND,Jammu and Kashmir,JK,Union territory,2021,Capacity,Fuel,Solar,MW,46.87
India,IND,Jammu and Kashmir,JK,Union territory,2021,Capacity,Fuel,Wind,MW,0.0
India,IND,Jammu and Kashmir,JK,Union territory,2021,Electricity generation,Fuel,Bioenergy,%,0.0
India,IND,Jammu and Kashmir,JK,Union territory,2021,Electricity generation,Fuel,Coal,%,0.0
India,IND,Jammu and Kashmir,JK,Union territory,2021,Electricity generation,Fuel,Gas,%,0.0
India,IND,Jammu and Kashmir,JK,Union territory,2021,Electricity generation,Fuel,Hydro,%,99.97
India,IND,Jammu and Kashmir,JK,Union territory,2021,Electricity generation,Fuel,Nuclear,%,0.0
India,IND,Jammu and Kashmir,JK,Union territory,2021,Electricity generation,Fuel,Other Fossil,%,0.0
India,IND,Jammu and Kashmir,JK,Union territory,2021,Electricity generation,Fuel,Other Renewables,%,0.0
India,IND,Jammu and Kashmir,JK,Union territory,2021,Electricity generation,Fuel,Solar,%,0.03
India,IND,Jammu and Kashmir,JK,Union territory,2021,Electricity generation,Fuel,Wind,%,0.0
India,IND,Jammu and Kashmir,JK,Union territory,2021,Electricity generation,Fuel,Bioenergy,GWh,0.0
India,IND,Jammu and Kashmir,JK,Union territory,2021,Electricity generation,Fuel,Coal,GWh,0.0
India,IND,Jammu and Kashmir,JK,Union territory,2021,Electricity generation,Fuel,Gas,GWh,0.0
India,IND,Jammu and Kashmir,JK,Union territory,2021,Electricity generation,Fuel,Hydro,GWh,17454.67
India,IND,Jammu and Kashmir,JK,Union territory,2021,Electricity generation,Fuel,Nuclear,GWh,0.0
India,IND,Jammu and Kashmir,JK,Union territory,2021,Electricity generation,Fuel,Other Fossil,GWh,0.0
India,IND,Jammu and Kashmir,JK,Union territory,2021,Electricity generation,Fuel,Other Renewables,GWh,0.0
India,IND,Jammu and Kashmir,JK,Union territory,2021,Electricity generation,Fuel,Solar,GWh,5.76
India,IND,Jammu and Kashmir,JK,Union territory,2021,Electricity generation,Fuel,Wind,GWh,0.0
India,IND,Jammu and Kashmir,JK,Union territory,2021,Electricity generation,Total,Total Generation,GWh,17460.43
India,IND,Jammu and Kashmir,JK,Union territory,2021,Power sector emissions,CO2 intensity,CO2 intensity,gCO2/kWh,24.01
India,IND,Jammu and Kashmir,JK,Union territory,2021,Power sector emissions,Fuel,Bioenergy,%,0.0
India,IND,Jammu and Kashmir,JK,Union territory,2021,Power sector emissions,Fuel,Coal,%,0.0
India,IND,Jammu and Kashmir,JK,Union territory,2021,Power sector emissions,Fuel,Gas,%,0.0
India,IND,Jammu and Kashmir,JK,Union territory,2021,Power sector emissions,Fuel,Hydro,%,418.91
India,IND,Jammu and Kashmir,JK,Union territory,2021,Power sector emissions,Fuel,Nuclear,%,0.0
India,IND,Jammu and Kashmir,JK,Union territory,2021,Power sector emissions,Fuel,Other Fossil,%,0.0
India,IND,Jammu and Kashmir,JK,Union territory,2021,Power sector emissions,Fuel,Other Renewables,%,0.0
India,IND,Jammu and Kashmir,JK,Union territory,2021,Power sector emissions,Fuel,Solar,%,0.28
India,IND,Jammu and Kashmir,JK,Union territory,2021,Power sector emissions,Fuel,Wind,%,0.0
India,IND,Jammu and Kashmir,JK,Union territory,2021,Power sector emissions,Fuel,Bioenergy,ktCO2,0.0
India,IND,Jammu and Kashmir,JK,Union territory,2021,Power sector emissions,Fuel,Coal,ktCO2,0.0
India,IND,Jammu and Kashmir,JK,Union territory,2021,Power sector emissions,Fuel,Gas,ktCO2,0.0
India,IND,Jammu and Kashmir,JK,Union territory,2021,Power sector emissions,Fuel,Hydro,ktCO2,418.91
India,IND,Jammu and Kashmir,JK,Union territory,2021,Power sector emissions,Fuel,Nuclear,ktCO2,0.0
India,IND,Jammu and Kashmir,JK,Union territory,2021,Power sector emissions,Fuel,Other Fossil,ktCO2,0.0
India,IND,Jammu and Kashmir,JK,Union territory,2021,Power sector emissions,Fuel,Other Renewables,ktCO2,0.0
India,IND,Jammu and Kashmir,JK,Union territory,2021,Power sector emissions,Fuel,Solar,ktCO2,0.28
India,IND,Jammu and Kashmir,JK,Union territory,2021,Power sector emissions,Fuel,Wind,ktCO2,0.0
India,IND,Jammu and Kashmir,JK,Union territory,2021,Power sector emissions,Total,Total emissions,ktCO2,419.19
India,IND,Jammu and Kashmir,JK,Union territory,2022,Capacity,Fuel,Bioenergy,MW,0.0
India,IND,Jammu and Kashmir,JK,Union territory,2022,Capacity,Fuel,Coal,MW,0.0
India,IND,Jammu and Kashmir,JK,Union territory,2022,Capacity,Fuel,Gas,MW,175.0
India,IND,Jammu and Kashmir,JK,Union territory,2022,Capacity,Fuel,Hydro,MW,3504.68
India,IND,Jammu and Kashmir,JK,Union territory,2022,Capacity,Fuel,Nuclear,MW,0.0
India,IND,Jammu and Kashmir,JK,Union territory,2022,Capacity,Fuel,Other Fossil,MW,0.0
India,IND,Jammu and Kashmir,JK,Union territory,2022,Capacity,Fuel,Other Renewables,MW,
India,IND,Jammu and Kashmir,JK,Union territory,2022,Capacity,Fuel,Solar,MW,48.9
India,IND,Jammu and Kashmir,JK,Union territory,2022,Capacity,Fuel,Wind,MW,0.0
India,IND,Jammu and Kashmir,JK,Union territory,2022,Electricity generation,Fuel,Bioenergy,%,0.0
India,IND,Jammu and Kashmir,JK,Union territory,2022,Electricity generation,Fuel,Coal,%,0.0
India,IND,Jammu and Kashmir,JK,Union territory,2022,Electricity generation,Fuel,Gas,%,0.0
India,IND,Jammu and Kashmir,JK,Union territory,2022,Electricity generation,Fuel,Hydro,%,100.0
India,IND,Jammu and Kashmir,JK,Union territory,2022,Electricity generation,Fuel,Nuclear,%,0.0
India,IND,Jammu and Kashmir,JK,Union territory,2022,Electricity generation,Fuel,Other Fossil,%,0.0
India,IND,Jammu and Kashmir,JK,Union territory,2022,Electricity generation,Fuel,Other Renewables,%,0.0
India,IND,Jammu and Kashmir,JK,Union territory,2022,Electricity generation,Fuel,Solar,%,0.0
India,IND,Jammu and Kashmir,JK,Union territory,2022,Electricity generation,Fuel,Wind,%,0.0
India,IND,Jammu and Kashmir,JK,Union territory,2022,Electricity generation,Fuel,Bioenergy,GWh,0.0
India,IND,Jammu and Kashmir,JK,Union territory,2022,Electricity generation,Fuel,Coal,GWh,0.0
India,IND,Jammu and Kashmir,JK,Union territory,2022,Electricity generation,Fuel,Gas,GWh,0.0
India,IND,Jammu and Kashmir,JK,Union territory,2022,Electricity generation,Fuel,Hydro,GWh,17394.05
India,IND,Jammu and Kashmir,JK,Union territory,2022,Electricity generation,Fuel,Nuclear,GWh,0.0
India,IND,Jammu and Kashmir,JK,Union territory,2022,Electricity generation,Fuel,Other Fossil,GWh,0.0
India,IND,Jammu and Kashmir,JK,Union territory,2022,Electricity generation,Fuel,Other Renewables,GWh,0.0
India,IND,Jammu and Kashmir,JK,Union territory,2022,Electricity generation,Fuel,Solar,GWh,0.0
India,IND,Jammu and Kashmir,JK,Union territory,2022,Electricity generation,Fuel,Wind,GWh,0.0
India,IND,Jammu and Kashmir,JK,Union territory,2022,Electricity generation,Total,Total Generation,GWh,17394.05
India,IND,Jammu and Kashmir,JK,Union territory,2022,Power sector emissions,CO2 intensity,CO2 intensity,gCO2/kWh,24.0
India,IND,Jammu and Kashmir,JK,Union territory,2022,Power sector emissions,Fuel,Bioenergy,%,0.0
India,IND,Jammu and Kashmir,JK,Union territory,2022,Power sector emissions,Fuel,Coal,%,0.0
India,IND,Jammu and Kashmir,JK,Union territory,2022,Power sector emissions,Fuel,Gas,%,0.0
India,IND,Jammu and Kashmir,JK,Union territory,2022,Power sector emissions,Fuel,Hydro,%,417.46
India,IND,Jammu and Kashmir,JK,Union territory,2022,Power sector emissions,Fuel,Nuclear,%,0.0
India,IND,Jammu and Kashmir,JK,Union territory,2022,Power sector emissions,Fuel,Other Fossil,%,0.0
India,IND,Jammu and Kashmir,JK,Union territory,2022,Power sector emissions,Fuel,Other Renewables,%,0.0
India,IND,Jammu and Kashmir,JK,Union territory,2022,Power sector emissions,Fuel,Solar,%,0.0
India,IND,Jammu and Kashmir,JK,Union territory,2022,Power sector emissions,Fuel,Wind,%,0.0
India,IND,Jammu and Kashmir,JK,Union territory,2022,Power sector emissions,Fuel,Bioenergy,ktCO2,0.0
India,IND,Jammu and Kashmir,JK,Union territory,2022,Power sector emissions,Fuel,Coal,ktCO2,0.0
India,IND,Jammu and Kashmir,JK,Union territory,2022,Power sector emissions,Fuel,Gas,ktCO2,0.0
India,IND,Jammu and Kashmir,JK,Union territory,2022,Power sector emissions,Fuel,Hydro,ktCO2,417.46
India,IND,Jammu and Kashmir,JK,Union territory,2022,Power sector emissions,Fuel,Nuclear,ktCO2,0.0
India,IND,Jammu and Kashmir,JK,Union territory,2022,Power sector emissions,Fuel,Other Fossil,ktCO2,0.0
India,IND,Jammu and Kashmir,JK,Union territory,2022,Power sector emissions,Fuel,Other Renewables,ktCO2,0.0
India,IND,Jammu and Kashmir,JK,Union territory,2022,Power sector emissions,Fuel,Solar,ktCO2,0.0
India,IND,Jammu and Kashmir,JK,Union territory,2022,Power sector emissions,Fuel,Wind,ktCO2,0.0
India,IND,Jammu and Kashmir,JK,Union territory,2022,Power sector emissions,Total,Total emissions,ktCO2,417.46
India,IND,Jammu and Kashmir,JK,Union territory,2023,Capacity,Fuel,Bioenergy,MW,0.0
India,IND,Jammu and Kashmir,JK,Union territory,2023,Capacity,Fuel,Coal,MW,0.0
India,IND,Jammu and Kashmir,JK,Union territory,2023,Capacity,Fuel,Gas,MW,175.0
India,IND,Jammu and Kashmir,JK,Union territory,2023,Capacity,Fuel,Hydro,MW,3521.43
India,IND,Jammu and Kashmir,JK,Union territory,2023,Capacity,Fuel,Nuclear,MW,0.0
India,IND,Jammu and Kashmir,JK,Union territory,2023,Capacity,Fuel,Other Fossil,MW,0.0
India,IND,Jammu and Kashmir,JK,Union territory,2023,Capacity,Fuel,Other Renewables,MW,
India,IND,Jammu and Kashmir,JK,Union territory,2023,Capacity,Fuel,Solar,MW,54.98
India,IND,Jammu and Kashmir,JK,Union territory,2023,Capacity,Fuel,Wind,MW,0.0
India,IND,Jammu and Kashmir,JK,Union territory,2023,Electricity generation,Fuel,Bioenergy,%,0.0
India,IND,Jammu and Kashmir,JK,Union territory,2023,Electricity generation,Fuel,Coal,%,0.0
India,IND,Jammu and Kashmir,JK,Union territory,2023,Electricity generation,Fuel,Gas,%,0.0
India,IND,Jammu and Kashmir,JK,Union territory,2023,Electricity generation,Fuel,Hydro,%,100.0
India,IND,Jammu and Kashmir,JK,Union territory,2023,Electricity generation,Fuel,Nuclear,%,0.0
India,IND,Jammu and Kashmir,JK,Union territory,2023,Electricity generation,Fuel,Other Fossil,%,0.0
India,IND,Jammu and Kashmir,JK,Union territory,2023,Electricity generation,Fuel,Other Renewables,%,0.0
India,IND,Jammu and Kashmir,JK,Union territory,2023,Electricity generation,Fuel,Solar,%,0.0
India,IND,Jammu and Kashmir,JK,Union territory,2023,Electricity generation,Fuel,Wind,%,0.0
India,IND,Jammu and Kashmir,JK,Union territory,2023,Electricity generation,Fuel,Bioenergy,GWh,0.0
India,IND,Jammu and Kashmir,JK,Union territory,2023,Electricity generation,Fuel,Coal,GWh,0.0
India,IND,Jammu and Kashmir,JK,Union territory,2023,Electricity generation,Fuel,Gas,GWh,0.0
India,IND,Jammu and Kashmir,JK,Union territory,2023,Electricity generation,Fuel,Hydro,GWh,16684.38
India,IND,Jammu and Kashmir,JK,Union territory,2023,Electricity generation,Fuel,Nuclear,GWh,0.0
India,IND,Jammu and Kashmir,JK,Union territory,2023,Electricity generation,Fuel,Other Fossil,GWh,0.0
India,IND,Jammu and Kashmir,JK,Union territory,2023,Electricity generation,Fuel,Other Renewables,GWh,0.0
India,IND,Jammu and Kashmir,JK,Union territory,2023,Electricity generation,Fuel,Solar,GWh,0.0
India,IND,Jammu and Kashmir,JK,Union territory,2023,Electricity generation,Fuel,Wind,GWh,0.0
India,IND,Jammu and Kashmir,JK,Union territory,2023,Electricity generation,Total,Total Generation,GWh,16684.38
India,IND,Jammu and Kashmir,JK,Union territory,2023,Power sector emissions,CO2 intensity,CO2 intensity,gCO2/kWh,24.0
India,IND,Jammu and Kashmir,JK,Union territory,2023,Power sector emissions,Fuel,Bioenergy,%,0.0
India,IND,Jammu and Kashmir,JK,Union territory,2023,Power sector emissions,Fuel,Coal,%,0.0
India,IND,Jammu and Kashmir,JK,Union territory,2023,Power sector emissions,Fuel,Gas,%,0.0
India,IND,Jammu and Kashmir,JK,Union territory,2023,Power sector emissions,Fuel,Hydro,%,400.43
India,IND,Jammu and Kashmir,JK,Union territory,2023,Power sector emissions,Fuel,Nuclear,%,0.0
India,IND,Jammu and Kashmir,JK,Union territory,2023,Power sector emissions,Fuel,Other Fossil,%,0.0
India,IND,Jammu and Kashmir,JK,Union territory,2023,Power sector emissions,Fuel,Other Renewables,%,0.0
India,IND,Jammu and Kashmir,JK,Union territory,2023,Power sector emissions,Fuel,Solar,%,0.0
India,IND,Jammu and Kashmir,JK,Union territory,2023,Power sector emissions,Fuel,Wind,%,0.0
India,IND,Jammu and Kashmir,JK,Union territory,2023,Power sector emissions,Fuel,Bioenergy,ktCO2,0.0
India,IND,Jammu and Kashmir,JK,Union territory,2023,Power sector emissions,Fuel,Coal,ktCO2,0.0
India,IND,Jammu and Kashmir,JK,Union territory,2023,Power sector emissions,Fuel,Gas,ktCO2,0.0
India,IND,Jammu and Kashmir,JK,Union territory,2023,Power sector emissions,Fuel,Hydro,ktCO2,400.43
India,IND,Jammu and Kashmir,JK,Union territory,2023,Power sector emissions,Fuel,Nuclear,ktCO2,0.0
India,IND,Jammu and Kashmir,JK,Union territory,2023,Power sector emissions,Fuel,Other Fossil,ktCO2,0.0
India,IND,Jammu and Kashmir,JK,Union territory,2023,Power sector emissions,Fuel,Other Renewables,ktCO2,0.0
India,IND,Jammu and Kashmir,JK,Union territory,2023,Power sector emissions,Fuel,Solar,ktCO2,0.0
India,IND,Jammu and Kashmir,JK,Union territory,2023,Power sector emissions,Fuel,Wind,ktCO2,0.0
India,IND,Jammu and Kashmir,JK,Union territory,2023,Power sector emissions,Total,Total emissions,ktCO2,400.43
India,IND,Jammu and Kashmir,JK,Union territory,2024,Capacity,Fuel,Bioenergy,MW,0.0
India,IND,Jammu and Kashmir,JK,Union territory,2024,Capacity,Fuel,Coal,MW,0.0
India,IND,Jammu and Kashmir,JK,Union territory,2024,Capacity,Fuel,Gas,MW,175.0
India,IND,Jammu and Kashmir,JK,Union territory,2024,Capacity,Fuel,Hydro,MW,3549.93
India,IND,Jammu and Kashmir,JK,Union territory,2024,Capacity,Fuel,Nuclear,MW,0.0
India,IND,Jammu and Kashmir,JK,Union territory,2024,Capacity,Fuel,Other Fossil,MW,0.0
India,IND,Jammu and Kashmir,JK,Union territory,2024,Capacity,Fuel,Other Renewables,MW,
India,IND,Jammu and Kashmir,JK,Union territory,2024,Capacity,Fuel,Solar,MW,74.36
India,IND,Jammu and Kashmir,JK,Union territory,2024,Capacity,Fuel,Wind,MW,0.0
India,IND,Jammu and Kashmir,JK,Union territory,2024,Electricity generation,Fuel,Bioenergy,%,0.0
India,IND,Jammu and Kashmir,JK,Union territory,2024,Electricity generation,Fuel,Coal,%,0.0
India,IND,Jammu and Kashmir,JK,Union territory,2024,Electricity generation,Fuel,Gas,%,0.0
India,IND,Jammu and Kashmir,JK,Union territory,2024,Electricity generation,Fuel,Hydro,%,100.0
India,IND,Jammu and Kashmir,JK,Union territory,2024,Electricity generation,Fuel,Nuclear,%,0.0
India,IND,Jammu and Kashmir,JK,Union territory,2024,Electricity generation,Fuel,Other Fossil,%,0.0
India,IND,Jammu and Kashmir,JK,Union territory,2024,Electricity generation,Fuel,Other Renewables,%,0.0
India,IND,Jammu and Kashmir,JK,Union territory,2024,Electricity generation,Fuel,Solar,%,0.0
India,IND,Jammu and Kashmir,JK,Union territory,2024,Electricity generation,Fuel,Wind,%,0.0
India,IND,Jammu and Kashmir,JK,Union territory,2024,Electricity generation,Fuel,Bioenergy,GWh,0.0
India,IND,Jammu and Kashmir,JK,Union territory,2024,Electricity generation,Fuel,Coal,GWh,0.0
India,IND,Jammu and Kashmir,JK,Union territory,2024,Electricity generation,Fuel,Gas,GWh,0.0
India,IND,Jammu and Kashmir,JK,Union territory,2024,Electricity generation,Fuel,Hydro,GWh,15940.66
India,IND,Jammu and Kashmir,JK,Union territory,2024,Electricity generation,Fuel,Nuclear,GWh,0.0
India,IND,Jammu and Kashmir,JK,Union territory,2024,Electricity generation,Fuel,Other Fossil,GWh,0.0
India,IND,Jammu and Kashmir,JK,Union territory,2024,Electricity generation,Fuel,Other Renewables,GWh,0.0
India,IND,Jammu and Kashmir,JK,Union territory,2024,Electricity generation,Fuel,Solar,GWh,0.0
India,IND,Jammu and Kashmir,JK,Union territory,2024,Electricity generation,Fuel,Wind,GWh,0.0
India,IND,Jammu and Kashmir,JK,Union territory,2024,Electricity generation,Total,Total Generation,GWh,15940.66
India,IND,Jammu and Kashmir,JK,Union territory,2024,Power sector emissions,CO2 intensity,CO2 intensity,gCO2/kWh,24.0
India,IND,Jammu and Kashmir,JK,Union territory,2024,Power sector emissions,Fuel,Bioenergy,%,0.0
India,IND,Jammu and Kashmir,JK,Union territory,2024,Power sector emissions,Fuel,Coal,%,0.0
India,IND,Jammu and Kashmir,JK,Union territory,2024,Power sector emissions,Fuel,Gas,%,0.0
India,IND,Jammu and Kashmir,JK,Union territory,2024,Power sector emissions,Fuel,Hydro,%,382.58
India,IND,Jammu and Kashmir,JK,Union territory,2024,Power sector emissions,Fuel,Nuclear,%,0.0
India,IND,Jammu and Kashmir,JK,Union territory,2024,Power sector emissions,Fuel,Other Fossil,%,0.0
India,IND,Jammu and Kashmir,JK,Union territory,2024,Power sector emissions,Fuel,Other Renewables,%,0.0
India,IND,Jammu and Kashmir,JK,Union territory,2024,Power sector emissions,Fuel,Solar,%,0.0
India,IND,Jammu and Kashmir,JK,Union territory,2024,Power sector emissions,Fuel,Wind,%,0.0
India,IND,Jammu and Kashmir,JK,Union territory,2024,Power sector emissions,Fuel,Bioenergy,ktCO2,0.0
India,IND,Jammu and Kashmir,JK,Union territory,2024,Power sector emissions,Fuel,Coal,ktCO2,0.0
India,IND,Jammu and Kashmir,JK,Union territory,2024,Power sector emissions,Fuel,Gas,ktCO2,0.0
India,IND,Jammu and Kashmir,JK,Union territory,2024,Power sector emissions,Fuel,Hydro,ktCO2,382.58
India,IND,Jammu and Kashmir,JK,Union territory,2024,Power sector emissions,Fuel,Nuclear,ktCO2,0.0
India,IND,Jammu and Kashmir,JK,Union territory,2024,Power sector emissions,Fuel,Other Fossil,ktCO2,0.0
India,IND,Jammu and Kashmir,JK,Union territory,2024,Power sector emissions,Fuel,Other Renewables,ktCO2,0.0
India,IND,Jammu and Kashmir,JK,Union territory,2024,Power sector emissions,Fuel,Solar,ktCO2,0.0
India,IND,Jammu and Kashmir,JK,Union territory,2024,Power sector emissions,Fuel,Wind,ktCO2,0.0
India,IND,Jammu and Kashmir,JK,Union territory,2024,Power sector emissions,Total,Total emissions,ktCO2,382.58
India,IND,Jharkhand,JH,state,2019,Capacity,Fuel,Bioenergy,MW,4.3
India,IND,Jharkhand,JH,state,2019,Capacity,Fuel,Coal,MW,4590.0
India,IND,Jharkhand,JH,state,2019,Capacity,Fuel,Gas,MW,0.0
India,IND,Jharkhand,JH,state,2019,Capacity,Fuel,Hydro,MW,214.05
India,IND,Jharkhand,JH,state,2019,Capacity,Fuel,Nuclear,MW,0.0
India,IND,Jharkhand,JH,state,2019,Capacity,Fuel,Other Fossil,MW,0.0
India,IND,Jharkhand,JH,state,2019,Capacity,Fuel,Other Renewables,MW,0.0
India,IND,Jharkhand,JH,state,2019,Capacity,Fuel,Solar,MW,38.4
India,IND,Jharkhand,JH,state,2019,Capacity,Fuel,Wind,MW,0.0
India,IND,Jharkhand,JH,state,2019,Electricity generation,Fuel,Bioenergy,%,0.0
India,IND,Jharkhand,JH,state,2019,Electricity generation,Fuel,Coal,%,99.45
India,IND,Jharkhand,JH,state,2019,Electricity generation,Fuel,Gas,%,0.0
India,IND,Jharkhand,JH,state,2019,Electricity generation,Fuel,Hydro,%,0.49
India,IND,Jharkhand,JH,state,2019,Electricity generation,Fuel,Nuclear,%,0.0
India,IND,Jharkhand,JH,state,2019,Electricity generation,Fuel,Other Fossil,%,0.0
India,IND,Jharkhand,JH,state,2019,Electricity generation,Fuel,Other Renewables,%,0.0
India,IND,Jharkhand,JH,state,2019,Electricity generation,Fuel,Solar,%,0.07
India,IND,Jharkhand,JH,state,2019,Electricity generation,Fuel,Wind,%,0.0
India,IND,Jharkhand,JH,state,2019,Electricity generation,Fuel,Bioenergy,GWh,0.0
India,IND,Jharkhand,JH,state,2019,Electricity generation,Fuel,Coal,GWh,26205.59
India,IND,Jharkhand,JH,state,2019,Electricity generation,Fuel,Gas,GWh,0.0
India,IND,Jharkhand,JH,state,2019,Electricity generation,Fuel,Hydro,GWh,128.54
India,IND,Jharkhand,JH,state,2019,Electricity generation,Fuel,Nuclear,GWh,0.0
India,IND,Jharkhand,JH,state,2019,Electricity generation,Fuel,Other Fossil,GWh,0.0
India,IND,Jharkhand,JH,state,2019,Electricity generation,Fuel,Other Renewables,GWh,0.0
India,IND,Jharkhand,JH,state,2019,Electricity generation,Fuel,Solar,GWh,17.43
India,IND,Jharkhand,JH,state,2019,Electricity generation,Fuel,Wind,GWh,0.0
India,IND,Jharkhand,JH,state,2019,Electricity generation,Total,Total Generation,GWh,26351.56
India,IND,Jharkhand,JH,state,2019,Power sector emissions,CO2 intensity,CO2 intensity,gCO2/kWh,815.61
India,IND,Jharkhand,JH,state,2019,Power sector emissions,Fuel,Bioenergy,%,0.0
India,IND,Jharkhand,JH,state,2019,Power sector emissions,Fuel,Coal,%,21488.58
India,IND,Jharkhand,JH,state,2019,Power sector emissions,Fuel,Gas,%,0.0
India,IND,Jharkhand,JH,state,2019,Power sector emissions,Fuel,Hydro,%,3.08
India,IND,Jharkhand,JH,state,2019,Power sector emissions,Fuel,Nuclear,%,0.0
India,IND,Jharkhand,JH,state,2019,Power sector emissions,Fuel,Other Fossil,%,0.0
India,IND,Jharkhand,JH,state,2019,Power sector emissions,Fuel,Other Renewables,%,0.0
India,IND,Jharkhand,JH,state,2019,Power sector emissions,Fuel,Solar,%,0.84
India,IND,Jharkhand,JH,state,2019,Power sector emissions,Fuel,Wind,%,0.0
India,IND,Jharkhand,JH,state,2019,Power sector emissions,Fuel,Bioenergy,ktCO2,0.0
India,IND,Jharkhand,JH,state,2019,Power sector emissions,Fuel,Coal,ktCO2,21488.58
India,IND,Jharkhand,JH,state,2019,Power sector emissions,Fuel,Gas,ktCO2,0.0
India,IND,Jharkhand,JH,state,2019,Power sector emissions,Fuel,Hydro,ktCO2,3.08
India,IND,Jharkhand,JH,state,2019,Power sector emissions,Fuel,Nuclear,ktCO2,0.0
India,IND,Jharkhand,JH,state,2019,Power sector emissions,Fuel,Other Fossil,ktCO2,0.0
India,IND,Jharkhand,JH,state,2019,Power sector emissions,Fuel,Other Renewables,ktCO2,0.0
India,IND,Jharkhand,JH,state,2019,Power sector emissions,Fuel,Solar,ktCO2,0.84
India,IND,Jharkhand,JH,state,2019,Power sector emissions,Fuel,Wind,ktCO2,0.0
India,IND,Jharkhand,JH,state,2019,Power sector emissions,Total,Total emissions,ktCO2,21492.5
India,IND,Jharkhand,JH,state,2020,Capacity,Fuel,Bioenergy,MW,4.3
India,IND,Jharkhand,JH,state,2020,Capacity,Fuel,Coal,MW,4460.0
India,IND,Jharkhand,JH,state,2020,Capacity,Fuel,Gas,MW,0.0
India,IND,Jharkhand,JH,state,2020,Capacity,Fuel,Hydro,MW,214.05
India,IND,Jharkhand,JH,state,2020,Capacity,Fuel,Nuclear,MW,0.0
India,IND,Jharkhand,JH,state,2020,Capacity,Fuel,Other Fossil,MW,0.0
India,IND,Jharkhand,JH,state,2020,Capacity,Fuel,Other Renewables,MW,0.0
India,IND,Jharkhand,JH,state,2020,Capacity,Fuel,Solar,MW,39.06
India,IND,Jharkhand,JH,state,2020,Capacity,Fuel,Wind,MW,0.0
India,IND,Jharkhand,JH,state,2020,Electricity generation,Fuel,Bioenergy,%,0.0
India,IND,Jharkhand,JH,state,2020,Electricity generation,Fuel,Coal,%,99.06
India,IND,Jharkhand,JH,state,2020,Electricity generation,Fuel,Gas,%,0.0
India,IND,Jharkhand,JH,state,2020,Electricity generation,Fuel,Hydro,%,0.87
India,IND,Jharkhand,JH,state,2020,Electricity generation,Fuel,Nuclear,%,0.0
India,IND,Jharkhand,JH,state,2020,Electricity generation,Fuel,Other Fossil,%,0.0
India,IND,Jharkhand,JH,state,2020,Electricity generation,Fuel,Other Renewables,%,0.0
India,IND,Jharkhand,JH,state,2020,Electricity generation,Fuel,Solar,%,0.07
India,IND,Jharkhand,JH,state,2020,Electricity generation,Fuel,Wind,%,0.0
India,IND,Jharkhand,JH,state,2020,Electricity generation,Fuel,Bioenergy,GWh,0.0
India,IND,Jharkhand,JH,state,2020,Electricity generation,Fuel,Coal,GWh,26666.84
India,IND,Jharkhand,JH,state,2020,Electricity generation,Fuel,Gas,GWh,0.0
India,IND,Jharkhand,JH,state,2020,Electricity generation,Fuel,Hydro,GWh,234.23
India,IND,Jharkhand,JH,state,2020,Electricity generation,Fuel,Nuclear,GWh,0.0
India,IND,Jharkhand,JH,state,2020,Electricity generation,Fuel,Other Fossil,GWh,0.0
India,IND,Jharkhand,JH,state,2020,Electricity generation,Fuel,Other Renewables,GWh,0.0
India,IND,Jharkhand,JH,state,2020,Electricity generation,Fuel,Solar,GWh,17.62
India,IND,Jharkhand,JH,state,2020,Electricity generation,Fuel,Wind,GWh,0.0
India,IND,Jharkhand,JH,state,2020,Electricity generation,Total,Total Generation,GWh,26918.69
India,IND,Jharkhand,JH,state,2020,Power sector emissions,CO2 intensity,CO2 intensity,gCO2/kWh,812.57
India,IND,Jharkhand,JH,state,2020,Power sector emissions,Fuel,Bioenergy,%,0.0
India,IND,Jharkhand,JH,state,2020,Power sector emissions,Fuel,Coal,%,21866.81
India,IND,Jharkhand,JH,state,2020,Power sector emissions,Fuel,Gas,%,0.0
India,IND,Jharkhand,JH,state,2020,Power sector emissions,Fuel,Hydro,%,5.62
India,IND,Jharkhand,JH,state,2020,Power sector emissions,Fuel,Nuclear,%,0.0
India,IND,Jharkhand,JH,state,2020,Power sector emissions,Fuel,Other Fossil,%,0.0
India,IND,Jharkhand,JH,state,2020,Power sector emissions,Fuel,Other Renewables,%,0.0
India,IND,Jharkhand,JH,state,2020,Power sector emissions,Fuel,Solar,%,0.85
India,IND,Jharkhand,JH,state,2020,Power sector emissions,Fuel,Wind,%,0.0
India,IND,Jharkhand,JH,state,2020,Power sector emissions,Fuel,Bioenergy,ktCO2,0.0
India,IND,Jharkhand,JH,state,2020,Power sector emissions,Fuel,Coal,ktCO2,21866.81
India,IND,Jharkhand,JH,state,2020,Power sector emissions,Fuel,Gas,ktCO2,0.0
India,IND,Jharkhand,JH,state,2020,Power sector emissions,Fuel,Hydro,ktCO2,5.62
India,IND,Jharkhand,JH,state,2020,Power sector emissions,Fuel,Nuclear,ktCO2,0.0
India,IND,Jharkhand,JH,state,2020,Power sector emissions,Fuel,Other Fossil,ktCO2,0.0
India,IND,Jharkhand,JH,state,2020,Power sector emissions,Fuel,Other Renewables,ktCO2,0.0
India,IND,Jharkhand,JH,state,2020,Power sector emissions,Fuel,Solar,ktCO2,0.85
India,IND,Jharkhand,JH,state,2020,Power sector emissions,Fuel,Wind,ktCO2,0.0
India,IND,Jharkhand,JH,state,2020,Power sector emissions,Total,Total emissions,ktCO2,21873.28
India,IND,Jharkhand,JH,state,2021,Capacity,Fuel,Bioenergy,MW,4.3
India,IND,Jharkhand,JH,state,2021,Capacity,Fuel,Coal,MW,4250.0
India,IND,Jharkhand,JH,state,2021,Capacity,Fuel,Gas,MW,0.0
India,IND,Jharkhand,JH,state,2021,Capacity,Fuel,Hydro,MW,214.05
India,IND,Jharkhand,JH,state,2021,Capacity,Fuel,Nuclear,MW,0.0
India,IND,Jharkhand,JH,state,2021,Capacity,Fuel,Other Fossil,MW,0.0
India,IND,Jharkhand,JH,state,2021,Capacity,Fuel,Other Renewables,MW,0.0
India,IND,Jharkhand,JH,state,2021,Capacity,Fuel,Solar,MW,88.08
India,IND,Jharkhand,JH,state,2021,Capacity,Fuel,Wind,MW,0.0
India,IND,Jharkhand,JH,state,2021,Electricity generation,Fuel,Bioenergy,%,0.0
India,IND,Jharkhand,JH,state,2021,Electricity generation,Fuel,Coal,%,98.09
India,IND,Jharkhand,JH,state,2021,Electricity generation,Fuel,Gas,%,0.0
India,IND,Jharkhand,JH,state,2021,Electricity generation,Fuel,Hydro,%,1.85
India,IND,Jharkhand,JH,state,2021,Electricity generation,Fuel,Nuclear,%,0.0
India,IND,Jharkhand,JH,state,2021,Electricity generation,Fuel,Other Fossil,%,0.0
India,IND,Jharkhand,JH,state,2021,Electricity generation,Fuel,Other Renewables,%,0.0
India,IND,Jharkhand,JH,state,2021,Electricity generation,Fuel,Solar,%,0.06
India,IND,Jharkhand,JH,state,2021,Electricity generation,Fuel,Wind,%,0.0
India,IND,Jharkhand,JH,state,2021,Electricity generation,Fuel,Bioenergy,GWh,0.0
India,IND,Jharkhand,JH,state,2021,Electricity generation,Fuel,Coal,GWh,27998.99
India,IND,Jharkhand,JH,state,2021,Electricity generation,Fuel,Gas,GWh,0.0
India,IND,Jharkhand,JH,state,2021,Electricity generation,Fuel,Hydro,GWh,528.27
India,IND,Jharkhand,JH,state,2021,Electricity generation,Fuel,Nuclear,GWh,0.0
India,IND,Jharkhand,JH,state,2021,Electricity generation,Fuel,Other Fossil,GWh,0.0
India,IND,Jharkhand,JH,state,2021,Electricity generation,Fuel,Other Renewables,GWh,0.0
India,IND,Jharkhand,JH,state,2021,Electricity generation,Fuel,Solar,GWh,17.88
India,IND,Jharkhand,JH,state,2021,Electricity generation,Fuel,Wind,GWh,0.0
India,IND,Jharkhand,JH,state,2021,Electricity generation,Total,Total Generation,GWh,28545.14
India,IND,Jharkhand,JH,state,2021,Power sector emissions,CO2 intensity,CO2 intensity,gCO2/kWh,804.79
India,IND,Jharkhand,JH,state,2021,Power sector emissions,Fuel,Bioenergy,%,0.0
India,IND,Jharkhand,JH,state,2021,Power sector emissions,Fuel,Coal,%,22959.17
India,IND,Jharkhand,JH,state,2021,Power sector emissions,Fuel,Gas,%,0.0
India,IND,Jharkhand,JH,state,2021,Power sector emissions,Fuel,Hydro,%,12.68
India,IND,Jharkhand,JH,state,2021,Power sector emissions,Fuel,Nuclear,%,0.0
India,IND,Jharkhand,JH,state,2021,Power sector emissions,Fuel,Other Fossil,%,0.0
India,IND,Jharkhand,JH,state,2021,Power sector emissions,Fuel,Other Renewables,%,0.0
India,IND,Jharkhand,JH,state,2021,Power sector emissions,Fuel,Solar,%,0.86
India,IND,Jharkhand,JH,state,2021,Power sector emissions,Fuel,Wind,%,0.0
India,IND,Jharkhand,JH,state,2021,Power sector emissions,Fuel,Bioenergy,ktCO2,0.0
India,IND,Jharkhand,JH,state,2021,Power sector emissions,Fuel,Coal,ktCO2,22959.17
India,IND,Jharkhand,JH,state,2021,Power sector emissions,Fuel,Gas,ktCO2,0.0
India,IND,Jharkhand,JH,state,2021,Power sector emissions,Fuel,Hydro,ktCO2,12.68
India,IND,Jharkhand,JH,state,2021,Power sector emissions,Fuel,Nuclear,ktCO2,0.0
India,IND,Jharkhand,JH,state,2021,Power sector emissions,Fuel,Other Fossil,ktCO2,0.0
India,IND,Jharkhand,JH,state,2021,Power sector emissions,Fuel,Other Renewables,ktCO2,0.0
India,IND,Jharkhand,JH,state,2021,Power sector emissions,Fuel,Solar,ktCO2,0.86
India,IND,Jharkhand,JH,state,2021,Power sector emissions,Fuel,Wind,ktCO2,0.0
India,IND,Jharkhand,JH,state,2021,Power sector emissions,Total,Total emissions,ktCO2,22972.71
India,IND,Jharkhand,JH,state,2022,Capacity,Fuel,Bioenergy,MW,4.3
India,IND,Jharkhand,JH,state,2022,Capacity,Fuel,Coal,MW,4250.0
India,IND,Jharkhand,JH,state,2022,Capacity,Fuel,Gas,MW,0.0
India,IND,Jharkhand,JH,state,2022,Capacity,Fuel,Hydro,MW,214.05
India,IND,Jharkhand,JH,state,2022,Capacity,Fuel,Nuclear,MW,0.0
India,IND,Jharkhand,JH,state,2022,Capacity,Fuel,Other Fossil,MW,0.0
India,IND,Jharkhand,JH,state,2022,Capacity,Fuel,Other Renewables,MW,
India,IND,Jharkhand,JH,state,2022,Capacity,Fuel,Solar,MW,94.91
India,IND,Jharkhand,JH,state,2022,Capacity,Fuel,Wind,MW,0.0
India,IND,Jharkhand,JH,state,2022,Electricity generation,Fuel,Bioenergy,%,0.0
India,IND,Jharkhand,JH,state,2022,Electricity generation,Fuel,Coal,%,98.86
India,IND,Jharkhand,JH,state,2022,Electricity generation,Fuel,Gas,%,0.0
India,IND,Jharkhand,JH,state,2022,Electricity generation,Fuel,Hydro,%,1.08
India,IND,Jharkhand,JH,state,2022,Electricity generation,Fuel,Nuclear,%,0.0
India,IND,Jharkhand,JH,state,2022,Electricity generation,Fuel,Other Fossil,%,0.0
India,IND,Jharkhand,JH,state,2022,Electricity generation,Fuel,Other Renewables,%,0.0
India,IND,Jharkhand,JH,state,2022,Electricity generation,Fuel,Solar,%,0.07
India,IND,Jharkhand,JH,state,2022,Electricity generation,Fuel,Wind,%,0.0
India,IND,Jharkhand,JH,state,2022,Electricity generation,Fuel,Bioenergy,GWh,0.0
India,IND,Jharkhand,JH,state,2022,Electricity generation,Fuel,Coal,GWh,30416.71
India,IND,Jharkhand,JH,state,2022,Electricity generation,Fuel,Gas,GWh,0.0
India,IND,Jharkhand,JH,state,2022,Electricity generation,Fuel,Hydro,GWh,330.99
India,IND,Jharkhand,JH,state,2022,Electricity generation,Fuel,Nuclear,GWh,0.0
India,IND,Jharkhand,JH,state,2022,Electricity generation,Fuel,Other Fossil,GWh,0.0
India,IND,Jharkhand,JH,state,2022,Electricity generation,Fuel,Other Renewables,GWh,0.0
India,IND,Jharkhand,JH,state,2022,Electricity generation,Fuel,Solar,GWh,20.39
India,IND,Jharkhand,JH,state,2022,Electricity generation,Fuel,Wind,GWh,0.0
India,IND,Jharkhand,JH,state,2022,Electricity generation,Total,Total Generation,GWh,30768.09
India,IND,Jharkhand,JH,state,2022,Power sector emissions,CO2 intensity,CO2 intensity,gCO2/kWh,810.93
India,IND,Jharkhand,JH,state,2022,Power sector emissions,Fuel,Bioenergy,%,0.0
India,IND,Jharkhand,JH,state,2022,Power sector emissions,Fuel,Coal,%,24941.7
India,IND,Jharkhand,JH,state,2022,Power sector emissions,Fuel,Gas,%,0.0
India,IND,Jharkhand,JH,state,2022,Power sector emissions,Fuel,Hydro,%,7.94
India,IND,Jharkhand,JH,state,2022,Power sector emissions,Fuel,Nuclear,%,0.0
India,IND,Jharkhand,JH,state,2022,Power sector emissions,Fuel,Other Fossil,%,0.0
India,IND,Jharkhand,JH,state,2022,Power sector emissions,Fuel,Other Renewables,%,0.0
India,IND,Jharkhand,JH,state,2022,Power sector emissions,Fuel,Solar,%,0.98
India,IND,Jharkhand,JH,state,2022,Power sector emissions,Fuel,Wind,%,0.0
India,IND,Jharkhand,JH,state,2022,Power sector emissions,Fuel,Bioenergy,ktCO2,0.0
India,IND,Jharkhand,JH,state,2022,Power sector emissions,Fuel,Coal,ktCO2,24941.7
India,IND,Jharkhand,JH,state,2022,Power sector emissions,Fuel,Gas,ktCO2,0.0
India,IND,Jharkhand,JH,state,2022,Power sector emissions,Fuel,Hydro,ktCO2,7.94
India,IND,Jharkhand,JH,state,2022,Power sector emissions,Fuel,Nuclear,ktCO2,0.0
India,IND,Jharkhand,JH,state,2022,Power sector emissions,Fuel,Other Fossil,ktCO2,0.0
India,IND,Jharkhand,JH,state,2022,Power sector emissions,Fuel,Other Renewables,ktCO2,0.0
India,IND,Jharkhand,JH,state,2022,Power sector emissions,Fuel,Solar,ktCO2,0.98
India,IND,Jharkhand,JH,state,2022,Power sector emissions,Fuel,Wind,ktCO2,0.0
India,IND,Jharkhand,JH,state,2022,Power sector emissions,Total,Total emissions,ktCO2,24950.62
India,IND,Jharkhand,JH,state,2023,Capacity,Fuel,Bioenergy,MW,14.1
India,IND,Jharkhand,JH,state,2023,Capacity,Fuel,Coal,MW,4910.0
India,IND,Jharkhand,JH,state,2023,Capacity,Fuel,Gas,MW,0.0
India,IND,Jharkhand,JH,state,2023,Capacity,Fuel,Hydro,MW,214.05
India,IND,Jharkhand,JH,state,2023,Capacity,Fuel,Nuclear,MW,0.0
India,IND,Jharkhand,JH,state,2023,Capacity,Fuel,Other Fossil,MW,0.0
India,IND,Jharkhand,JH,state,2023,Capacity,Fuel,Other Renewables,MW,
India,IND,Jharkhand,JH,state,2023,Capacity,Fuel,Solar,MW,121.77
India,IND,Jharkhand,JH,state,2023,Capacity,Fuel,Wind,MW,0.0
India,IND,Jharkhand,JH,state,2023,Electricity generation,Fuel,Bioenergy,%,0.0
India,IND,Jharkhand,JH,state,2023,Electricity generation,Fuel,Coal,%,99.35
India,IND,Jharkhand,JH,state,2023,Electricity generation,Fuel,Gas,%,0.0
India,IND,Jharkhand,JH,state,2023,Electricity generation,Fuel,Hydro,%,0.6
India,IND,Jharkhand,JH,state,2023,Electricity generation,Fuel,Nuclear,%,0.0
India,IND,Jharkhand,JH,state,2023,Electricity generation,Fuel,Other Fossil,%,0.0
India,IND,Jharkhand,JH,state,2023,Electricity generation,Fuel,Other Renewables,%,0.0
India,IND,Jharkhand,JH,state,2023,Electricity generation,Fuel,Solar,%,0.05
India,IND,Jharkhand,JH,state,2023,Electricity generation,Fuel,Wind,%,0.0
India,IND,Jharkhand,JH,state,2023,Electricity generation,Fuel,Bioenergy,GWh,0.0
India,IND,Jharkhand,JH,state,2023,Electricity generation,Fuel,Coal,GWh,33784.08
India,IND,Jharkhand,JH,state,2023,Electricity generation,Fuel,Gas,GWh,0.0
India,IND,Jharkhand,JH,state,2023,Electricity generation,Fuel,Hydro,GWh,203.61
India,IND,Jharkhand,JH,state,2023,Electricity generation,Fuel,Nuclear,GWh,0.0
India,IND,Jharkhand,JH,state,2023,Electricity generation,Fuel,Other Fossil,GWh,0.0
India,IND,Jharkhand,JH,state,2023,Electricity generation,Fuel,Other Renewables,GWh,0.0
India,IND,Jharkhand,JH,state,2023,Electricity generation,Fuel,Solar,GWh,17.64
India,IND,Jharkhand,JH,state,2023,Electricity generation,Fuel,Wind,GWh,0.0
India,IND,Jharkhand,JH,state,2023,Electricity generation,Total,Total Generation,GWh,34005.33
India,IND,Jharkhand,JH,state,2023,Power sector emissions,CO2 intensity,CO2 intensity,gCO2/kWh,814.83
India,IND,Jharkhand,JH,state,2023,Power sector emissions,Fuel,Bioenergy,%,0.0
India,IND,Jharkhand,JH,state,2023,Power sector emissions,Fuel,Coal,%,27702.94
India,IND,Jharkhand,JH,state,2023,Power sector emissions,Fuel,Gas,%,0.0
India,IND,Jharkhand,JH,state,2023,Power sector emissions,Fuel,Hydro,%,4.89
India,IND,Jharkhand,JH,state,2023,Power sector emissions,Fuel,Nuclear,%,0.0
India,IND,Jharkhand,JH,state,2023,Power sector emissions,Fuel,Other Fossil,%,0.0
India,IND,Jharkhand,JH,state,2023,Power sector emissions,Fuel,Other Renewables,%,0.0
India,IND,Jharkhand,JH,state,2023,Power sector emissions,Fuel,Solar,%,0.85
India,IND,Jharkhand,JH,state,2023,Power sector emissions,Fuel,Wind,%,0.0
India,IND,Jharkhand,JH,state,2023,Power sector emissions,Fuel,Bioenergy,ktCO2,0.0
India,IND,Jharkhand,JH,state,2023,Power sector emissions,Fuel,Coal,ktCO2,27702.94
India,IND,Jharkhand,JH,state,2023,Power sector emissions,Fuel,Gas,ktCO2,0.0
India,IND,Jharkhand,JH,state,2023,Power sector emissions,Fuel,Hydro,ktCO2,4.89
India,IND,Jharkhand,JH,state,2023,Power sector emissions,Fuel,Nuclear,ktCO2,0.0
India,IND,Jharkhand,JH,state,2023,Power sector emissions,Fuel,Other Fossil,ktCO2,0.0
India,IND,Jharkhand,JH,state,2023,Power sector emissions,Fuel,Other Renewables,ktCO2,0.0
India,IND,Jharkhand,JH,state,2023,Power sector emissions,Fuel,Solar,ktCO2,0.85
India,IND,Jharkhand,JH,state,2023,Power sector emissions,Fuel,Wind,ktCO2,0.0
India,IND,Jharkhand,JH,state,2023,Power sector emissions,Total,Total emissions,ktCO2,27708.68
India,IND,Jharkhand,JH,state,2024,Capacity,Fuel,Bioenergy,MW,20.14
India,IND,Jharkhand,JH,state,2024,Capacity,Fuel,Coal,MW,5570.0
India,IND,Jharkhand,JH,state,2024,Capacity,Fuel,Gas,MW,0.0
India,IND,Jharkhand,JH,state,2024,Capacity,Fuel,Hydro,MW,214.05
India,IND,Jharkhand,JH,state,2024,Capacity,Fuel,Nuclear,MW,0.0
India,IND,Jharkhand,JH,state,2024,Capacity,Fuel,Other Fossil,MW,0.0
India,IND,Jharkhand,JH,state,2024,Capacity,Fuel,Other Renewables,MW,
India,IND,Jharkhand,JH,state,2024,Capacity,Fuel,Solar,MW,199.87
India,IND,Jharkhand,JH,state,2024,Capacity,Fuel,Wind,MW,0.0
India,IND,Jharkhand,JH,state,2024,Electricity generation,Fuel,Bioenergy,%,0.0
India,IND,Jharkhand,JH,state,2024,Electricity generation,Fuel,Coal,%,99.32
India,IND,Jharkhand,JH,state,2024,Electricity generation,Fuel,Gas,%,0.0
India,IND,Jharkhand,JH,state,2024,Electricity generation,Fuel,Hydro,%,0.64
India,IND,Jharkhand,JH,state,2024,Electricity generation,Fuel,Nuclear,%,0.0
India,IND,Jharkhand,JH,state,2024,Electricity generation,Fuel,Other Fossil,%,0.0
India,IND,Jharkhand,JH,state,2024,Electricity generation,Fuel,Other Renewables,%,0.0
India,IND,Jharkhand,JH,state,2024,Electricity generation,Fuel,Solar,%,0.04
India,IND,Jharkhand,JH,state,2024,Electricity generation,Fuel,Wind,%,0.0
India,IND,Jharkhand,JH,state,2024,Electricity generation,Fuel,Bioenergy,GWh,0.0
India,IND,Jharkhand,JH,state,2024,Electricity generation,Fuel,Coal,GWh,38984.33
India,IND,Jharkhand,JH,state,2024,Electricity generation,Fuel,Gas,GWh,0.0
India,IND,Jharkhand,JH,state,2024,Electricity generation,Fuel,Hydro,GWh,250.16
India,IND,Jharkhand,JH,state,2024,Electricity generation,Fuel,Nuclear,GWh,0.0
India,IND,Jharkhand,JH,state,2024,Electricity generation,Fuel,Other Fossil,GWh,0.0
India,IND,Jharkhand,JH,state,2024,Electricity generation,Fuel,Other Renewables,GWh,0.0
India,IND,Jharkhand,JH,state,2024,Electricity generation,Fuel,Solar,GWh,17.64
India,IND,Jharkhand,JH,state,2024,Electricity generation,Fuel,Wind,GWh,0.0
India,IND,Jharkhand,JH,state,2024,Electricity generation,Total,Total Generation,GWh,39252.13
India,IND,Jharkhand,JH,state,2024,Power sector emissions,CO2 intensity,CO2 intensity,gCO2/kWh,814.58
India,IND,Jharkhand,JH,state,2024,Power sector emissions,Fuel,Bioenergy,%,0.0
India,IND,Jharkhand,JH,state,2024,Power sector emissions,Fuel,Coal,%,31967.15
India,IND,Jharkhand,JH,state,2024,Power sector emissions,Fuel,Gas,%,0.0
India,IND,Jharkhand,JH,state,2024,Power sector emissions,Fuel,Hydro,%,6.0
India,IND,Jharkhand,JH,state,2024,Power sector emissions,Fuel,Nuclear,%,0.0
India,IND,Jharkhand,JH,state,2024,Power sector emissions,Fuel,Other Fossil,%,0.0
India,IND,Jharkhand,JH,state,2024,Power sector emissions,Fuel,Other Renewables,%,0.0
India,IND,Jharkhand,JH,state,2024,Power sector emissions,Fuel,Solar,%,0.85
India,IND,Jharkhand,JH,state,2024,Power sector emissions,Fuel,Wind,%,0.0
India,IND,Jharkhand,JH,state,2024,Power sector emissions,Fuel,Bioenergy,ktCO2,0.0
India,IND,Jharkhand,JH,state,2024,Power sector emissions,Fuel,Coal,ktCO2,31967.15
India,IND,Jharkhand,JH,state,2024,Power sector emissions,Fuel,Gas,ktCO2,0.0
India,IND,Jharkhand,JH,state,2024,Power sector emissions,Fuel,Hydro,ktCO2,6.0
India,IND,Jharkhand,JH,state,2024,Power sector emissions,Fuel,Nuclear,ktCO2,0.0
India,IND,Jharkhand,JH,state,2024,Power sector emissions,Fuel,Other Fossil,ktCO2,0.0
India,IND,Jharkhand,JH,state,2024,Power sector emissions,Fuel,Other Renewables,ktCO2,0.0
India,IND,Jharkhand,JH,state,2024,Power sector emissions,Fuel,Solar,ktCO2,0.85
India,IND,Jharkhand,JH,state,2024,Power sector emissions,Fuel,Wind,ktCO2,0.0
India,IND,Jharkhand,JH,state,2024,Power sector emissions,Total,Total emissions,ktCO2,31974.0
India,IND,Karnataka,KA,state,2019,Capacity,Fuel,Bioenergy,MW,1882.8
India,IND,Karnataka,KA,state,2019,Capacity,Fuel,Coal,MW,9352.08
India,IND,Karnataka,KA,state,2019,Capacity,Fuel,Gas,MW,0.0
India,IND,Karnataka,KA,state,2019,Capacity,Fuel,Hydro,MW,4924.93
India,IND,Karnataka,KA,state,2019,Capacity,Fuel,Nuclear,MW,880.0
India,IND,Karnataka,KA,state,2019,Capacity,Fuel,Other Fossil,MW,153.12
India,IND,Karnataka,KA,state,2019,Capacity,Fuel,Other Renewables,MW,0.0
India,IND,Karnataka,KA,state,2019,Capacity,Fuel,Solar,MW,7274.93
India,IND,Karnataka,KA,state,2019,Capacity,Fuel,Wind,MW,4753.4
India,IND,Karnataka,KA,state,2019,Electricity generation,Fuel,Bioenergy,%,3.62
India,IND,Karnataka,KA,state,2019,Electricity generation,Fuel,Coal,%,35.26
India,IND,Karnataka,KA,state,2019,Electricity generation,Fuel,Gas,%,0.0
India,IND,Karnataka,KA,state,2019,Electricity generation,Fuel,Hydro,%,22.08
India,IND,Karnataka,KA,state,2019,Electricity generation,Fuel,Nuclear,%,10.2
India,IND,Karnataka,KA,state,2019,Electricity generation,Fuel,Other Fossil,%,0.0
India,IND,Karnataka,KA,state,2019,Electricity generation,Fuel,Other Renewables,%,0.0
India,IND,Karnataka,KA,state,2019,Electricity generation,Fuel,Solar,%,14.09
India,IND,Karnataka,KA,state,2019,Electricity generation,Fuel,Wind,%,14.75
India,IND,Karnataka,KA,state,2019,Electricity generation,Fuel,Bioenergy,GWh,2504.98
India,IND,Karnataka,KA,state,2019,Electricity generation,Fuel,Coal,GWh,24373.82
India,IND,Karnataka,KA,state,2019,Electricity generation,Fuel,Gas,GWh,0.0
India,IND,Karnataka,KA,state,2019,Electricity generation,Fuel,Hydro,GWh,15261.32
India,IND,Karnataka,KA,state,2019,Electricity generation,Fuel,Nuclear,GWh,7049.89
India,IND,Karnataka,KA,state,2019,Electricity generation,Fuel,Other Fossil,GWh,0.0
India,IND,Karnataka,KA,state,2019,Electricity generation,Fuel,Other Renewables,GWh,0.0
India,IND,Karnataka,KA,state,2019,Electricity generation,Fuel,Solar,GWh,9737.81
India,IND,Karnataka,KA,state,2019,Electricity generation,Fuel,Wind,GWh,10199.37
India,IND,Karnataka,KA,state,2019,Electricity generation,Total,Total Generation,GWh,69127.19
India,IND,Karnataka,KA,state,2019,Power sector emissions,CO2 intensity,CO2 intensity,gCO2/kWh,312.37
India,IND,Karnataka,KA,state,2019,Power sector emissions,Fuel,Bioenergy,%,576.15
India,IND,Karnataka,KA,state,2019,Power sector emissions,Fuel,Coal,%,19986.53
India,IND,Karnataka,KA,state,2019,Power sector emissions,Fuel,Gas,%,0.0
India,IND,Karnataka,KA,state,2019,Power sector emissions,Fuel,Hydro,%,366.27
India,IND,Karnataka,KA,state,2019,Power sector emissions,Fuel,Nuclear,%,84.6
India,IND,Karnataka,KA,state,2019,Power sector emissions,Fuel,Other Fossil,%,0.0
India,IND,Karnataka,KA,state,2019,Power sector emissions,Fuel,Other Renewables,%,0.0
India,IND,Karnataka,KA,state,2019,Power sector emissions,Fuel,Solar,%,467.41
India,IND,Karnataka,KA,state,2019,Power sector emissions,Fuel,Wind,%,112.19
India,IND,Karnataka,KA,state,2019,Power sector emissions,Fuel,Bioenergy,ktCO2,576.15
India,IND,Karnataka,KA,state,2019,Power sector emissions,Fuel,Coal,ktCO2,19986.53
India,IND,Karnataka,KA,state,2019,Power sector emissions,Fuel,Gas,ktCO2,0.0
India,IND,Karnataka,KA,state,2019,Power sector emissions,Fuel,Hydro,ktCO2,366.27
India,IND,Karnataka,KA,state,2019,Power sector emissions,Fuel,Nuclear,ktCO2,84.6
India,IND,Karnataka,KA,state,2019,Power sector emissions,Fuel,Other Fossil,ktCO2,0.0
India,IND,Karnataka,KA,state,2019,Power sector emissions,Fuel,Other Renewables,ktCO2,0.0
India,IND,Karnataka,KA,state,2019,Power sector emissions,Fuel,Solar,ktCO2,467.41
India,IND,Karnataka,KA,state,2019,Power sector emissions,Fuel,Wind,ktCO2,112.19
India,IND,Karnataka,KA,state,2019,Power sector emissions,Total,Total emissions,ktCO2,21593.15
India,IND,Karnataka,KA,state,2020,Capacity,Fuel,Bioenergy,MW,1888.3
India,IND,Karnataka,KA,state,2020,Capacity,Fuel,Coal,MW,9480.0
India,IND,Karnataka,KA,state,2020,Capacity,Fuel,Gas,MW,0.0
India,IND,Karnataka,KA,state,2020,Capacity,Fuel,Hydro,MW,4924.93
India,IND,Karnataka,KA,state,2020,Capacity,Fuel,Nuclear,MW,880.0
India,IND,Karnataka,KA,state,2020,Capacity,Fuel,Other Fossil,MW,25.2
India,IND,Karnataka,KA,state,2020,Capacity,Fuel,Other Renewables,MW,0.0
India,IND,Karnataka,KA,state,2020,Capacity,Fuel,Solar,MW,7328.87
India,IND,Karnataka,KA,state,2020,Capacity,Fuel,Wind,MW,4868.8
India,IND,Karnataka,KA,state,2020,Electricity generation,Fuel,Bioenergy,%,4.25
India,IND,Karnataka,KA,state,2020,Electricity generation,Fuel,Coal,%,27.26
India,IND,Karnataka,KA,state,2020,Electricity generation,Fuel,Gas,%,0.0
India,IND,Karnataka,KA,state,2020,Electricity generation,Fuel,Hydro,%,23.69
India,IND,Karnataka,KA,state,2020,Electricity generation,Fuel,Nuclear,%,10.58
India,IND,Karnataka,KA,state,2020,Electricity generation,Fuel,Other Fossil,%,0.0
India,IND,Karnataka,KA,state,2020,Electricity generation,Fuel,Other Renewables,%,0.0
India,IND,Karnataka,KA,state,2020,Electricity generation,Fuel,Solar,%,20.26
India,IND,Karnataka,KA,state,2020,Electricity generation,Fuel,Wind,%,13.96
India,IND,Karnataka,KA,state,2020,Electricity generation,Fuel,Bioenergy,GWh,2850.67
India,IND,Karnataka,KA,state,2020,Electricity generation,Fuel,Coal,GWh,18297.62
India,IND,Karnataka,KA,state,2020,Electricity generation,Fuel,Gas,GWh,0.0
India,IND,Karnataka,KA,state,2020,Electricity generation,Fuel,Hydro,GWh,15902.09
India,IND,Karnataka,KA,state,2020,Electricity generation,Fuel,Nuclear,GWh,7097.87
India,IND,Karnataka,KA,state,2020,Electricity generation,Fuel,Other Fossil,GWh,0.0
India,IND,Karnataka,KA,state,2020,Electricity generation,Fuel,Other Renewables,GWh,0.0
India,IND,Karnataka,KA,state,2020,Electricity generation,Fuel,Solar,GWh,13599.81
India,IND,Karnataka,KA,state,2020,Electricity generation,Fuel,Wind,GWh,9370.37
India,IND,Karnataka,KA,state,2020,Electricity generation,Total,Total Generation,GWh,67118.43
India,IND,Karnataka,KA,state,2020,Power sector emissions,CO2 intensity,CO2 intensity,gCO2/kWh,251.53
India,IND,Karnataka,KA,state,2020,Power sector emissions,Fuel,Bioenergy,%,655.65
India,IND,Karnataka,KA,state,2020,Power sector emissions,Fuel,Coal,%,15004.05
India,IND,Karnataka,KA,state,2020,Power sector emissions,Fuel,Gas,%,0.0
India,IND,Karnataka,KA,state,2020,Power sector emissions,Fuel,Hydro,%,381.65
India,IND,Karnataka,KA,state,2020,Power sector emissions,Fuel,Nuclear,%,85.17
India,IND,Karnataka,KA,state,2020,Power sector emissions,Fuel,Other Fossil,%,0.0
India,IND,Karnataka,KA,state,2020,Power sector emissions,Fuel,Other Renewables,%,0.0
India,IND,Karnataka,KA,state,2020,Power sector emissions,Fuel,Solar,%,652.79
India,IND,Karnataka,KA,state,2020,Power sector emissions,Fuel,Wind,%,103.07
India,IND,Karnataka,KA,state,2020,Power sector emissions,Fuel,Bioenergy,ktCO2,655.65
India,IND,Karnataka,KA,state,2020,Power sector emissions,Fuel,Coal,ktCO2,15004.05
India,IND,Karnataka,KA,state,2020,Power sector emissions,Fuel,Gas,ktCO2,0.0
India,IND,Karnataka,KA,state,2020,Power sector emissions,Fuel,Hydro,ktCO2,381.65
India,IND,Karnataka,KA,state,2020,Power sector emissions,Fuel,Nuclear,ktCO2,85.17
India,IND,Karnataka,KA,state,2020,Power sector emissions,Fuel,Other Fossil,ktCO2,0.0
India,IND,Karnataka,KA,state,2020,Power sector emissions,Fuel,Other Renewables,ktCO2,0.0
India,IND,Karnataka,KA,state,2020,Power sector emissions,Fuel,Solar,ktCO2,652.79
India,IND,Karnataka,KA,state,2020,Power sector emissions,Fuel,Wind,ktCO2,103.07
India,IND,Karnataka,KA,state,2020,Power sector emissions,Total,Total emissions,ktCO2,16882.38
India,IND,Karnataka,KA,state,2021,Capacity,Fuel,Bioenergy,MW,1902.15
India,IND,Karnataka,KA,state,2021,Capacity,Fuel,Coal,MW,9480.0
India,IND,Karnataka,KA,state,2021,Capacity,Fuel,Gas,MW,0.0
India,IND,Karnataka,KA,state,2021,Capacity,Fuel,Hydro,MW,4969.93
India,IND,Karnataka,KA,state,2021,Capacity,Fuel,Nuclear,MW,880.0
India,IND,Karnataka,KA,state,2021,Capacity,Fuel,Other Fossil,MW,25.2
India,IND,Karnataka,KA,state,2021,Capacity,Fuel,Other Renewables,MW,0.0
India,IND,Karnataka,KA,state,2021,Capacity,Fuel,Solar,MW,7524.31
India,IND,Karnataka,KA,state,2021,Capacity,Fuel,Wind,MW,5071.95
India,IND,Karnataka,KA,state,2021,Electricity generation,Fuel,Bioenergy,%,4.1
India,IND,Karnataka,KA,state,2021,Electricity generation,Fuel,Coal,%,38.56
India,IND,Karnataka,KA,state,2021,Electricity generation,Fuel,Gas,%,0.0
India,IND,Karnataka,KA,state,2021,Electricity generation,Fuel,Hydro,%,19.33
India,IND,Karnataka,KA,state,2021,Electricity generation,Fuel,Nuclear,%,9.27
India,IND,Karnataka,KA,state,2021,Electricity generation,Fuel,Other Fossil,%,0.0
India,IND,Karnataka,KA,state,2021,Electricity generation,Fuel,Other Renewables,%,0.0
India,IND,Karnataka,KA,state,2021,Electricity generation,Fuel,Solar,%,16.36
India,IND,Karnataka,KA,state,2021,Electricity generation,Fuel,Wind,%,12.38
India,IND,Karnataka,KA,state,2021,Electricity generation,Fuel,Bioenergy,GWh,3235.24
India,IND,Karnataka,KA,state,2021,Electricity generation,Fuel,Coal,GWh,30400.93
India,IND,Karnataka,KA,state,2021,Electricity generation,Fuel,Gas,GWh,0.0
India,IND,Karnataka,KA,state,2021,Electricity generation,Fuel,Hydro,GWh,15240.49
India,IND,Karnataka,KA,state,2021,Electricity generation,Fuel,Nuclear,GWh,7308.27
India,IND,Karnataka,KA,state,2021,Electricity generation,Fuel,Other Fossil,GWh,0.0
India,IND,Karnataka,KA,state,2021,Electricity generation,Fuel,Other Renewables,GWh,0.0
India,IND,Karnataka,KA,state,2021,Electricity generation,Fuel,Solar,GWh,12899.47
India,IND,Karnataka,KA,state,2021,Electricity generation,Fuel,Wind,GWh,9763.68
India,IND,Karnataka,KA,state,2021,Electricity generation,Total,Total Generation,GWh,78848.08
India,IND,Karnataka,KA,state,2021,Power sector emissions,CO2 intensity,CO2 intensity,gCO2/kWh,340.57
India,IND,Karnataka,KA,state,2021,Power sector emissions,Fuel,Bioenergy,%,744.11
India,IND,Karnataka,KA,state,2021,Power sector emissions,Fuel,Coal,%,24928.76
India,IND,Karnataka,KA,state,2021,Power sector emissions,Fuel,Gas,%,0.0
India,IND,Karnataka,KA,state,2021,Power sector emissions,Fuel,Hydro,%,365.77
India,IND,Karnataka,KA,state,2021,Power sector emissions,Fuel,Nuclear,%,87.7
India,IND,Karnataka,KA,state,2021,Power sector emissions,Fuel,Other Fossil,%,0.0
India,IND,Karnataka,KA,state,2021,Power sector emissions,Fuel,Other Renewables,%,0.0
India,IND,Karnataka,KA,state,2021,Power sector emissions,Fuel,Solar,%,619.17
India,IND,Karnataka,KA,state,2021,Power sector emissions,Fuel,Wind,%,107.4
India,IND,Karnataka,KA,state,2021,Power sector emissions,Fuel,Bioenergy,ktCO2,744.11
India,IND,Karnataka,KA,state,2021,Power sector emissions,Fuel,Coal,ktCO2,24928.76
India,IND,Karnataka,KA,state,2021,Power sector emissions,Fuel,Gas,ktCO2,0.0
India,IND,Karnataka,KA,state,2021,Power sector emissions,Fuel,Hydro,ktCO2,365.77
India,IND,Karnataka,KA,state,2021,Power sector emissions,Fuel,Nuclear,ktCO2,87.7
India,IND,Karnataka,KA,state,2021,Power sector emissions,Fuel,Other Fossil,ktCO2,0.0
India,IND,Karnataka,KA,state,2021,Power sector emissions,Fuel,Other Renewables,ktCO2,0.0
India,IND,Karnataka,KA,state,2021,Power sector emissions,Fuel,Solar,ktCO2,619.17
India,IND,Karnataka,KA,state,2021,Power sector emissions,Fuel,Wind,ktCO2,107.4
India,IND,Karnataka,KA,state,2021,Power sector emissions,Total,Total emissions,ktCO2,26852.91
India,IND,Karnataka,KA,state,2022,Capacity,Fuel,Bioenergy,MW,1902.15
India,IND,Karnataka,KA,state,2022,Capacity,Fuel,Coal,MW,9480.0
India,IND,Karnataka,KA,state,2022,Capacity,Fuel,Gas,MW,0.0
India,IND,Karnataka,KA,state,2022,Capacity,Fuel,Hydro,MW,4933.93
India,IND,Karnataka,KA,state,2022,Capacity,Fuel,Nuclear,MW,880.0
India,IND,Karnataka,KA,state,2022,Capacity,Fuel,Other Fossil,MW,25.2
India,IND,Karnataka,KA,state,2022,Capacity,Fuel,Other Renewables,MW,
India,IND,Karnataka,KA,state,2022,Capacity,Fuel,Solar,MW,7885.57
India,IND,Karnataka,KA,state,2022,Capacity,Fuel,Wind,MW,5268.15
India,IND,Karnataka,KA,state,2022,Electricity generation,Fuel,Bioenergy,%,3.84
India,IND,Karnataka,KA,state,2022,Electricity generation,Fuel,Coal,%,40.26
India,IND,Karnataka,KA,state,2022,Electricity generation,Fuel,Gas,%,0.0
India,IND,Karnataka,KA,state,2022,Electricity generation,Fuel,Hydro,%,19.49
India,IND,Karnataka,KA,state,2022,Electricity generation,Fuel,Nuclear,%,8.88
India,IND,Karnataka,KA,state,2022,Electricity generation,Fuel,Other Fossil,%,0.0
India,IND,Karnataka,KA,state,2022,Electricity generation,Fuel,Other Renewables,%,0.0
India,IND,Karnataka,KA,state,2022,Electricity generation,Fuel,Solar,%,16.33
India,IND,Karnataka,KA,state,2022,Electricity generation,Fuel,Wind,%,11.19
India,IND,Karnataka,KA,state,2022,Electricity generation,Fuel,Bioenergy,GWh,3228.11
India,IND,Karnataka,KA,state,2022,Electricity generation,Fuel,Coal,GWh,33823.06
India,IND,Karnataka,KA,state,2022,Electricity generation,Fuel,Gas,GWh,0.0
India,IND,Karnataka,KA,state,2022,Electricity generation,Fuel,Hydro,GWh,16370.21
India,IND,Karnataka,KA,state,2022,Electricity generation,Fuel,Nuclear,GWh,7460.61
India,IND,Karnataka,KA,state,2022,Electricity generation,Fuel,Other Fossil,GWh,0.0
India,IND,Karnataka,KA,state,2022,Electricity generation,Fuel,Other Renewables,GWh,0.0
India,IND,Karnataka,KA,state,2022,Electricity generation,Fuel,Solar,GWh,13721.24
India,IND,Karnataka,KA,state,2022,Electricity generation,Fuel,Wind,GWh,9401.74
India,IND,Karnataka,KA,state,2022,Electricity generation,Total,Total Generation,GWh,84004.97
India,IND,Karnataka,KA,state,2022,Power sector emissions,CO2 intensity,CO2 intensity,gCO2/kWh,353.81
India,IND,Karnataka,KA,state,2022,Power sector emissions,Fuel,Bioenergy,%,742.47
India,IND,Karnataka,KA,state,2022,Power sector emissions,Fuel,Coal,%,27734.91
India,IND,Karnataka,KA,state,2022,Power sector emissions,Fuel,Gas,%,0.0
India,IND,Karnataka,KA,state,2022,Power sector emissions,Fuel,Hydro,%,392.89
India,IND,Karnataka,KA,state,2022,Power sector emissions,Fuel,Nuclear,%,89.53
India,IND,Karnataka,KA,state,2022,Power sector emissions,Fuel,Other Fossil,%,0.0
India,IND,Karnataka,KA,state,2022,Power sector emissions,Fuel,Other Renewables,%,0.0
India,IND,Karnataka,KA,state,2022,Power sector emissions,Fuel,Solar,%,658.62
India,IND,Karnataka,KA,state,2022,Power sector emissions,Fuel,Wind,%,103.42
India,IND,Karnataka,KA,state,2022,Power sector emissions,Fuel,Bioenergy,ktCO2,742.47
India,IND,Karnataka,KA,state,2022,Power sector emissions,Fuel,Coal,ktCO2,27734.91
India,IND,Karnataka,KA,state,2022,Power sector emissions,Fuel,Gas,ktCO2,0.0
India,IND,Karnataka,KA,state,2022,Power sector emissions,Fuel,Hydro,ktCO2,392.89
India,IND,Karnataka,KA,state,2022,Power sector emissions,Fuel,Nuclear,ktCO2,89.53
India,IND,Karnataka,KA,state,2022,Power sector emissions,Fuel,Other Fossil,ktCO2,0.0
India,IND,Karnataka,KA,state,2022,Power sector emissions,Fuel,Other Renewables,ktCO2,0.0
India,IND,Karnataka,KA,state,2022,Power sector emissions,Fuel,Solar,ktCO2,658.62
India,IND,Karnataka,KA,state,2022,Power sector emissions,Fuel,Wind,ktCO2,103.42
India,IND,Karnataka,KA,state,2022,Power sector emissions,Total,Total emissions,ktCO2,29721.84
India,IND,Karnataka,KA,state,2023,Capacity,Fuel,Bioenergy,MW,1907.72
India,IND,Karnataka,KA,state,2023,Capacity,Fuel,Coal,MW,9480.0
India,IND,Karnataka,KA,state,2023,Capacity,Fuel,Gas,MW,0.0
India,IND,Karnataka,KA,state,2023,Capacity,Fuel,Hydro,MW,4933.93
India,IND,Karnataka,KA,state,2023,Capacity,Fuel,Nuclear,MW,880.0
India,IND,Karnataka,KA,state,2023,Capacity,Fuel,Other Fossil,MW,25.2
India,IND,Karnataka,KA,state,2023,Capacity,Fuel,Other Renewables,MW,
India,IND,Karnataka,KA,state,2023,Capacity,Fuel,Solar,MW,9412.71
India,IND,Karnataka,KA,state,2023,Capacity,Fuel,Wind,MW,5595.91
India,IND,Karnataka,KA,state,2023,Electricity generation,Fuel,Bioenergy,%,3.3
India,IND,Karnataka,KA,state,2023,Electricity generation,Fuel,Coal,%,46.91
India,IND,Karnataka,KA,state,2023,Electricity generation,Fuel,Gas,%,0.0
India,IND,Karnataka,KA,state,2023,Electricity generation,Fuel,Hydro,%,12.89
India,IND,Karnataka,KA,state,2023,Electricity generation,Fuel,Nuclear,%,8.15
India,IND,Karnataka,KA,state,2023,Electricity generation,Fuel,Other Fossil,%,0.0
India,IND,Karnataka,KA,state,2023,Electricity generation,Fuel,Other Renewables,%,0.0
India,IND,Karnataka,KA,state,2023,Electricity generation,Fuel,Solar,%,16.61
India,IND,Karnataka,KA,state,2023,Electricity generation,Fuel,Wind,%,12.13
India,IND,Karnataka,KA,state,2023,Electricity generation,Fuel,Bioenergy,GWh,3041.25
India,IND,Karnataka,KA,state,2023,Electricity generation,Fuel,Coal,GWh,43190.23
India,IND,Karnataka,KA,state,2023,Electricity generation,Fuel,Gas,GWh,0.0
India,IND,Karnataka,KA,state,2023,Electricity generation,Fuel,Hydro,GWh,11871.54
India,IND,Karnataka,KA,state,2023,Electricity generation,Fuel,Nuclear,GWh,7500.72
India,IND,Karnataka,KA,state,2023,Electricity generation,Fuel,Other Fossil,GWh,0.0
India,IND,Karnataka,KA,state,2023,Electricity generation,Fuel,Other Renewables,GWh,0.0
India,IND,Karnataka,KA,state,2023,Electricity generation,Fuel,Solar,GWh,15289.3
India,IND,Karnataka,KA,state,2023,Electricity generation,Fuel,Wind,GWh,11171.67
India,IND,Karnataka,KA,state,2023,Electricity generation,Total,Total Generation,GWh,92064.71
India,IND,Karnataka,KA,state,2023,Power sector emissions,CO2 intensity,CO2 intensity,gCO2/kWh,405.66
India,IND,Karnataka,KA,state,2023,Power sector emissions,Fuel,Bioenergy,%,699.49
India,IND,Karnataka,KA,state,2023,Power sector emissions,Fuel,Coal,%,35415.99
India,IND,Karnataka,KA,state,2023,Power sector emissions,Fuel,Gas,%,0.0
India,IND,Karnataka,KA,state,2023,Power sector emissions,Fuel,Hydro,%,284.92
India,IND,Karnataka,KA,state,2023,Power sector emissions,Fuel,Nuclear,%,90.01
India,IND,Karnataka,KA,state,2023,Power sector emissions,Fuel,Other Fossil,%,0.0
India,IND,Karnataka,KA,state,2023,Power sector emissions,Fuel,Other Renewables,%,0.0
India,IND,Karnataka,KA,state,2023,Power sector emissions,Fuel,Solar,%,733.89
India,IND,Karnataka,KA,state,2023,Power sector emissions,Fuel,Wind,%,122.89
India,IND,Karnataka,KA,state,2023,Power sector emissions,Fuel,Bioenergy,ktCO2,699.49
India,IND,Karnataka,KA,state,2023,Power sector emissions,Fuel,Coal,ktCO2,35415.99
India,IND,Karnataka,KA,state,2023,Power sector emissions,Fuel,Gas,ktCO2,0.0
India,IND,Karnataka,KA,state,2023,Power sector emissions,Fuel,Hydro,ktCO2,284.92
India,IND,Karnataka,KA,state,2023,Power sector emissions,Fuel,Nuclear,ktCO2,90.01
India,IND,Karnataka,KA,state,2023,Power sector emissions,Fuel,Other Fossil,ktCO2,0.0
India,IND,Karnataka,KA,state,2023,Power sector emissions,Fuel,Other Renewables,ktCO2,0.0
India,IND,Karnataka,KA,state,2023,Power sector emissions,Fuel,Solar,ktCO2,733.89
India,IND,Karnataka,KA,state,2023,Power sector emissions,Fuel,Wind,ktCO2,122.89
India,IND,Karnataka,KA,state,2023,Power sector emissions,Total,Total emissions,ktCO2,37347.19
India,IND,Karnataka,KA,state,2024,Capacity,Fuel,Bioenergy,MW,1909.95
India,IND,Karnataka,KA,state,2024,Capacity,Fuel,Coal,MW,9480.0
India,IND,Karnataka,KA,state,2024,Capacity,Fuel,Gas,MW,0.0
India,IND,Karnataka,KA,state,2024,Capacity,Fuel,Hydro,MW,4937.93
India,IND,Karnataka,KA,state,2024,Capacity,Fuel,Nuclear,MW,880.0
India,IND,Karnataka,KA,state,2024,Capacity,Fuel,Other Fossil,MW,25.2
India,IND,Karnataka,KA,state,2024,Capacity,Fuel,Other Renewables,MW,
India,IND,Karnataka,KA,state,2024,Capacity,Fuel,Solar,MW,8986.94
India,IND,Karnataka,KA,state,2024,Capacity,Fuel,Wind,MW,6731.3
India,IND,Karnataka,KA,state,2024,Electricity generation,Fuel,Bioenergy,%,2.59
India,IND,Karnataka,KA,state,2024,Electricity generation,Fuel,Coal,%,45.72
India,IND,Karnataka,KA,state,2024,Electricity generation,Fuel,Gas,%,0.0
India,IND,Karnataka,KA,state,2024,Electricity generation,Fuel,Hydro,%,14.31
India,IND,Karnataka,KA,state,2024,Electricity generation,Fuel,Nuclear,%,7.98
India,IND,Karnataka,KA,state,2024,Electricity generation,Fuel,Other Fossil,%,0.0
India,IND,Karnataka,KA,state,2024,Electricity generation,Fuel,Other Renewables,%,0.0
India,IND,Karnataka,KA,state,2024,Electricity generation,Fuel,Solar,%,16.08
India,IND,Karnataka,KA,state,2024,Electricity generation,Fuel,Wind,%,13.33
India,IND,Karnataka,KA,state,2024,Electricity generation,Fuel,Bioenergy,GWh,2482.41
India,IND,Karnataka,KA,state,2024,Electricity generation,Fuel,Coal,GWh,43784.73
India,IND,Karnataka,KA,state,2024,Electricity generation,Fuel,Gas,GWh,0.0
India,IND,Karnataka,KA,state,2024,Electricity generation,Fuel,Hydro,GWh,13702.31
India,IND,Karnataka,KA,state,2024,Electricity generation,Fuel,Nuclear,GWh,7644.24
India,IND,Karnataka,KA,state,2024,Electricity generation,Fuel,Other Fossil,GWh,0.0
India,IND,Karnataka,KA,state,2024,Electricity generation,Fuel,Other Renewables,GWh,0.0
India,IND,Karnataka,KA,state,2024,Electricity generation,Fuel,Solar,GWh,15397.95
India,IND,Karnataka,KA,state,2024,Electricity generation,Fuel,Wind,GWh,12763.51
India,IND,Karnataka,KA,state,2024,Electricity generation,Total,Total Generation,GWh,95775.15
India,IND,Karnataka,KA,state,2024,Power sector emissions,CO2 intensity,CO2 intensity,gCO2/kWh,394.41
India,IND,Karnataka,KA,state,2024,Power sector emissions,Fuel,Bioenergy,%,570.95
India,IND,Karnataka,KA,state,2024,Power sector emissions,Fuel,Coal,%,35903.48
India,IND,Karnataka,KA,state,2024,Power sector emissions,Fuel,Gas,%,0.0
India,IND,Karnataka,KA,state,2024,Power sector emissions,Fuel,Hydro,%,328.86
India,IND,Karnataka,KA,state,2024,Power sector emissions,Fuel,Nuclear,%,91.73
India,IND,Karnataka,KA,state,2024,Power sector emissions,Fuel,Other Fossil,%,0.0
India,IND,Karnataka,KA,state,2024,Power sector emissions,Fuel,Other Renewables,%,0.0
India,IND,Karnataka,KA,state,2024,Power sector emissions,Fuel,Solar,%,739.1
India,IND,Karnataka,KA,state,2024,Power sector emissions,Fuel,Wind,%,140.4
India,IND,Karnataka,KA,state,2024,Power sector emissions,Fuel,Bioenergy,ktCO2,570.95
India,IND,Karnataka,KA,state,2024,Power sector emissions,Fuel,Coal,ktCO2,35903.48
India,IND,Karnataka,KA,state,2024,Power sector emissions,Fuel,Gas,ktCO2,0.0
India,IND,Karnataka,KA,state,2024,Power sector emissions,Fuel,Hydro,ktCO2,328.86
India,IND,Karnataka,KA,state,2024,Power sector emissions,Fuel,Nuclear,ktCO2,91.73
India,IND,Karnataka,KA,state,2024,Power sector emissions,Fuel,Other Fossil,ktCO2,0.0
India,IND,Karnataka,KA,state,2024,Power sector emissions,Fuel,Other Renewables,ktCO2,0.0
India,IND,Karnataka,KA,state,2024,Power sector emissions,Fuel,Solar,ktCO2,739.1
India,IND,Karnataka,KA,state,2024,Power sector emissions,Fuel,Wind,ktCO2,140.4
India,IND,Karnataka,KA,state,2024,Power sector emissions,Total,Total emissions,ktCO2,37774.52
India,IND,Kerala,KL,state,2019,Capacity,Fuel,Bioenergy,MW,0.72
India,IND,Kerala,KL,state,2019,Capacity,Fuel,Coal,MW,0.0
India,IND,Kerala,KL,state,2019,Capacity,Fuel,Gas,MW,533.58
India,IND,Kerala,KL,state,2019,Capacity,Fuel,Hydro,MW,2078.52
India,IND,Kerala,KL,state,2019,Capacity,Fuel,Nuclear,MW,0.0
India,IND,Kerala,KL,state,2019,Capacity,Fuel,Other Fossil,MW,159.96
India,IND,Kerala,KL,state,2019,Capacity,Fuel,Other Renewables,MW,0.0
India,IND,Kerala,KL,state,2019,Capacity,Fuel,Solar,MW,141.75
India,IND,Kerala,KL,state,2019,Capacity,Fuel,Wind,MW,62.5
India,IND,Kerala,KL,state,2019,Electricity generation,Fuel,Bioenergy,%,0.17
India,IND,Kerala,KL,state,2019,Electricity generation,Fuel,Coal,%,0.0
India,IND,Kerala,KL,state,2019,Electricity generation,Fuel,Gas,%,0.01
India,IND,Kerala,KL,state,2019,Electricity generation,Fuel,Hydro,%,95.62
India,IND,Kerala,KL,state,2019,Electricity generation,Fuel,Nuclear,%,0.0
India,IND,Kerala,KL,state,2019,Electricity generation,Fuel,Other Fossil,%,0.23
India,IND,Kerala,KL,state,2019,Electricity generation,Fuel,Other Renewables,%,0.0
India,IND,Kerala,KL,state,2019,Electricity generation,Fuel,Solar,%,2.12
India,IND,Kerala,KL,state,2019,Electricity generation,Fuel,Wind,%,1.83
India,IND,Kerala,KL,state,2019,Electricity generation,Fuel,Bioenergy,GWh,11.04
India,IND,Kerala,KL,state,2019,Electricity generation,Fuel,Coal,GWh,0.0
India,IND,Kerala,KL,state,2019,Electricity generation,Fuel,Gas,GWh,0.81
India,IND,Kerala,KL,state,2019,Electricity generation,Fuel,Hydro,GWh,6072.24
India,IND,Kerala,KL,state,2019,Electricity generation,Fuel,Nuclear,GWh,0.0
India,IND,Kerala,KL,state,2019,Electricity generation,Fuel,Other Fossil,GWh,14.88
India,IND,Kerala,KL,state,2019,Electricity generation,Fuel,Other Renewables,GWh,0.0
India,IND,Kerala,KL,state,2019,Electricity generation,Fuel,Solar,GWh,134.93
India,IND,Kerala,KL,state,2019,Electricity generation,Fuel,Wind,GWh,116.45
India,IND,Kerala,KL,state,2019,Electricity generation,Total,Total Generation,GWh,6350.35
India,IND,Kerala,KL,state,2019,Power sector emissions,CO2 intensity,CO2 intensity,gCO2/kWh,26.27
India,IND,Kerala,KL,state,2019,Power sector emissions,Fuel,Bioenergy,%,2.54
India,IND,Kerala,KL,state,2019,Power sector emissions,Fuel,Coal,%,0.0
India,IND,Kerala,KL,state,2019,Power sector emissions,Fuel,Gas,%,0.4
India,IND,Kerala,KL,state,2019,Power sector emissions,Fuel,Hydro,%,145.73
India,IND,Kerala,KL,state,2019,Power sector emissions,Fuel,Nuclear,%,0.0
India,IND,Kerala,KL,state,2019,Power sector emissions,Fuel,Other Fossil,%,10.42
India,IND,Kerala,KL,state,2019,Power sector emissions,Fuel,Other Renewables,%,0.0
India,IND,Kerala,KL,state,2019,Power sector emissions,Fuel,Solar,%,6.48
India,IND,Kerala,KL,state,2019,Power sector emissions,Fuel,Wind,%,1.28
India,IND,Kerala,KL,state,2019,Power sector emissions,Fuel,Bioenergy,ktCO2,2.54
India,IND,Kerala,KL,state,2019,Power sector emissions,Fuel,Coal,ktCO2,0.0
India,IND,Kerala,KL,state,2019,Power sector emissions,Fuel,Gas,ktCO2,0.4
India,IND,Kerala,KL,state,2019,Power sector emissions,Fuel,Hydro,ktCO2,145.73
India,IND,Kerala,KL,state,2019,Power sector emissions,Fuel,Nuclear,ktCO2,0.0
India,IND,Kerala,KL,state,2019,Power sector emissions,Fuel,Other Fossil,ktCO2,10.42
India,IND,Kerala,KL,state,2019,Power sector emissions,Fuel,Other Renewables,ktCO2,0.0
India,IND,Kerala,KL,state,2019,Power sector emissions,Fuel,Solar,ktCO2,6.48
India,IND,Kerala,KL,state,2019,Power sector emissions,Fuel,Wind,ktCO2,1.28
India,IND,Kerala,KL,state,2019,Power sector emissions,Total,Total emissions,ktCO2,166.85
India,IND,Kerala,KL,state,2020,Capacity,Fuel,Bioenergy,MW,2.27
India,IND,Kerala,KL,state,2020,Capacity,Fuel,Coal,MW,0.0
India,IND,Kerala,KL,state,2020,Capacity,Fuel,Gas,MW,533.58
India,IND,Kerala,KL,state,2020,Capacity,Fuel,Hydro,MW,2078.52
India,IND,Kerala,KL,state,2020,Capacity,Fuel,Nuclear,MW,0.0
India,IND,Kerala,KL,state,2020,Capacity,Fuel,Other Fossil,MW,159.96
India,IND,Kerala,KL,state,2020,Capacity,Fuel,Other Renewables,MW,0.0
India,IND,Kerala,KL,state,2020,Capacity,Fuel,Solar,MW,146.92
India,IND,Kerala,KL,state,2020,Capacity,Fuel,Wind,MW,62.5
India,IND,Kerala,KL,state,2020,Electricity generation,Fuel,Bioenergy,%,0.49
India,IND,Kerala,KL,state,2020,Electricity generation,Fuel,Coal,%,0.0
India,IND,Kerala,KL,state,2020,Electricity generation,Fuel,Gas,%,0.01
India,IND,Kerala,KL,state,2020,Electricity generation,Fuel,Hydro,%,94.26
India,IND,Kerala,KL,state,2020,Electricity generation,Fuel,Nuclear,%,0.0
India,IND,Kerala,KL,state,2020,Electricity generation,Fuel,Other Fossil,%,0.03
India,IND,Kerala,KL,state,2020,Electricity generation,Fuel,Other Renewables,%,0.0
India,IND,Kerala,KL,state,2020,Electricity generation,Fuel,Solar,%,3.37
India,IND,Kerala,KL,state,2020,Electricity generation,Fuel,Wind,%,1.84
India,IND,Kerala,KL,state,2020,Electricity generation,Fuel,Bioenergy,GWh,34.55
India,IND,Kerala,KL,state,2020,Electricity generation,Fuel,Coal,GWh,0.0
India,IND,Kerala,KL,state,2020,Electricity generation,Fuel,Gas,GWh,0.66
India,IND,Kerala,KL,state,2020,Electricity generation,Fuel,Hydro,GWh,6699.57
India,IND,Kerala,KL,state,2020,Electricity generation,Fuel,Nuclear,GWh,0.0
India,IND,Kerala,KL,state,2020,Electricity generation,Fuel,Other Fossil,GWh,2.33
India,IND,Kerala,KL,state,2020,Electricity generation,Fuel,Other Renewables,GWh,0.0
India,IND,Kerala,KL,state,2020,Electricity generation,Fuel,Solar,GWh,239.39
India,IND,Kerala,KL,state,2020,Electricity generation,Fuel,Wind,GWh,131.03
India,IND,Kerala,KL,state,2020,Electricity generation,Total,Total Generation,GWh,7107.53
India,IND,Kerala,KL,state,2020,Power sector emissions,CO2 intensity,CO2 intensity,gCO2/kWh,25.84
India,IND,Kerala,KL,state,2020,Power sector emissions,Fuel,Bioenergy,%,7.95
India,IND,Kerala,KL,state,2020,Power sector emissions,Fuel,Coal,%,0.0
India,IND,Kerala,KL,state,2020,Power sector emissions,Fuel,Gas,%,0.32
India,IND,Kerala,KL,state,2020,Power sector emissions,Fuel,Hydro,%,160.79
India,IND,Kerala,KL,state,2020,Power sector emissions,Fuel,Nuclear,%,0.0
India,IND,Kerala,KL,state,2020,Power sector emissions,Fuel,Other Fossil,%,1.63
India,IND,Kerala,KL,state,2020,Power sector emissions,Fuel,Other Renewables,%,0.0
India,IND,Kerala,KL,state,2020,Power sector emissions,Fuel,Solar,%,11.49
India,IND,Kerala,KL,state,2020,Power sector emissions,Fuel,Wind,%,1.44
India,IND,Kerala,KL,state,2020,Power sector emissions,Fuel,Bioenergy,ktCO2,7.95
India,IND,Kerala,KL,state,2020,Power sector emissions,Fuel,Coal,ktCO2,0.0
India,IND,Kerala,KL,state,2020,Power sector emissions,Fuel,Gas,ktCO2,0.32
India,IND,Kerala,KL,state,2020,Power sector emissions,Fuel,Hydro,ktCO2,160.79
India,IND,Kerala,KL,state,2020,Power sector emissions,Fuel,Nuclear,ktCO2,0.0
India,IND,Kerala,KL,state,2020,Power sector emissions,Fuel,Other Fossil,ktCO2,1.63
India,IND,Kerala,KL,state,2020,Power sector emissions,Fuel,Other Renewables,ktCO2,0.0
India,IND,Kerala,KL,state,2020,Power sector emissions,Fuel,Solar,ktCO2,11.49
India,IND,Kerala,KL,state,2020,Power sector emissions,Fuel,Wind,ktCO2,1.44
India,IND,Kerala,KL,state,2020,Power sector emissions,Total,Total emissions,ktCO2,183.62
India,IND,Kerala,KL,state,2021,Capacity,Fuel,Bioenergy,MW,2.5
India,IND,Kerala,KL,state,2021,Capacity,Fuel,Coal,MW,0.0
India,IND,Kerala,KL,state,2021,Capacity,Fuel,Gas,MW,533.58
India,IND,Kerala,KL,state,2021,Capacity,Fuel,Hydro,MW,2098.27
India,IND,Kerala,KL,state,2021,Capacity,Fuel,Nuclear,MW,0.0
India,IND,Kerala,KL,state,2021,Capacity,Fuel,Other Fossil,MW,159.96
India,IND,Kerala,KL,state,2021,Capacity,Fuel,Other Renewables,MW,0.0
India,IND,Kerala,KL,state,2021,Capacity,Fuel,Solar,MW,336.08
India,IND,Kerala,KL,state,2021,Capacity,Fuel,Wind,MW,62.5
India,IND,Kerala,KL,state,2021,Electricity generation,Fuel,Bioenergy,%,0.45
India,IND,Kerala,KL,state,2021,Electricity generation,Fuel,Coal,%,0.0
India,IND,Kerala,KL,state,2021,Electricity generation,Fuel,Gas,%,0.94
India,IND,Kerala,KL,state,2021,Electricity generation,Fuel,Hydro,%,93.36
India,IND,Kerala,KL,state,2021,Electricity generation,Fuel,Nuclear,%,0.0
India,IND,Kerala,KL,state,2021,Electricity generation,Fuel,Other Fossil,%,0.05
India,IND,Kerala,KL,state,2021,Electricity generation,Fuel,Other Renewables,%,0.0
India,IND,Kerala,KL,state,2021,Electricity generation,Fuel,Solar,%,3.97
India,IND,Kerala,KL,state,2021,Electricity generation,Fuel,Wind,%,1.23
India,IND,Kerala,KL,state,2021,Electricity generation,Fuel,Bioenergy,GWh,47.8
India,IND,Kerala,KL,state,2021,Electricity generation,Fuel,Coal,GWh,0.0
India,IND,Kerala,KL,state,2021,Electricity generation,Fuel,Gas,GWh,100.75
India,IND,Kerala,KL,state,2021,Electricity generation,Fuel,Hydro,GWh,9999.44
India,IND,Kerala,KL,state,2021,Electricity generation,Fuel,Nuclear,GWh,0.0
India,IND,Kerala,KL,state,2021,Electricity generation,Fuel,Other Fossil,GWh,5.5
India,IND,Kerala,KL,state,2021,Electricity generation,Fuel,Other Renewables,GWh,0.0
India,IND,Kerala,KL,state,2021,Electricity generation,Fuel,Solar,GWh,425.32
India,IND,Kerala,KL,state,2021,Electricity generation,Fuel,Wind,GWh,132.17
India,IND,Kerala,KL,state,2021,Electricity generation,Total,Total Generation,GWh,10710.98
India,IND,Kerala,KL,state,2021,Power sector emissions,CO2 intensity,CO2 intensity,gCO2/kWh,30.44
India,IND,Kerala,KL,state,2021,Power sector emissions,Fuel,Bioenergy,%,10.99
India,IND,Kerala,KL,state,2021,Power sector emissions,Fuel,Coal,%,0.0
India,IND,Kerala,KL,state,2021,Power sector emissions,Fuel,Gas,%,49.37
India,IND,Kerala,KL,state,2021,Power sector emissions,Fuel,Hydro,%,239.99
India,IND,Kerala,KL,state,2021,Power sector emissions,Fuel,Nuclear,%,0.0
India,IND,Kerala,KL,state,2021,Power sector emissions,Fuel,Other Fossil,%,3.85
India,IND,Kerala,KL,state,2021,Power sector emissions,Fuel,Other Renewables,%,0.0
India,IND,Kerala,KL,state,2021,Power sector emissions,Fuel,Solar,%,20.42
India,IND,Kerala,KL,state,2021,Power sector emissions,Fuel,Wind,%,1.45
India,IND,Kerala,KL,state,2021,Power sector emissions,Fuel,Bioenergy,ktCO2,10.99
India,IND,Kerala,KL,state,2021,Power sector emissions,Fuel,Coal,ktCO2,0.0
India,IND,Kerala,KL,state,2021,Power sector emissions,Fuel,Gas,ktCO2,49.37
India,IND,Kerala,KL,state,2021,Power sector emissions,Fuel,Hydro,ktCO2,239.99
India,IND,Kerala,KL,state,2021,Power sector emissions,Fuel,Nuclear,ktCO2,0.0
India,IND,Kerala,KL,state,2021,Power sector emissions,Fuel,Other Fossil,ktCO2,3.85
India,IND,Kerala,KL,state,2021,Power sector emissions,Fuel,Other Renewables,ktCO2,0.0
India,IND,Kerala,KL,state,2021,Power sector emissions,Fuel,Solar,ktCO2,20.42
India,IND,Kerala,KL,state,2021,Power sector emissions,Fuel,Wind,ktCO2,1.45
India,IND,Kerala,KL,state,2021,Power sector emissions,Total,Total emissions,ktCO2,326.07
India,IND,Kerala,KL,state,2022,Capacity,Fuel,Bioenergy,MW,2.5
India,IND,Kerala,KL,state,2022,Capacity,Fuel,Coal,MW,0.0
India,IND,Kerala,KL,state,2022,Capacity,Fuel,Gas,MW,533.58
India,IND,Kerala,KL,state,2022,Capacity,Fuel,Hydro,MW,2130.67
India,IND,Kerala,KL,state,2022,Capacity,Fuel,Nuclear,MW,0.0
India,IND,Kerala,KL,state,2022,Capacity,Fuel,Other Fossil,MW,159.96
India,IND,Kerala,KL,state,2022,Capacity,Fuel,Other Renewables,MW,
India,IND,Kerala,KL,state,2022,Capacity,Fuel,Solar,MW,688.35
India,IND,Kerala,KL,state,2022,Capacity,Fuel,Wind,MW,62.5
India,IND,Kerala,KL,state,2022,Electricity generation,Fuel,Bioenergy,%,0.55
India,IND,Kerala,KL,state,2022,Electricity generation,Fuel,Coal,%,0.0
India,IND,Kerala,KL,state,2022,Electricity generation,Fuel,Gas,%,0.0
India,IND,Kerala,KL,state,2022,Electricity generation,Fuel,Hydro,%,91.0
India,IND,Kerala,KL,state,2022,Electricity generation,Fuel,Nuclear,%,0.0
India,IND,Kerala,KL,state,2022,Electricity generation,Fuel,Other Fossil,%,0.0
India,IND,Kerala,KL,state,2022,Electricity generation,Fuel,Other Renewables,%,0.0
India,IND,Kerala,KL,state,2022,Electricity generation,Fuel,Solar,%,6.71
India,IND,Kerala,KL,state,2022,Electricity generation,Fuel,Wind,%,1.74
India,IND,Kerala,KL,state,2022,Electricity generation,Fuel,Bioenergy,GWh,57.81
India,IND,Kerala,KL,state,2022,Electricity generation,Fuel,Coal,GWh,0.0
India,IND,Kerala,KL,state,2022,Electricity generation,Fuel,Gas,GWh,0.0
India,IND,Kerala,KL,state,2022,Electricity generation,Fuel,Hydro,GWh,9495.04
India,IND,Kerala,KL,state,2022,Electricity generation,Fuel,Nuclear,GWh,0.0
India,IND,Kerala,KL,state,2022,Electricity generation,Fuel,Other Fossil,GWh,0.12
India,IND,Kerala,KL,state,2022,Electricity generation,Fuel,Other Renewables,GWh,0.0
India,IND,Kerala,KL,state,2022,Electricity generation,Fuel,Solar,GWh,699.95
India,IND,Kerala,KL,state,2022,Electricity generation,Fuel,Wind,GWh,181.56
India,IND,Kerala,KL,state,2022,Electricity generation,Total,Total Generation,GWh,10434.48
India,IND,Kerala,KL,state,2022,Power sector emissions,CO2 intensity,CO2 intensity,gCO2/kWh,26.53
India,IND,Kerala,KL,state,2022,Power sector emissions,Fuel,Bioenergy,%,13.3
India,IND,Kerala,KL,state,2022,Power sector emissions,Fuel,Coal,%,0.0
India,IND,Kerala,KL,state,2022,Power sector emissions,Fuel,Gas,%,0.0
India,IND,Kerala,KL,state,2022,Power sector emissions,Fuel,Hydro,%,227.88
India,IND,Kerala,KL,state,2022,Power sector emissions,Fuel,Nuclear,%,0.0
India,IND,Kerala,KL,state,2022,Power sector emissions,Fuel,Other Fossil,%,0.08
India,IND,Kerala,KL,state,2022,Power sector emissions,Fuel,Other Renewables,%,0.0
India,IND,Kerala,KL,state,2022,Power sector emissions,Fuel,Solar,%,33.6
India,IND,Kerala,KL,state,2022,Power sector emissions,Fuel,Wind,%,2.0
India,IND,Kerala,KL,state,2022,Power sector emissions,Fuel,Bioenergy,ktCO2,13.3
India,IND,Kerala,KL,state,2022,Power sector emissions,Fuel,Coal,ktCO2,0.0
India,IND,Kerala,KL,state,2022,Power sector emissions,Fuel,Gas,ktCO2,0.0
India,IND,Kerala,KL,state,2022,Power sector emissions,Fuel,Hydro,ktCO2,227.88
India,IND,Kerala,KL,state,2022,Power sector emissions,Fuel,Nuclear,ktCO2,0.0
India,IND,Kerala,KL,state,2022,Power sector emissions,Fuel,Other Fossil,ktCO2,0.08
India,IND,Kerala,KL,state,2022,Power sector emissions,Fuel,Other Renewables,ktCO2,0.0
India,IND,Kerala,KL,state,2022,Power sector emissions,Fuel,Solar,ktCO2,33.6
India,IND,Kerala,KL,state,2022,Power sector emissions,Fuel,Wind,ktCO2,2.0
India,IND,Kerala,KL,state,2022,Power sector emissions,Total,Total emissions,ktCO2,276.86
India,IND,Kerala,KL,state,2023,Capacity,Fuel,Bioenergy,MW,2.5
India,IND,Kerala,KL,state,2023,Capacity,Fuel,Coal,MW,0.0
India,IND,Kerala,KL,state,2023,Capacity,Fuel,Gas,MW,533.58
India,IND,Kerala,KL,state,2023,Capacity,Fuel,Hydro,MW,2134.67
India,IND,Kerala,KL,state,2023,Capacity,Fuel,Nuclear,MW,0.0
India,IND,Kerala,KL,state,2023,Capacity,Fuel,Other Fossil,MW,159.96
India,IND,Kerala,KL,state,2023,Capacity,Fuel,Other Renewables,MW,
India,IND,Kerala,KL,state,2023,Capacity,Fuel,Solar,MW,859.01
India,IND,Kerala,KL,state,2023,Capacity,Fuel,Wind,MW,62.5
India,IND,Kerala,KL,state,2023,Electricity generation,Fuel,Bioenergy,%,1.04
India,IND,Kerala,KL,state,2023,Electricity generation,Fuel,Coal,%,0.0
India,IND,Kerala,KL,state,2023,Electricity generation,Fuel,Gas,%,0.0
India,IND,Kerala,KL,state,2023,Electricity generation,Fuel,Hydro,%,80.32
India,IND,Kerala,KL,state,2023,Electricity generation,Fuel,Nuclear,%,0.0
India,IND,Kerala,KL,state,2023,Electricity generation,Fuel,Other Fossil,%,0.0
India,IND,Kerala,KL,state,2023,Electricity generation,Fuel,Other Renewables,%,0.0
India,IND,Kerala,KL,state,2023,Electricity generation,Fuel,Solar,%,15.72
India,IND,Kerala,KL,state,2023,Electricity generation,Fuel,Wind,%,2.93
India,IND,Kerala,KL,state,2023,Electricity generation,Fuel,Bioenergy,GWh,77.77
India,IND,Kerala,KL,state,2023,Electricity generation,Fuel,Coal,GWh,0.0
India,IND,Kerala,KL,state,2023,Electricity generation,Fuel,Gas,GWh,0.0
India,IND,Kerala,KL,state,2023,Electricity generation,Fuel,Hydro,GWh,5993.76
India,IND,Kerala,KL,state,2023,Electricity generation,Fuel,Nuclear,GWh,0.0
India,IND,Kerala,KL,state,2023,Electricity generation,Fuel,Other Fossil,GWh,0.0
India,IND,Kerala,KL,state,2023,Electricity generation,Fuel,Other Renewables,GWh,0.03
India,IND,Kerala,KL,state,2023,Electricity generation,Fuel,Solar,GWh,1172.82
India,IND,Kerala,KL,state,2023,Electricity generation,Fuel,Wind,GWh,218.36
India,IND,Kerala,KL,state,2023,Electricity generation,Total,Total Generation,GWh,7462.74
India,IND,Kerala,KL,state,2023,Power sector emissions,CO2 intensity,CO2 intensity,gCO2/kWh,29.54
India,IND,Kerala,KL,state,2023,Power sector emissions,Fuel,Bioenergy,%,17.89
India,IND,Kerala,KL,state,2023,Power sector emissions,Fuel,Coal,%,0.0
India,IND,Kerala,KL,state,2023,Power sector emissions,Fuel,Gas,%,0.0
India,IND,Kerala,KL,state,2023,Power sector emissions,Fuel,Hydro,%,143.85
India,IND,Kerala,KL,state,2023,Power sector emissions,Fuel,Nuclear,%,0.0
India,IND,Kerala,KL,state,2023,Power sector emissions,Fuel,Other Fossil,%,0.0
India,IND,Kerala,KL,state,2023,Power sector emissions,Fuel,Other Renewables,%,0.0
India,IND,Kerala,KL,state,2023,Power sector emissions,Fuel,Solar,%,56.3
India,IND,Kerala,KL,state,2023,Power sector emissions,Fuel,Wind,%,2.4
India,IND,Kerala,KL,state,2023,Power sector emissions,Fuel,Bioenergy,ktCO2,17.89
India,IND,Kerala,KL,state,2023,Power sector emissions,Fuel,Coal,ktCO2,0.0
India,IND,Kerala,KL,state,2023,Power sector emissions,Fuel,Gas,ktCO2,0.0
India,IND,Kerala,KL,state,2023,Power sector emissions,Fuel,Hydro,ktCO2,143.85
India,IND,Kerala,KL,state,2023,Power sector emissions,Fuel,Nuclear,ktCO2,0.0
India,IND,Kerala,KL,state,2023,Power sector emissions,Fuel,Other Fossil,ktCO2,0.0
India,IND,Kerala,KL,state,2023,Power sector emissions,Fuel,Other Renewables,ktCO2,0.0
India,IND,Kerala,KL,state,2023,Power sector emissions,Fuel,Solar,ktCO2,56.3
India,IND,Kerala,KL,state,2023,Power sector emissions,Fuel,Wind,ktCO2,2.4
India,IND,Kerala,KL,state,2023,Power sector emissions,Total,Total emissions,ktCO2,220.44
India,IND,Kerala,KL,state,2024,Capacity,Fuel,Bioenergy,MW,2.5
India,IND,Kerala,KL,state,2024,Capacity,Fuel,Coal,MW,0.0
India,IND,Kerala,KL,state,2024,Capacity,Fuel,Gas,MW,533.58
India,IND,Kerala,KL,state,2024,Capacity,Fuel,Hydro,MW,2180.67
India,IND,Kerala,KL,state,2024,Capacity,Fuel,Nuclear,MW,0.0
India,IND,Kerala,KL,state,2024,Capacity,Fuel,Other Fossil,MW,159.96
India,IND,Kerala,KL,state,2024,Capacity,Fuel,Other Renewables,MW,
India,IND,Kerala,KL,state,2024,Capacity,Fuel,Solar,MW,1313.66
India,IND,Kerala,KL,state,2024,Capacity,Fuel,Wind,MW,63.5
India,IND,Kerala,KL,state,2024,Electricity generation,Fuel,Bioenergy,%,0.41
India,IND,Kerala,KL,state,2024,Electricity generation,Fuel,Coal,%,0.0
India,IND,Kerala,KL,state,2024,Electricity generation,Fuel,Gas,%,0.0
India,IND,Kerala,KL,state,2024,Electricity generation,Fuel,Hydro,%,80.97
India,IND,Kerala,KL,state,2024,Electricity generation,Fuel,Nuclear,%,0.0
India,IND,Kerala,KL,state,2024,Electricity generation,Fuel,Other Fossil,%,0.02
India,IND,Kerala,KL,state,2024,Electricity generation,Fuel,Other Renewables,%,0.47
India,IND,Kerala,KL,state,2024,Electricity generation,Fuel,Solar,%,16.88
India,IND,Kerala,KL,state,2024,Electricity generation,Fuel,Wind,%,1.25
India,IND,Kerala,KL,state,2024,Electricity generation,Fuel,Bioenergy,GWh,38.16
India,IND,Kerala,KL,state,2024,Electricity generation,Fuel,Coal,GWh,0.0
India,IND,Kerala,KL,state,2024,Electricity generation,Fuel,Gas,GWh,0.0
India,IND,Kerala,KL,state,2024,Electricity generation,Fuel,Hydro,GWh,7492.68
India,IND,Kerala,KL,state,2024,Electricity generation,Fuel,Nuclear,GWh,0.0
India,IND,Kerala,KL,state,2024,Electricity generation,Fuel,Other Fossil,GWh,1.53
India,IND,Kerala,KL,state,2024,Electricity generation,Fuel,Other Renewables,GWh,43.4
India,IND,Kerala,KL,state,2024,Electricity generation,Fuel,Solar,GWh,1561.61
India,IND,Kerala,KL,state,2024,Electricity generation,Fuel,Wind,GWh,116.08
India,IND,Kerala,KL,state,2024,Electricity generation,Total,Total Generation,GWh,9253.46
India,IND,Kerala,KL,state,2024,Power sector emissions,CO2 intensity,CO2 intensity,gCO2/kWh,28.92
India,IND,Kerala,KL,state,2024,Power sector emissions,Fuel,Bioenergy,%,8.78
India,IND,Kerala,KL,state,2024,Power sector emissions,Fuel,Coal,%,0.0
India,IND,Kerala,KL,state,2024,Power sector emissions,Fuel,Gas,%,0.0
India,IND,Kerala,KL,state,2024,Power sector emissions,Fuel,Hydro,%,179.82
India,IND,Kerala,KL,state,2024,Power sector emissions,Fuel,Nuclear,%,0.0
India,IND,Kerala,KL,state,2024,Power sector emissions,Fuel,Other Fossil,%,1.07
India,IND,Kerala,KL,state,2024,Power sector emissions,Fuel,Other Renewables,%,1.65
India,IND,Kerala,KL,state,2024,Power sector emissions,Fuel,Solar,%,74.96
India,IND,Kerala,KL,state,2024,Power sector emissions,Fuel,Wind,%,1.28
India,IND,Kerala,KL,state,2024,Power sector emissions,Fuel,Bioenergy,ktCO2,8.78
India,IND,Kerala,KL,state,2024,Power sector emissions,Fuel,Coal,ktCO2,0.0
India,IND,Kerala,KL,state,2024,Power sector emissions,Fuel,Gas,ktCO2,0.0
India,IND,Kerala,KL,state,2024,Power sector emissions,Fuel,Hydro,ktCO2,179.82
India,IND,Kerala,KL,state,2024,Power sector emissions,Fuel,Nuclear,ktCO2,0.0
India,IND,Kerala,KL,state,2024,Power sector emissions,Fuel,Other Fossil,ktCO2,1.07
India,IND,Kerala,KL,state,2024,Power sector emissions,Fuel,Other Renewables,ktCO2,1.65
India,IND,Kerala,KL,state,2024,Power sector emissions,Fuel,Solar,ktCO2,74.96
India,IND,Kerala,KL,state,2024,Power sector emissions,Fuel,Wind,ktCO2,1.28
India,IND,Kerala,KL,state,2024,Power sector emissions,Total,Total emissions,ktCO2,267.56
India,IND,Ladakh,LA,Union territory,2021,Capacity,Fuel,Bioenergy,MW,0.0
India,IND,Ladakh,LA,Union territory,2021,Capacity,Fuel,Coal,MW,0.0
India,IND,Ladakh,LA,Union territory,2021,Capacity,Fuel,Gas,MW,0.0
India,IND,Ladakh,LA,Union territory,2021,Capacity,Fuel,Hydro,MW,128.64
India,IND,Ladakh,LA,Union territory,2021,Capacity,Fuel,Nuclear,MW,0.0
India,IND,Ladakh,LA,Union territory,2021,Capacity,Fuel,Other Fossil,MW,0.0
India,IND,Ladakh,LA,Union territory,2021,Capacity,Fuel,Other Renewables,MW,0.0
India,IND,Ladakh,LA,Union territory,2021,Capacity,Fuel,Solar,MW,7.8
India,IND,Ladakh,LA,Union territory,2021,Capacity,Fuel,Wind,MW,0.0
India,IND,Ladakh,LA,Union territory,2021,Electricity generation,Fuel,Bioenergy,%,0.0
India,IND,Ladakh,LA,Union territory,2021,Electricity generation,Fuel,Coal,%,0.0
India,IND,Ladakh,LA,Union territory,2021,Electricity generation,Fuel,Gas,%,0.0
India,IND,Ladakh,LA,Union territory,2021,Electricity generation,Fuel,Hydro,%,100.0
India,IND,Ladakh,LA,Union territory,2021,Electricity generation,Fuel,Nuclear,%,0.0
India,IND,Ladakh,LA,Union territory,2021,Electricity generation,Fuel,Other Fossil,%,0.0
India,IND,Ladakh,LA,Union territory,2021,Electricity generation,Fuel,Other Renewables,%,0.0
India,IND,Ladakh,LA,Union territory,2021,Electricity generation,Fuel,Solar,%,0.0
India,IND,Ladakh,LA,Union territory,2021,Electricity generation,Fuel,Wind,%,0.0
India,IND,Ladakh,LA,Union territory,2021,Electricity generation,Fuel,Bioenergy,GWh,0.0
India,IND,Ladakh,LA,Union territory,2021,Electricity generation,Fuel,Coal,GWh,0.0
India,IND,Ladakh,LA,Union territory,2021,Electricity generation,Fuel,Gas,GWh,0.0
India,IND,Ladakh,LA,Union territory,2021,Electricity generation,Fuel,Hydro,GWh,258.39
India,IND,Ladakh,LA,Union territory,2021,Electricity generation,Fuel,Nuclear,GWh,0.0
India,IND,Ladakh,LA,Union territory,2021,Electricity generation,Fuel,Other Fossil,GWh,0.0
India,IND,Ladakh,LA,Union territory,2021,Electricity generation,Fuel,Other Renewables,GWh,0.0
India,IND,Ladakh,LA,Union territory,2021,Electricity generation,Fuel,Solar,GWh,0.0
India,IND,Ladakh,LA,Union territory,2021,Electricity generation,Fuel,Wind,GWh,0.0
India,IND,Ladakh,LA,Union territory,2021,Electricity generation,Total,Total Generation,GWh,258.39
India,IND,Ladakh,LA,Union territory,2021,Power sector emissions,CO2 intensity,CO2 intensity,gCO2/kWh,24.0
India,IND,Ladakh,LA,Union territory,2021,Power sector emissions,Fuel,Bioenergy,%,0.0
India,IND,Ladakh,LA,Union territory,2021,Power sector emissions,Fuel,Coal,%,0.0
India,IND,Ladakh,LA,Union territory,2021,Power sector emissions,Fuel,Gas,%,0.0
India,IND,Ladakh,LA,Union territory,2021,Power sector emissions,Fuel,Hydro,%,6.2
India,IND,Ladakh,LA,Union territory,2021,Power sector emissions,Fuel,Nuclear,%,0.0
India,IND,Ladakh,LA,Union territory,2021,Power sector emissions,Fuel,Other Fossil,%,0.0
India,IND,Ladakh,LA,Union territory,2021,Power sector emissions,Fuel,Other Renewables,%,0.0
India,IND,Ladakh,LA,Union territory,2021,Power sector emissions,Fuel,Solar,%,0.0
India,IND,Ladakh,LA,Union territory,2021,Power sector emissions,Fuel,Wind,%,0.0
India,IND,Ladakh,LA,Union territory,2021,Power sector emissions,Fuel,Bioenergy,ktCO2,0.0
India,IND,Ladakh,LA,Union territory,2021,Power sector emissions,Fuel,Coal,ktCO2,0.0
India,IND,Ladakh,LA,Union territory,2021,Power sector emissions,Fuel,Gas,ktCO2,0.0
India,IND,Ladakh,LA,Union territory,2021,Power sector emissions,Fuel,Hydro,ktCO2,6.2
India,IND,Ladakh,LA,Union territory,2021,Power sector emissions,Fuel,Nuclear,ktCO2,0.0
India,IND,Ladakh,LA,Union territory,2021,Power sector emissions,Fuel,Other Fossil,ktCO2,0.0
India,IND,Ladakh,LA,Union territory,2021,Power sector emissions,Fuel,Other Renewables,ktCO2,0.0
India,IND,Ladakh,LA,Union territory,2021,Power sector emissions,Fuel,Solar,ktCO2,0.0
India,IND,Ladakh,LA,Union territory,2021,Power sector emissions,Fuel,Wind,ktCO2,0.0
India,IND,Ladakh,LA,Union territory,2021,Power sector emissions,Total,Total emissions,ktCO2,6.2
India,IND,Ladakh,LA,Union territory,2022,Capacity,Fuel,Bioenergy,MW,0.0
India,IND,Ladakh,LA,Union territory,2022,Capacity,Fuel,Coal,MW,0.0
India,IND,Ladakh,LA,Union territory,2022,Capacity,Fuel,Gas,MW,0.0
India,IND,Ladakh,LA,Union territory,2022,Capacity,Fuel,Hydro,MW,129.79
India,IND,Ladakh,LA,Union territory,2022,Capacity,Fuel,Nuclear,MW,0.0
India,IND,Ladakh,LA,Union territory,2022,Capacity,Fuel,Other Fossil,MW,0.0
India,IND,Ladakh,LA,Union territory,2022,Capacity,Fuel,Other Renewables,MW,
India,IND,Ladakh,LA,Union territory,2022,Capacity,Fuel,Solar,MW,7.8
India,IND,Ladakh,LA,Union territory,2022,Capacity,Fuel,Wind,MW,0.0
India,IND,Ladakh,LA,Union territory,2022,Electricity generation,Fuel,Bioenergy,%,0.0
India,IND,Ladakh,LA,Union territory,2022,Electricity generation,Fuel,Coal,%,0.0
India,IND,Ladakh,LA,Union territory,2022,Electricity generation,Fuel,Gas,%,0.0
India,IND,Ladakh,LA,Union territory,2022,Electricity generation,Fuel,Hydro,%,100.0
India,IND,Ladakh,LA,Union territory,2022,Electricity generation,Fuel,Nuclear,%,0.0
India,IND,Ladakh,LA,Union territory,2022,Electricity generation,Fuel,Other Fossil,%,0.0
India,IND,Ladakh,LA,Union territory,2022,Electricity generation,Fuel,Other Renewables,%,0.0
India,IND,Ladakh,LA,Union territory,2022,Electricity generation,Fuel,Solar,%,0.0
India,IND,Ladakh,LA,Union territory,2022,Electricity generation,Fuel,Wind,%,0.0
India,IND,Ladakh,LA,Union territory,2022,Electricity generation,Fuel,Bioenergy,GWh,0.0
India,IND,Ladakh,LA,Union territory,2022,Electricity generation,Fuel,Coal,GWh,0.0
India,IND,Ladakh,LA,Union territory,2022,Electricity generation,Fuel,Gas,GWh,0.0
India,IND,Ladakh,LA,Union territory,2022,Electricity generation,Fuel,Hydro,GWh,404.35
India,IND,Ladakh,LA,Union territory,2022,Electricity generation,Fuel,Nuclear,GWh,0.0
India,IND,Ladakh,LA,Union territory,2022,Electricity generation,Fuel,Other Fossil,GWh,0.0
India,IND,Ladakh,LA,Union territory,2022,Electricity generation,Fuel,Other Renewables,GWh,0.0
India,IND,Ladakh,LA,Union territory,2022,Electricity generation,Fuel,Solar,GWh,0.0
India,IND,Ladakh,LA,Union territory,2022,Electricity generation,Fuel,Wind,GWh,0.0
India,IND,Ladakh,LA,Union territory,2022,Electricity generation,Total,Total Generation,GWh,404.35
India,IND,Ladakh,LA,Union territory,2022,Power sector emissions,CO2 intensity,CO2 intensity,gCO2/kWh,23.99
India,IND,Ladakh,LA,Union territory,2022,Power sector emissions,Fuel,Bioenergy,%,0.0
India,IND,Ladakh,LA,Union territory,2022,Power sector emissions,Fuel,Coal,%,0.0
India,IND,Ladakh,LA,Union territory,2022,Power sector emissions,Fuel,Gas,%,0.0
India,IND,Ladakh,LA,Union territory,2022,Power sector emissions,Fuel,Hydro,%,9.7
India,IND,Ladakh,LA,Union territory,2022,Power sector emissions,Fuel,Nuclear,%,0.0
India,IND,Ladakh,LA,Union territory,2022,Power sector emissions,Fuel,Other Fossil,%,0.0
India,IND,Ladakh,LA,Union territory,2022,Power sector emissions,Fuel,Other Renewables,%,0.0
India,IND,Ladakh,LA,Union territory,2022,Power sector emissions,Fuel,Solar,%,0.0
India,IND,Ladakh,LA,Union territory,2022,Power sector emissions,Fuel,Wind,%,0.0
India,IND,Ladakh,LA,Union territory,2022,Power sector emissions,Fuel,Bioenergy,ktCO2,0.0
India,IND,Ladakh,LA,Union territory,2022,Power sector emissions,Fuel,Coal,ktCO2,0.0
India,IND,Ladakh,LA,Union territory,2022,Power sector emissions,Fuel,Gas,ktCO2,0.0
India,IND,Ladakh,LA,Union territory,2022,Power sector emissions,Fuel,Hydro,ktCO2,9.7
India,IND,Ladakh,LA,Union territory,2022,Power sector emissions,Fuel,Nuclear,ktCO2,0.0
India,IND,Ladakh,LA,Union territory,2022,Power sector emissions,Fuel,Other Fossil,ktCO2,0.0
India,IND,Ladakh,LA,Union territory,2022,Power sector emissions,Fuel,Other Renewables,ktCO2,0.0
India,IND,Ladakh,LA,Union territory,2022,Power sector emissions,Fuel,Solar,ktCO2,0.0
India,IND,Ladakh,LA,Union territory,2022,Power sector emissions,Fuel,Wind,ktCO2,0.0
India,IND,Ladakh,LA,Union territory,2022,Power sector emissions,Total,Total emissions,ktCO2,9.7
India,IND,Ladakh,LA,Union territory,2023,Capacity,Fuel,Bioenergy,MW,0.0
India,IND,Ladakh,LA,Union territory,2023,Capacity,Fuel,Coal,MW,0.0
India,IND,Ladakh,LA,Union territory,2023,Capacity,Fuel,Gas,MW,0.0
India,IND,Ladakh,LA,Union territory,2023,Capacity,Fuel,Hydro,MW,129.99
India,IND,Ladakh,LA,Union territory,2023,Capacity,Fuel,Nuclear,MW,0.0
India,IND,Ladakh,LA,Union territory,2023,Capacity,Fuel,Other Fossil,MW,0.0
India,IND,Ladakh,LA,Union territory,2023,Capacity,Fuel,Other Renewables,MW,
India,IND,Ladakh,LA,Union territory,2023,Capacity,Fuel,Solar,MW,7.8
India,IND,Ladakh,LA,Union territory,2023,Capacity,Fuel,Wind,MW,0.0
India,IND,Ladakh,LA,Union territory,2023,Electricity generation,Fuel,Bioenergy,%,0.0
India,IND,Ladakh,LA,Union territory,2023,Electricity generation,Fuel,Coal,%,0.0
India,IND,Ladakh,LA,Union territory,2023,Electricity generation,Fuel,Gas,%,0.0
India,IND,Ladakh,LA,Union territory,2023,Electricity generation,Fuel,Hydro,%,100.0
India,IND,Ladakh,LA,Union territory,2023,Electricity generation,Fuel,Nuclear,%,0.0
India,IND,Ladakh,LA,Union territory,2023,Electricity generation,Fuel,Other Fossil,%,0.0
India,IND,Ladakh,LA,Union territory,2023,Electricity generation,Fuel,Other Renewables,%,0.0
India,IND,Ladakh,LA,Union territory,2023,Electricity generation,Fuel,Solar,%,0.0
India,IND,Ladakh,LA,Union territory,2023,Electricity generation,Fuel,Wind,%,0.0
India,IND,Ladakh,LA,Union territory,2023,Electricity generation,Fuel,Bioenergy,GWh,0.0
India,IND,Ladakh,LA,Union territory,2023,Electricity generation,Fuel,Coal,GWh,0.0
India,IND,Ladakh,LA,Union territory,2023,Electricity generation,Fuel,Gas,GWh,0.0
India,IND,Ladakh,LA,Union territory,2023,Electricity generation,Fuel,Hydro,GWh,390.33
India,IND,Ladakh,LA,Union territory,2023,Electricity generation,Fuel,Nuclear,GWh,0.0
India,IND,Ladakh,LA,Union territory,2023,Electricity generation,Fuel,Other Fossil,GWh,0.0
India,IND,Ladakh,LA,Union territory,2023,Electricity generation,Fuel,Other Renewables,GWh,0.0
India,IND,Ladakh,LA,Union territory,2023,Electricity generation,Fuel,Solar,GWh,0.0
India,IND,Ladakh,LA,Union territory,2023,Electricity generation,Fuel,Wind,GWh,0.0
India,IND,Ladakh,LA,Union territory,2023,Electricity generation,Total,Total Generation,GWh,390.33
India,IND,Ladakh,LA,Union territory,2023,Power sector emissions,CO2 intensity,CO2 intensity,gCO2/kWh,24.01
India,IND,Ladakh,LA,Union territory,2023,Power sector emissions,Fuel,Bioenergy,%,0.0
India,IND,Ladakh,LA,Union territory,2023,Power sector emissions,Fuel,Coal,%,0.0
India,IND,Ladakh,LA,Union territory,2023,Power sector emissions,Fuel,Gas,%,0.0
India,IND,Ladakh,LA,Union territory,2023,Power sector emissions,Fuel,Hydro,%,9.37
India,IND,Ladakh,LA,Union territory,2023,Power sector emissions,Fuel,Nuclear,%,0.0
India,IND,Ladakh,LA,Union territory,2023,Power sector emissions,Fuel,Other Fossil,%,0.0
India,IND,Ladakh,LA,Union territory,2023,Power sector emissions,Fuel,Other Renewables,%,0.0
India,IND,Ladakh,LA,Union territory,2023,Power sector emissions,Fuel,Solar,%,0.0
India,IND,Ladakh,LA,Union territory,2023,Power sector emissions,Fuel,Wind,%,0.0
India,IND,Ladakh,LA,Union territory,2023,Power sector emissions,Fuel,Bioenergy,ktCO2,0.0
India,IND,Ladakh,LA,Union territory,2023,Power sector emissions,Fuel,Coal,ktCO2,0.0
India,IND,Ladakh,LA,Union territory,2023,Power sector emissions,Fuel,Gas,ktCO2,0.0
India,IND,Ladakh,LA,Union territory,2023,Power sector emissions,Fuel,Hydro,ktCO2,9.37
India,IND,Ladakh,LA,Union territory,2023,Power sector emissions,Fuel,Nuclear,ktCO2,0.0
India,IND,Ladakh,LA,Union territory,2023,Power sector emissions,Fuel,Other Fossil,ktCO2,0.0
India,IND,Ladakh,LA,Union territory,2023,Power sector emissions,Fuel,Other Renewables,ktCO2,0.0
India,IND,Ladakh,LA,Union territory,2023,Power sector emissions,Fuel,Solar,ktCO2,0.0
India,IND,Ladakh,LA,Union territory,2023,Power sector emissions,Fuel,Wind,ktCO2,0.0
India,IND,Ladakh,LA,Union territory,2023,Power sector emissions,Total,Total emissions,ktCO2,9.37
India,IND,Ladakh,LA,Union territory,2024,Capacity,Fuel,Bioenergy,MW,0.0
India,IND,Ladakh,LA,Union territory,2024,Capacity,Fuel,Coal,MW,0.0
India,IND,Ladakh,LA,Union territory,2024,Capacity,Fuel,Gas,MW,0.0
India,IND,Ladakh,LA,Union territory,2024,Capacity,Fuel,Hydro,MW,134.79
India,IND,Ladakh,LA,Union territory,2024,Capacity,Fuel,Nuclear,MW,0.0
India,IND,Ladakh,LA,Union territory,2024,Capacity,Fuel,Other Fossil,MW,0.0
India,IND,Ladakh,LA,Union territory,2024,Capacity,Fuel,Other Renewables,MW,
India,IND,Ladakh,LA,Union territory,2024,Capacity,Fuel,Solar,MW,7.8
India,IND,Ladakh,LA,Union territory,2024,Capacity,Fuel,Wind,MW,0.0
India,IND,Ladakh,LA,Union territory,2024,Electricity generation,Fuel,Bioenergy,%,0.0
India,IND,Ladakh,LA,Union territory,2024,Electricity generation,Fuel,Coal,%,0.0
India,IND,Ladakh,LA,Union territory,2024,Electricity generation,Fuel,Gas,%,0.0
India,IND,Ladakh,LA,Union territory,2024,Electricity generation,Fuel,Hydro,%,100.0
India,IND,Ladakh,LA,Union territory,2024,Electricity generation,Fuel,Nuclear,%,0.0
India,IND,Ladakh,LA,Union territory,2024,Electricity generation,Fuel,Other Fossil,%,0.0
India,IND,Ladakh,LA,Union territory,2024,Electricity generation,Fuel,Other Renewables,%,0.0
India,IND,Ladakh,LA,Union territory,2024,Electricity generation,Fuel,Solar,%,0.0
India,IND,Ladakh,LA,Union territory,2024,Electricity generation,Fuel,Wind,%,0.0
India,IND,Ladakh,LA,Union territory,2024,Electricity generation,Fuel,Bioenergy,GWh,0.0
India,IND,Ladakh,LA,Union territory,2024,Electricity generation,Fuel,Coal,GWh,0.0
India,IND,Ladakh,LA,Union territory,2024,Electricity generation,Fuel,Gas,GWh,0.0
India,IND,Ladakh,LA,Union territory,2024,Electricity generation,Fuel,Hydro,GWh,414.61
India,IND,Ladakh,LA,Union territory,2024,Electricity generation,Fuel,Nuclear,GWh,0.0
India,IND,Ladakh,LA,Union territory,2024,Electricity generation,Fuel,Other Fossil,GWh,0.0
India,IND,Ladakh,LA,Union territory,2024,Electricity generation,Fuel,Other Renewables,GWh,0.0
India,IND,Ladakh,LA,Union territory,2024,Electricity generation,Fuel,Solar,GWh,0.0
India,IND,Ladakh,LA,Union territory,2024,Electricity generation,Fuel,Wind,GWh,0.0
India,IND,Ladakh,LA,Union territory,2024,Electricity generation,Total,Total Generation,GWh,414.61
India,IND,Ladakh,LA,Union territory,2024,Power sector emissions,CO2 intensity,CO2 intensity,gCO2/kWh,24.0
India,IND,Ladakh,LA,Union territory,2024,Power sector emissions,Fuel,Bioenergy,%,0.0
India,IND,Ladakh,LA,Union territory,2024,Power sector emissions,Fuel,Coal,%,0.0
India,IND,Ladakh,LA,Union territory,2024,Power sector emissions,Fuel,Gas,%,0.0
India,IND,Ladakh,LA,Union territory,2024,Power sector emissions,Fuel,Hydro,%,9.95
India,IND,Ladakh,LA,Union territory,2024,Power sector emissions,Fuel,Nuclear,%,0.0
India,IND,Ladakh,LA,Union territory,2024,Power sector emissions,Fuel,Other Fossil,%,0.0
India,IND,Ladakh,LA,Union territory,2024,Power sector emissions,Fuel,Other Renewables,%,0.0
India,IND,Ladakh,LA,Union territory,2024,Power sector emissions,Fuel,Solar,%,0.0
India,IND,Ladakh,LA,Union territory,2024,Power sector emissions,Fuel,Wind,%,0.0
India,IND,Ladakh,LA,Union territory,2024,Power sector emissions,Fuel,Bioenergy,ktCO2,0.0
India,IND,Ladakh,LA,Union territory,2024,Power sector emissions,Fuel,Coal,ktCO2,0.0
India,IND,Ladakh,LA,Union territory,2024,Power sector emissions,Fuel,Gas,ktCO2,0.0
India,IND,Ladakh,LA,Union territory,2024,Power sector emissions,Fuel,Hydro,ktCO2,9.95
India,IND,Ladakh,LA,Union territory,2024,Power sector emissions,Fuel,Nuclear,ktCO2,0.0
India,IND,Ladakh,LA,Union territory,2024,Power sector emissions,Fuel,Other Fossil,ktCO2,0.0
India,IND,Ladakh,LA,Union territory,2024,Power sector emissions,Fuel,Other Renewables,ktCO2,0.0
India,IND,Ladakh,LA,Union territory,2024,Power sector emissions,Fuel,Solar,ktCO2,0.0
India,IND,Ladakh,LA,Union territory,2024,Power sector emissions,Fuel,Wind,ktCO2,0.0
India,IND,Ladakh,LA,Union territory,2024,Power sector emissions,Total,Total emissions,ktCO2,9.95
India,IND,Lakshadweep,LD,Union territory,2019,Capacity,Fuel,Bioenergy,MW,0.0
India,IND,Lakshadweep,LD,Union territory,2019,Capacity,Fuel,Coal,MW,0.0
India,IND,Lakshadweep,LD,Union territory,2019,Capacity,Fuel,Gas,MW,0.0
India,IND,Lakshadweep,LD,Union territory,2019,Capacity,Fuel,Hydro,MW,0.0
India,IND,Lakshadweep,LD,Union territory,2019,Capacity,Fuel,Nuclear,MW,0.0
India,IND,Lakshadweep,LD,Union territory,2019,Capacity,Fuel,Other Fossil,MW,0.0
India,IND,Lakshadweep,LD,Union territory,2019,Capacity,Fuel,Other Renewables,MW,0.0
India,IND,Lakshadweep,LD,Union territory,2019,Capacity,Fuel,Solar,MW,0.75
India,IND,Lakshadweep,LD,Union territory,2019,Capacity,Fuel,Wind,MW,0.0
India,IND,Lakshadweep,LD,Union territory,2019,Electricity generation,Fuel,Bioenergy,%,0.0
India,IND,Lakshadweep,LD,Union territory,2019,Electricity generation,Fuel,Coal,%,0.0
India,IND,Lakshadweep,LD,Union territory,2019,Electricity generation,Fuel,Gas,%,0.0
India,IND,Lakshadweep,LD,Union territory,2019,Electricity generation,Fuel,Hydro,%,0.0
India,IND,Lakshadweep,LD,Union territory,2019,Electricity generation,Fuel,Nuclear,%,0.0
India,IND,Lakshadweep,LD,Union territory,2019,Electricity generation,Fuel,Other Fossil,%,0.0
India,IND,Lakshadweep,LD,Union territory,2019,Electricity generation,Fuel,Other Renewables,%,0.0
India,IND,Lakshadweep,LD,Union territory,2019,Electricity generation,Fuel,Solar,%,100.0
India,IND,Lakshadweep,LD,Union territory,2019,Electricity generation,Fuel,Wind,%,0.0
India,IND,Lakshadweep,LD,Union territory,2019,Electricity generation,Fuel,Bioenergy,GWh,0.0
India,IND,Lakshadweep,LD,Union territory,2019,Electricity generation,Fuel,Coal,GWh,0.0
India,IND,Lakshadweep,LD,Union territory,2019,Electricity generation,Fuel,Gas,GWh,0.0
India,IND,Lakshadweep,LD,Union territory,2019,Electricity generation,Fuel,Hydro,GWh,0.0
India,IND,Lakshadweep,LD,Union territory,2019,Electricity generation,Fuel,Nuclear,GWh,0.0
India,IND,Lakshadweep,LD,Union territory,2019,Electricity generation,Fuel,Other Fossil,GWh,0.0
India,IND,Lakshadweep,LD,Union territory,2019,Electricity generation,Fuel,Other Renewables,GWh,0.0
India,IND,Lakshadweep,LD,Union territory,2019,Electricity generation,Fuel,Solar,GWh,0.65
India,IND,Lakshadweep,LD,Union territory,2019,Electricity generation,Fuel,Wind,GWh,0.0
India,IND,Lakshadweep,LD,Union territory,2019,Electricity generation,Total,Total Generation,GWh,0.65
India,IND,Lakshadweep,LD,Union territory,2019,Power sector emissions,CO2 intensity,CO2 intensity,gCO2/kWh,46.15
India,IND,Lakshadweep,LD,Union territory,2019,Power sector emissions,Fuel,Bioenergy,%,0.0
India,IND,Lakshadweep,LD,Union territory,2019,Power sector emissions,Fuel,Coal,%,0.0
India,IND,Lakshadweep,LD,Union territory,2019,Power sector emissions,Fuel,Gas,%,0.0
India,IND,Lakshadweep,LD,Union territory,2019,Power sector emissions,Fuel,Hydro,%,0.0
India,IND,Lakshadweep,LD,Union territory,2019,Power sector emissions,Fuel,Nuclear,%,0.0
India,IND,Lakshadweep,LD,Union territory,2019,Power sector emissions,Fuel,Other Fossil,%,0.0
India,IND,Lakshadweep,LD,Union territory,2019,Power sector emissions,Fuel,Other Renewables,%,0.0
India,IND,Lakshadweep,LD,Union territory,2019,Power sector emissions,Fuel,Solar,%,0.03
India,IND,Lakshadweep,LD,Union territory,2019,Power sector emissions,Fuel,Wind,%,0.0
India,IND,Lakshadweep,LD,Union territory,2019,Power sector emissions,Fuel,Bioenergy,ktCO2,0.0
India,IND,Lakshadweep,LD,Union territory,2019,Power sector emissions,Fuel,Coal,ktCO2,0.0
India,IND,Lakshadweep,LD,Union territory,2019,Power sector emissions,Fuel,Gas,ktCO2,0.0
India,IND,Lakshadweep,LD,Union territory,2019,Power sector emissions,Fuel,Hydro,ktCO2,0.0
India,IND,Lakshadweep,LD,Union territory,2019,Power sector emissions,Fuel,Nuclear,ktCO2,0.0
India,IND,Lakshadweep,LD,Union territory,2019,Power sector emissions,Fuel,Other Fossil,ktCO2,0.0
India,IND,Lakshadweep,LD,Union territory,2019,Power sector emissions,Fuel,Other Renewables,ktCO2,0.0
India,IND,Lakshadweep,LD,Union territory,2019,Power sector emissions,Fuel,Solar,ktCO2,0.03
India,IND,Lakshadweep,LD,Union territory,2019,Power sector emissions,Fuel,Wind,ktCO2,0.0
India,IND,Lakshadweep,LD,Union territory,2019,Power sector emissions,Total,Total emissions,ktCO2,0.03
India,IND,Lakshadweep,LD,Union territory,2020,Capacity,Fuel,Bioenergy,MW,0.0
India,IND,Lakshadweep,LD,Union territory,2020,Capacity,Fuel,Coal,MW,0.0
India,IND,Lakshadweep,LD,Union territory,2020,Capacity,Fuel,Gas,MW,0.0
India,IND,Lakshadweep,LD,Union territory,2020,Capacity,Fuel,Hydro,MW,0.0
India,IND,Lakshadweep,LD,Union territory,2020,Capacity,Fuel,Nuclear,MW,0.0
India,IND,Lakshadweep,LD,Union territory,2020,Capacity,Fuel,Other Fossil,MW,0.0
India,IND,Lakshadweep,LD,Union territory,2020,Capacity,Fuel,Other Renewables,MW,0.0
India,IND,Lakshadweep,LD,Union territory,2020,Capacity,Fuel,Solar,MW,0.75
India,IND,Lakshadweep,LD,Union territory,2020,Capacity,Fuel,Wind,MW,0.0
India,IND,Lakshadweep,LD,Union territory,2020,Electricity generation,Fuel,Bioenergy,%,0.0
India,IND,Lakshadweep,LD,Union territory,2020,Electricity generation,Fuel,Coal,%,0.0
India,IND,Lakshadweep,LD,Union territory,2020,Electricity generation,Fuel,Gas,%,0.0
India,IND,Lakshadweep,LD,Union territory,2020,Electricity generation,Fuel,Hydro,%,0.0
India,IND,Lakshadweep,LD,Union territory,2020,Electricity generation,Fuel,Nuclear,%,0.0
India,IND,Lakshadweep,LD,Union territory,2020,Electricity generation,Fuel,Other Fossil,%,0.0
India,IND,Lakshadweep,LD,Union territory,2020,Electricity generation,Fuel,Other Renewables,%,0.0
India,IND,Lakshadweep,LD,Union territory,2020,Electricity generation,Fuel,Solar,%,100.0
India,IND,Lakshadweep,LD,Union territory,2020,Electricity generation,Fuel,Wind,%,0.0
India,IND,Lakshadweep,LD,Union territory,2020,Electricity generation,Fuel,Bioenergy,GWh,0.0
India,IND,Lakshadweep,LD,Union territory,2020,Electricity generation,Fuel,Coal,GWh,0.0
India,IND,Lakshadweep,LD,Union territory,2020,Electricity generation,Fuel,Gas,GWh,0.0
India,IND,Lakshadweep,LD,Union territory,2020,Electricity generation,Fuel,Hydro,GWh,0.0
India,IND,Lakshadweep,LD,Union territory,2020,Electricity generation,Fuel,Nuclear,GWh,0.0
India,IND,Lakshadweep,LD,Union territory,2020,Electricity generation,Fuel,Other Fossil,GWh,0.0
India,IND,Lakshadweep,LD,Union territory,2020,Electricity generation,Fuel,Other Renewables,GWh,0.0
India,IND,Lakshadweep,LD,Union territory,2020,Electricity generation,Fuel,Solar,GWh,0.55
India,IND,Lakshadweep,LD,Union territory,2020,Electricity generation,Fuel,Wind,GWh,0.0
India,IND,Lakshadweep,LD,Union territory,2020,Electricity generation,Total,Total Generation,GWh,0.55
India,IND,Lakshadweep,LD,Union territory,2020,Power sector emissions,CO2 intensity,CO2 intensity,gCO2/kWh,54.55
India,IND,Lakshadweep,LD,Union territory,2020,Power sector emissions,Fuel,Bioenergy,%,0.0
India,IND,Lakshadweep,LD,Union territory,2020,Power sector emissions,Fuel,Coal,%,0.0
India,IND,Lakshadweep,LD,Union territory,2020,Power sector emissions,Fuel,Gas,%,0.0
India,IND,Lakshadweep,LD,Union territory,2020,Power sector emissions,Fuel,Hydro,%,0.0
India,IND,Lakshadweep,LD,Union territory,2020,Power sector emissions,Fuel,Nuclear,%,0.0
India,IND,Lakshadweep,LD,Union territory,2020,Power sector emissions,Fuel,Other Fossil,%,0.0
India,IND,Lakshadweep,LD,Union territory,2020,Power sector emissions,Fuel,Other Renewables,%,0.0
India,IND,Lakshadweep,LD,Union territory,2020,Power sector emissions,Fuel,Solar,%,0.03
India,IND,Lakshadweep,LD,Union territory,2020,Power sector emissions,Fuel,Wind,%,0.0
India,IND,Lakshadweep,LD,Union territory,2020,Power sector emissions,Fuel,Bioenergy,ktCO2,0.0
India,IND,Lakshadweep,LD,Union territory,2020,Power sector emissions,Fuel,Coal,ktCO2,0.0
India,IND,Lakshadweep,LD,Union territory,2020,Power sector emissions,Fuel,Gas,ktCO2,0.0
India,IND,Lakshadweep,LD,Union territory,2020,Power sector emissions,Fuel,Hydro,ktCO2,0.0
India,IND,Lakshadweep,LD,Union territory,2020,Power sector emissions,Fuel,Nuclear,ktCO2,0.0
India,IND,Lakshadweep,LD,Union territory,2020,Power sector emissions,Fuel,Other Fossil,ktCO2,0.0
India,IND,Lakshadweep,LD,Union territory,2020,Power sector emissions,Fuel,Other Renewables,ktCO2,0.0
India,IND,Lakshadweep,LD,Union territory,2020,Power sector emissions,Fuel,Solar,ktCO2,0.03
India,IND,Lakshadweep,LD,Union territory,2020,Power sector emissions,Fuel,Wind,ktCO2,0.0
India,IND,Lakshadweep,LD,Union territory,2020,Power sector emissions,Total,Total emissions,ktCO2,0.03
India,IND,Lakshadweep,LD,Union territory,2021,Capacity,Fuel,Bioenergy,MW,0.0
India,IND,Lakshadweep,LD,Union territory,2021,Capacity,Fuel,Coal,MW,0.0
India,IND,Lakshadweep,LD,Union territory,2021,Capacity,Fuel,Gas,MW,0.0
India,IND,Lakshadweep,LD,Union territory,2021,Capacity,Fuel,Hydro,MW,0.0
India,IND,Lakshadweep,LD,Union territory,2021,Capacity,Fuel,Nuclear,MW,0.0
India,IND,Lakshadweep,LD,Union territory,2021,Capacity,Fuel,Other Fossil,MW,0.0
India,IND,Lakshadweep,LD,Union territory,2021,Capacity,Fuel,Other Renewables,MW,0.0
India,IND,Lakshadweep,LD,Union territory,2021,Capacity,Fuel,Solar,MW,3.27
India,IND,Lakshadweep,LD,Union territory,2021,Capacity,Fuel,Wind,MW,0.0
India,IND,Lakshadweep,LD,Union territory,2021,Electricity generation,Fuel,Bioenergy,%,0.0
India,IND,Lakshadweep,LD,Union territory,2021,Electricity generation,Fuel,Coal,%,0.0
India,IND,Lakshadweep,LD,Union territory,2021,Electricity generation,Fuel,Gas,%,0.0
India,IND,Lakshadweep,LD,Union territory,2021,Electricity generation,Fuel,Hydro,%,0.0
India,IND,Lakshadweep,LD,Union territory,2021,Electricity generation,Fuel,Nuclear,%,0.0
India,IND,Lakshadweep,LD,Union territory,2021,Electricity generation,Fuel,Other Fossil,%,0.0
India,IND,Lakshadweep,LD,Union territory,2021,Electricity generation,Fuel,Other Renewables,%,0.0
India,IND,Lakshadweep,LD,Union territory,2021,Electricity generation,Fuel,Solar,%,100.0
India,IND,Lakshadweep,LD,Union territory,2021,Electricity generation,Fuel,Wind,%,0.0
India,IND,Lakshadweep,LD,Union territory,2021,Electricity generation,Fuel,Bioenergy,GWh,0.0
India,IND,Lakshadweep,LD,Union territory,2021,Electricity generation,Fuel,Coal,GWh,0.0
India,IND,Lakshadweep,LD,Union territory,2021,Electricity generation,Fuel,Gas,GWh,0.0
India,IND,Lakshadweep,LD,Union territory,2021,Electricity generation,Fuel,Hydro,GWh,0.0
India,IND,Lakshadweep,LD,Union territory,2021,Electricity generation,Fuel,Nuclear,GWh,0.0
India,IND,Lakshadweep,LD,Union territory,2021,Electricity generation,Fuel,Other Fossil,GWh,0.0
India,IND,Lakshadweep,LD,Union territory,2021,Electricity generation,Fuel,Other Renewables,GWh,0.0
India,IND,Lakshadweep,LD,Union territory,2021,Electricity generation,Fuel,Solar,GWh,0.35
India,IND,Lakshadweep,LD,Union territory,2021,Electricity generation,Fuel,Wind,GWh,0.0
India,IND,Lakshadweep,LD,Union territory,2021,Electricity generation,Total,Total Generation,GWh,0.35
India,IND,Lakshadweep,LD,Union territory,2021,Power sector emissions,CO2 intensity,CO2 intensity,gCO2/kWh,57.14
India,IND,Lakshadweep,LD,Union territory,2021,Power sector emissions,Fuel,Bioenergy,%,0.0
India,IND,Lakshadweep,LD,Union territory,2021,Power sector emissions,Fuel,Coal,%,0.0
India,IND,Lakshadweep,LD,Union territory,2021,Power sector emissions,Fuel,Gas,%,0.0
India,IND,Lakshadweep,LD,Union territory,2021,Power sector emissions,Fuel,Hydro,%,0.0
India,IND,Lakshadweep,LD,Union territory,2021,Power sector emissions,Fuel,Nuclear,%,0.0
India,IND,Lakshadweep,LD,Union territory,2021,Power sector emissions,Fuel,Other Fossil,%,0.0
India,IND,Lakshadweep,LD,Union territory,2021,Power sector emissions,Fuel,Other Renewables,%,0.0
India,IND,Lakshadweep,LD,Union territory,2021,Power sector emissions,Fuel,Solar,%,0.02
India,IND,Lakshadweep,LD,Union territory,2021,Power sector emissions,Fuel,Wind,%,0.0
India,IND,Lakshadweep,LD,Union territory,2021,Power sector emissions,Fuel,Bioenergy,ktCO2,0.0
India,IND,Lakshadweep,LD,Union territory,2021,Power sector emissions,Fuel,Coal,ktCO2,0.0
India,IND,Lakshadweep,LD,Union territory,2021,Power sector emissions,Fuel,Gas,ktCO2,0.0
India,IND,Lakshadweep,LD,Union territory,2021,Power sector emissions,Fuel,Hydro,ktCO2,0.0
India,IND,Lakshadweep,LD,Union territory,2021,Power sector emissions,Fuel,Nuclear,ktCO2,0.0
India,IND,Lakshadweep,LD,Union territory,2021,Power sector emissions,Fuel,Other Fossil,ktCO2,0.0
India,IND,Lakshadweep,LD,Union territory,2021,Power sector emissions,Fuel,Other Renewables,ktCO2,0.0
India,IND,Lakshadweep,LD,Union territory,2021,Power sector emissions,Fuel,Solar,ktCO2,0.02
India,IND,Lakshadweep,LD,Union territory,2021,Power sector emissions,Fuel,Wind,ktCO2,0.0
India,IND,Lakshadweep,LD,Union territory,2021,Power sector emissions,Total,Total emissions,ktCO2,0.02
India,IND,Lakshadweep,LD,Union territory,2022,Capacity,Fuel,Bioenergy,MW,0.0
India,IND,Lakshadweep,LD,Union territory,2022,Capacity,Fuel,Coal,MW,26.83
India,IND,Lakshadweep,LD,Union territory,2022,Capacity,Fuel,Gas,MW,0.0
India,IND,Lakshadweep,LD,Union territory,2022,Capacity,Fuel,Hydro,MW,0.0
India,IND,Lakshadweep,LD,Union territory,2022,Capacity,Fuel,Nuclear,MW,0.0
India,IND,Lakshadweep,LD,Union territory,2022,Capacity,Fuel,Other Fossil,MW,0.0
India,IND,Lakshadweep,LD,Union territory,2022,Capacity,Fuel,Other Renewables,MW,
India,IND,Lakshadweep,LD,Union territory,2022,Capacity,Fuel,Solar,MW,3.27
India,IND,Lakshadweep,LD,Union territory,2022,Capacity,Fuel,Wind,MW,0.0
India,IND,Lakshadweep,LD,Union territory,2022,Electricity generation,Fuel,Bioenergy,%,0.0
India,IND,Lakshadweep,LD,Union territory,2022,Electricity generation,Fuel,Coal,%,0.0
India,IND,Lakshadweep,LD,Union territory,2022,Electricity generation,Fuel,Gas,%,0.0
India,IND,Lakshadweep,LD,Union territory,2022,Electricity generation,Fuel,Hydro,%,0.0
India,IND,Lakshadweep,LD,Union territory,2022,Electricity generation,Fuel,Nuclear,%,0.0
India,IND,Lakshadweep,LD,Union territory,2022,Electricity generation,Fuel,Other Fossil,%,0.0
India,IND,Lakshadweep,LD,Union territory,2022,Electricity generation,Fuel,Other Renewables,%,0.0
India,IND,Lakshadweep,LD,Union territory,2022,Electricity generation,Fuel,Solar,%,100.0
India,IND,Lakshadweep,LD,Union territory,2022,Electricity generation,Fuel,Wind,%,0.0
India,IND,Lakshadweep,LD,Union territory,2022,Electricity generation,Fuel,Bioenergy,GWh,0.0
India,IND,Lakshadweep,LD,Union territory,2022,Electricity generation,Fuel,Coal,GWh,0.0
India,IND,Lakshadweep,LD,Union territory,2022,Electricity generation,Fuel,Gas,GWh,0.0
India,IND,Lakshadweep,LD,Union territory,2022,Electricity generation,Fuel,Hydro,GWh,0.0
India,IND,Lakshadweep,LD,Union territory,2022,Electricity generation,Fuel,Nuclear,GWh,0.0
India,IND,Lakshadweep,LD,Union territory,2022,Electricity generation,Fuel,Other Fossil,GWh,0.0
India,IND,Lakshadweep,LD,Union territory,2022,Electricity generation,Fuel,Other Renewables,GWh,0.0
India,IND,Lakshadweep,LD,Union territory,2022,Electricity generation,Fuel,Solar,GWh,0.11
India,IND,Lakshadweep,LD,Union territory,2022,Electricity generation,Fuel,Wind,GWh,0.0
India,IND,Lakshadweep,LD,Union territory,2022,Electricity generation,Total,Total Generation,GWh,0.11
India,IND,Lakshadweep,LD,Union territory,2022,Power sector emissions,CO2 intensity,CO2 intensity,gCO2/kWh,90.91
India,IND,Lakshadweep,LD,Union territory,2022,Power sector emissions,Fuel,Bioenergy,%,0.0
India,IND,Lakshadweep,LD,Union territory,2022,Power sector emissions,Fuel,Coal,%,0.0
India,IND,Lakshadweep,LD,Union territory,2022,Power sector emissions,Fuel,Gas,%,0.0
India,IND,Lakshadweep,LD,Union territory,2022,Power sector emissions,Fuel,Hydro,%,0.0
India,IND,Lakshadweep,LD,Union territory,2022,Power sector emissions,Fuel,Nuclear,%,0.0
India,IND,Lakshadweep,LD,Union territory,2022,Power sector emissions,Fuel,Other Fossil,%,0.0
India,IND,Lakshadweep,LD,Union territory,2022,Power sector emissions,Fuel,Other Renewables,%,0.0
India,IND,Lakshadweep,LD,Union territory,2022,Power sector emissions,Fuel,Solar,%,0.01
India,IND,Lakshadweep,LD,Union territory,2022,Power sector emissions,Fuel,Wind,%,0.0
India,IND,Lakshadweep,LD,Union territory,2022,Power sector emissions,Fuel,Bioenergy,ktCO2,0.0
India,IND,Lakshadweep,LD,Union territory,2022,Power sector emissions,Fuel,Coal,ktCO2,0.0
India,IND,Lakshadweep,LD,Union territory,2022,Power sector emissions,Fuel,Gas,ktCO2,0.0
India,IND,Lakshadweep,LD,Union territory,2022,Power sector emissions,Fuel,Hydro,ktCO2,0.0
India,IND,Lakshadweep,LD,Union territory,2022,Power sector emissions,Fuel,Nuclear,ktCO2,0.0
India,IND,Lakshadweep,LD,Union territory,2022,Power sector emissions,Fuel,Other Fossil,ktCO2,0.0
India,IND,Lakshadweep,LD,Union territory,2022,Power sector emissions,Fuel,Other Renewables,ktCO2,0.0
India,IND,Lakshadweep,LD,Union territory,2022,Power sector emissions,Fuel,Solar,ktCO2,0.01
India,IND,Lakshadweep,LD,Union territory,2022,Power sector emissions,Fuel,Wind,ktCO2,0.0
India,IND,Lakshadweep,LD,Union territory,2022,Power sector emissions,Total,Total emissions,ktCO2,0.01
India,IND,Lakshadweep,LD,Union territory,2023,Capacity,Fuel,Bioenergy,MW,0.0
India,IND,Lakshadweep,LD,Union territory,2023,Capacity,Fuel,Coal,MW,26.83
India,IND,Lakshadweep,LD,Union territory,2023,Capacity,Fuel,Gas,MW,0.0
India,IND,Lakshadweep,LD,Union territory,2023,Capacity,Fuel,Hydro,MW,0.0
India,IND,Lakshadweep,LD,Union territory,2023,Capacity,Fuel,Nuclear,MW,0.0
India,IND,Lakshadweep,LD,Union territory,2023,Capacity,Fuel,Other Fossil,MW,0.0
India,IND,Lakshadweep,LD,Union territory,2023,Capacity,Fuel,Other Renewables,MW,
India,IND,Lakshadweep,LD,Union territory,2023,Capacity,Fuel,Solar,MW,4.97
India,IND,Lakshadweep,LD,Union territory,2023,Capacity,Fuel,Wind,MW,0.0
India,IND,Lakshadweep,LD,Union territory,2023,Electricity generation,Fuel,Bioenergy,%,0.0
India,IND,Lakshadweep,LD,Union territory,2023,Electricity generation,Fuel,Coal,%,99.85
India,IND,Lakshadweep,LD,Union territory,2023,Electricity generation,Fuel,Gas,%,0.0
India,IND,Lakshadweep,LD,Union territory,2023,Electricity generation,Fuel,Hydro,%,0.0
India,IND,Lakshadweep,LD,Union territory,2023,Electricity generation,Fuel,Nuclear,%,0.0
India,IND,Lakshadweep,LD,Union territory,2023,Electricity generation,Fuel,Other Fossil,%,0.0
India,IND,Lakshadweep,LD,Union territory,2023,Electricity generation,Fuel,Other Renewables,%,0.0
India,IND,Lakshadweep,LD,Union territory,2023,Electricity generation,Fuel,Solar,%,0.15
India,IND,Lakshadweep,LD,Union territory,2023,Electricity generation,Fuel,Wind,%,0.0
India,IND,Lakshadweep,LD,Union territory,2023,Electricity generation,Fuel,Bioenergy,GWh,0.0
India,IND,Lakshadweep,LD,Union territory,2023,Electricity generation,Fuel,Coal,GWh,62.82
India,IND,Lakshadweep,LD,Union territory,2023,Electricity generation,Fuel,Gas,GWh,0.0
India,IND,Lakshadweep,LD,Union territory,2023,Electricity generation,Fuel,Hydro,GWh,0.0
India,IND,Lakshadweep,LD,Union territory,2023,Electricity generation,Fuel,Nuclear,GWh,0.0
India,IND,Lakshadweep,LD,Union territory,2023,Electricity generation,Fuel,Other Fossil,GWh,0.0
India,IND,Lakshadweep,LD,Union territory,2023,Electricity generation,Fuel,Other Renewables,GWh,0.0
India,IND,Lakshadweep,LD,Union territory,2023,Electricity generation,Fuel,Solar,GWh,0.09
India,IND,Lakshadweep,LD,Union territory,2023,Electricity generation,Fuel,Wind,GWh,0.0
India,IND,Lakshadweep,LD,Union territory,2023,Electricity generation,Total,Total Generation,GWh,62.91
India,IND,Lakshadweep,LD,Union territory,2023,Power sector emissions,CO2 intensity,CO2 intensity,gCO2/kWh,818.79
India,IND,Lakshadweep,LD,Union territory,2023,Power sector emissions,Fuel,Bioenergy,%,0.0
India,IND,Lakshadweep,LD,Union territory,2023,Power sector emissions,Fuel,Coal,%,51.51
India,IND,Lakshadweep,LD,Union territory,2023,Power sector emissions,Fuel,Gas,%,0.0
India,IND,Lakshadweep,LD,Union territory,2023,Power sector emissions,Fuel,Hydro,%,0.0
India,IND,Lakshadweep,LD,Union territory,2023,Power sector emissions,Fuel,Nuclear,%,0.0
India,IND,Lakshadweep,LD,Union territory,2023,Power sector emissions,Fuel,Other Fossil,%,0.0
India,IND,Lakshadweep,LD,Union territory,2023,Power sector emissions,Fuel,Other Renewables,%,0.0
India,IND,Lakshadweep,LD,Union territory,2023,Power sector emissions,Fuel,Solar,%,0.0
India,IND,Lakshadweep,LD,Union territory,2023,Power sector emissions,Fuel,Wind,%,0.0
India,IND,Lakshadweep,LD,Union territory,2023,Power sector emissions,Fuel,Bioenergy,ktCO2,0.0
India,IND,Lakshadweep,LD,Union territory,2023,Power sector emissions,Fuel,Coal,ktCO2,51.51
India,IND,Lakshadweep,LD,Union territory,2023,Power sector emissions,Fuel,Gas,ktCO2,0.0
India,IND,Lakshadweep,LD,Union territory,2023,Power sector emissions,Fuel,Hydro,ktCO2,0.0
India,IND,Lakshadweep,LD,Union territory,2023,Power sector emissions,Fuel,Nuclear,ktCO2,0.0
India,IND,Lakshadweep,LD,Union territory,2023,Power sector emissions,Fuel,Other Fossil,ktCO2,0.0
India,IND,Lakshadweep,LD,Union territory,2023,Power sector emissions,Fuel,Other Renewables,ktCO2,0.0
India,IND,Lakshadweep,LD,Union territory,2023,Power sector emissions,Fuel,Solar,ktCO2,0.0
India,IND,Lakshadweep,LD,Union territory,2023,Power sector emissions,Fuel,Wind,ktCO2,0.0
India,IND,Lakshadweep,LD,Union territory,2023,Power sector emissions,Total,Total emissions,ktCO2,51.51
India,IND,Lakshadweep,LD,Union territory,2024,Capacity,Fuel,Bioenergy,MW,0.0
India,IND,Lakshadweep,LD,Union territory,2024,Capacity,Fuel,Coal,MW,26.83
India,IND,Lakshadweep,LD,Union territory,2024,Capacity,Fuel,Gas,MW,0.0
India,IND,Lakshadweep,LD,Union territory,2024,Capacity,Fuel,Hydro,MW,0.0
India,IND,Lakshadweep,LD,Union territory,2024,Capacity,Fuel,Nuclear,MW,0.0
India,IND,Lakshadweep,LD,Union territory,2024,Capacity,Fuel,Other Fossil,MW,0.0
India,IND,Lakshadweep,LD,Union territory,2024,Capacity,Fuel,Other Renewables,MW,
India,IND,Lakshadweep,LD,Union territory,2024,Capacity,Fuel,Solar,MW,4.97
India,IND,Lakshadweep,LD,Union territory,2024,Capacity,Fuel,Wind,MW,0.0
India,IND,Lakshadweep,LD,Union territory,2024,Electricity generation,Fuel,Bioenergy,%,0.0
India,IND,Lakshadweep,LD,Union territory,2024,Electricity generation,Fuel,Coal,%,99.86
India,IND,Lakshadweep,LD,Union territory,2024,Electricity generation,Fuel,Gas,%,0.0
India,IND,Lakshadweep,LD,Union territory,2024,Electricity generation,Fuel,Hydro,%,0.0
India,IND,Lakshadweep,LD,Union territory,2024,Electricity generation,Fuel,Nuclear,%,0.0
India,IND,Lakshadweep,LD,Union territory,2024,Electricity generation,Fuel,Other Fossil,%,0.0
India,IND,Lakshadweep,LD,Union territory,2024,Electricity generation,Fuel,Other Renewables,%,0.0
India,IND,Lakshadweep,LD,Union territory,2024,Electricity generation,Fuel,Solar,%,0.14
India,IND,Lakshadweep,LD,Union territory,2024,Electricity generation,Fuel,Wind,%,0.0
India,IND,Lakshadweep,LD,Union territory,2024,Electricity generation,Fuel,Bioenergy,GWh,0.0
India,IND,Lakshadweep,LD,Union territory,2024,Electricity generation,Fuel,Coal,GWh,66.7
India,IND,Lakshadweep,LD,Union territory,2024,Electricity generation,Fuel,Gas,GWh,0.0
India,IND,Lakshadweep,LD,Union territory,2024,Electricity generation,Fuel,Hydro,GWh,0.0
India,IND,Lakshadweep,LD,Union territory,2024,Electricity generation,Fuel,Nuclear,GWh,0.0
India,IND,Lakshadweep,LD,Union territory,2024,Electricity generation,Fuel,Other Fossil,GWh,0.0
India,IND,Lakshadweep,LD,Union territory,2024,Electricity generation,Fuel,Other Renewables,GWh,0.0
India,IND,Lakshadweep,LD,Union territory,2024,Electricity generation,Fuel,Solar,GWh,0.09
India,IND,Lakshadweep,LD,Union territory,2024,Electricity generation,Fuel,Wind,GWh,0.0
India,IND,Lakshadweep,LD,Union territory,2024,Electricity generation,Total,Total Generation,GWh,66.79
India,IND,Lakshadweep,LD,Union territory,2024,Power sector emissions,CO2 intensity,CO2 intensity,gCO2/kWh,818.84
India,IND,Lakshadweep,LD,Union territory,2024,Power sector emissions,Fuel,Bioenergy,%,0.0
India,IND,Lakshadweep,LD,Union territory,2024,Power sector emissions,Fuel,Coal,%,54.69
India,IND,Lakshadweep,LD,Union territory,2024,Power sector emissions,Fuel,Gas,%,0.0
India,IND,Lakshadweep,LD,Union territory,2024,Power sector emissions,Fuel,Hydro,%,0.0
India,IND,Lakshadweep,LD,Union territory,2024,Power sector emissions,Fuel,Nuclear,%,0.0
India,IND,Lakshadweep,LD,Union territory,2024,Power sector emissions,Fuel,Other Fossil,%,0.0
India,IND,Lakshadweep,LD,Union territory,2024,Power sector emissions,Fuel,Other Renewables,%,0.0
India,IND,Lakshadweep,LD,Union territory,2024,Power sector emissions,Fuel,Solar,%,0.0
India,IND,Lakshadweep,LD,Union territory,2024,Power sector emissions,Fuel,Wind,%,0.0
India,IND,Lakshadweep,LD,Union territory,2024,Power sector emissions,Fuel,Bioenergy,ktCO2,0.0
India,IND,Lakshadweep,LD,Union territory,2024,Power sector emissions,Fuel,Coal,ktCO2,54.69
India,IND,Lakshadweep,LD,Union territory,2024,Power sector emissions,Fuel,Gas,ktCO2,0.0
India,IND,Lakshadweep,LD,Union territory,2024,Power sector emissions,Fuel,Hydro,ktCO2,0.0
India,IND,Lakshadweep,LD,Union territory,2024,Power sector emissions,Fuel,Nuclear,ktCO2,0.0
India,IND,Lakshadweep,LD,Union territory,2024,Power sector emissions,Fuel,Other Fossil,ktCO2,0.0
India,IND,Lakshadweep,LD,Union territory,2024,Power sector emissions,Fuel,Other Renewables,ktCO2,0.0
India,IND,Lakshadweep,LD,Union territory,2024,Power sector emissions,Fuel,Solar,ktCO2,0.0
India,IND,Lakshadweep,LD,Union territory,2024,Power sector emissions,Fuel,Wind,ktCO2,0.0
India,IND,Lakshadweep,LD,Union territory,2024,Power sector emissions,Total,Total emissions,ktCO2,54.69
India,IND,Madhya Pradesh,MP,state,2019,Capacity,Fuel,Bioenergy,MW,120.75
India,IND,Madhya Pradesh,MP,state,2019,Capacity,Fuel,Coal,MW,20490.0
India,IND,Madhya Pradesh,MP,state,2019,Capacity,Fuel,Gas,MW,0.0
India,IND,Madhya Pradesh,MP,state,2019,Capacity,Fuel,Hydro,MW,2330.91
India,IND,Madhya Pradesh,MP,state,2019,Capacity,Fuel,Nuclear,MW,0.0
India,IND,Madhya Pradesh,MP,state,2019,Capacity,Fuel,Other Fossil,MW,0.0
India,IND,Madhya Pradesh,MP,state,2019,Capacity,Fuel,Other Renewables,MW,0.0
India,IND,Madhya Pradesh,MP,state,2019,Capacity,Fuel,Solar,MW,2237.49
India,IND,Madhya Pradesh,MP,state,2019,Capacity,Fuel,Wind,MW,2519.89
India,IND,Madhya Pradesh,MP,state,2019,Electricity generation,Fuel,Bioenergy,%,0.08
India,IND,Madhya Pradesh,MP,state,2019,Electricity generation,Fuel,Coal,%,89.17
India,IND,Madhya Pradesh,MP,state,2019,Electricity generation,Fuel,Gas,%,0.0
India,IND,Madhya Pradesh,MP,state,2019,Electricity generation,Fuel,Hydro,%,4.69
India,IND,Madhya Pradesh,MP,state,2019,Electricity generation,Fuel,Nuclear,%,0.0
India,IND,Madhya Pradesh,MP,state,2019,Electricity generation,Fuel,Other Fossil,%,0.0
India,IND,Madhya Pradesh,MP,state,2019,Electricity generation,Fuel,Other Renewables,%,0.03
India,IND,Madhya Pradesh,MP,state,2019,Electricity generation,Fuel,Solar,%,2.59
India,IND,Madhya Pradesh,MP,state,2019,Electricity generation,Fuel,Wind,%,3.44
India,IND,Madhya Pradesh,MP,state,2019,Electricity generation,Fuel,Bioenergy,GWh,103.24
India,IND,Madhya Pradesh,MP,state,2019,Electricity generation,Fuel,Coal,GWh,114695.01
India,IND,Madhya Pradesh,MP,state,2019,Electricity generation,Fuel,Gas,GWh,0.0
India,IND,Madhya Pradesh,MP,state,2019,Electricity generation,Fuel,Hydro,GWh,6037.43
India,IND,Madhya Pradesh,MP,state,2019,Electricity generation,Fuel,Nuclear,GWh,0.0
India,IND,Madhya Pradesh,MP,state,2019,Electricity generation,Fuel,Other Fossil,GWh,0.0
India,IND,Madhya Pradesh,MP,state,2019,Electricity generation,Fuel,Other Renewables,GWh,36.51
India,IND,Madhya Pradesh,MP,state,2019,Electricity generation,Fuel,Solar,GWh,3329.83
India,IND,Madhya Pradesh,MP,state,2019,Electricity generation,Fuel,Wind,GWh,4418.22
India,IND,Madhya Pradesh,MP,state,2019,Electricity generation,Total,Total Generation,GWh,128620.24
India,IND,Madhya Pradesh,MP,state,2019,Power sector emissions,CO2 intensity,CO2 intensity,gCO2/kWh,734.16
India,IND,Madhya Pradesh,MP,state,2019,Power sector emissions,Fuel,Bioenergy,%,23.74
India,IND,Madhya Pradesh,MP,state,2019,Power sector emissions,Fuel,Coal,%,94049.91
India,IND,Madhya Pradesh,MP,state,2019,Power sector emissions,Fuel,Gas,%,0.0
India,IND,Madhya Pradesh,MP,state,2019,Power sector emissions,Fuel,Hydro,%,144.9
India,IND,Madhya Pradesh,MP,state,2019,Power sector emissions,Fuel,Nuclear,%,0.0
India,IND,Madhya Pradesh,MP,state,2019,Power sector emissions,Fuel,Other Fossil,%,0.0
India,IND,Madhya Pradesh,MP,state,2019,Power sector emissions,Fuel,Other Renewables,%,1.39
India,IND,Madhya Pradesh,MP,state,2019,Power sector emissions,Fuel,Solar,%,159.83
India,IND,Madhya Pradesh,MP,state,2019,Power sector emissions,Fuel,Wind,%,48.6
India,IND,Madhya Pradesh,MP,state,2019,Power sector emissions,Fuel,Bioenergy,ktCO2,23.74
India,IND,Madhya Pradesh,MP,state,2019,Power sector emissions,Fuel,Coal,ktCO2,94049.91
India,IND,Madhya Pradesh,MP,state,2019,Power sector emissions,Fuel,Gas,ktCO2,0.0
India,IND,Madhya Pradesh,MP,state,2019,Power sector emissions,Fuel,Hydro,ktCO2,144.9
India,IND,Madhya Pradesh,MP,state,2019,Power sector emissions,Fuel,Nuclear,ktCO2,0.0
India,IND,Madhya Pradesh,MP,state,2019,Power sector emissions,Fuel,Other Fossil,ktCO2,0.0
India,IND,Madhya Pradesh,MP,state,2019,Power sector emissions,Fuel,Other Renewables,ktCO2,1.39
India,IND,Madhya Pradesh,MP,state,2019,Power sector emissions,Fuel,Solar,ktCO2,159.83
India,IND,Madhya Pradesh,MP,state,2019,Power sector emissions,Fuel,Wind,ktCO2,48.6
India,IND,Madhya Pradesh,MP,state,2019,Power sector emissions,Total,Total emissions,ktCO2,94428.37
India,IND,Madhya Pradesh,MP,state,2020,Capacity,Fuel,Bioenergy,MW,122.75
India,IND,Madhya Pradesh,MP,state,2020,Capacity,Fuel,Coal,MW,21150.0
India,IND,Madhya Pradesh,MP,state,2020,Capacity,Fuel,Gas,MW,0.0
India,IND,Madhya Pradesh,MP,state,2020,Capacity,Fuel,Hydro,MW,2334.71
India,IND,Madhya Pradesh,MP,state,2020,Capacity,Fuel,Nuclear,MW,0.0
India,IND,Madhya Pradesh,MP,state,2020,Capacity,Fuel,Other Fossil,MW,0.0
India,IND,Madhya Pradesh,MP,state,2020,Capacity,Fuel,Other Renewables,MW,0.0
India,IND,Madhya Pradesh,MP,state,2020,Capacity,Fuel,Solar,MW,2440.15
India,IND,Madhya Pradesh,MP,state,2020,Capacity,Fuel,Wind,MW,2519.89
India,IND,Madhya Pradesh,MP,state,2020,Electricity generation,Fuel,Bioenergy,%,0.07
India,IND,Madhya Pradesh,MP,state,2020,Electricity generation,Fuel,Coal,%,88.9
India,IND,Madhya Pradesh,MP,state,2020,Electricity generation,Fuel,Gas,%,0.0
India,IND,Madhya Pradesh,MP,state,2020,Electricity generation,Fuel,Hydro,%,4.98
India,IND,Madhya Pradesh,MP,state,2020,Electricity generation,Fuel,Nuclear,%,0.0
India,IND,Madhya Pradesh,MP,state,2020,Electricity generation,Fuel,Other Fossil,%,0.0
India,IND,Madhya Pradesh,MP,state,2020,Electricity generation,Fuel,Other Renewables,%,0.03
India,IND,Madhya Pradesh,MP,state,2020,Electricity generation,Fuel,Solar,%,3.07
India,IND,Madhya Pradesh,MP,state,2020,Electricity generation,Fuel,Wind,%,2.95
India,IND,Madhya Pradesh,MP,state,2020,Electricity generation,Fuel,Bioenergy,GWh,89.88
India,IND,Madhya Pradesh,MP,state,2020,Electricity generation,Fuel,Coal,GWh,119969.96
India,IND,Madhya Pradesh,MP,state,2020,Electricity generation,Fuel,Gas,GWh,0.0
India,IND,Madhya Pradesh,MP,state,2020,Electricity generation,Fuel,Hydro,GWh,6716.88
India,IND,Madhya Pradesh,MP,state,2020,Electricity generation,Fuel,Nuclear,GWh,0.0
India,IND,Madhya Pradesh,MP,state,2020,Electricity generation,Fuel,Other Fossil,GWh,0.0
India,IND,Madhya Pradesh,MP,state,2020,Electricity generation,Fuel,Other Renewables,GWh,40.08
India,IND,Madhya Pradesh,MP,state,2020,Electricity generation,Fuel,Solar,GWh,4140.58
India,IND,Madhya Pradesh,MP,state,2020,Electricity generation,Fuel,Wind,GWh,3986.31
India,IND,Madhya Pradesh,MP,state,2020,Electricity generation,Total,Total Generation,GWh,134943.69
India,IND,Madhya Pradesh,MP,state,2020,Power sector emissions,CO2 intensity,CO2 intensity,gCO2/kWh,732.17
India,IND,Madhya Pradesh,MP,state,2020,Power sector emissions,Fuel,Bioenergy,%,20.67
India,IND,Madhya Pradesh,MP,state,2020,Power sector emissions,Fuel,Coal,%,98375.37
India,IND,Madhya Pradesh,MP,state,2020,Power sector emissions,Fuel,Gas,%,0.0
India,IND,Madhya Pradesh,MP,state,2020,Power sector emissions,Fuel,Hydro,%,161.21
India,IND,Madhya Pradesh,MP,state,2020,Power sector emissions,Fuel,Nuclear,%,0.0
India,IND,Madhya Pradesh,MP,state,2020,Power sector emissions,Fuel,Other Fossil,%,0.0
India,IND,Madhya Pradesh,MP,state,2020,Power sector emissions,Fuel,Other Renewables,%,1.52
India,IND,Madhya Pradesh,MP,state,2020,Power sector emissions,Fuel,Solar,%,198.75
India,IND,Madhya Pradesh,MP,state,2020,Power sector emissions,Fuel,Wind,%,43.85
India,IND,Madhya Pradesh,MP,state,2020,Power sector emissions,Fuel,Bioenergy,ktCO2,20.67
India,IND,Madhya Pradesh,MP,state,2020,Power sector emissions,Fuel,Coal,ktCO2,98375.37
India,IND,Madhya Pradesh,MP,state,2020,Power sector emissions,Fuel,Gas,ktCO2,0.0
India,IND,Madhya Pradesh,MP,state,2020,Power sector emissions,Fuel,Hydro,ktCO2,161.21
India,IND,Madhya Pradesh,MP,state,2020,Power sector emissions,Fuel,Nuclear,ktCO2,0.0
India,IND,Madhya Pradesh,MP,state,2020,Power sector emissions,Fuel,Other Fossil,ktCO2,0.0
India,IND,Madhya Pradesh,MP,state,2020,Power sector emissions,Fuel,Other Renewables,ktCO2,1.52
India,IND,Madhya Pradesh,MP,state,2020,Power sector emissions,Fuel,Solar,ktCO2,198.75
India,IND,Madhya Pradesh,MP,state,2020,Power sector emissions,Fuel,Wind,ktCO2,43.85
India,IND,Madhya Pradesh,MP,state,2020,Power sector emissions,Total,Total emissions,ktCO2,98801.37
India,IND,Madhya Pradesh,MP,state,2021,Capacity,Fuel,Bioenergy,MW,128.0
India,IND,Madhya Pradesh,MP,state,2021,Capacity,Fuel,Coal,MW,21950.0
India,IND,Madhya Pradesh,MP,state,2021,Capacity,Fuel,Gas,MW,0.0
India,IND,Madhya Pradesh,MP,state,2021,Capacity,Fuel,Hydro,MW,2334.71
India,IND,Madhya Pradesh,MP,state,2021,Capacity,Fuel,Nuclear,MW,0.0
India,IND,Madhya Pradesh,MP,state,2021,Capacity,Fuel,Other Fossil,MW,0.0
India,IND,Madhya Pradesh,MP,state,2021,Capacity,Fuel,Other Renewables,MW,0.0
India,IND,Madhya Pradesh,MP,state,2021,Capacity,Fuel,Solar,MW,2680.12
India,IND,Madhya Pradesh,MP,state,2021,Capacity,Fuel,Wind,MW,2519.89
India,IND,Madhya Pradesh,MP,state,2021,Electricity generation,Fuel,Bioenergy,%,0.06
India,IND,Madhya Pradesh,MP,state,2021,Electricity generation,Fuel,Coal,%,90.35
India,IND,Madhya Pradesh,MP,state,2021,Electricity generation,Fuel,Gas,%,0.0
India,IND,Madhya Pradesh,MP,state,2021,Electricity generation,Fuel,Hydro,%,3.68
India,IND,Madhya Pradesh,MP,state,2021,Electricity generation,Fuel,Nuclear,%,0.0
India,IND,Madhya Pradesh,MP,state,2021,Electricity generation,Fuel,Other Fossil,%,0.0
India,IND,Madhya Pradesh,MP,state,2021,Electricity generation,Fuel,Other Renewables,%,0.02
India,IND,Madhya Pradesh,MP,state,2021,Electricity generation,Fuel,Solar,%,2.81
India,IND,Madhya Pradesh,MP,state,2021,Electricity generation,Fuel,Wind,%,3.08
India,IND,Madhya Pradesh,MP,state,2021,Electricity generation,Fuel,Bioenergy,GWh,83.6
India,IND,Madhya Pradesh,MP,state,2021,Electricity generation,Fuel,Coal,GWh,127911.34
India,IND,Madhya Pradesh,MP,state,2021,Electricity generation,Fuel,Gas,GWh,0.0
India,IND,Madhya Pradesh,MP,state,2021,Electricity generation,Fuel,Hydro,GWh,5209.96
India,IND,Madhya Pradesh,MP,state,2021,Electricity generation,Fuel,Nuclear,GWh,0.0
India,IND,Madhya Pradesh,MP,state,2021,Electricity generation,Fuel,Other Fossil,GWh,0.0
India,IND,Madhya Pradesh,MP,state,2021,Electricity generation,Fuel,Other Renewables,GWh,34.35
India,IND,Madhya Pradesh,MP,state,2021,Electricity generation,Fuel,Solar,GWh,3976.43
India,IND,Madhya Pradesh,MP,state,2021,Electricity generation,Fuel,Wind,GWh,4357.27
India,IND,Madhya Pradesh,MP,state,2021,Electricity generation,Total,Total Generation,GWh,141572.95
India,IND,Madhya Pradesh,MP,state,2021,Power sector emissions,CO2 intensity,CO2 intensity,gCO2/kWh,743.59
India,IND,Madhya Pradesh,MP,state,2021,Power sector emissions,Fuel,Bioenergy,%,19.23
India,IND,Madhya Pradesh,MP,state,2021,Power sector emissions,Fuel,Coal,%,104887.3
India,IND,Madhya Pradesh,MP,state,2021,Power sector emissions,Fuel,Gas,%,0.0
India,IND,Madhya Pradesh,MP,state,2021,Power sector emissions,Fuel,Hydro,%,125.04
India,IND,Madhya Pradesh,MP,state,2021,Power sector emissions,Fuel,Nuclear,%,0.0
India,IND,Madhya Pradesh,MP,state,2021,Power sector emissions,Fuel,Other Fossil,%,0.0
India,IND,Madhya Pradesh,MP,state,2021,Power sector emissions,Fuel,Other Renewables,%,1.31
India,IND,Madhya Pradesh,MP,state,2021,Power sector emissions,Fuel,Solar,%,190.87
India,IND,Madhya Pradesh,MP,state,2021,Power sector emissions,Fuel,Wind,%,47.93
India,IND,Madhya Pradesh,MP,state,2021,Power sector emissions,Fuel,Bioenergy,ktCO2,19.23
India,IND,Madhya Pradesh,MP,state,2021,Power sector emissions,Fuel,Coal,ktCO2,104887.3
India,IND,Madhya Pradesh,MP,state,2021,Power sector emissions,Fuel,Gas,ktCO2,0.0
India,IND,Madhya Pradesh,MP,state,2021,Power sector emissions,Fuel,Hydro,ktCO2,125.04
India,IND,Madhya Pradesh,MP,state,2021,Power sector emissions,Fuel,Nuclear,ktCO2,0.0
India,IND,Madhya Pradesh,MP,state,2021,Power sector emissions,Fuel,Other Fossil,ktCO2,0.0
India,IND,Madhya Pradesh,MP,state,2021,Power sector emissions,Fuel,Other Renewables,ktCO2,1.31
India,IND,Madhya Pradesh,MP,state,2021,Power sector emissions,Fuel,Solar,ktCO2,190.87
India,IND,Madhya Pradesh,MP,state,2021,Power sector emissions,Fuel,Wind,ktCO2,47.93
India,IND,Madhya Pradesh,MP,state,2021,Power sector emissions,Total,Total emissions,ktCO2,105271.68
India,IND,Madhya Pradesh,MP,state,2022,Capacity,Fuel,Bioenergy,MW,131.75
India,IND,Madhya Pradesh,MP,state,2022,Capacity,Fuel,Coal,MW,21950.0
India,IND,Madhya Pradesh,MP,state,2022,Capacity,Fuel,Gas,MW,0.0
India,IND,Madhya Pradesh,MP,state,2022,Capacity,Fuel,Hydro,MW,2358.71
India,IND,Madhya Pradesh,MP,state,2022,Capacity,Fuel,Nuclear,MW,0.0
India,IND,Madhya Pradesh,MP,state,2022,Capacity,Fuel,Other Fossil,MW,0.0
India,IND,Madhya Pradesh,MP,state,2022,Capacity,Fuel,Other Renewables,MW,
India,IND,Madhya Pradesh,MP,state,2022,Capacity,Fuel,Solar,MW,2774.78
India,IND,Madhya Pradesh,MP,state,2022,Capacity,Fuel,Wind,MW,2844.29
India,IND,Madhya Pradesh,MP,state,2022,Electricity generation,Fuel,Bioenergy,%,0.09
India,IND,Madhya Pradesh,MP,state,2022,Electricity generation,Fuel,Coal,%,89.59
India,IND,Madhya Pradesh,MP,state,2022,Electricity generation,Fuel,Gas,%,0.0
India,IND,Madhya Pradesh,MP,state,2022,Electricity generation,Fuel,Hydro,%,4.77
India,IND,Madhya Pradesh,MP,state,2022,Electricity generation,Fuel,Nuclear,%,0.0
India,IND,Madhya Pradesh,MP,state,2022,Electricity generation,Fuel,Other Fossil,%,0.0
India,IND,Madhya Pradesh,MP,state,2022,Electricity generation,Fuel,Other Renewables,%,0.02
India,IND,Madhya Pradesh,MP,state,2022,Electricity generation,Fuel,Solar,%,2.62
India,IND,Madhya Pradesh,MP,state,2022,Electricity generation,Fuel,Wind,%,2.9
India,IND,Madhya Pradesh,MP,state,2022,Electricity generation,Fuel,Bioenergy,GWh,138.44
India,IND,Madhya Pradesh,MP,state,2022,Electricity generation,Fuel,Coal,GWh,137129.53
India,IND,Madhya Pradesh,MP,state,2022,Electricity generation,Fuel,Gas,GWh,0.0
India,IND,Madhya Pradesh,MP,state,2022,Electricity generation,Fuel,Hydro,GWh,7297.99
India,IND,Madhya Pradesh,MP,state,2022,Electricity generation,Fuel,Nuclear,GWh,0.0
India,IND,Madhya Pradesh,MP,state,2022,Electricity generation,Fuel,Other Fossil,GWh,0.0
India,IND,Madhya Pradesh,MP,state,2022,Electricity generation,Fuel,Other Renewables,GWh,37.43
India,IND,Madhya Pradesh,MP,state,2022,Electricity generation,Fuel,Solar,GWh,4013.24
India,IND,Madhya Pradesh,MP,state,2022,Electricity generation,Fuel,Wind,GWh,4441.33
India,IND,Madhya Pradesh,MP,state,2022,Electricity generation,Total,Total Generation,GWh,153057.96
India,IND,Madhya Pradesh,MP,state,2022,Power sector emissions,CO2 intensity,CO2 intensity,gCO2/kWh,737.6
India,IND,Madhya Pradesh,MP,state,2022,Power sector emissions,Fuel,Bioenergy,%,31.84
India,IND,Madhya Pradesh,MP,state,2022,Power sector emissions,Fuel,Coal,%,112446.22
India,IND,Madhya Pradesh,MP,state,2022,Power sector emissions,Fuel,Gas,%,0.0
India,IND,Madhya Pradesh,MP,state,2022,Power sector emissions,Fuel,Hydro,%,175.15
India,IND,Madhya Pradesh,MP,state,2022,Power sector emissions,Fuel,Nuclear,%,0.0
India,IND,Madhya Pradesh,MP,state,2022,Power sector emissions,Fuel,Other Fossil,%,0.0
India,IND,Madhya Pradesh,MP,state,2022,Power sector emissions,Fuel,Other Renewables,%,1.42
India,IND,Madhya Pradesh,MP,state,2022,Power sector emissions,Fuel,Solar,%,192.64
India,IND,Madhya Pradesh,MP,state,2022,Power sector emissions,Fuel,Wind,%,48.85
India,IND,Madhya Pradesh,MP,state,2022,Power sector emissions,Fuel,Bioenergy,ktCO2,31.84
India,IND,Madhya Pradesh,MP,state,2022,Power sector emissions,Fuel,Coal,ktCO2,112446.22
India,IND,Madhya Pradesh,MP,state,2022,Power sector emissions,Fuel,Gas,ktCO2,0.0
India,IND,Madhya Pradesh,MP,state,2022,Power sector emissions,Fuel,Hydro,ktCO2,175.15
India,IND,Madhya Pradesh,MP,state,2022,Power sector emissions,Fuel,Nuclear,ktCO2,0.0
India,IND,Madhya Pradesh,MP,state,2022,Power sector emissions,Fuel,Other Fossil,ktCO2,0.0
India,IND,Madhya Pradesh,MP,state,2022,Power sector emissions,Fuel,Other Renewables,ktCO2,1.42
India,IND,Madhya Pradesh,MP,state,2022,Power sector emissions,Fuel,Solar,ktCO2,192.64
India,IND,Madhya Pradesh,MP,state,2022,Power sector emissions,Fuel,Wind,ktCO2,48.85
India,IND,Madhya Pradesh,MP,state,2022,Power sector emissions,Total,Total emissions,ktCO2,112896.12
India,IND,Madhya Pradesh,MP,state,2023,Capacity,Fuel,Bioenergy,MW,134.94
India,IND,Madhya Pradesh,MP,state,2023,Capacity,Fuel,Coal,MW,22000.0
India,IND,Madhya Pradesh,MP,state,2023,Capacity,Fuel,Gas,MW,0.0
India,IND,Madhya Pradesh,MP,state,2023,Capacity,Fuel,Hydro,MW,2358.71
India,IND,Madhya Pradesh,MP,state,2023,Capacity,Fuel,Nuclear,MW,0.0
India,IND,Madhya Pradesh,MP,state,2023,Capacity,Fuel,Other Fossil,MW,0.0
India,IND,Madhya Pradesh,MP,state,2023,Capacity,Fuel,Other Renewables,MW,
India,IND,Madhya Pradesh,MP,state,2023,Capacity,Fuel,Solar,MW,3170.05
India,IND,Madhya Pradesh,MP,state,2023,Capacity,Fuel,Wind,MW,2844.29
India,IND,Madhya Pradesh,MP,state,2023,Electricity generation,Fuel,Bioenergy,%,0.12
India,IND,Madhya Pradesh,MP,state,2023,Electricity generation,Fuel,Coal,%,90.08
India,IND,Madhya Pradesh,MP,state,2023,Electricity generation,Fuel,Gas,%,0.0
India,IND,Madhya Pradesh,MP,state,2023,Electricity generation,Fuel,Hydro,%,4.49
India,IND,Madhya Pradesh,MP,state,2023,Electricity generation,Fuel,Nuclear,%,0.0
India,IND,Madhya Pradesh,MP,state,2023,Electricity generation,Fuel,Other Fossil,%,0.0
India,IND,Madhya Pradesh,MP,state,2023,Electricity generation,Fuel,Other Renewables,%,0.02
India,IND,Madhya Pradesh,MP,state,2023,Electricity generation,Fuel,Solar,%,2.3
India,IND,Madhya Pradesh,MP,state,2023,Electricity generation,Fuel,Wind,%,2.99
India,IND,Madhya Pradesh,MP,state,2023,Electricity generation,Fuel,Bioenergy,GWh,186.42
India,IND,Madhya Pradesh,MP,state,2023,Electricity generation,Fuel,Coal,GWh,144146.17
India,IND,Madhya Pradesh,MP,state,2023,Electricity generation,Fuel,Gas,GWh,0.0
India,IND,Madhya Pradesh,MP,state,2023,Electricity generation,Fuel,Hydro,GWh,7190.14
India,IND,Madhya Pradesh,MP,state,2023,Electricity generation,Fuel,Nuclear,GWh,0.0
India,IND,Madhya Pradesh,MP,state,2023,Electricity generation,Fuel,Other Fossil,GWh,0.0
India,IND,Madhya Pradesh,MP,state,2023,Electricity generation,Fuel,Other Renewables,GWh,30.33
India,IND,Madhya Pradesh,MP,state,2023,Electricity generation,Fuel,Solar,GWh,3680.5
India,IND,Madhya Pradesh,MP,state,2023,Electricity generation,Fuel,Wind,GWh,4779.46
India,IND,Madhya Pradesh,MP,state,2023,Electricity generation,Total,Total Generation,GWh,160013.02
India,IND,Madhya Pradesh,MP,state,2023,Power sector emissions,CO2 intensity,CO2 intensity,gCO2/kWh,741.48
India,IND,Madhya Pradesh,MP,state,2023,Power sector emissions,Fuel,Bioenergy,%,42.88
India,IND,Madhya Pradesh,MP,state,2023,Power sector emissions,Fuel,Coal,%,118199.86
India,IND,Madhya Pradesh,MP,state,2023,Power sector emissions,Fuel,Gas,%,0.0
India,IND,Madhya Pradesh,MP,state,2023,Power sector emissions,Fuel,Hydro,%,172.56
India,IND,Madhya Pradesh,MP,state,2023,Power sector emissions,Fuel,Nuclear,%,0.0
India,IND,Madhya Pradesh,MP,state,2023,Power sector emissions,Fuel,Other Fossil,%,0.0
India,IND,Madhya Pradesh,MP,state,2023,Power sector emissions,Fuel,Other Renewables,%,1.15
India,IND,Madhya Pradesh,MP,state,2023,Power sector emissions,Fuel,Solar,%,176.66
India,IND,Madhya Pradesh,MP,state,2023,Power sector emissions,Fuel,Wind,%,52.57
India,IND,Madhya Pradesh,MP,state,2023,Power sector emissions,Fuel,Bioenergy,ktCO2,42.88
India,IND,Madhya Pradesh,MP,state,2023,Power sector emissions,Fuel,Coal,ktCO2,118199.86
India,IND,Madhya Pradesh,MP,state,2023,Power sector emissions,Fuel,Gas,ktCO2,0.0
India,IND,Madhya Pradesh,MP,state,2023,Power sector emissions,Fuel,Hydro,ktCO2,172.56
India,IND,Madhya Pradesh,MP,state,2023,Power sector emissions,Fuel,Nuclear,ktCO2,0.0
India,IND,Madhya Pradesh,MP,state,2023,Power sector emissions,Fuel,Other Fossil,ktCO2,0.0
India,IND,Madhya Pradesh,MP,state,2023,Power sector emissions,Fuel,Other Renewables,ktCO2,1.15
India,IND,Madhya Pradesh,MP,state,2023,Power sector emissions,Fuel,Solar,ktCO2,176.66
India,IND,Madhya Pradesh,MP,state,2023,Power sector emissions,Fuel,Wind,ktCO2,52.57
India,IND,Madhya Pradesh,MP,state,2023,Power sector emissions,Total,Total emissions,ktCO2,118645.68
India,IND,Madhya Pradesh,MP,state,2024,Capacity,Fuel,Bioenergy,MW,135.36
India,IND,Madhya Pradesh,MP,state,2024,Capacity,Fuel,Coal,MW,22000.0
India,IND,Madhya Pradesh,MP,state,2024,Capacity,Fuel,Gas,MW,0.0
India,IND,Madhya Pradesh,MP,state,2024,Capacity,Fuel,Hydro,MW,2358.71
India,IND,Madhya Pradesh,MP,state,2024,Capacity,Fuel,Nuclear,MW,0.0
India,IND,Madhya Pradesh,MP,state,2024,Capacity,Fuel,Other Fossil,MW,0.0
India,IND,Madhya Pradesh,MP,state,2024,Capacity,Fuel,Other Renewables,MW,
India,IND,Madhya Pradesh,MP,state,2024,Capacity,Fuel,Solar,MW,4973.58
India,IND,Madhya Pradesh,MP,state,2024,Capacity,Fuel,Wind,MW,2844.29
India,IND,Madhya Pradesh,MP,state,2024,Electricity generation,Fuel,Bioenergy,%,0.12
India,IND,Madhya Pradesh,MP,state,2024,Electricity generation,Fuel,Coal,%,88.59
India,IND,Madhya Pradesh,MP,state,2024,Electricity generation,Fuel,Gas,%,0.0
India,IND,Madhya Pradesh,MP,state,2024,Electricity generation,Fuel,Hydro,%,4.76
India,IND,Madhya Pradesh,MP,state,2024,Electricity generation,Fuel,Nuclear,%,0.0
India,IND,Madhya Pradesh,MP,state,2024,Electricity generation,Fuel,Other Fossil,%,0.0
India,IND,Madhya Pradesh,MP,state,2024,Electricity generation,Fuel,Other Renewables,%,0.03
India,IND,Madhya Pradesh,MP,state,2024,Electricity generation,Fuel,Solar,%,3.65
India,IND,Madhya Pradesh,MP,state,2024,Electricity generation,Fuel,Wind,%,2.85
India,IND,Madhya Pradesh,MP,state,2024,Electricity generation,Fuel,Bioenergy,GWh,194.03
India,IND,Madhya Pradesh,MP,state,2024,Electricity generation,Fuel,Coal,GWh,146307.67
India,IND,Madhya Pradesh,MP,state,2024,Electricity generation,Fuel,Gas,GWh,0.0
India,IND,Madhya Pradesh,MP,state,2024,Electricity generation,Fuel,Hydro,GWh,7860.52
India,IND,Madhya Pradesh,MP,state,2024,Electricity generation,Fuel,Nuclear,GWh,0.0
India,IND,Madhya Pradesh,MP,state,2024,Electricity generation,Fuel,Other Fossil,GWh,0.0
India,IND,Madhya Pradesh,MP,state,2024,Electricity generation,Fuel,Other Renewables,GWh,56.56
India,IND,Madhya Pradesh,MP,state,2024,Electricity generation,Fuel,Solar,GWh,6032.96
India,IND,Madhya Pradesh,MP,state,2024,Electricity generation,Fuel,Wind,GWh,4704.09
India,IND,Madhya Pradesh,MP,state,2024,Electricity generation,Total,Total Generation,GWh,165155.83
India,IND,Madhya Pradesh,MP,state,2024,Power sector emissions,CO2 intensity,CO2 intensity,gCO2/kWh,729.91
India,IND,Madhya Pradesh,MP,state,2024,Power sector emissions,Fuel,Bioenergy,%,44.63
India,IND,Madhya Pradesh,MP,state,2024,Power sector emissions,Fuel,Coal,%,119972.29
India,IND,Madhya Pradesh,MP,state,2024,Power sector emissions,Fuel,Gas,%,0.0
India,IND,Madhya Pradesh,MP,state,2024,Power sector emissions,Fuel,Hydro,%,188.65
India,IND,Madhya Pradesh,MP,state,2024,Power sector emissions,Fuel,Nuclear,%,0.0
India,IND,Madhya Pradesh,MP,state,2024,Power sector emissions,Fuel,Other Fossil,%,0.0
India,IND,Madhya Pradesh,MP,state,2024,Power sector emissions,Fuel,Other Renewables,%,2.15
India,IND,Madhya Pradesh,MP,state,2024,Power sector emissions,Fuel,Solar,%,289.58
India,IND,Madhya Pradesh,MP,state,2024,Power sector emissions,Fuel,Wind,%,51.75
India,IND,Madhya Pradesh,MP,state,2024,Power sector emissions,Fuel,Bioenergy,ktCO2,44.63
India,IND,Madhya Pradesh,MP,state,2024,Power sector emissions,Fuel,Coal,ktCO2,119972.29
India,IND,Madhya Pradesh,MP,state,2024,Power sector emissions,Fuel,Gas,ktCO2,0.0
India,IND,Madhya Pradesh,MP,state,2024,Power sector emissions,Fuel,Hydro,ktCO2,188.65
India,IND,Madhya Pradesh,MP,state,2024,Power sector emissions,Fuel,Nuclear,ktCO2,0.0
India,IND,Madhya Pradesh,MP,state,2024,Power sector emissions,Fuel,Other Fossil,ktCO2,0.0
India,IND,Madhya Pradesh,MP,state,2024,Power sector emissions,Fuel,Other Renewables,ktCO2,2.15
India,IND,Madhya Pradesh,MP,state,2024,Power sector emissions,Fuel,Solar,ktCO2,289.58
India,IND,Madhya Pradesh,MP,state,2024,Power sector emissions,Fuel,Wind,ktCO2,51.75
India,IND,Madhya Pradesh,MP,state,2024,Power sector emissions,Total,Total emissions,ktCO2,120549.05
India,IND,Maharashtra,MH,state,2019,Capacity,Fuel,Bioenergy,MW,2528.69
India,IND,Maharashtra,MH,state,2019,Capacity,Fuel,Coal,MW,25386.0
India,IND,Maharashtra,MH,state,2019,Capacity,Fuel,Gas,MW,3207.08
India,IND,Maharashtra,MH,state,2019,Capacity,Fuel,Hydro,MW,3426.57
India,IND,Maharashtra,MH,state,2019,Capacity,Fuel,Nuclear,MW,1400.0
India,IND,Maharashtra,MH,state,2019,Capacity,Fuel,Other Fossil,MW,0.0
India,IND,Maharashtra,MH,state,2019,Capacity,Fuel,Other Renewables,MW,0.0
India,IND,Maharashtra,MH,state,2019,Capacity,Fuel,Solar,MW,1663.42
India,IND,Maharashtra,MH,state,2019,Capacity,Fuel,Wind,MW,5000.33
India,IND,Maharashtra,MH,state,2019,Electricity generation,Fuel,Bioenergy,%,2.42
India,IND,Maharashtra,MH,state,2019,Electricity generation,Fuel,Coal,%,72.9
India,IND,Maharashtra,MH,state,2019,Electricity generation,Fuel,Gas,%,5.65
India,IND,Maharashtra,MH,state,2019,Electricity generation,Fuel,Hydro,%,4.37
India,IND,Maharashtra,MH,state,2019,Electricity generation,Fuel,Nuclear,%,7.65
India,IND,Maharashtra,MH,state,2019,Electricity generation,Fuel,Other Fossil,%,0.0
India,IND,Maharashtra,MH,state,2019,Electricity generation,Fuel,Other Renewables,%,0.0
India,IND,Maharashtra,MH,state,2019,Electricity generation,Fuel,Solar,%,1.61
India,IND,Maharashtra,MH,state,2019,Electricity generation,Fuel,Wind,%,5.39
India,IND,Maharashtra,MH,state,2019,Electricity generation,Fuel,Bioenergy,GWh,3529.62
India,IND,Maharashtra,MH,state,2019,Electricity generation,Fuel,Coal,GWh,106306.24
India,IND,Maharashtra,MH,state,2019,Electricity generation,Fuel,Gas,GWh,8234.09
India,IND,Maharashtra,MH,state,2019,Electricity generation,Fuel,Hydro,GWh,6375.01
India,IND,Maharashtra,MH,state,2019,Electricity generation,Fuel,Nuclear,GWh,11156.54
India,IND,Maharashtra,MH,state,2019,Electricity generation,Fuel,Other Fossil,GWh,0.0
India,IND,Maharashtra,MH,state,2019,Electricity generation,Fuel,Other Renewables,GWh,1.12
India,IND,Maharashtra,MH,state,2019,Electricity generation,Fuel,Solar,GWh,2350.88
India,IND,Maharashtra,MH,state,2019,Electricity generation,Fuel,Wind,GWh,7866.21
India,IND,Maharashtra,MH,state,2019,Electricity generation,Total,Total Generation,GWh,145819.71
India,IND,Maharashtra,MH,state,2019,Power sector emissions,CO2 intensity,CO2 intensity,gCO2/kWh,634.37
India,IND,Maharashtra,MH,state,2019,Power sector emissions,Fuel,Bioenergy,%,811.81
India,IND,Maharashtra,MH,state,2019,Power sector emissions,Fuel,Coal,%,87171.12
India,IND,Maharashtra,MH,state,2019,Power sector emissions,Fuel,Gas,%,4034.7
India,IND,Maharashtra,MH,state,2019,Power sector emissions,Fuel,Hydro,%,153.0
India,IND,Maharashtra,MH,state,2019,Power sector emissions,Fuel,Nuclear,%,133.88
India,IND,Maharashtra,MH,state,2019,Power sector emissions,Fuel,Other Fossil,%,0.0
India,IND,Maharashtra,MH,state,2019,Power sector emissions,Fuel,Other Renewables,%,0.04
India,IND,Maharashtra,MH,state,2019,Power sector emissions,Fuel,Solar,%,112.84
India,IND,Maharashtra,MH,state,2019,Power sector emissions,Fuel,Wind,%,86.53
India,IND,Maharashtra,MH,state,2019,Power sector emissions,Fuel,Bioenergy,ktCO2,811.81
India,IND,Maharashtra,MH,state,2019,Power sector emissions,Fuel,Coal,ktCO2,87171.12
India,IND,Maharashtra,MH,state,2019,Power sector emissions,Fuel,Gas,ktCO2,4034.7
India,IND,Maharashtra,MH,state,2019,Power sector emissions,Fuel,Hydro,ktCO2,153.0
India,IND,Maharashtra,MH,state,2019,Power sector emissions,Fuel,Nuclear,ktCO2,133.88
India,IND,Maharashtra,MH,state,2019,Power sector emissions,Fuel,Other Fossil,ktCO2,0.0
India,IND,Maharashtra,MH,state,2019,Power sector emissions,Fuel,Other Renewables,ktCO2,0.04
India,IND,Maharashtra,MH,state,2019,Power sector emissions,Fuel,Solar,ktCO2,112.84
India,IND,Maharashtra,MH,state,2019,Power sector emissions,Fuel,Wind,ktCO2,86.53
India,IND,Maharashtra,MH,state,2019,Power sector emissions,Total,Total emissions,ktCO2,92503.92
India,IND,Maharashtra,MH,state,2020,Capacity,Fuel,Bioenergy,MW,2596.99
India,IND,Maharashtra,MH,state,2020,Capacity,Fuel,Coal,MW,24966.0
India,IND,Maharashtra,MH,state,2020,Capacity,Fuel,Gas,MW,3207.08
India,IND,Maharashtra,MH,state,2020,Capacity,Fuel,Hydro,MW,3426.58
India,IND,Maharashtra,MH,state,2020,Capacity,Fuel,Nuclear,MW,1400.0
India,IND,Maharashtra,MH,state,2020,Capacity,Fuel,Other Fossil,MW,0.0
India,IND,Maharashtra,MH,state,2020,Capacity,Fuel,Other Renewables,MW,0.0
India,IND,Maharashtra,MH,state,2020,Capacity,Fuel,Solar,MW,1895.82
India,IND,Maharashtra,MH,state,2020,Capacity,Fuel,Wind,MW,5000.33
India,IND,Maharashtra,MH,state,2020,Electricity generation,Fuel,Bioenergy,%,2.78
India,IND,Maharashtra,MH,state,2020,Electricity generation,Fuel,Coal,%,73.63
India,IND,Maharashtra,MH,state,2020,Electricity generation,Fuel,Gas,%,4.79
India,IND,Maharashtra,MH,state,2020,Electricity generation,Fuel,Hydro,%,4.68
India,IND,Maharashtra,MH,state,2020,Electricity generation,Fuel,Nuclear,%,7.03
India,IND,Maharashtra,MH,state,2020,Electricity generation,Fuel,Other Fossil,%,0.0
India,IND,Maharashtra,MH,state,2020,Electricity generation,Fuel,Other Renewables,%,0.0
India,IND,Maharashtra,MH,state,2020,Electricity generation,Fuel,Solar,%,1.98
India,IND,Maharashtra,MH,state,2020,Electricity generation,Fuel,Wind,%,5.11
India,IND,Maharashtra,MH,state,2020,Electricity generation,Fuel,Bioenergy,GWh,3542.29
India,IND,Maharashtra,MH,state,2020,Electricity generation,Fuel,Coal,GWh,93933.65
India,IND,Maharashtra,MH,state,2020,Electricity generation,Fuel,Gas,GWh,6113.19
India,IND,Maharashtra,MH,state,2020,Electricity generation,Fuel,Hydro,GWh,5967.2
India,IND,Maharashtra,MH,state,2020,Electricity generation,Fuel,Nuclear,GWh,8972.34
India,IND,Maharashtra,MH,state,2020,Electricity generation,Fuel,Other Fossil,GWh,0.0
India,IND,Maharashtra,MH,state,2020,Electricity generation,Fuel,Other Renewables,GWh,0.15
India,IND,Maharashtra,MH,state,2020,Electricity generation,Fuel,Solar,GWh,2529.98
India,IND,Maharashtra,MH,state,2020,Electricity generation,Fuel,Wind,GWh,6516.9
India,IND,Maharashtra,MH,state,2020,Electricity generation,Total,Total Generation,GWh,127575.7
India,IND,Maharashtra,MH,state,2020,Power sector emissions,CO2 intensity,CO2 intensity,gCO2/kWh,637.11
India,IND,Maharashtra,MH,state,2020,Power sector emissions,Fuel,Bioenergy,%,814.73
India,IND,Maharashtra,MH,state,2020,Power sector emissions,Fuel,Coal,%,77025.59
India,IND,Maharashtra,MH,state,2020,Power sector emissions,Fuel,Gas,%,2995.46
India,IND,Maharashtra,MH,state,2020,Power sector emissions,Fuel,Hydro,%,143.21
India,IND,Maharashtra,MH,state,2020,Power sector emissions,Fuel,Nuclear,%,107.67
India,IND,Maharashtra,MH,state,2020,Power sector emissions,Fuel,Other Fossil,%,0.0
India,IND,Maharashtra,MH,state,2020,Power sector emissions,Fuel,Other Renewables,%,0.01
India,IND,Maharashtra,MH,state,2020,Power sector emissions,Fuel,Solar,%,121.44
India,IND,Maharashtra,MH,state,2020,Power sector emissions,Fuel,Wind,%,71.69
India,IND,Maharashtra,MH,state,2020,Power sector emissions,Fuel,Bioenergy,ktCO2,814.73
India,IND,Maharashtra,MH,state,2020,Power sector emissions,Fuel,Coal,ktCO2,77025.59
India,IND,Maharashtra,MH,state,2020,Power sector emissions,Fuel,Gas,ktCO2,2995.46
India,IND,Maharashtra,MH,state,2020,Power sector emissions,Fuel,Hydro,ktCO2,143.21
India,IND,Maharashtra,MH,state,2020,Power sector emissions,Fuel,Nuclear,ktCO2,107.67
India,IND,Maharashtra,MH,state,2020,Power sector emissions,Fuel,Other Fossil,ktCO2,0.0
India,IND,Maharashtra,MH,state,2020,Power sector emissions,Fuel,Other Renewables,ktCO2,0.01
India,IND,Maharashtra,MH,state,2020,Power sector emissions,Fuel,Solar,ktCO2,121.44
India,IND,Maharashtra,MH,state,2020,Power sector emissions,Fuel,Wind,ktCO2,71.69
India,IND,Maharashtra,MH,state,2020,Power sector emissions,Total,Total emissions,ktCO2,81279.8
India,IND,Maharashtra,MH,state,2021,Capacity,Fuel,Bioenergy,MW,2632.15
India,IND,Maharashtra,MH,state,2021,Capacity,Fuel,Coal,MW,23856.0
India,IND,Maharashtra,MH,state,2021,Capacity,Fuel,Gas,MW,3207.08
India,IND,Maharashtra,MH,state,2021,Capacity,Fuel,Hydro,MW,3427.83
India,IND,Maharashtra,MH,state,2021,Capacity,Fuel,Nuclear,MW,1400.0
India,IND,Maharashtra,MH,state,2021,Capacity,Fuel,Other Fossil,MW,0.0
India,IND,Maharashtra,MH,state,2021,Capacity,Fuel,Other Renewables,MW,0.0
India,IND,Maharashtra,MH,state,2021,Capacity,Fuel,Solar,MW,2571.92
India,IND,Maharashtra,MH,state,2021,Capacity,Fuel,Wind,MW,5012.83
India,IND,Maharashtra,MH,state,2021,Electricity generation,Fuel,Bioenergy,%,2.81
India,IND,Maharashtra,MH,state,2021,Electricity generation,Fuel,Coal,%,76.37
India,IND,Maharashtra,MH,state,2021,Electricity generation,Fuel,Gas,%,4.2
India,IND,Maharashtra,MH,state,2021,Electricity generation,Fuel,Hydro,%,4.4
India,IND,Maharashtra,MH,state,2021,Electricity generation,Fuel,Nuclear,%,5.35
India,IND,Maharashtra,MH,state,2021,Electricity generation,Fuel,Other Fossil,%,0.0
India,IND,Maharashtra,MH,state,2021,Electricity generation,Fuel,Other Renewables,%,0.0
India,IND,Maharashtra,MH,state,2021,Electricity generation,Fuel,Solar,%,2.31
India,IND,Maharashtra,MH,state,2021,Electricity generation,Fuel,Wind,%,4.57
India,IND,Maharashtra,MH,state,2021,Electricity generation,Fuel,Bioenergy,GWh,4312.73
India,IND,Maharashtra,MH,state,2021,Electricity generation,Fuel,Coal,GWh,117319.44
India,IND,Maharashtra,MH,state,2021,Electricity generation,Fuel,Gas,GWh,6458.33
India,IND,Maharashtra,MH,state,2021,Electricity generation,Fuel,Hydro,GWh,6761.09
India,IND,Maharashtra,MH,state,2021,Electricity generation,Fuel,Nuclear,GWh,8214.5
India,IND,Maharashtra,MH,state,2021,Electricity generation,Fuel,Other Fossil,GWh,0.0
India,IND,Maharashtra,MH,state,2021,Electricity generation,Fuel,Other Renewables,GWh,0.08
India,IND,Maharashtra,MH,state,2021,Electricity generation,Fuel,Solar,GWh,3542.88
India,IND,Maharashtra,MH,state,2021,Electricity generation,Fuel,Wind,GWh,7019.7
India,IND,Maharashtra,MH,state,2021,Electricity generation,Total,Total Generation,GWh,153628.75
India,IND,Maharashtra,MH,state,2021,Power sector emissions,CO2 intensity,CO2 intensity,gCO2/kWh,656.56
India,IND,Maharashtra,MH,state,2021,Power sector emissions,Fuel,Bioenergy,%,991.93
India,IND,Maharashtra,MH,state,2021,Power sector emissions,Fuel,Coal,%,96201.94
India,IND,Maharashtra,MH,state,2021,Power sector emissions,Fuel,Gas,%,3164.58
India,IND,Maharashtra,MH,state,2021,Power sector emissions,Fuel,Hydro,%,162.27
India,IND,Maharashtra,MH,state,2021,Power sector emissions,Fuel,Nuclear,%,98.57
India,IND,Maharashtra,MH,state,2021,Power sector emissions,Fuel,Other Fossil,%,0.0
India,IND,Maharashtra,MH,state,2021,Power sector emissions,Fuel,Other Renewables,%,0.0
India,IND,Maharashtra,MH,state,2021,Power sector emissions,Fuel,Solar,%,170.06
India,IND,Maharashtra,MH,state,2021,Power sector emissions,Fuel,Wind,%,77.22
India,IND,Maharashtra,MH,state,2021,Power sector emissions,Fuel,Bioenergy,ktCO2,991.93
India,IND,Maharashtra,MH,state,2021,Power sector emissions,Fuel,Coal,ktCO2,96201.94
India,IND,Maharashtra,MH,state,2021,Power sector emissions,Fuel,Gas,ktCO2,3164.58
India,IND,Maharashtra,MH,state,2021,Power sector emissions,Fuel,Hydro,ktCO2,162.27
India,IND,Maharashtra,MH,state,2021,Power sector emissions,Fuel,Nuclear,ktCO2,98.57
India,IND,Maharashtra,MH,state,2021,Power sector emissions,Fuel,Other Fossil,ktCO2,0.0
India,IND,Maharashtra,MH,state,2021,Power sector emissions,Fuel,Other Renewables,ktCO2,0.0
India,IND,Maharashtra,MH,state,2021,Power sector emissions,Fuel,Solar,ktCO2,170.06
India,IND,Maharashtra,MH,state,2021,Power sector emissions,Fuel,Wind,ktCO2,77.22
India,IND,Maharashtra,MH,state,2021,Power sector emissions,Total,Total emissions,ktCO2,100866.57
India,IND,Maharashtra,MH,state,2022,Capacity,Fuel,Bioenergy,MW,2636.42
India,IND,Maharashtra,MH,state,2022,Capacity,Fuel,Coal,MW,23856.0
India,IND,Maharashtra,MH,state,2022,Capacity,Fuel,Gas,MW,3207.08
India,IND,Maharashtra,MH,state,2022,Capacity,Fuel,Hydro,MW,3428.08
India,IND,Maharashtra,MH,state,2022,Capacity,Fuel,Nuclear,MW,1400.0
India,IND,Maharashtra,MH,state,2022,Capacity,Fuel,Other Fossil,MW,0.0
India,IND,Maharashtra,MH,state,2022,Capacity,Fuel,Other Renewables,MW,
India,IND,Maharashtra,MH,state,2022,Capacity,Fuel,Solar,MW,3646.13
India,IND,Maharashtra,MH,state,2022,Capacity,Fuel,Wind,MW,5012.83
India,IND,Maharashtra,MH,state,2022,Electricity generation,Fuel,Bioenergy,%,3.34
India,IND,Maharashtra,MH,state,2022,Electricity generation,Fuel,Coal,%,77.71
India,IND,Maharashtra,MH,state,2022,Electricity generation,Fuel,Gas,%,2.03
India,IND,Maharashtra,MH,state,2022,Electricity generation,Fuel,Hydro,%,4.39
India,IND,Maharashtra,MH,state,2022,Electricity generation,Fuel,Nuclear,%,5.46
India,IND,Maharashtra,MH,state,2022,Electricity generation,Fuel,Other Fossil,%,0.0
India,IND,Maharashtra,MH,state,2022,Electricity generation,Fuel,Other Renewables,%,0.0
India,IND,Maharashtra,MH,state,2022,Electricity generation,Fuel,Solar,%,2.47
India,IND,Maharashtra,MH,state,2022,Electricity generation,Fuel,Wind,%,4.59
India,IND,Maharashtra,MH,state,2022,Electricity generation,Fuel,Bioenergy,GWh,5232.82
India,IND,Maharashtra,MH,state,2022,Electricity generation,Fuel,Coal,GWh,121641.29
India,IND,Maharashtra,MH,state,2022,Electricity generation,Fuel,Gas,GWh,3184.01
India,IND,Maharashtra,MH,state,2022,Electricity generation,Fuel,Hydro,GWh,6873.58
India,IND,Maharashtra,MH,state,2022,Electricity generation,Fuel,Nuclear,GWh,8543.65
India,IND,Maharashtra,MH,state,2022,Electricity generation,Fuel,Other Fossil,GWh,0.0
India,IND,Maharashtra,MH,state,2022,Electricity generation,Fuel,Other Renewables,GWh,0.52
India,IND,Maharashtra,MH,state,2022,Electricity generation,Fuel,Solar,GWh,3873.79
India,IND,Maharashtra,MH,state,2022,Electricity generation,Fuel,Wind,GWh,7177.36
India,IND,Maharashtra,MH,state,2022,Electricity generation,Total,Total Generation,GWh,156527.02
India,IND,Maharashtra,MH,state,2022,Power sector emissions,CO2 intensity,CO2 intensity,gCO2/kWh,658.3
India,IND,Maharashtra,MH,state,2022,Power sector emissions,Fuel,Bioenergy,%,1203.55
India,IND,Maharashtra,MH,state,2022,Power sector emissions,Fuel,Coal,%,99745.86
India,IND,Maharashtra,MH,state,2022,Power sector emissions,Fuel,Gas,%,1560.16
India,IND,Maharashtra,MH,state,2022,Power sector emissions,Fuel,Hydro,%,164.97
India,IND,Maharashtra,MH,state,2022,Power sector emissions,Fuel,Nuclear,%,102.52
India,IND,Maharashtra,MH,state,2022,Power sector emissions,Fuel,Other Fossil,%,0.0
India,IND,Maharashtra,MH,state,2022,Power sector emissions,Fuel,Other Renewables,%,0.02
India,IND,Maharashtra,MH,state,2022,Power sector emissions,Fuel,Solar,%,185.94
India,IND,Maharashtra,MH,state,2022,Power sector emissions,Fuel,Wind,%,78.95
India,IND,Maharashtra,MH,state,2022,Power sector emissions,Fuel,Bioenergy,ktCO2,1203.55
India,IND,Maharashtra,MH,state,2022,Power sector emissions,Fuel,Coal,ktCO2,99745.86
India,IND,Maharashtra,MH,state,2022,Power sector emissions,Fuel,Gas,ktCO2,1560.16
India,IND,Maharashtra,MH,state,2022,Power sector emissions,Fuel,Hydro,ktCO2,164.97
India,IND,Maharashtra,MH,state,2022,Power sector emissions,Fuel,Nuclear,ktCO2,102.52
India,IND,Maharashtra,MH,state,2022,Power sector emissions,Fuel,Other Fossil,ktCO2,0.0
India,IND,Maharashtra,MH,state,2022,Power sector emissions,Fuel,Other Renewables,ktCO2,0.02
India,IND,Maharashtra,MH,state,2022,Power sector emissions,Fuel,Solar,ktCO2,185.94
India,IND,Maharashtra,MH,state,2022,Power sector emissions,Fuel,Wind,ktCO2,78.95
India,IND,Maharashtra,MH,state,2022,Power sector emissions,Total,Total emissions,ktCO2,103041.97
India,IND,Maharashtra,MH,state,2023,Capacity,Fuel,Bioenergy,MW,2643.19
India,IND,Maharashtra,MH,state,2023,Capacity,Fuel,Coal,MW,24006.0
India,IND,Maharashtra,MH,state,2023,Capacity,Fuel,Gas,MW,3207.08
India,IND,Maharashtra,MH,state,2023,Capacity,Fuel,Hydro,MW,3429.28
India,IND,Maharashtra,MH,state,2023,Capacity,Fuel,Nuclear,MW,1400.0
India,IND,Maharashtra,MH,state,2023,Capacity,Fuel,Other Fossil,MW,0.0
India,IND,Maharashtra,MH,state,2023,Capacity,Fuel,Other Renewables,MW,
India,IND,Maharashtra,MH,state,2023,Capacity,Fuel,Solar,MW,5080.28
India,IND,Maharashtra,MH,state,2023,Capacity,Fuel,Wind,MW,5157.98
India,IND,Maharashtra,MH,state,2023,Electricity generation,Fuel,Bioenergy,%,2.28
India,IND,Maharashtra,MH,state,2023,Electricity generation,Fuel,Coal,%,78.64
India,IND,Maharashtra,MH,state,2023,Electricity generation,Fuel,Gas,%,1.94
India,IND,Maharashtra,MH,state,2023,Electricity generation,Fuel,Hydro,%,3.93
India,IND,Maharashtra,MH,state,2023,Electricity generation,Fuel,Nuclear,%,5.08
India,IND,Maharashtra,MH,state,2023,Electricity generation,Fuel,Other Fossil,%,0.0
India,IND,Maharashtra,MH,state,2023,Electricity generation,Fuel,Other Renewables,%,0.01
India,IND,Maharashtra,MH,state,2023,Electricity generation,Fuel,Solar,%,3.3
India,IND,Maharashtra,MH,state,2023,Electricity generation,Fuel,Wind,%,4.83
India,IND,Maharashtra,MH,state,2023,Electricity generation,Fuel,Bioenergy,GWh,3818.52
India,IND,Maharashtra,MH,state,2023,Electricity generation,Fuel,Coal,GWh,131570.84
India,IND,Maharashtra,MH,state,2023,Electricity generation,Fuel,Gas,GWh,3239.66
India,IND,Maharashtra,MH,state,2023,Electricity generation,Fuel,Hydro,GWh,6574.2
India,IND,Maharashtra,MH,state,2023,Electricity generation,Fuel,Nuclear,GWh,8491.4
India,IND,Maharashtra,MH,state,2023,Electricity generation,Fuel,Other Fossil,GWh,0.0
India,IND,Maharashtra,MH,state,2023,Electricity generation,Fuel,Other Renewables,GWh,13.99
India,IND,Maharashtra,MH,state,2023,Electricity generation,Fuel,Solar,GWh,5528.31
India,IND,Maharashtra,MH,state,2023,Electricity generation,Fuel,Wind,GWh,8077.5
India,IND,Maharashtra,MH,state,2023,Electricity generation,Total,Total Generation,GWh,167314.42
India,IND,Maharashtra,MH,state,2023,Power sector emissions,CO2 intensity,CO2 intensity,gCO2/kWh,663.23
India,IND,Maharashtra,MH,state,2023,Power sector emissions,Fuel,Bioenergy,%,878.26
India,IND,Maharashtra,MH,state,2023,Power sector emissions,Fuel,Coal,%,107888.09
India,IND,Maharashtra,MH,state,2023,Power sector emissions,Fuel,Gas,%,1587.43
India,IND,Maharashtra,MH,state,2023,Power sector emissions,Fuel,Hydro,%,157.78
India,IND,Maharashtra,MH,state,2023,Power sector emissions,Fuel,Nuclear,%,101.9
India,IND,Maharashtra,MH,state,2023,Power sector emissions,Fuel,Other Fossil,%,0.0
India,IND,Maharashtra,MH,state,2023,Power sector emissions,Fuel,Other Renewables,%,0.53
India,IND,Maharashtra,MH,state,2023,Power sector emissions,Fuel,Solar,%,265.36
India,IND,Maharashtra,MH,state,2023,Power sector emissions,Fuel,Wind,%,88.85
India,IND,Maharashtra,MH,state,2023,Power sector emissions,Fuel,Bioenergy,ktCO2,878.26
India,IND,Maharashtra,MH,state,2023,Power sector emissions,Fuel,Coal,ktCO2,107888.09
India,IND,Maharashtra,MH,state,2023,Power sector emissions,Fuel,Gas,ktCO2,1587.43
India,IND,Maharashtra,MH,state,2023,Power sector emissions,Fuel,Hydro,ktCO2,157.78
India,IND,Maharashtra,MH,state,2023,Power sector emissions,Fuel,Nuclear,ktCO2,101.9
India,IND,Maharashtra,MH,state,2023,Power sector emissions,Fuel,Other Fossil,ktCO2,0.0
India,IND,Maharashtra,MH,state,2023,Power sector emissions,Fuel,Other Renewables,ktCO2,0.53
India,IND,Maharashtra,MH,state,2023,Power sector emissions,Fuel,Solar,ktCO2,265.36
India,IND,Maharashtra,MH,state,2023,Power sector emissions,Fuel,Wind,ktCO2,88.85
India,IND,Maharashtra,MH,state,2023,Power sector emissions,Total,Total emissions,ktCO2,110968.2
India,IND,Maharashtra,MH,state,2024,Capacity,Fuel,Bioenergy,MW,2984.05
India,IND,Maharashtra,MH,state,2024,Capacity,Fuel,Coal,MW,24006.01
India,IND,Maharashtra,MH,state,2024,Capacity,Fuel,Gas,MW,3207.08
India,IND,Maharashtra,MH,state,2024,Capacity,Fuel,Hydro,MW,3431.28
India,IND,Maharashtra,MH,state,2024,Capacity,Fuel,Nuclear,MW,1400.0
India,IND,Maharashtra,MH,state,2024,Capacity,Fuel,Other Fossil,MW,0.0
India,IND,Maharashtra,MH,state,2024,Capacity,Fuel,Other Renewables,MW,
India,IND,Maharashtra,MH,state,2024,Capacity,Fuel,Solar,MW,8989.36
India,IND,Maharashtra,MH,state,2024,Capacity,Fuel,Wind,MW,5216.38
India,IND,Maharashtra,MH,state,2024,Electricity generation,Fuel,Bioenergy,%,2.12
India,IND,Maharashtra,MH,state,2024,Electricity generation,Fuel,Coal,%,77.27
India,IND,Maharashtra,MH,state,2024,Electricity generation,Fuel,Gas,%,3.38
India,IND,Maharashtra,MH,state,2024,Electricity generation,Fuel,Hydro,%,3.42
India,IND,Maharashtra,MH,state,2024,Electricity generation,Fuel,Nuclear,%,5.08
India,IND,Maharashtra,MH,state,2024,Electricity generation,Fuel,Other Fossil,%,0.0
India,IND,Maharashtra,MH,state,2024,Electricity generation,Fuel,Other Renewables,%,0.05
India,IND,Maharashtra,MH,state,2024,Electricity generation,Fuel,Solar,%,4.06
India,IND,Maharashtra,MH,state,2024,Electricity generation,Fuel,Wind,%,4.61
India,IND,Maharashtra,MH,state,2024,Electricity generation,Fuel,Bioenergy,GWh,3624.13
India,IND,Maharashtra,MH,state,2024,Electricity generation,Fuel,Coal,GWh,132133.31
India,IND,Maharashtra,MH,state,2024,Electricity generation,Fuel,Gas,GWh,5776.3
India,IND,Maharashtra,MH,state,2024,Electricity generation,Fuel,Hydro,GWh,5848.19
India,IND,Maharashtra,MH,state,2024,Electricity generation,Fuel,Nuclear,GWh,8693.84
India,IND,Maharashtra,MH,state,2024,Electricity generation,Fuel,Other Fossil,GWh,0.0
India,IND,Maharashtra,MH,state,2024,Electricity generation,Fuel,Other Renewables,GWh,85.18
India,IND,Maharashtra,MH,state,2024,Electricity generation,Fuel,Solar,GWh,6949.36
India,IND,Maharashtra,MH,state,2024,Electricity generation,Fuel,Wind,GWh,7886.66
India,IND,Maharashtra,MH,state,2024,Electricity generation,Total,Total Generation,GWh,170996.97
India,IND,Maharashtra,MH,state,2024,Power sector emissions,CO2 intensity,CO2 intensity,gCO2/kWh,658.97
India,IND,Maharashtra,MH,state,2024,Power sector emissions,Fuel,Bioenergy,%,833.55
India,IND,Maharashtra,MH,state,2024,Power sector emissions,Fuel,Coal,%,108349.32
India,IND,Maharashtra,MH,state,2024,Power sector emissions,Fuel,Gas,%,2830.39
India,IND,Maharashtra,MH,state,2024,Power sector emissions,Fuel,Hydro,%,140.36
India,IND,Maharashtra,MH,state,2024,Power sector emissions,Fuel,Nuclear,%,104.33
India,IND,Maharashtra,MH,state,2024,Power sector emissions,Fuel,Other Fossil,%,0.0
India,IND,Maharashtra,MH,state,2024,Power sector emissions,Fuel,Other Renewables,%,3.24
India,IND,Maharashtra,MH,state,2024,Power sector emissions,Fuel,Solar,%,333.57
India,IND,Maharashtra,MH,state,2024,Power sector emissions,Fuel,Wind,%,86.75
India,IND,Maharashtra,MH,state,2024,Power sector emissions,Fuel,Bioenergy,ktCO2,833.55
India,IND,Maharashtra,MH,state,2024,Power sector emissions,Fuel,Coal,ktCO2,108349.32
India,IND,Maharashtra,MH,state,2024,Power sector emissions,Fuel,Gas,ktCO2,2830.39
India,IND,Maharashtra,MH,state,2024,Power sector emissions,Fuel,Hydro,ktCO2,140.36
India,IND,Maharashtra,MH,state,2024,Power sector emissions,Fuel,Nuclear,ktCO2,104.33
India,IND,Maharashtra,MH,state,2024,Power sector emissions,Fuel,Other Fossil,ktCO2,0.0
India,IND,Maharashtra,MH,state,2024,Power sector emissions,Fuel,Other Renewables,ktCO2,3.24
India,IND,Maharashtra,MH,state,2024,Power sector emissions,Fuel,Solar,ktCO2,333.57
India,IND,Maharashtra,MH,state,2024,Power sector emissions,Fuel,Wind,ktCO2,86.75
India,IND,Maharashtra,MH,state,2024,Power sector emissions,Total,Total emissions,ktCO2,112681.51
India,IND,Manipur,MN,state,2019,Capacity,Fuel,Bioenergy,MW,0.0
India,IND,Manipur,MN,state,2019,Capacity,Fuel,Coal,MW,0.0
India,IND,Manipur,MN,state,2019,Capacity,Fuel,Gas,MW,0.0
India,IND,Manipur,MN,state,2019,Capacity,Fuel,Hydro,MW,110.45
India,IND,Manipur,MN,state,2019,Capacity,Fuel,Nuclear,MW,0.0
India,IND,Manipur,MN,state,2019,Capacity,Fuel,Other Fossil,MW,36.0
India,IND,Manipur,MN,state,2019,Capacity,Fuel,Other Renewables,MW,0.0
India,IND,Manipur,MN,state,2019,Capacity,Fuel,Solar,MW,4.58
India,IND,Manipur,MN,state,2019,Capacity,Fuel,Wind,MW,0.0
India,IND,Manipur,MN,state,2019,Electricity generation,Fuel,Bioenergy,%,0.0
India,IND,Manipur,MN,state,2019,Electricity generation,Fuel,Coal,%,0.0
India,IND,Manipur,MN,state,2019,Electricity generation,Fuel,Gas,%,0.0
India,IND,Manipur,MN,state,2019,Electricity generation,Fuel,Hydro,%,99.28
India,IND,Manipur,MN,state,2019,Electricity generation,Fuel,Nuclear,%,0.0
India,IND,Manipur,MN,state,2019,Electricity generation,Fuel,Other Fossil,%,0.0
India,IND,Manipur,MN,state,2019,Electricity generation,Fuel,Other Renewables,%,0.0
India,IND,Manipur,MN,state,2019,Electricity generation,Fuel,Solar,%,0.72
India,IND,Manipur,MN,state,2019,Electricity generation,Fuel,Wind,%,0.0
India,IND,Manipur,MN,state,2019,Electricity generation,Fuel,Bioenergy,GWh,0.0
India,IND,Manipur,MN,state,2019,Electricity generation,Fuel,Coal,GWh,0.0
India,IND,Manipur,MN,state,2019,Electricity generation,Fuel,Gas,GWh,0.0
India,IND,Manipur,MN,state,2019,Electricity generation,Fuel,Hydro,GWh,367.58
India,IND,Manipur,MN,state,2019,Electricity generation,Fuel,Nuclear,GWh,0.0
India,IND,Manipur,MN,state,2019,Electricity generation,Fuel,Other Fossil,GWh,0.0
India,IND,Manipur,MN,state,2019,Electricity generation,Fuel,Other Renewables,GWh,0.0
India,IND,Manipur,MN,state,2019,Electricity generation,Fuel,Solar,GWh,2.67
India,IND,Manipur,MN,state,2019,Electricity generation,Fuel,Wind,GWh,0.0
India,IND,Manipur,MN,state,2019,Electricity generation,Total,Total Generation,GWh,370.25
India,IND,Manipur,MN,state,2019,Power sector emissions,CO2 intensity,CO2 intensity,gCO2/kWh,24.17
India,IND,Manipur,MN,state,2019,Power sector emissions,Fuel,Bioenergy,%,0.0
India,IND,Manipur,MN,state,2019,Power sector emissions,Fuel,Coal,%,0.0
India,IND,Manipur,MN,state,2019,Power sector emissions,Fuel,Gas,%,0.0
India,IND,Manipur,MN,state,2019,Power sector emissions,Fuel,Hydro,%,8.82
India,IND,Manipur,MN,state,2019,Power sector emissions,Fuel,Nuclear,%,0.0
India,IND,Manipur,MN,state,2019,Power sector emissions,Fuel,Other Fossil,%,0.0
India,IND,Manipur,MN,state,2019,Power sector emissions,Fuel,Other Renewables,%,0.0
India,IND,Manipur,MN,state,2019,Power sector emissions,Fuel,Solar,%,0.13
India,IND,Manipur,MN,state,2019,Power sector emissions,Fuel,Wind,%,0.0
India,IND,Manipur,MN,state,2019,Power sector emissions,Fuel,Bioenergy,ktCO2,0.0
India,IND,Manipur,MN,state,2019,Power sector emissions,Fuel,Coal,ktCO2,0.0
India,IND,Manipur,MN,state,2019,Power sector emissions,Fuel,Gas,ktCO2,0.0
India,IND,Manipur,MN,state,2019,Power sector emissions,Fuel,Hydro,ktCO2,8.82
India,IND,Manipur,MN,state,2019,Power sector emissions,Fuel,Nuclear,ktCO2,0.0
India,IND,Manipur,MN,state,2019,Power sector emissions,Fuel,Other Fossil,ktCO2,0.0
India,IND,Manipur,MN,state,2019,Power sector emissions,Fuel,Other Renewables,ktCO2,0.0
India,IND,Manipur,MN,state,2019,Power sector emissions,Fuel,Solar,ktCO2,0.13
India,IND,Manipur,MN,state,2019,Power sector emissions,Fuel,Wind,ktCO2,0.0
India,IND,Manipur,MN,state,2019,Power sector emissions,Total,Total emissions,ktCO2,8.95
India,IND,Manipur,MN,state,2020,Capacity,Fuel,Bioenergy,MW,0.0
India,IND,Manipur,MN,state,2020,Capacity,Fuel,Coal,MW,0.0
India,IND,Manipur,MN,state,2020,Capacity,Fuel,Gas,MW,0.0
India,IND,Manipur,MN,state,2020,Capacity,Fuel,Hydro,MW,110.45
India,IND,Manipur,MN,state,2020,Capacity,Fuel,Nuclear,MW,0.0
India,IND,Manipur,MN,state,2020,Capacity,Fuel,Other Fossil,MW,36.0
India,IND,Manipur,MN,state,2020,Capacity,Fuel,Other Renewables,MW,0.0
India,IND,Manipur,MN,state,2020,Capacity,Fuel,Solar,MW,6.36
India,IND,Manipur,MN,state,2020,Capacity,Fuel,Wind,MW,0.0
India,IND,Manipur,MN,state,2020,Electricity generation,Fuel,Bioenergy,%,0.0
India,IND,Manipur,MN,state,2020,Electricity generation,Fuel,Coal,%,0.0
India,IND,Manipur,MN,state,2020,Electricity generation,Fuel,Gas,%,0.0
India,IND,Manipur,MN,state,2020,Electricity generation,Fuel,Hydro,%,98.82
India,IND,Manipur,MN,state,2020,Electricity generation,Fuel,Nuclear,%,0.0
India,IND,Manipur,MN,state,2020,Electricity generation,Fuel,Other Fossil,%,0.0
India,IND,Manipur,MN,state,2020,Electricity generation,Fuel,Other Renewables,%,0.0
India,IND,Manipur,MN,state,2020,Electricity generation,Fuel,Solar,%,1.18
India,IND,Manipur,MN,state,2020,Electricity generation,Fuel,Wind,%,0.0
India,IND,Manipur,MN,state,2020,Electricity generation,Fuel,Bioenergy,GWh,0.0
India,IND,Manipur,MN,state,2020,Electricity generation,Fuel,Coal,GWh,0.0
India,IND,Manipur,MN,state,2020,Electricity generation,Fuel,Gas,GWh,0.0
India,IND,Manipur,MN,state,2020,Electricity generation,Fuel,Hydro,GWh,571.5
India,IND,Manipur,MN,state,2020,Electricity generation,Fuel,Nuclear,GWh,0.0
India,IND,Manipur,MN,state,2020,Electricity generation,Fuel,Other Fossil,GWh,0.0
India,IND,Manipur,MN,state,2020,Electricity generation,Fuel,Other Renewables,GWh,0.0
India,IND,Manipur,MN,state,2020,Electricity generation,Fuel,Solar,GWh,6.81
India,IND,Manipur,MN,state,2020,Electricity generation,Fuel,Wind,GWh,0.0
India,IND,Manipur,MN,state,2020,Electricity generation,Total,Total Generation,GWh,578.31
India,IND,Manipur,MN,state,2020,Power sector emissions,CO2 intensity,CO2 intensity,gCO2/kWh,24.3
India,IND,Manipur,MN,state,2020,Power sector emissions,Fuel,Bioenergy,%,0.0
India,IND,Manipur,MN,state,2020,Power sector emissions,Fuel,Coal,%,0.0
India,IND,Manipur,MN,state,2020,Power sector emissions,Fuel,Gas,%,0.0
India,IND,Manipur,MN,state,2020,Power sector emissions,Fuel,Hydro,%,13.72
India,IND,Manipur,MN,state,2020,Power sector emissions,Fuel,Nuclear,%,0.0
India,IND,Manipur,MN,state,2020,Power sector emissions,Fuel,Other Fossil,%,0.0
India,IND,Manipur,MN,state,2020,Power sector emissions,Fuel,Other Renewables,%,0.0
India,IND,Manipur,MN,state,2020,Power sector emissions,Fuel,Solar,%,0.33
India,IND,Manipur,MN,state,2020,Power sector emissions,Fuel,Wind,%,0.0
India,IND,Manipur,MN,state,2020,Power sector emissions,Fuel,Bioenergy,ktCO2,0.0
India,IND,Manipur,MN,state,2020,Power sector emissions,Fuel,Coal,ktCO2,0.0
India,IND,Manipur,MN,state,2020,Power sector emissions,Fuel,Gas,ktCO2,0.0
India,IND,Manipur,MN,state,2020,Power sector emissions,Fuel,Hydro,ktCO2,13.72
India,IND,Manipur,MN,state,2020,Power sector emissions,Fuel,Nuclear,ktCO2,0.0
India,IND,Manipur,MN,state,2020,Power sector emissions,Fuel,Other Fossil,ktCO2,0.0
India,IND,Manipur,MN,state,2020,Power sector emissions,Fuel,Other Renewables,ktCO2,0.0
India,IND,Manipur,MN,state,2020,Power sector emissions,Fuel,Solar,ktCO2,0.33
India,IND,Manipur,MN,state,2020,Power sector emissions,Fuel,Wind,ktCO2,0.0
India,IND,Manipur,MN,state,2020,Power sector emissions,Total,Total emissions,ktCO2,14.05
India,IND,Manipur,MN,state,2021,Capacity,Fuel,Bioenergy,MW,0.0
India,IND,Manipur,MN,state,2021,Capacity,Fuel,Coal,MW,0.0
India,IND,Manipur,MN,state,2021,Capacity,Fuel,Gas,MW,0.0
India,IND,Manipur,MN,state,2021,Capacity,Fuel,Hydro,MW,110.45
India,IND,Manipur,MN,state,2021,Capacity,Fuel,Nuclear,MW,0.0
India,IND,Manipur,MN,state,2021,Capacity,Fuel,Other Fossil,MW,36.0
India,IND,Manipur,MN,state,2021,Capacity,Fuel,Other Renewables,MW,0.0
India,IND,Manipur,MN,state,2021,Capacity,Fuel,Solar,MW,12.21
India,IND,Manipur,MN,state,2021,Capacity,Fuel,Wind,MW,0.0
India,IND,Manipur,MN,state,2021,Electricity generation,Fuel,Bioenergy,%,0.0
India,IND,Manipur,MN,state,2021,Electricity generation,Fuel,Coal,%,0.0
India,IND,Manipur,MN,state,2021,Electricity generation,Fuel,Gas,%,0.0
India,IND,Manipur,MN,state,2021,Electricity generation,Fuel,Hydro,%,98.64
India,IND,Manipur,MN,state,2021,Electricity generation,Fuel,Nuclear,%,0.0
India,IND,Manipur,MN,state,2021,Electricity generation,Fuel,Other Fossil,%,0.0
India,IND,Manipur,MN,state,2021,Electricity generation,Fuel,Other Renewables,%,0.0
India,IND,Manipur,MN,state,2021,Electricity generation,Fuel,Solar,%,1.36
India,IND,Manipur,MN,state,2021,Electricity generation,Fuel,Wind,%,0.0
India,IND,Manipur,MN,state,2021,Electricity generation,Fuel,Bioenergy,GWh,0.0
India,IND,Manipur,MN,state,2021,Electricity generation,Fuel,Coal,GWh,0.0
India,IND,Manipur,MN,state,2021,Electricity generation,Fuel,Gas,GWh,0.0
India,IND,Manipur,MN,state,2021,Electricity generation,Fuel,Hydro,GWh,490.78
India,IND,Manipur,MN,state,2021,Electricity generation,Fuel,Nuclear,GWh,0.0
India,IND,Manipur,MN,state,2021,Electricity generation,Fuel,Other Fossil,GWh,0.0
India,IND,Manipur,MN,state,2021,Electricity generation,Fuel,Other Renewables,GWh,0.0
India,IND,Manipur,MN,state,2021,Electricity generation,Fuel,Solar,GWh,6.79
India,IND,Manipur,MN,state,2021,Electricity generation,Fuel,Wind,GWh,0.0
India,IND,Manipur,MN,state,2021,Electricity generation,Total,Total Generation,GWh,497.57
India,IND,Manipur,MN,state,2021,Power sector emissions,CO2 intensity,CO2 intensity,gCO2/kWh,24.34
India,IND,Manipur,MN,state,2021,Power sector emissions,Fuel,Bioenergy,%,0.0
India,IND,Manipur,MN,state,2021,Power sector emissions,Fuel,Coal,%,0.0
India,IND,Manipur,MN,state,2021,Power sector emissions,Fuel,Gas,%,0.0
India,IND,Manipur,MN,state,2021,Power sector emissions,Fuel,Hydro,%,11.78
India,IND,Manipur,MN,state,2021,Power sector emissions,Fuel,Nuclear,%,0.0
India,IND,Manipur,MN,state,2021,Power sector emissions,Fuel,Other Fossil,%,0.0
India,IND,Manipur,MN,state,2021,Power sector emissions,Fuel,Other Renewables,%,0.0
India,IND,Manipur,MN,state,2021,Power sector emissions,Fuel,Solar,%,0.33
India,IND,Manipur,MN,state,2021,Power sector emissions,Fuel,Wind,%,0.0
India,IND,Manipur,MN,state,2021,Power sector emissions,Fuel,Bioenergy,ktCO2,0.0
India,IND,Manipur,MN,state,2021,Power sector emissions,Fuel,Coal,ktCO2,0.0
India,IND,Manipur,MN,state,2021,Power sector emissions,Fuel,Gas,ktCO2,0.0
India,IND,Manipur,MN,state,2021,Power sector emissions,Fuel,Hydro,ktCO2,11.78
India,IND,Manipur,MN,state,2021,Power sector emissions,Fuel,Nuclear,ktCO2,0.0
India,IND,Manipur,MN,state,2021,Power sector emissions,Fuel,Other Fossil,ktCO2,0.0
India,IND,Manipur,MN,state,2021,Power sector emissions,Fuel,Other Renewables,ktCO2,0.0
India,IND,Manipur,MN,state,2021,Power sector emissions,Fuel,Solar,ktCO2,0.33
India,IND,Manipur,MN,state,2021,Power sector emissions,Fuel,Wind,ktCO2,0.0
India,IND,Manipur,MN,state,2021,Power sector emissions,Total,Total emissions,ktCO2,12.11
India,IND,Manipur,MN,state,2022,Capacity,Fuel,Bioenergy,MW,0.0
India,IND,Manipur,MN,state,2022,Capacity,Fuel,Coal,MW,0.0
India,IND,Manipur,MN,state,2022,Capacity,Fuel,Gas,MW,0.0
India,IND,Manipur,MN,state,2022,Capacity,Fuel,Hydro,MW,110.45
India,IND,Manipur,MN,state,2022,Capacity,Fuel,Nuclear,MW,0.0
India,IND,Manipur,MN,state,2022,Capacity,Fuel,Other Fossil,MW,36.0
India,IND,Manipur,MN,state,2022,Capacity,Fuel,Other Renewables,MW,
India,IND,Manipur,MN,state,2022,Capacity,Fuel,Solar,MW,12.28
India,IND,Manipur,MN,state,2022,Capacity,Fuel,Wind,MW,0.0
India,IND,Manipur,MN,state,2022,Electricity generation,Fuel,Bioenergy,%,0.0
India,IND,Manipur,MN,state,2022,Electricity generation,Fuel,Coal,%,0.0
India,IND,Manipur,MN,state,2022,Electricity generation,Fuel,Gas,%,0.0
India,IND,Manipur,MN,state,2022,Electricity generation,Fuel,Hydro,%,98.47
India,IND,Manipur,MN,state,2022,Electricity generation,Fuel,Nuclear,%,0.0
India,IND,Manipur,MN,state,2022,Electricity generation,Fuel,Other Fossil,%,0.0
India,IND,Manipur,MN,state,2022,Electricity generation,Fuel,Other Renewables,%,0.0
India,IND,Manipur,MN,state,2022,Electricity generation,Fuel,Solar,%,1.53
India,IND,Manipur,MN,state,2022,Electricity generation,Fuel,Wind,%,0.0
India,IND,Manipur,MN,state,2022,Electricity generation,Fuel,Bioenergy,GWh,0.0
India,IND,Manipur,MN,state,2022,Electricity generation,Fuel,Coal,GWh,0.0
India,IND,Manipur,MN,state,2022,Electricity generation,Fuel,Gas,GWh,0.0
India,IND,Manipur,MN,state,2022,Electricity generation,Fuel,Hydro,GWh,520.32
India,IND,Manipur,MN,state,2022,Electricity generation,Fuel,Nuclear,GWh,0.0
India,IND,Manipur,MN,state,2022,Electricity generation,Fuel,Other Fossil,GWh,0.0
India,IND,Manipur,MN,state,2022,Electricity generation,Fuel,Other Renewables,GWh,0.0
India,IND,Manipur,MN,state,2022,Electricity generation,Fuel,Solar,GWh,8.09
India,IND,Manipur,MN,state,2022,Electricity generation,Fuel,Wind,GWh,0.0
India,IND,Manipur,MN,state,2022,Electricity generation,Total,Total Generation,GWh,528.41
India,IND,Manipur,MN,state,2022,Power sector emissions,CO2 intensity,CO2 intensity,gCO2/kWh,24.38
India,IND,Manipur,MN,state,2022,Power sector emissions,Fuel,Bioenergy,%,0.0
India,IND,Manipur,MN,state,2022,Power sector emissions,Fuel,Coal,%,0.0
India,IND,Manipur,MN,state,2022,Power sector emissions,Fuel,Gas,%,0.0
India,IND,Manipur,MN,state,2022,Power sector emissions,Fuel,Hydro,%,12.49
India,IND,Manipur,MN,state,2022,Power sector emissions,Fuel,Nuclear,%,0.0
India,IND,Manipur,MN,state,2022,Power sector emissions,Fuel,Other Fossil,%,0.0
India,IND,Manipur,MN,state,2022,Power sector emissions,Fuel,Other Renewables,%,0.0
India,IND,Manipur,MN,state,2022,Power sector emissions,Fuel,Solar,%,0.39
India,IND,Manipur,MN,state,2022,Power sector emissions,Fuel,Wind,%,0.0
India,IND,Manipur,MN,state,2022,Power sector emissions,Fuel,Bioenergy,ktCO2,0.0
India,IND,Manipur,MN,state,2022,Power sector emissions,Fuel,Coal,ktCO2,0.0
India,IND,Manipur,MN,state,2022,Power sector emissions,Fuel,Gas,ktCO2,0.0
India,IND,Manipur,MN,state,2022,Power sector emissions,Fuel,Hydro,ktCO2,12.49
India,IND,Manipur,MN,state,2022,Power sector emissions,Fuel,Nuclear,ktCO2,0.0
India,IND,Manipur,MN,state,2022,Power sector emissions,Fuel,Other Fossil,ktCO2,0.0
India,IND,Manipur,MN,state,2022,Power sector emissions,Fuel,Other Renewables,ktCO2,0.0
India,IND,Manipur,MN,state,2022,Power sector emissions,Fuel,Solar,ktCO2,0.39
India,IND,Manipur,MN,state,2022,Power sector emissions,Fuel,Wind,ktCO2,0.0
India,IND,Manipur,MN,state,2022,Power sector emissions,Total,Total emissions,ktCO2,12.88
India,IND,Manipur,MN,state,2023,Capacity,Fuel,Bioenergy,MW,0.0
India,IND,Manipur,MN,state,2023,Capacity,Fuel,Coal,MW,0.0
India,IND,Manipur,MN,state,2023,Capacity,Fuel,Gas,MW,0.0
India,IND,Manipur,MN,state,2023,Capacity,Fuel,Hydro,MW,110.45
India,IND,Manipur,MN,state,2023,Capacity,Fuel,Nuclear,MW,0.0
India,IND,Manipur,MN,state,2023,Capacity,Fuel,Other Fossil,MW,36.0
India,IND,Manipur,MN,state,2023,Capacity,Fuel,Other Renewables,MW,
India,IND,Manipur,MN,state,2023,Capacity,Fuel,Solar,MW,13.04
India,IND,Manipur,MN,state,2023,Capacity,Fuel,Wind,MW,0.0
India,IND,Manipur,MN,state,2023,Electricity generation,Fuel,Bioenergy,%,0.0
India,IND,Manipur,MN,state,2023,Electricity generation,Fuel,Coal,%,0.0
India,IND,Manipur,MN,state,2023,Electricity generation,Fuel,Gas,%,0.0
India,IND,Manipur,MN,state,2023,Electricity generation,Fuel,Hydro,%,96.72
India,IND,Manipur,MN,state,2023,Electricity generation,Fuel,Nuclear,%,0.0
India,IND,Manipur,MN,state,2023,Electricity generation,Fuel,Other Fossil,%,0.0
India,IND,Manipur,MN,state,2023,Electricity generation,Fuel,Other Renewables,%,0.64
India,IND,Manipur,MN,state,2023,Electricity generation,Fuel,Solar,%,2.64
India,IND,Manipur,MN,state,2023,Electricity generation,Fuel,Wind,%,0.0
India,IND,Manipur,MN,state,2023,Electricity generation,Fuel,Bioenergy,GWh,0.0
India,IND,Manipur,MN,state,2023,Electricity generation,Fuel,Coal,GWh,0.0
India,IND,Manipur,MN,state,2023,Electricity generation,Fuel,Gas,GWh,0.0
India,IND,Manipur,MN,state,2023,Electricity generation,Fuel,Hydro,GWh,280.27
India,IND,Manipur,MN,state,2023,Electricity generation,Fuel,Nuclear,GWh,0.0
India,IND,Manipur,MN,state,2023,Electricity generation,Fuel,Other Fossil,GWh,0.0
India,IND,Manipur,MN,state,2023,Electricity generation,Fuel,Other Renewables,GWh,1.85
India,IND,Manipur,MN,state,2023,Electricity generation,Fuel,Solar,GWh,7.66
India,IND,Manipur,MN,state,2023,Electricity generation,Fuel,Wind,GWh,0.0
India,IND,Manipur,MN,state,2023,Electricity generation,Total,Total Generation,GWh,289.78
India,IND,Manipur,MN,state,2023,Power sector emissions,CO2 intensity,CO2 intensity,gCO2/kWh,24.74
India,IND,Manipur,MN,state,2023,Power sector emissions,Fuel,Bioenergy,%,0.0
India,IND,Manipur,MN,state,2023,Power sector emissions,Fuel,Coal,%,0.0
India,IND,Manipur,MN,state,2023,Power sector emissions,Fuel,Gas,%,0.0
India,IND,Manipur,MN,state,2023,Power sector emissions,Fuel,Hydro,%,6.73
India,IND,Manipur,MN,state,2023,Power sector emissions,Fuel,Nuclear,%,0.0
India,IND,Manipur,MN,state,2023,Power sector emissions,Fuel,Other Fossil,%,0.0
India,IND,Manipur,MN,state,2023,Power sector emissions,Fuel,Other Renewables,%,0.07
India,IND,Manipur,MN,state,2023,Power sector emissions,Fuel,Solar,%,0.37
India,IND,Manipur,MN,state,2023,Power sector emissions,Fuel,Wind,%,0.0
India,IND,Manipur,MN,state,2023,Power sector emissions,Fuel,Bioenergy,ktCO2,0.0
India,IND,Manipur,MN,state,2023,Power sector emissions,Fuel,Coal,ktCO2,0.0
India,IND,Manipur,MN,state,2023,Power sector emissions,Fuel,Gas,ktCO2,0.0
India,IND,Manipur,MN,state,2023,Power sector emissions,Fuel,Hydro,ktCO2,6.73
India,IND,Manipur,MN,state,2023,Power sector emissions,Fuel,Nuclear,ktCO2,0.0
India,IND,Manipur,MN,state,2023,Power sector emissions,Fuel,Other Fossil,ktCO2,0.0
India,IND,Manipur,MN,state,2023,Power sector emissions,Fuel,Other Renewables,ktCO2,0.07
India,IND,Manipur,MN,state,2023,Power sector emissions,Fuel,Solar,ktCO2,0.37
India,IND,Manipur,MN,state,2023,Power sector emissions,Fuel,Wind,ktCO2,0.0
India,IND,Manipur,MN,state,2023,Power sector emissions,Total,Total emissions,ktCO2,7.17
India,IND,Manipur,MN,state,2024,Capacity,Fuel,Bioenergy,MW,0.0
India,IND,Manipur,MN,state,2024,Capacity,Fuel,Coal,MW,0.0
India,IND,Manipur,MN,state,2024,Capacity,Fuel,Gas,MW,0.0
India,IND,Manipur,MN,state,2024,Capacity,Fuel,Hydro,MW,110.45
India,IND,Manipur,MN,state,2024,Capacity,Fuel,Nuclear,MW,0.0
India,IND,Manipur,MN,state,2024,Capacity,Fuel,Other Fossil,MW,36.0
India,IND,Manipur,MN,state,2024,Capacity,Fuel,Other Renewables,MW,
India,IND,Manipur,MN,state,2024,Capacity,Fuel,Solar,MW,13.79
India,IND,Manipur,MN,state,2024,Capacity,Fuel,Wind,MW,0.0
India,IND,Manipur,MN,state,2024,Electricity generation,Fuel,Bioenergy,%,0.0
India,IND,Manipur,MN,state,2024,Electricity generation,Fuel,Coal,%,0.0
India,IND,Manipur,MN,state,2024,Electricity generation,Fuel,Gas,%,0.0
India,IND,Manipur,MN,state,2024,Electricity generation,Fuel,Hydro,%,98.69
India,IND,Manipur,MN,state,2024,Electricity generation,Fuel,Nuclear,%,0.0
India,IND,Manipur,MN,state,2024,Electricity generation,Fuel,Other Fossil,%,0.0
India,IND,Manipur,MN,state,2024,Electricity generation,Fuel,Other Renewables,%,0.0
India,IND,Manipur,MN,state,2024,Electricity generation,Fuel,Solar,%,1.31
India,IND,Manipur,MN,state,2024,Electricity generation,Fuel,Wind,%,0.0
India,IND,Manipur,MN,state,2024,Electricity generation,Fuel,Bioenergy,GWh,0.0
India,IND,Manipur,MN,state,2024,Electricity generation,Fuel,Coal,GWh,0.0
India,IND,Manipur,MN,state,2024,Electricity generation,Fuel,Gas,GWh,0.0
India,IND,Manipur,MN,state,2024,Electricity generation,Fuel,Hydro,GWh,630.3
India,IND,Manipur,MN,state,2024,Electricity generation,Fuel,Nuclear,GWh,0.0
India,IND,Manipur,MN,state,2024,Electricity generation,Fuel,Other Fossil,GWh,0.0
India,IND,Manipur,MN,state,2024,Electricity generation,Fuel,Other Renewables,GWh,0.0
India,IND,Manipur,MN,state,2024,Electricity generation,Fuel,Solar,GWh,8.4
India,IND,Manipur,MN,state,2024,Electricity generation,Fuel,Wind,GWh,0.0
India,IND,Manipur,MN,state,2024,Electricity generation,Total,Total Generation,GWh,638.7
India,IND,Manipur,MN,state,2024,Power sector emissions,CO2 intensity,CO2 intensity,gCO2/kWh,24.32
India,IND,Manipur,MN,state,2024,Power sector emissions,Fuel,Bioenergy,%,0.0
India,IND,Manipur,MN,state,2024,Power sector emissions,Fuel,Coal,%,0.0
India,IND,Manipur,MN,state,2024,Power sector emissions,Fuel,Gas,%,0.0
India,IND,Manipur,MN,state,2024,Power sector emissions,Fuel,Hydro,%,15.13
India,IND,Manipur,MN,state,2024,Power sector emissions,Fuel,Nuclear,%,0.0
India,IND,Manipur,MN,state,2024,Power sector emissions,Fuel,Other Fossil,%,0.0
India,IND,Manipur,MN,state,2024,Power sector emissions,Fuel,Other Renewables,%,0.0
India,IND,Manipur,MN,state,2024,Power sector emissions,Fuel,Solar,%,0.4
India,IND,Manipur,MN,state,2024,Power sector emissions,Fuel,Wind,%,0.0
India,IND,Manipur,MN,state,2024,Power sector emissions,Fuel,Bioenergy,ktCO2,0.0
India,IND,Manipur,MN,state,2024,Power sector emissions,Fuel,Coal,ktCO2,0.0
India,IND,Manipur,MN,state,2024,Power sector emissions,Fuel,Gas,ktCO2,0.0
India,IND,Manipur,MN,state,2024,Power sector emissions,Fuel,Hydro,ktCO2,15.13
India,IND,Manipur,MN,state,2024,Power sector emissions,Fuel,Nuclear,ktCO2,0.0
India,IND,Manipur,MN,state,2024,Power sector emissions,Fuel,Other Fossil,ktCO2,0.0
India,IND,Manipur,MN,state,2024,Power sector emissions,Fuel,Other Renewables,ktCO2,0.0
India,IND,Manipur,MN,state,2024,Power sector emissions,Fuel,Solar,ktCO2,0.4
India,IND,Manipur,MN,state,2024,Power sector emissions,Fuel,Wind,ktCO2,0.0
India,IND,Manipur,MN,state,2024,Power sector emissions,Total,Total emissions,ktCO2,15.53
India,IND,Meghalaya,ML,state,2019,Capacity,Fuel,Bioenergy,MW,13.8
India,IND,Meghalaya,ML,state,2019,Capacity,Fuel,Coal,MW,0.0
India,IND,Meghalaya,ML,state,2019,Capacity,Fuel,Gas,MW,0.0
India,IND,Meghalaya,ML,state,2019,Capacity,Fuel,Hydro,MW,354.53
India,IND,Meghalaya,ML,state,2019,Capacity,Fuel,Nuclear,MW,0.0
India,IND,Meghalaya,ML,state,2019,Capacity,Fuel,Other Fossil,MW,0.0
India,IND,Meghalaya,ML,state,2019,Capacity,Fuel,Other Renewables,MW,0.0
India,IND,Meghalaya,ML,state,2019,Capacity,Fuel,Solar,MW,0.12
India,IND,Meghalaya,ML,state,2019,Capacity,Fuel,Wind,MW,0.0
India,IND,Meghalaya,ML,state,2019,Electricity generation,Fuel,Bioenergy,%,0.0
India,IND,Meghalaya,ML,state,2019,Electricity generation,Fuel,Coal,%,0.0
India,IND,Meghalaya,ML,state,2019,Electricity generation,Fuel,Gas,%,0.0
India,IND,Meghalaya,ML,state,2019,Electricity generation,Fuel,Hydro,%,100.0
India,IND,Meghalaya,ML,state,2019,Electricity generation,Fuel,Nuclear,%,0.0
India,IND,Meghalaya,ML,state,2019,Electricity generation,Fuel,Other Fossil,%,0.0
India,IND,Meghalaya,ML,state,2019,Electricity generation,Fuel,Other Renewables,%,0.0
India,IND,Meghalaya,ML,state,2019,Electricity generation,Fuel,Solar,%,0.0
India,IND,Meghalaya,ML,state,2019,Electricity generation,Fuel,Wind,%,0.0
India,IND,Meghalaya,ML,state,2019,Electricity generation,Fuel,Bioenergy,GWh,0.0
India,IND,Meghalaya,ML,state,2019,Electricity generation,Fuel,Coal,GWh,0.0
India,IND,Meghalaya,ML,state,2019,Electricity generation,Fuel,Gas,GWh,0.0
India,IND,Meghalaya,ML,state,2019,Electricity generation,Fuel,Hydro,GWh,1077.54
India,IND,Meghalaya,ML,state,2019,Electricity generation,Fuel,Nuclear,GWh,0.0
India,IND,Meghalaya,ML,state,2019,Electricity generation,Fuel,Other Fossil,GWh,0.0
India,IND,Meghalaya,ML,state,2019,Electricity generation,Fuel,Other Renewables,GWh,0.0
India,IND,Meghalaya,ML,state,2019,Electricity generation,Fuel,Solar,GWh,0.0
India,IND,Meghalaya,ML,state,2019,Electricity generation,Fuel,Wind,GWh,0.0
India,IND,Meghalaya,ML,state,2019,Electricity generation,Total,Total Generation,GWh,1077.54
India,IND,Meghalaya,ML,state,2019,Power sector emissions,CO2 intensity,CO2 intensity,gCO2/kWh,24.0
India,IND,Meghalaya,ML,state,2019,Power sector emissions,Fuel,Bioenergy,%,0.0
India,IND,Meghalaya,ML,state,2019,Power sector emissions,Fuel,Coal,%,0.0
India,IND,Meghalaya,ML,state,2019,Power sector emissions,Fuel,Gas,%,0.0
India,IND,Meghalaya,ML,state,2019,Power sector emissions,Fuel,Hydro,%,25.86
India,IND,Meghalaya,ML,state,2019,Power sector emissions,Fuel,Nuclear,%,0.0
India,IND,Meghalaya,ML,state,2019,Power sector emissions,Fuel,Other Fossil,%,0.0
India,IND,Meghalaya,ML,state,2019,Power sector emissions,Fuel,Other Renewables,%,0.0
India,IND,Meghalaya,ML,state,2019,Power sector emissions,Fuel,Solar,%,0.0
India,IND,Meghalaya,ML,state,2019,Power sector emissions,Fuel,Wind,%,0.0
India,IND,Meghalaya,ML,state,2019,Power sector emissions,Fuel,Bioenergy,ktCO2,0.0
India,IND,Meghalaya,ML,state,2019,Power sector emissions,Fuel,Coal,ktCO2,0.0
India,IND,Meghalaya,ML,state,2019,Power sector emissions,Fuel,Gas,ktCO2,0.0
India,IND,Meghalaya,ML,state,2019,Power sector emissions,Fuel,Hydro,ktCO2,25.86
India,IND,Meghalaya,ML,state,2019,Power sector emissions,Fuel,Nuclear,ktCO2,0.0
India,IND,Meghalaya,ML,state,2019,Power sector emissions,Fuel,Other Fossil,ktCO2,0.0
India,IND,Meghalaya,ML,state,2019,Power sector emissions,Fuel,Other Renewables,ktCO2,0.0
India,IND,Meghalaya,ML,state,2019,Power sector emissions,Fuel,Solar,ktCO2,0.0
India,IND,Meghalaya,ML,state,2019,Power sector emissions,Fuel,Wind,ktCO2,0.0
India,IND,Meghalaya,ML,state,2019,Power sector emissions,Total,Total emissions,ktCO2,25.86
India,IND,Meghalaya,ML,state,2020,Capacity,Fuel,Bioenergy,MW,13.8
India,IND,Meghalaya,ML,state,2020,Capacity,Fuel,Coal,MW,0.0
India,IND,Meghalaya,ML,state,2020,Capacity,Fuel,Gas,MW,0.0
India,IND,Meghalaya,ML,state,2020,Capacity,Fuel,Hydro,MW,354.53
India,IND,Meghalaya,ML,state,2020,Capacity,Fuel,Nuclear,MW,0.0
India,IND,Meghalaya,ML,state,2020,Capacity,Fuel,Other Fossil,MW,0.0
India,IND,Meghalaya,ML,state,2020,Capacity,Fuel,Other Renewables,MW,0.0
India,IND,Meghalaya,ML,state,2020,Capacity,Fuel,Solar,MW,0.12
India,IND,Meghalaya,ML,state,2020,Capacity,Fuel,Wind,MW,0.0
India,IND,Meghalaya,ML,state,2020,Electricity generation,Fuel,Bioenergy,%,0.0
India,IND,Meghalaya,ML,state,2020,Electricity generation,Fuel,Coal,%,0.0
India,IND,Meghalaya,ML,state,2020,Electricity generation,Fuel,Gas,%,0.0
India,IND,Meghalaya,ML,state,2020,Electricity generation,Fuel,Hydro,%,100.0
India,IND,Meghalaya,ML,state,2020,Electricity generation,Fuel,Nuclear,%,0.0
India,IND,Meghalaya,ML,state,2020,Electricity generation,Fuel,Other Fossil,%,0.0
India,IND,Meghalaya,ML,state,2020,Electricity generation,Fuel,Other Renewables,%,0.0
India,IND,Meghalaya,ML,state,2020,Electricity generation,Fuel,Solar,%,0.0
India,IND,Meghalaya,ML,state,2020,Electricity generation,Fuel,Wind,%,0.0
India,IND,Meghalaya,ML,state,2020,Electricity generation,Fuel,Bioenergy,GWh,0.0
India,IND,Meghalaya,ML,state,2020,Electricity generation,Fuel,Coal,GWh,0.0
India,IND,Meghalaya,ML,state,2020,Electricity generation,Fuel,Gas,GWh,0.0
India,IND,Meghalaya,ML,state,2020,Electricity generation,Fuel,Hydro,GWh,1183.95
India,IND,Meghalaya,ML,state,2020,Electricity generation,Fuel,Nuclear,GWh,0.0
India,IND,Meghalaya,ML,state,2020,Electricity generation,Fuel,Other Fossil,GWh,0.0
India,IND,Meghalaya,ML,state,2020,Electricity generation,Fuel,Other Renewables,GWh,0.0
India,IND,Meghalaya,ML,state,2020,Electricity generation,Fuel,Solar,GWh,0.0
India,IND,Meghalaya,ML,state,2020,Electricity generation,Fuel,Wind,GWh,0.0
India,IND,Meghalaya,ML,state,2020,Electricity generation,Total,Total Generation,GWh,1183.95
India,IND,Meghalaya,ML,state,2020,Power sector emissions,CO2 intensity,CO2 intensity,gCO2/kWh,24.0
India,IND,Meghalaya,ML,state,2020,Power sector emissions,Fuel,Bioenergy,%,0.0
India,IND,Meghalaya,ML,state,2020,Power sector emissions,Fuel,Coal,%,0.0
India,IND,Meghalaya,ML,state,2020,Power sector emissions,Fuel,Gas,%,0.0
India,IND,Meghalaya,ML,state,2020,Power sector emissions,Fuel,Hydro,%,28.41
India,IND,Meghalaya,ML,state,2020,Power sector emissions,Fuel,Nuclear,%,0.0
India,IND,Meghalaya,ML,state,2020,Power sector emissions,Fuel,Other Fossil,%,0.0
India,IND,Meghalaya,ML,state,2020,Power sector emissions,Fuel,Other Renewables,%,0.0
India,IND,Meghalaya,ML,state,2020,Power sector emissions,Fuel,Solar,%,0.0
India,IND,Meghalaya,ML,state,2020,Power sector emissions,Fuel,Wind,%,0.0
India,IND,Meghalaya,ML,state,2020,Power sector emissions,Fuel,Bioenergy,ktCO2,0.0
India,IND,Meghalaya,ML,state,2020,Power sector emissions,Fuel,Coal,ktCO2,0.0
India,IND,Meghalaya,ML,state,2020,Power sector emissions,Fuel,Gas,ktCO2,0.0
India,IND,Meghalaya,ML,state,2020,Power sector emissions,Fuel,Hydro,ktCO2,28.41
India,IND,Meghalaya,ML,state,2020,Power sector emissions,Fuel,Nuclear,ktCO2,0.0
India,IND,Meghalaya,ML,state,2020,Power sector emissions,Fuel,Other Fossil,ktCO2,0.0
India,IND,Meghalaya,ML,state,2020,Power sector emissions,Fuel,Other Renewables,ktCO2,0.0
India,IND,Meghalaya,ML,state,2020,Power sector emissions,Fuel,Solar,ktCO2,0.0
India,IND,Meghalaya,ML,state,2020,Power sector emissions,Fuel,Wind,ktCO2,0.0
India,IND,Meghalaya,ML,state,2020,Power sector emissions,Total,Total emissions,ktCO2,28.41
India,IND,Meghalaya,ML,state,2021,Capacity,Fuel,Bioenergy,MW,13.8
India,IND,Meghalaya,ML,state,2021,Capacity,Fuel,Coal,MW,0.0
India,IND,Meghalaya,ML,state,2021,Capacity,Fuel,Gas,MW,0.0
India,IND,Meghalaya,ML,state,2021,Capacity,Fuel,Hydro,MW,354.53
India,IND,Meghalaya,ML,state,2021,Capacity,Fuel,Nuclear,MW,0.0
India,IND,Meghalaya,ML,state,2021,Capacity,Fuel,Other Fossil,MW,0.0
India,IND,Meghalaya,ML,state,2021,Capacity,Fuel,Other Renewables,MW,0.0
India,IND,Meghalaya,ML,state,2021,Capacity,Fuel,Solar,MW,4.13
India,IND,Meghalaya,ML,state,2021,Capacity,Fuel,Wind,MW,0.0
India,IND,Meghalaya,ML,state,2021,Electricity generation,Fuel,Bioenergy,%,0.0
India,IND,Meghalaya,ML,state,2021,Electricity generation,Fuel,Coal,%,0.0
India,IND,Meghalaya,ML,state,2021,Electricity generation,Fuel,Gas,%,0.0
India,IND,Meghalaya,ML,state,2021,Electricity generation,Fuel,Hydro,%,99.95
India,IND,Meghalaya,ML,state,2021,Electricity generation,Fuel,Nuclear,%,0.0
India,IND,Meghalaya,ML,state,2021,Electricity generation,Fuel,Other Fossil,%,0.0
India,IND,Meghalaya,ML,state,2021,Electricity generation,Fuel,Other Renewables,%,0.0
India,IND,Meghalaya,ML,state,2021,Electricity generation,Fuel,Solar,%,0.05
India,IND,Meghalaya,ML,state,2021,Electricity generation,Fuel,Wind,%,0.0
India,IND,Meghalaya,ML,state,2021,Electricity generation,Fuel,Bioenergy,GWh,0.0
India,IND,Meghalaya,ML,state,2021,Electricity generation,Fuel,Coal,GWh,0.0
India,IND,Meghalaya,ML,state,2021,Electricity generation,Fuel,Gas,GWh,0.0
India,IND,Meghalaya,ML,state,2021,Electricity generation,Fuel,Hydro,GWh,925.75
India,IND,Meghalaya,ML,state,2021,Electricity generation,Fuel,Nuclear,GWh,0.0
India,IND,Meghalaya,ML,state,2021,Electricity generation,Fuel,Other Fossil,GWh,0.0
India,IND,Meghalaya,ML,state,2021,Electricity generation,Fuel,Other Renewables,GWh,0.0
India,IND,Meghalaya,ML,state,2021,Electricity generation,Fuel,Solar,GWh,0.47
India,IND,Meghalaya,ML,state,2021,Electricity generation,Fuel,Wind,GWh,0.0
India,IND,Meghalaya,ML,state,2021,Electricity generation,Total,Total Generation,GWh,926.22
India,IND,Meghalaya,ML,state,2021,Power sector emissions,CO2 intensity,CO2 intensity,gCO2/kWh,24.01
India,IND,Meghalaya,ML,state,2021,Power sector emissions,Fuel,Bioenergy,%,0.0
India,IND,Meghalaya,ML,state,2021,Power sector emissions,Fuel,Coal,%,0.0
India,IND,Meghalaya,ML,state,2021,Power sector emissions,Fuel,Gas,%,0.0
India,IND,Meghalaya,ML,state,2021,Power sector emissions,Fuel,Hydro,%,22.22
India,IND,Meghalaya,ML,state,2021,Power sector emissions,Fuel,Nuclear,%,0.0
India,IND,Meghalaya,ML,state,2021,Power sector emissions,Fuel,Other Fossil,%,0.0
India,IND,Meghalaya,ML,state,2021,Power sector emissions,Fuel,Other Renewables,%,0.0
India,IND,Meghalaya,ML,state,2021,Power sector emissions,Fuel,Solar,%,0.02
India,IND,Meghalaya,ML,state,2021,Power sector emissions,Fuel,Wind,%,0.0
India,IND,Meghalaya,ML,state,2021,Power sector emissions,Fuel,Bioenergy,ktCO2,0.0
India,IND,Meghalaya,ML,state,2021,Power sector emissions,Fuel,Coal,ktCO2,0.0
India,IND,Meghalaya,ML,state,2021,Power sector emissions,Fuel,Gas,ktCO2,0.0
India,IND,Meghalaya,ML,state,2021,Power sector emissions,Fuel,Hydro,ktCO2,22.22
India,IND,Meghalaya,ML,state,2021,Power sector emissions,Fuel,Nuclear,ktCO2,0.0
India,IND,Meghalaya,ML,state,2021,Power sector emissions,Fuel,Other Fossil,ktCO2,0.0
India,IND,Meghalaya,ML,state,2021,Power sector emissions,Fuel,Other Renewables,ktCO2,0.0
India,IND,Meghalaya,ML,state,2021,Power sector emissions,Fuel,Solar,ktCO2,0.02
India,IND,Meghalaya,ML,state,2021,Power sector emissions,Fuel,Wind,ktCO2,0.0
India,IND,Meghalaya,ML,state,2021,Power sector emissions,Total,Total emissions,ktCO2,22.24
India,IND,Meghalaya,ML,state,2022,Capacity,Fuel,Bioenergy,MW,13.8
India,IND,Meghalaya,ML,state,2022,Capacity,Fuel,Coal,MW,0.0
India,IND,Meghalaya,ML,state,2022,Capacity,Fuel,Gas,MW,0.0
India,IND,Meghalaya,ML,state,2022,Capacity,Fuel,Hydro,MW,354.53
India,IND,Meghalaya,ML,state,2022,Capacity,Fuel,Nuclear,MW,0.0
India,IND,Meghalaya,ML,state,2022,Capacity,Fuel,Other Fossil,MW,0.0
India,IND,Meghalaya,ML,state,2022,Capacity,Fuel,Other Renewables,MW,
India,IND,Meghalaya,ML,state,2022,Capacity,Fuel,Solar,MW,4.15
India,IND,Meghalaya,ML,state,2022,Capacity,Fuel,Wind,MW,0.0
India,IND,Meghalaya,ML,state,2022,Electricity generation,Fuel,Bioenergy,%,0.0
India,IND,Meghalaya,ML,state,2022,Electricity generation,Fuel,Coal,%,0.0
India,IND,Meghalaya,ML,state,2022,Electricity generation,Fuel,Gas,%,0.0
India,IND,Meghalaya,ML,state,2022,Electricity generation,Fuel,Hydro,%,100.0
India,IND,Meghalaya,ML,state,2022,Electricity generation,Fuel,Nuclear,%,0.0
India,IND,Meghalaya,ML,state,2022,Electricity generation,Fuel,Other Fossil,%,0.0
India,IND,Meghalaya,ML,state,2022,Electricity generation,Fuel,Other Renewables,%,0.0
India,IND,Meghalaya,ML,state,2022,Electricity generation,Fuel,Solar,%,0.0
India,IND,Meghalaya,ML,state,2022,Electricity generation,Fuel,Wind,%,0.0
India,IND,Meghalaya,ML,state,2022,Electricity generation,Fuel,Bioenergy,GWh,0.0
India,IND,Meghalaya,ML,state,2022,Electricity generation,Fuel,Coal,GWh,0.0
India,IND,Meghalaya,ML,state,2022,Electricity generation,Fuel,Gas,GWh,0.0
India,IND,Meghalaya,ML,state,2022,Electricity generation,Fuel,Hydro,GWh,1056.84
India,IND,Meghalaya,ML,state,2022,Electricity generation,Fuel,Nuclear,GWh,0.0
India,IND,Meghalaya,ML,state,2022,Electricity generation,Fuel,Other Fossil,GWh,0.0
India,IND,Meghalaya,ML,state,2022,Electricity generation,Fuel,Other Renewables,GWh,0.0
India,IND,Meghalaya,ML,state,2022,Electricity generation,Fuel,Solar,GWh,0.0
India,IND,Meghalaya,ML,state,2022,Electricity generation,Fuel,Wind,GWh,0.0
India,IND,Meghalaya,ML,state,2022,Electricity generation,Total,Total Generation,GWh,1056.84
India,IND,Meghalaya,ML,state,2022,Power sector emissions,CO2 intensity,CO2 intensity,gCO2/kWh,24.0
India,IND,Meghalaya,ML,state,2022,Power sector emissions,Fuel,Bioenergy,%,0.0
India,IND,Meghalaya,ML,state,2022,Power sector emissions,Fuel,Coal,%,0.0
India,IND,Meghalaya,ML,state,2022,Power sector emissions,Fuel,Gas,%,0.0
India,IND,Meghalaya,ML,state,2022,Power sector emissions,Fuel,Hydro,%,25.36
India,IND,Meghalaya,ML,state,2022,Power sector emissions,Fuel,Nuclear,%,0.0
India,IND,Meghalaya,ML,state,2022,Power sector emissions,Fuel,Other Fossil,%,0.0
India,IND,Meghalaya,ML,state,2022,Power sector emissions,Fuel,Other Renewables,%,0.0
India,IND,Meghalaya,ML,state,2022,Power sector emissions,Fuel,Solar,%,0.0
India,IND,Meghalaya,ML,state,2022,Power sector emissions,Fuel,Wind,%,0.0
India,IND,Meghalaya,ML,state,2022,Power sector emissions,Fuel,Bioenergy,ktCO2,0.0
India,IND,Meghalaya,ML,state,2022,Power sector emissions,Fuel,Coal,ktCO2,0.0
India,IND,Meghalaya,ML,state,2022,Power sector emissions,Fuel,Gas,ktCO2,0.0
India,IND,Meghalaya,ML,state,2022,Power sector emissions,Fuel,Hydro,ktCO2,25.36
India,IND,Meghalaya,ML,state,2022,Power sector emissions,Fuel,Nuclear,ktCO2,0.0
India,IND,Meghalaya,ML,state,2022,Power sector emissions,Fuel,Other Fossil,ktCO2,0.0
India,IND,Meghalaya,ML,state,2022,Power sector emissions,Fuel,Other Renewables,ktCO2,0.0
India,IND,Meghalaya,ML,state,2022,Power sector emissions,Fuel,Solar,ktCO2,0.0
India,IND,Meghalaya,ML,state,2022,Power sector emissions,Fuel,Wind,ktCO2,0.0
India,IND,Meghalaya,ML,state,2022,Power sector emissions,Total,Total emissions,ktCO2,25.36
India,IND,Meghalaya,ML,state,2023,Capacity,Fuel,Bioenergy,MW,13.8
India,IND,Meghalaya,ML,state,2023,Capacity,Fuel,Coal,MW,0.0
India,IND,Meghalaya,ML,state,2023,Capacity,Fuel,Gas,MW,0.0
India,IND,Meghalaya,ML,state,2023,Capacity,Fuel,Hydro,MW,377.03
India,IND,Meghalaya,ML,state,2023,Capacity,Fuel,Nuclear,MW,0.0
India,IND,Meghalaya,ML,state,2023,Capacity,Fuel,Other Fossil,MW,0.0
India,IND,Meghalaya,ML,state,2023,Capacity,Fuel,Other Renewables,MW,
India,IND,Meghalaya,ML,state,2023,Capacity,Fuel,Solar,MW,4.19
India,IND,Meghalaya,ML,state,2023,Capacity,Fuel,Wind,MW,0.0
India,IND,Meghalaya,ML,state,2023,Electricity generation,Fuel,Bioenergy,%,0.0
India,IND,Meghalaya,ML,state,2023,Electricity generation,Fuel,Coal,%,0.0
India,IND,Meghalaya,ML,state,2023,Electricity generation,Fuel,Gas,%,0.0
India,IND,Meghalaya,ML,state,2023,Electricity generation,Fuel,Hydro,%,100.0
India,IND,Meghalaya,ML,state,2023,Electricity generation,Fuel,Nuclear,%,0.0
India,IND,Meghalaya,ML,state,2023,Electricity generation,Fuel,Other Fossil,%,0.0
India,IND,Meghalaya,ML,state,2023,Electricity generation,Fuel,Other Renewables,%,0.0
India,IND,Meghalaya,ML,state,2023,Electricity generation,Fuel,Solar,%,0.0
India,IND,Meghalaya,ML,state,2023,Electricity generation,Fuel,Wind,%,0.0
India,IND,Meghalaya,ML,state,2023,Electricity generation,Fuel,Bioenergy,GWh,0.0
India,IND,Meghalaya,ML,state,2023,Electricity generation,Fuel,Coal,GWh,0.0
India,IND,Meghalaya,ML,state,2023,Electricity generation,Fuel,Gas,GWh,0.0
India,IND,Meghalaya,ML,state,2023,Electricity generation,Fuel,Hydro,GWh,871.46
India,IND,Meghalaya,ML,state,2023,Electricity generation,Fuel,Nuclear,GWh,0.0
India,IND,Meghalaya,ML,state,2023,Electricity generation,Fuel,Other Fossil,GWh,0.0
India,IND,Meghalaya,ML,state,2023,Electricity generation,Fuel,Other Renewables,GWh,0.0
India,IND,Meghalaya,ML,state,2023,Electricity generation,Fuel,Solar,GWh,0.0
India,IND,Meghalaya,ML,state,2023,Electricity generation,Fuel,Wind,GWh,0.0
India,IND,Meghalaya,ML,state,2023,Electricity generation,Total,Total Generation,GWh,871.46
India,IND,Meghalaya,ML,state,2023,Power sector emissions,CO2 intensity,CO2 intensity,gCO2/kWh,24.01
India,IND,Meghalaya,ML,state,2023,Power sector emissions,Fuel,Bioenergy,%,0.0
India,IND,Meghalaya,ML,state,2023,Power sector emissions,Fuel,Coal,%,0.0
India,IND,Meghalaya,ML,state,2023,Power sector emissions,Fuel,Gas,%,0.0
India,IND,Meghalaya,ML,state,2023,Power sector emissions,Fuel,Hydro,%,20.92
India,IND,Meghalaya,ML,state,2023,Power sector emissions,Fuel,Nuclear,%,0.0
India,IND,Meghalaya,ML,state,2023,Power sector emissions,Fuel,Other Fossil,%,0.0
India,IND,Meghalaya,ML,state,2023,Power sector emissions,Fuel,Other Renewables,%,0.0
India,IND,Meghalaya,ML,state,2023,Power sector emissions,Fuel,Solar,%,0.0
India,IND,Meghalaya,ML,state,2023,Power sector emissions,Fuel,Wind,%,0.0
India,IND,Meghalaya,ML,state,2023,Power sector emissions,Fuel,Bioenergy,ktCO2,0.0
India,IND,Meghalaya,ML,state,2023,Power sector emissions,Fuel,Coal,ktCO2,0.0
India,IND,Meghalaya,ML,state,2023,Power sector emissions,Fuel,Gas,ktCO2,0.0
India,IND,Meghalaya,ML,state,2023,Power sector emissions,Fuel,Hydro,ktCO2,20.92
India,IND,Meghalaya,ML,state,2023,Power sector emissions,Fuel,Nuclear,ktCO2,0.0
India,IND,Meghalaya,ML,state,2023,Power sector emissions,Fuel,Other Fossil,ktCO2,0.0
India,IND,Meghalaya,ML,state,2023,Power sector emissions,Fuel,Other Renewables,ktCO2,0.0
India,IND,Meghalaya,ML,state,2023,Power sector emissions,Fuel,Solar,ktCO2,0.0
India,IND,Meghalaya,ML,state,2023,Power sector emissions,Fuel,Wind,ktCO2,0.0
India,IND,Meghalaya,ML,state,2023,Power sector emissions,Total,Total emissions,ktCO2,20.92
India,IND,Meghalaya,ML,state,2024,Capacity,Fuel,Bioenergy,MW,13.8
India,IND,Meghalaya,ML,state,2024,Capacity,Fuel,Coal,MW,0.0
India,IND,Meghalaya,ML,state,2024,Capacity,Fuel,Gas,MW,0.0
India,IND,Meghalaya,ML,state,2024,Capacity,Fuel,Hydro,MW,377.03
India,IND,Meghalaya,ML,state,2024,Capacity,Fuel,Nuclear,MW,0.0
India,IND,Meghalaya,ML,state,2024,Capacity,Fuel,Other Fossil,MW,0.0
India,IND,Meghalaya,ML,state,2024,Capacity,Fuel,Other Renewables,MW,
India,IND,Meghalaya,ML,state,2024,Capacity,Fuel,Solar,MW,4.28
India,IND,Meghalaya,ML,state,2024,Capacity,Fuel,Wind,MW,0.0
India,IND,Meghalaya,ML,state,2024,Electricity generation,Fuel,Bioenergy,%,0.0
India,IND,Meghalaya,ML,state,2024,Electricity generation,Fuel,Coal,%,0.0
India,IND,Meghalaya,ML,state,2024,Electricity generation,Fuel,Gas,%,0.0
India,IND,Meghalaya,ML,state,2024,Electricity generation,Fuel,Hydro,%,100.0
India,IND,Meghalaya,ML,state,2024,Electricity generation,Fuel,Nuclear,%,0.0
India,IND,Meghalaya,ML,state,2024,Electricity generation,Fuel,Other Fossil,%,0.0
India,IND,Meghalaya,ML,state,2024,Electricity generation,Fuel,Other Renewables,%,0.0
India,IND,Meghalaya,ML,state,2024,Electricity generation,Fuel,Solar,%,0.0
India,IND,Meghalaya,ML,state,2024,Electricity generation,Fuel,Wind,%,0.0
India,IND,Meghalaya,ML,state,2024,Electricity generation,Fuel,Bioenergy,GWh,0.0
India,IND,Meghalaya,ML,state,2024,Electricity generation,Fuel,Coal,GWh,0.0
India,IND,Meghalaya,ML,state,2024,Electricity generation,Fuel,Gas,GWh,0.0
India,IND,Meghalaya,ML,state,2024,Electricity generation,Fuel,Hydro,GWh,1020.27
India,IND,Meghalaya,ML,state,2024,Electricity generation,Fuel,Nuclear,GWh,0.0
India,IND,Meghalaya,ML,state,2024,Electricity generation,Fuel,Other Fossil,GWh,0.0
India,IND,Meghalaya,ML,state,2024,Electricity generation,Fuel,Other Renewables,GWh,0.0
India,IND,Meghalaya,ML,state,2024,Electricity generation,Fuel,Solar,GWh,0.0
India,IND,Meghalaya,ML,state,2024,Electricity generation,Fuel,Wind,GWh,0.0
India,IND,Meghalaya,ML,state,2024,Electricity generation,Total,Total Generation,GWh,1020.27
India,IND,Meghalaya,ML,state,2024,Power sector emissions,CO2 intensity,CO2 intensity,gCO2/kWh,24.0
India,IND,Meghalaya,ML,state,2024,Power sector emissions,Fuel,Bioenergy,%,0.0
India,IND,Meghalaya,ML,state,2024,Power sector emissions,Fuel,Coal,%,0.0
India,IND,Meghalaya,ML,state,2024,Power sector emissions,Fuel,Gas,%,0.0
India,IND,Meghalaya,ML,state,2024,Power sector emissions,Fuel,Hydro,%,24.49
India,IND,Meghalaya,ML,state,2024,Power sector emissions,Fuel,Nuclear,%,0.0
India,IND,Meghalaya,ML,state,2024,Power sector emissions,Fuel,Other Fossil,%,0.0
India,IND,Meghalaya,ML,state,2024,Power sector emissions,Fuel,Other Renewables,%,0.0
India,IND,Meghalaya,ML,state,2024,Power sector emissions,Fuel,Solar,%,0.0
India,IND,Meghalaya,ML,state,2024,Power sector emissions,Fuel,Wind,%,0.0
India,IND,Meghalaya,ML,state,2024,Power sector emissions,Fuel,Bioenergy,ktCO2,0.0
India,IND,Meghalaya,ML,state,2024,Power sector emissions,Fuel,Coal,ktCO2,0.0
India,IND,Meghalaya,ML,state,2024,Power sector emissions,Fuel,Gas,ktCO2,0.0
India,IND,Meghalaya,ML,state,2024,Power sector emissions,Fuel,Hydro,ktCO2,24.49
India,IND,Meghalaya,ML,state,2024,Power sector emissions,Fuel,Nuclear,ktCO2,0.0
India,IND,Meghalaya,ML,state,2024,Power sector emissions,Fuel,Other Fossil,ktCO2,0.0
India,IND,Meghalaya,ML,state,2024,Power sector emissions,Fuel,Other Renewables,ktCO2,0.0
India,IND,Meghalaya,ML,state,2024,Power sector emissions,Fuel,Solar,ktCO2,0.0
India,IND,Meghalaya,ML,state,2024,Power sector emissions,Fuel,Wind,ktCO2,0.0
India,IND,Meghalaya,ML,state,2024,Power sector emissions,Total,Total emissions,ktCO2,24.49
India,IND,Mizoram,MZ,state,2019,Capacity,Fuel,Bioenergy,MW,0.0
India,IND,Mizoram,MZ,state,2019,Capacity,Fuel,Coal,MW,0.0
India,IND,Mizoram,MZ,state,2019,Capacity,Fuel,Gas,MW,0.0
India,IND,Mizoram,MZ,state,2019,Capacity,Fuel,Hydro,MW,96.47
India,IND,Mizoram,MZ,state,2019,Capacity,Fuel,Nuclear,MW,0.0
India,IND,Mizoram,MZ,state,2019,Capacity,Fuel,Other Fossil,MW,0.0
India,IND,Mizoram,MZ,state,2019,Capacity,Fuel,Other Renewables,MW,0.0
India,IND,Mizoram,MZ,state,2019,Capacity,Fuel,Solar,MW,1.52
India,IND,Mizoram,MZ,state,2019,Capacity,Fuel,Wind,MW,0.0
India,IND,Mizoram,MZ,state,2019,Electricity generation,Fuel,Bioenergy,%,0.0
India,IND,Mizoram,MZ,state,2019,Electricity generation,Fuel,Coal,%,0.0
India,IND,Mizoram,MZ,state,2019,Electricity generation,Fuel,Gas,%,0.0
India,IND,Mizoram,MZ,state,2019,Electricity generation,Fuel,Hydro,%,99.81
India,IND,Mizoram,MZ,state,2019,Electricity generation,Fuel,Nuclear,%,0.0
India,IND,Mizoram,MZ,state,2019,Electricity generation,Fuel,Other Fossil,%,0.0
India,IND,Mizoram,MZ,state,2019,Electricity generation,Fuel,Other Renewables,%,0.0
India,IND,Mizoram,MZ,state,2019,Electricity generation,Fuel,Solar,%,0.19
India,IND,Mizoram,MZ,state,2019,Electricity generation,Fuel,Wind,%,0.0
India,IND,Mizoram,MZ,state,2019,Electricity generation,Fuel,Bioenergy,GWh,0.0
India,IND,Mizoram,MZ,state,2019,Electricity generation,Fuel,Coal,GWh,0.0
India,IND,Mizoram,MZ,state,2019,Electricity generation,Fuel,Gas,GWh,0.0
India,IND,Mizoram,MZ,state,2019,Electricity generation,Fuel,Hydro,GWh,216.35
India,IND,Mizoram,MZ,state,2019,Electricity generation,Fuel,Nuclear,GWh,0.0
India,IND,Mizoram,MZ,state,2019,Electricity generation,Fuel,Other Fossil,GWh,0.0
India,IND,Mizoram,MZ,state,2019,Electricity generation,Fuel,Other Renewables,GWh,0.0
India,IND,Mizoram,MZ,state,2019,Electricity generation,Fuel,Solar,GWh,0.42
India,IND,Mizoram,MZ,state,2019,Electricity generation,Fuel,Wind,GWh,0.0
India,IND,Mizoram,MZ,state,2019,Electricity generation,Total,Total Generation,GWh,216.77
India,IND,Mizoram,MZ,state,2019,Power sector emissions,CO2 intensity,CO2 intensity,gCO2/kWh,24.04
India,IND,Mizoram,MZ,state,2019,Power sector emissions,Fuel,Bioenergy,%,0.0
India,IND,Mizoram,MZ,state,2019,Power sector emissions,Fuel,Coal,%,0.0
India,IND,Mizoram,MZ,state,2019,Power sector emissions,Fuel,Gas,%,0.0
India,IND,Mizoram,MZ,state,2019,Power sector emissions,Fuel,Hydro,%,5.19
India,IND,Mizoram,MZ,state,2019,Power sector emissions,Fuel,Nuclear,%,0.0
India,IND,Mizoram,MZ,state,2019,Power sector emissions,Fuel,Other Fossil,%,0.0
India,IND,Mizoram,MZ,state,2019,Power sector emissions,Fuel,Other Renewables,%,0.0
India,IND,Mizoram,MZ,state,2019,Power sector emissions,Fuel,Solar,%,0.02
India,IND,Mizoram,MZ,state,2019,Power sector emissions,Fuel,Wind,%,0.0
India,IND,Mizoram,MZ,state,2019,Power sector emissions,Fuel,Bioenergy,ktCO2,0.0
India,IND,Mizoram,MZ,state,2019,Power sector emissions,Fuel,Coal,ktCO2,0.0
India,IND,Mizoram,MZ,state,2019,Power sector emissions,Fuel,Gas,ktCO2,0.0
India,IND,Mizoram,MZ,state,2019,Power sector emissions,Fuel,Hydro,ktCO2,5.19
India,IND,Mizoram,MZ,state,2019,Power sector emissions,Fuel,Nuclear,ktCO2,0.0
India,IND,Mizoram,MZ,state,2019,Power sector emissions,Fuel,Other Fossil,ktCO2,0.0
India,IND,Mizoram,MZ,state,2019,Power sector emissions,Fuel,Other Renewables,ktCO2,0.0
India,IND,Mizoram,MZ,state,2019,Power sector emissions,Fuel,Solar,ktCO2,0.02
India,IND,Mizoram,MZ,state,2019,Power sector emissions,Fuel,Wind,ktCO2,0.0
India,IND,Mizoram,MZ,state,2019,Power sector emissions,Total,Total emissions,ktCO2,5.21
India,IND,Mizoram,MZ,state,2020,Capacity,Fuel,Bioenergy,MW,0.0
India,IND,Mizoram,MZ,state,2020,Capacity,Fuel,Coal,MW,0.0
India,IND,Mizoram,MZ,state,2020,Capacity,Fuel,Gas,MW,0.0
India,IND,Mizoram,MZ,state,2020,Capacity,Fuel,Hydro,MW,96.47
India,IND,Mizoram,MZ,state,2020,Capacity,Fuel,Nuclear,MW,0.0
India,IND,Mizoram,MZ,state,2020,Capacity,Fuel,Other Fossil,MW,0.0
India,IND,Mizoram,MZ,state,2020,Capacity,Fuel,Other Renewables,MW,0.0
India,IND,Mizoram,MZ,state,2020,Capacity,Fuel,Solar,MW,1.53
India,IND,Mizoram,MZ,state,2020,Capacity,Fuel,Wind,MW,0.0
India,IND,Mizoram,MZ,state,2020,Electricity generation,Fuel,Bioenergy,%,0.0
India,IND,Mizoram,MZ,state,2020,Electricity generation,Fuel,Coal,%,0.0
India,IND,Mizoram,MZ,state,2020,Electricity generation,Fuel,Gas,%,0.0
India,IND,Mizoram,MZ,state,2020,Electricity generation,Fuel,Hydro,%,99.76
India,IND,Mizoram,MZ,state,2020,Electricity generation,Fuel,Nuclear,%,0.0
India,IND,Mizoram,MZ,state,2020,Electricity generation,Fuel,Other Fossil,%,0.0
India,IND,Mizoram,MZ,state,2020,Electricity generation,Fuel,Other Renewables,%,0.0
India,IND,Mizoram,MZ,state,2020,Electricity generation,Fuel,Solar,%,0.24
India,IND,Mizoram,MZ,state,2020,Electricity generation,Fuel,Wind,%,0.0
India,IND,Mizoram,MZ,state,2020,Electricity generation,Fuel,Bioenergy,GWh,0.0
India,IND,Mizoram,MZ,state,2020,Electricity generation,Fuel,Coal,GWh,0.0
India,IND,Mizoram,MZ,state,2020,Electricity generation,Fuel,Gas,GWh,0.0
India,IND,Mizoram,MZ,state,2020,Electricity generation,Fuel,Hydro,GWh,189.94
India,IND,Mizoram,MZ,state,2020,Electricity generation,Fuel,Nuclear,GWh,0.0
India,IND,Mizoram,MZ,state,2020,Electricity generation,Fuel,Other Fossil,GWh,0.0
India,IND,Mizoram,MZ,state,2020,Electricity generation,Fuel,Other Renewables,GWh,0.0
India,IND,Mizoram,MZ,state,2020,Electricity generation,Fuel,Solar,GWh,0.45
India,IND,Mizoram,MZ,state,2020,Electricity generation,Fuel,Wind,GWh,0.0
India,IND,Mizoram,MZ,state,2020,Electricity generation,Total,Total Generation,GWh,190.39
India,IND,Mizoram,MZ,state,2020,Power sector emissions,CO2 intensity,CO2 intensity,gCO2/kWh,24.06
India,IND,Mizoram,MZ,state,2020,Power sector emissions,Fuel,Bioenergy,%,0.0
India,IND,Mizoram,MZ,state,2020,Power sector emissions,Fuel,Coal,%,0.0
India,IND,Mizoram,MZ,state,2020,Power sector emissions,Fuel,Gas,%,0.0
India,IND,Mizoram,MZ,state,2020,Power sector emissions,Fuel,Hydro,%,4.56
India,IND,Mizoram,MZ,state,2020,Power sector emissions,Fuel,Nuclear,%,0.0
India,IND,Mizoram,MZ,state,2020,Power sector emissions,Fuel,Other Fossil,%,0.0
India,IND,Mizoram,MZ,state,2020,Power sector emissions,Fuel,Other Renewables,%,0.0
India,IND,Mizoram,MZ,state,2020,Power sector emissions,Fuel,Solar,%,0.02
India,IND,Mizoram,MZ,state,2020,Power sector emissions,Fuel,Wind,%,0.0
India,IND,Mizoram,MZ,state,2020,Power sector emissions,Fuel,Bioenergy,ktCO2,0.0
India,IND,Mizoram,MZ,state,2020,Power sector emissions,Fuel,Coal,ktCO2,0.0
India,IND,Mizoram,MZ,state,2020,Power sector emissions,Fuel,Gas,ktCO2,0.0
India,IND,Mizoram,MZ,state,2020,Power sector emissions,Fuel,Hydro,ktCO2,4.56
India,IND,Mizoram,MZ,state,2020,Power sector emissions,Fuel,Nuclear,ktCO2,0.0
India,IND,Mizoram,MZ,state,2020,Power sector emissions,Fuel,Other Fossil,ktCO2,0.0
India,IND,Mizoram,MZ,state,2020,Power sector emissions,Fuel,Other Renewables,ktCO2,0.0
India,IND,Mizoram,MZ,state,2020,Power sector emissions,Fuel,Solar,ktCO2,0.02
India,IND,Mizoram,MZ,state,2020,Power sector emissions,Fuel,Wind,ktCO2,0.0
India,IND,Mizoram,MZ,state,2020,Power sector emissions,Total,Total emissions,ktCO2,4.58
India,IND,Mizoram,MZ,state,2021,Capacity,Fuel,Bioenergy,MW,0.0
India,IND,Mizoram,MZ,state,2021,Capacity,Fuel,Coal,MW,0.0
India,IND,Mizoram,MZ,state,2021,Capacity,Fuel,Gas,MW,0.0
India,IND,Mizoram,MZ,state,2021,Capacity,Fuel,Hydro,MW,96.47
India,IND,Mizoram,MZ,state,2021,Capacity,Fuel,Nuclear,MW,0.0
India,IND,Mizoram,MZ,state,2021,Capacity,Fuel,Other Fossil,MW,0.0
India,IND,Mizoram,MZ,state,2021,Capacity,Fuel,Other Renewables,MW,0.0
India,IND,Mizoram,MZ,state,2021,Capacity,Fuel,Solar,MW,7.88
India,IND,Mizoram,MZ,state,2021,Capacity,Fuel,Wind,MW,0.0
India,IND,Mizoram,MZ,state,2021,Electricity generation,Fuel,Bioenergy,%,0.0
India,IND,Mizoram,MZ,state,2021,Electricity generation,Fuel,Coal,%,0.0
India,IND,Mizoram,MZ,state,2021,Electricity generation,Fuel,Gas,%,0.0
India,IND,Mizoram,MZ,state,2021,Electricity generation,Fuel,Hydro,%,97.66
India,IND,Mizoram,MZ,state,2021,Electricity generation,Fuel,Nuclear,%,0.0
India,IND,Mizoram,MZ,state,2021,Electricity generation,Fuel,Other Fossil,%,0.0
India,IND,Mizoram,MZ,state,2021,Electricity generation,Fuel,Other Renewables,%,0.0
India,IND,Mizoram,MZ,state,2021,Electricity generation,Fuel,Solar,%,2.34
India,IND,Mizoram,MZ,state,2021,Electricity generation,Fuel,Wind,%,0.0
India,IND,Mizoram,MZ,state,2021,Electricity generation,Fuel,Bioenergy,GWh,0.0
India,IND,Mizoram,MZ,state,2021,Electricity generation,Fuel,Coal,GWh,0.0
India,IND,Mizoram,MZ,state,2021,Electricity generation,Fuel,Gas,GWh,0.0
India,IND,Mizoram,MZ,state,2021,Electricity generation,Fuel,Hydro,GWh,148.27
India,IND,Mizoram,MZ,state,2021,Electricity generation,Fuel,Nuclear,GWh,0.0
India,IND,Mizoram,MZ,state,2021,Electricity generation,Fuel,Other Fossil,GWh,0.0
India,IND,Mizoram,MZ,state,2021,Electricity generation,Fuel,Other Renewables,GWh,0.0
India,IND,Mizoram,MZ,state,2021,Electricity generation,Fuel,Solar,GWh,3.55
India,IND,Mizoram,MZ,state,2021,Electricity generation,Fuel,Wind,GWh,0.0
India,IND,Mizoram,MZ,state,2021,Electricity generation,Total,Total Generation,GWh,151.82
India,IND,Mizoram,MZ,state,2021,Power sector emissions,CO2 intensity,CO2 intensity,gCO2/kWh,24.57
India,IND,Mizoram,MZ,state,2021,Power sector emissions,Fuel,Bioenergy,%,0.0
India,IND,Mizoram,MZ,state,2021,Power sector emissions,Fuel,Coal,%,0.0
India,IND,Mizoram,MZ,state,2021,Power sector emissions,Fuel,Gas,%,0.0
India,IND,Mizoram,MZ,state,2021,Power sector emissions,Fuel,Hydro,%,3.56
India,IND,Mizoram,MZ,state,2021,Power sector emissions,Fuel,Nuclear,%,0.0
India,IND,Mizoram,MZ,state,2021,Power sector emissions,Fuel,Other Fossil,%,0.0
India,IND,Mizoram,MZ,state,2021,Power sector emissions,Fuel,Other Renewables,%,0.0
India,IND,Mizoram,MZ,state,2021,Power sector emissions,Fuel,Solar,%,0.17
India,IND,Mizoram,MZ,state,2021,Power sector emissions,Fuel,Wind,%,0.0
India,IND,Mizoram,MZ,state,2021,Power sector emissions,Fuel,Bioenergy,ktCO2,0.0
India,IND,Mizoram,MZ,state,2021,Power sector emissions,Fuel,Coal,ktCO2,0.0
India,IND,Mizoram,MZ,state,2021,Power sector emissions,Fuel,Gas,ktCO2,0.0
India,IND,Mizoram,MZ,state,2021,Power sector emissions,Fuel,Hydro,ktCO2,3.56
India,IND,Mizoram,MZ,state,2021,Power sector emissions,Fuel,Nuclear,ktCO2,0.0
India,IND,Mizoram,MZ,state,2021,Power sector emissions,Fuel,Other Fossil,ktCO2,0.0
India,IND,Mizoram,MZ,state,2021,Power sector emissions,Fuel,Other Renewables,ktCO2,0.0
India,IND,Mizoram,MZ,state,2021,Power sector emissions,Fuel,Solar,ktCO2,0.17
India,IND,Mizoram,MZ,state,2021,Power sector emissions,Fuel,Wind,ktCO2,0.0
India,IND,Mizoram,MZ,state,2021,Power sector emissions,Total,Total emissions,ktCO2,3.73
India,IND,Mizoram,MZ,state,2022,Capacity,Fuel,Bioenergy,MW,0.0
India,IND,Mizoram,MZ,state,2022,Capacity,Fuel,Coal,MW,0.0
India,IND,Mizoram,MZ,state,2022,Capacity,Fuel,Gas,MW,0.0
India,IND,Mizoram,MZ,state,2022,Capacity,Fuel,Hydro,MW,101.47
India,IND,Mizoram,MZ,state,2022,Capacity,Fuel,Nuclear,MW,0.0
India,IND,Mizoram,MZ,state,2022,Capacity,Fuel,Other Fossil,MW,0.0
India,IND,Mizoram,MZ,state,2022,Capacity,Fuel,Other Renewables,MW,
India,IND,Mizoram,MZ,state,2022,Capacity,Fuel,Solar,MW,8.01
India,IND,Mizoram,MZ,state,2022,Capacity,Fuel,Wind,MW,0.0
India,IND,Mizoram,MZ,state,2022,Electricity generation,Fuel,Bioenergy,%,0.0
India,IND,Mizoram,MZ,state,2022,Electricity generation,Fuel,Coal,%,0.0
India,IND,Mizoram,MZ,state,2022,Electricity generation,Fuel,Gas,%,0.0
India,IND,Mizoram,MZ,state,2022,Electricity generation,Fuel,Hydro,%,98.95
India,IND,Mizoram,MZ,state,2022,Electricity generation,Fuel,Nuclear,%,0.0
India,IND,Mizoram,MZ,state,2022,Electricity generation,Fuel,Other Fossil,%,0.0
India,IND,Mizoram,MZ,state,2022,Electricity generation,Fuel,Other Renewables,%,0.0
India,IND,Mizoram,MZ,state,2022,Electricity generation,Fuel,Solar,%,1.05
India,IND,Mizoram,MZ,state,2022,Electricity generation,Fuel,Wind,%,0.0
India,IND,Mizoram,MZ,state,2022,Electricity generation,Fuel,Bioenergy,GWh,0.0
India,IND,Mizoram,MZ,state,2022,Electricity generation,Fuel,Coal,GWh,0.0
India,IND,Mizoram,MZ,state,2022,Electricity generation,Fuel,Gas,GWh,0.0
India,IND,Mizoram,MZ,state,2022,Electricity generation,Fuel,Hydro,GWh,252.57
India,IND,Mizoram,MZ,state,2022,Electricity generation,Fuel,Nuclear,GWh,0.0
India,IND,Mizoram,MZ,state,2022,Electricity generation,Fuel,Other Fossil,GWh,0.0
India,IND,Mizoram,MZ,state,2022,Electricity generation,Fuel,Other Renewables,GWh,0.0
India,IND,Mizoram,MZ,state,2022,Electricity generation,Fuel,Solar,GWh,2.68
India,IND,Mizoram,MZ,state,2022,Electricity generation,Fuel,Wind,GWh,0.0
India,IND,Mizoram,MZ,state,2022,Electricity generation,Total,Total Generation,GWh,255.25
India,IND,Mizoram,MZ,state,2022,Power sector emissions,CO2 intensity,CO2 intensity,gCO2/kWh,24.25
India,IND,Mizoram,MZ,state,2022,Power sector emissions,Fuel,Bioenergy,%,0.0
India,IND,Mizoram,MZ,state,2022,Power sector emissions,Fuel,Coal,%,0.0
India,IND,Mizoram,MZ,state,2022,Power sector emissions,Fuel,Gas,%,0.0
India,IND,Mizoram,MZ,state,2022,Power sector emissions,Fuel,Hydro,%,6.06
India,IND,Mizoram,MZ,state,2022,Power sector emissions,Fuel,Nuclear,%,0.0
India,IND,Mizoram,MZ,state,2022,Power sector emissions,Fuel,Other Fossil,%,0.0
India,IND,Mizoram,MZ,state,2022,Power sector emissions,Fuel,Other Renewables,%,0.0
India,IND,Mizoram,MZ,state,2022,Power sector emissions,Fuel,Solar,%,0.13
India,IND,Mizoram,MZ,state,2022,Power sector emissions,Fuel,Wind,%,0.0
India,IND,Mizoram,MZ,state,2022,Power sector emissions,Fuel,Bioenergy,ktCO2,0.0
India,IND,Mizoram,MZ,state,2022,Power sector emissions,Fuel,Coal,ktCO2,0.0
India,IND,Mizoram,MZ,state,2022,Power sector emissions,Fuel,Gas,ktCO2,0.0
India,IND,Mizoram,MZ,state,2022,Power sector emissions,Fuel,Hydro,ktCO2,6.06
India,IND,Mizoram,MZ,state,2022,Power sector emissions,Fuel,Nuclear,ktCO2,0.0
India,IND,Mizoram,MZ,state,2022,Power sector emissions,Fuel,Other Fossil,ktCO2,0.0
India,IND,Mizoram,MZ,state,2022,Power sector emissions,Fuel,Other Renewables,ktCO2,0.0
India,IND,Mizoram,MZ,state,2022,Power sector emissions,Fuel,Solar,ktCO2,0.13
India,IND,Mizoram,MZ,state,2022,Power sector emissions,Fuel,Wind,ktCO2,0.0
India,IND,Mizoram,MZ,state,2022,Power sector emissions,Total,Total emissions,ktCO2,6.19
India,IND,Mizoram,MZ,state,2023,Capacity,Fuel,Bioenergy,MW,0.0
India,IND,Mizoram,MZ,state,2023,Capacity,Fuel,Coal,MW,0.0
India,IND,Mizoram,MZ,state,2023,Capacity,Fuel,Gas,MW,0.0
India,IND,Mizoram,MZ,state,2023,Capacity,Fuel,Hydro,MW,105.47
India,IND,Mizoram,MZ,state,2023,Capacity,Fuel,Nuclear,MW,0.0
India,IND,Mizoram,MZ,state,2023,Capacity,Fuel,Other Fossil,MW,0.0
India,IND,Mizoram,MZ,state,2023,Capacity,Fuel,Other Renewables,MW,
India,IND,Mizoram,MZ,state,2023,Capacity,Fuel,Solar,MW,30.43
India,IND,Mizoram,MZ,state,2023,Capacity,Fuel,Wind,MW,0.0
India,IND,Mizoram,MZ,state,2023,Electricity generation,Fuel,Bioenergy,%,0.0
India,IND,Mizoram,MZ,state,2023,Electricity generation,Fuel,Coal,%,0.0
India,IND,Mizoram,MZ,state,2023,Electricity generation,Fuel,Gas,%,0.0
India,IND,Mizoram,MZ,state,2023,Electricity generation,Fuel,Hydro,%,98.54
India,IND,Mizoram,MZ,state,2023,Electricity generation,Fuel,Nuclear,%,0.0
India,IND,Mizoram,MZ,state,2023,Electricity generation,Fuel,Other Fossil,%,0.0
India,IND,Mizoram,MZ,state,2023,Electricity generation,Fuel,Other Renewables,%,0.0
India,IND,Mizoram,MZ,state,2023,Electricity generation,Fuel,Solar,%,1.46
India,IND,Mizoram,MZ,state,2023,Electricity generation,Fuel,Wind,%,0.0
India,IND,Mizoram,MZ,state,2023,Electricity generation,Fuel,Bioenergy,GWh,0.0
India,IND,Mizoram,MZ,state,2023,Electricity generation,Fuel,Coal,GWh,0.0
India,IND,Mizoram,MZ,state,2023,Electricity generation,Fuel,Gas,GWh,0.0
India,IND,Mizoram,MZ,state,2023,Electricity generation,Fuel,Hydro,GWh,215.27
India,IND,Mizoram,MZ,state,2023,Electricity generation,Fuel,Nuclear,GWh,0.0
India,IND,Mizoram,MZ,state,2023,Electricity generation,Fuel,Other Fossil,GWh,0.0
India,IND,Mizoram,MZ,state,2023,Electricity generation,Fuel,Other Renewables,GWh,0.0
India,IND,Mizoram,MZ,state,2023,Electricity generation,Fuel,Solar,GWh,3.19
India,IND,Mizoram,MZ,state,2023,Electricity generation,Fuel,Wind,GWh,0.0
India,IND,Mizoram,MZ,state,2023,Electricity generation,Total,Total Generation,GWh,218.46
India,IND,Mizoram,MZ,state,2023,Power sector emissions,CO2 intensity,CO2 intensity,gCO2/kWh,24.35
India,IND,Mizoram,MZ,state,2023,Power sector emissions,Fuel,Bioenergy,%,0.0
India,IND,Mizoram,MZ,state,2023,Power sector emissions,Fuel,Coal,%,0.0
India,IND,Mizoram,MZ,state,2023,Power sector emissions,Fuel,Gas,%,0.0
India,IND,Mizoram,MZ,state,2023,Power sector emissions,Fuel,Hydro,%,5.17
India,IND,Mizoram,MZ,state,2023,Power sector emissions,Fuel,Nuclear,%,0.0
India,IND,Mizoram,MZ,state,2023,Power sector emissions,Fuel,Other Fossil,%,0.0
India,IND,Mizoram,MZ,state,2023,Power sector emissions,Fuel,Other Renewables,%,0.0
India,IND,Mizoram,MZ,state,2023,Power sector emissions,Fuel,Solar,%,0.15
India,IND,Mizoram,MZ,state,2023,Power sector emissions,Fuel,Wind,%,0.0
India,IND,Mizoram,MZ,state,2023,Power sector emissions,Fuel,Bioenergy,ktCO2,0.0
India,IND,Mizoram,MZ,state,2023,Power sector emissions,Fuel,Coal,ktCO2,0.0
India,IND,Mizoram,MZ,state,2023,Power sector emissions,Fuel,Gas,ktCO2,0.0
India,IND,Mizoram,MZ,state,2023,Power sector emissions,Fuel,Hydro,ktCO2,5.17
India,IND,Mizoram,MZ,state,2023,Power sector emissions,Fuel,Nuclear,ktCO2,0.0
India,IND,Mizoram,MZ,state,2023,Power sector emissions,Fuel,Other Fossil,ktCO2,0.0
India,IND,Mizoram,MZ,state,2023,Power sector emissions,Fuel,Other Renewables,ktCO2,0.0
India,IND,Mizoram,MZ,state,2023,Power sector emissions,Fuel,Solar,ktCO2,0.15
India,IND,Mizoram,MZ,state,2023,Power sector emissions,Fuel,Wind,ktCO2,0.0
India,IND,Mizoram,MZ,state,2023,Power sector emissions,Total,Total emissions,ktCO2,5.32
India,IND,Mizoram,MZ,state,2024,Capacity,Fuel,Bioenergy,MW,0.0
India,IND,Mizoram,MZ,state,2024,Capacity,Fuel,Coal,MW,0.0
India,IND,Mizoram,MZ,state,2024,Capacity,Fuel,Gas,MW,0.0
India,IND,Mizoram,MZ,state,2024,Capacity,Fuel,Hydro,MW,105.47
India,IND,Mizoram,MZ,state,2024,Capacity,Fuel,Nuclear,MW,0.0
India,IND,Mizoram,MZ,state,2024,Capacity,Fuel,Other Fossil,MW,0.0
India,IND,Mizoram,MZ,state,2024,Capacity,Fuel,Other Renewables,MW,
India,IND,Mizoram,MZ,state,2024,Capacity,Fuel,Solar,MW,30.39
India,IND,Mizoram,MZ,state,2024,Capacity,Fuel,Wind,MW,0.0
India,IND,Mizoram,MZ,state,2024,Electricity generation,Fuel,Bioenergy,%,0.0
India,IND,Mizoram,MZ,state,2024,Electricity generation,Fuel,Coal,%,0.0
India,IND,Mizoram,MZ,state,2024,Electricity generation,Fuel,Gas,%,0.0
India,IND,Mizoram,MZ,state,2024,Electricity generation,Fuel,Hydro,%,94.86
India,IND,Mizoram,MZ,state,2024,Electricity generation,Fuel,Nuclear,%,0.0
India,IND,Mizoram,MZ,state,2024,Electricity generation,Fuel,Other Fossil,%,0.0
India,IND,Mizoram,MZ,state,2024,Electricity generation,Fuel,Other Renewables,%,0.0
India,IND,Mizoram,MZ,state,2024,Electricity generation,Fuel,Solar,%,5.14
India,IND,Mizoram,MZ,state,2024,Electricity generation,Fuel,Wind,%,0.0
India,IND,Mizoram,MZ,state,2024,Electricity generation,Fuel,Bioenergy,GWh,0.0
India,IND,Mizoram,MZ,state,2024,Electricity generation,Fuel,Coal,GWh,0.0
India,IND,Mizoram,MZ,state,2024,Electricity generation,Fuel,Gas,GWh,0.0
India,IND,Mizoram,MZ,state,2024,Electricity generation,Fuel,Hydro,GWh,323.42
India,IND,Mizoram,MZ,state,2024,Electricity generation,Fuel,Nuclear,GWh,0.0
India,IND,Mizoram,MZ,state,2024,Electricity generation,Fuel,Other Fossil,GWh,0.0
India,IND,Mizoram,MZ,state,2024,Electricity generation,Fuel,Other Renewables,GWh,0.0
India,IND,Mizoram,MZ,state,2024,Electricity generation,Fuel,Solar,GWh,17.53
India,IND,Mizoram,MZ,state,2024,Electricity generation,Fuel,Wind,GWh,0.0
India,IND,Mizoram,MZ,state,2024,Electricity generation,Total,Total Generation,GWh,340.95
India,IND,Mizoram,MZ,state,2024,Power sector emissions,CO2 intensity,CO2 intensity,gCO2/kWh,25.22
India,IND,Mizoram,MZ,state,2024,Power sector emissions,Fuel,Bioenergy,%,0.0
India,IND,Mizoram,MZ,state,2024,Power sector emissions,Fuel,Coal,%,0.0
India,IND,Mizoram,MZ,state,2024,Power sector emissions,Fuel,Gas,%,0.0
India,IND,Mizoram,MZ,state,2024,Power sector emissions,Fuel,Hydro,%,7.76
India,IND,Mizoram,MZ,state,2024,Power sector emissions,Fuel,Nuclear,%,0.0
India,IND,Mizoram,MZ,state,2024,Power sector emissions,Fuel,Other Fossil,%,0.0
India,IND,Mizoram,MZ,state,2024,Power sector emissions,Fuel,Other Renewables,%,0.0
India,IND,Mizoram,MZ,state,2024,Power sector emissions,Fuel,Solar,%,0.84
India,IND,Mizoram,MZ,state,2024,Power sector emissions,Fuel,Wind,%,0.0
India,IND,Mizoram,MZ,state,2024,Power sector emissions,Fuel,Bioenergy,ktCO2,0.0
India,IND,Mizoram,MZ,state,2024,Power sector emissions,Fuel,Coal,ktCO2,0.0
India,IND,Mizoram,MZ,state,2024,Power sector emissions,Fuel,Gas,ktCO2,0.0
India,IND,Mizoram,MZ,state,2024,Power sector emissions,Fuel,Hydro,ktCO2,7.76
India,IND,Mizoram,MZ,state,2024,Power sector emissions,Fuel,Nuclear,ktCO2,0.0
India,IND,Mizoram,MZ,state,2024,Power sector emissions,Fuel,Other Fossil,ktCO2,0.0
India,IND,Mizoram,MZ,state,2024,Power sector emissions,Fuel,Other Renewables,ktCO2,0.0
India,IND,Mizoram,MZ,state,2024,Power sector emissions,Fuel,Solar,ktCO2,0.84
India,IND,Mizoram,MZ,state,2024,Power sector emissions,Fuel,Wind,ktCO2,0.0
India,IND,Mizoram,MZ,state,2024,Power sector emissions,Total,Total emissions,ktCO2,8.6
India,IND,Nagaland,NL,state,2019,Capacity,Fuel,Bioenergy,MW,0.0
India,IND,Nagaland,NL,state,2019,Capacity,Fuel,Coal,MW,0.0
India,IND,Nagaland,NL,state,2019,Capacity,Fuel,Gas,MW,0.0
India,IND,Nagaland,NL,state,2019,Capacity,Fuel,Hydro,MW,105.67
India,IND,Nagaland,NL,state,2019,Capacity,Fuel,Nuclear,MW,0.0
India,IND,Nagaland,NL,state,2019,Capacity,Fuel,Other Fossil,MW,0.0
India,IND,Nagaland,NL,state,2019,Capacity,Fuel,Other Renewables,MW,0.0
India,IND,Nagaland,NL,state,2019,Capacity,Fuel,Solar,MW,1.0
India,IND,Nagaland,NL,state,2019,Capacity,Fuel,Wind,MW,0.0
India,IND,Nagaland,NL,state,2019,Electricity generation,Fuel,Bioenergy,%,0.0
India,IND,Nagaland,NL,state,2019,Electricity generation,Fuel,Coal,%,0.0
India,IND,Nagaland,NL,state,2019,Electricity generation,Fuel,Gas,%,0.0
India,IND,Nagaland,NL,state,2019,Electricity generation,Fuel,Hydro,%,100.0
India,IND,Nagaland,NL,state,2019,Electricity generation,Fuel,Nuclear,%,0.0
India,IND,Nagaland,NL,state,2019,Electricity generation,Fuel,Other Fossil,%,0.0
India,IND,Nagaland,NL,state,2019,Electricity generation,Fuel,Other Renewables,%,0.0
India,IND,Nagaland,NL,state,2019,Electricity generation,Fuel,Solar,%,0.0
India,IND,Nagaland,NL,state,2019,Electricity generation,Fuel,Wind,%,0.0
India,IND,Nagaland,NL,state,2019,Electricity generation,Fuel,Bioenergy,GWh,0.0
India,IND,Nagaland,NL,state,2019,Electricity generation,Fuel,Coal,GWh,0.0
India,IND,Nagaland,NL,state,2019,Electricity generation,Fuel,Gas,GWh,0.0
India,IND,Nagaland,NL,state,2019,Electricity generation,Fuel,Hydro,GWh,244.74
India,IND,Nagaland,NL,state,2019,Electricity generation,Fuel,Nuclear,GWh,0.0
India,IND,Nagaland,NL,state,2019,Electricity generation,Fuel,Other Fossil,GWh,0.0
India,IND,Nagaland,NL,state,2019,Electricity generation,Fuel,Other Renewables,GWh,0.0
India,IND,Nagaland,NL,state,2019,Electricity generation,Fuel,Solar,GWh,0.0
India,IND,Nagaland,NL,state,2019,Electricity generation,Fuel,Wind,GWh,0.0
India,IND,Nagaland,NL,state,2019,Electricity generation,Total,Total Generation,GWh,244.74
India,IND,Nagaland,NL,state,2019,Power sector emissions,CO2 intensity,CO2 intensity,gCO2/kWh,23.99
India,IND,Nagaland,NL,state,2019,Power sector emissions,Fuel,Bioenergy,%,0.0
India,IND,Nagaland,NL,state,2019,Power sector emissions,Fuel,Coal,%,0.0
India,IND,Nagaland,NL,state,2019,Power sector emissions,Fuel,Gas,%,0.0
India,IND,Nagaland,NL,state,2019,Power sector emissions,Fuel,Hydro,%,5.87
India,IND,Nagaland,NL,state,2019,Power sector emissions,Fuel,Nuclear,%,0.0
India,IND,Nagaland,NL,state,2019,Power sector emissions,Fuel,Other Fossil,%,0.0
India,IND,Nagaland,NL,state,2019,Power sector emissions,Fuel,Other Renewables,%,0.0
India,IND,Nagaland,NL,state,2019,Power sector emissions,Fuel,Solar,%,0.0
India,IND,Nagaland,NL,state,2019,Power sector emissions,Fuel,Wind,%,0.0
India,IND,Nagaland,NL,state,2019,Power sector emissions,Fuel,Bioenergy,ktCO2,0.0
India,IND,Nagaland,NL,state,2019,Power sector emissions,Fuel,Coal,ktCO2,0.0
India,IND,Nagaland,NL,state,2019,Power sector emissions,Fuel,Gas,ktCO2,0.0
India,IND,Nagaland,NL,state,2019,Power sector emissions,Fuel,Hydro,ktCO2,5.87
India,IND,Nagaland,NL,state,2019,Power sector emissions,Fuel,Nuclear,ktCO2,0.0
India,IND,Nagaland,NL,state,2019,Power sector emissions,Fuel,Other Fossil,ktCO2,0.0
India,IND,Nagaland,NL,state,2019,Power sector emissions,Fuel,Other Renewables,ktCO2,0.0
India,IND,Nagaland,NL,state,2019,Power sector emissions,Fuel,Solar,ktCO2,0.0
India,IND,Nagaland,NL,state,2019,Power sector emissions,Fuel,Wind,ktCO2,0.0
India,IND,Nagaland,NL,state,2019,Power sector emissions,Total,Total emissions,ktCO2,5.87
India,IND,Nagaland,NL,state,2020,Capacity,Fuel,Bioenergy,MW,0.0
India,IND,Nagaland,NL,state,2020,Capacity,Fuel,Coal,MW,0.0
India,IND,Nagaland,NL,state,2020,Capacity,Fuel,Gas,MW,0.0
India,IND,Nagaland,NL,state,2020,Capacity,Fuel,Hydro,MW,105.67
India,IND,Nagaland,NL,state,2020,Capacity,Fuel,Nuclear,MW,0.0
India,IND,Nagaland,NL,state,2020,Capacity,Fuel,Other Fossil,MW,0.0
India,IND,Nagaland,NL,state,2020,Capacity,Fuel,Other Renewables,MW,0.0
India,IND,Nagaland,NL,state,2020,Capacity,Fuel,Solar,MW,1.0
India,IND,Nagaland,NL,state,2020,Capacity,Fuel,Wind,MW,0.0
India,IND,Nagaland,NL,state,2020,Electricity generation,Fuel,Bioenergy,%,0.0
India,IND,Nagaland,NL,state,2020,Electricity generation,Fuel,Coal,%,0.0
India,IND,Nagaland,NL,state,2020,Electricity generation,Fuel,Gas,%,0.0
India,IND,Nagaland,NL,state,2020,Electricity generation,Fuel,Hydro,%,99.63
India,IND,Nagaland,NL,state,2020,Electricity generation,Fuel,Nuclear,%,0.0
India,IND,Nagaland,NL,state,2020,Electricity generation,Fuel,Other Fossil,%,0.0
India,IND,Nagaland,NL,state,2020,Electricity generation,Fuel,Other Renewables,%,0.0
India,IND,Nagaland,NL,state,2020,Electricity generation,Fuel,Solar,%,0.0
India,IND,Nagaland,NL,state,2020,Electricity generation,Fuel,Wind,%,0.37
India,IND,Nagaland,NL,state,2020,Electricity generation,Fuel,Bioenergy,GWh,0.0
India,IND,Nagaland,NL,state,2020,Electricity generation,Fuel,Coal,GWh,0.0
India,IND,Nagaland,NL,state,2020,Electricity generation,Fuel,Gas,GWh,0.0
India,IND,Nagaland,NL,state,2020,Electricity generation,Fuel,Hydro,GWh,266.04
India,IND,Nagaland,NL,state,2020,Electricity generation,Fuel,Nuclear,GWh,0.0
India,IND,Nagaland,NL,state,2020,Electricity generation,Fuel,Other Fossil,GWh,0.0
India,IND,Nagaland,NL,state,2020,Electricity generation,Fuel,Other Renewables,GWh,0.0
India,IND,Nagaland,NL,state,2020,Electricity generation,Fuel,Solar,GWh,0.0
India,IND,Nagaland,NL,state,2020,Electricity generation,Fuel,Wind,GWh,1.0
India,IND,Nagaland,NL,state,2020,Electricity generation,Total,Total Generation,GWh,267.04
India,IND,Nagaland,NL,state,2020,Power sector emissions,CO2 intensity,CO2 intensity,gCO2/kWh,23.93
India,IND,Nagaland,NL,state,2020,Power sector emissions,Fuel,Bioenergy,%,0.0
India,IND,Nagaland,NL,state,2020,Power sector emissions,Fuel,Coal,%,0.0
India,IND,Nagaland,NL,state,2020,Power sector emissions,Fuel,Gas,%,0.0
India,IND,Nagaland,NL,state,2020,Power sector emissions,Fuel,Hydro,%,6.38
India,IND,Nagaland,NL,state,2020,Power sector emissions,Fuel,Nuclear,%,0.0
India,IND,Nagaland,NL,state,2020,Power sector emissions,Fuel,Other Fossil,%,0.0
India,IND,Nagaland,NL,state,2020,Power sector emissions,Fuel,Other Renewables,%,0.0
India,IND,Nagaland,NL,state,2020,Power sector emissions,Fuel,Solar,%,0.0
India,IND,Nagaland,NL,state,2020,Power sector emissions,Fuel,Wind,%,0.01
India,IND,Nagaland,NL,state,2020,Power sector emissions,Fuel,Bioenergy,ktCO2,0.0
India,IND,Nagaland,NL,state,2020,Power sector emissions,Fuel,Coal,ktCO2,0.0
India,IND,Nagaland,NL,state,2020,Power sector emissions,Fuel,Gas,ktCO2,0.0
India,IND,Nagaland,NL,state,2020,Power sector emissions,Fuel,Hydro,ktCO2,6.38
India,IND,Nagaland,NL,state,2020,Power sector emissions,Fuel,Nuclear,ktCO2,0.0
India,IND,Nagaland,NL,state,2020,Power sector emissions,Fuel,Other Fossil,ktCO2,0.0
India,IND,Nagaland,NL,state,2020,Power sector emissions,Fuel,Other Renewables,ktCO2,0.0
India,IND,Nagaland,NL,state,2020,Power sector emissions,Fuel,Solar,ktCO2,0.0
India,IND,Nagaland,NL,state,2020,Power sector emissions,Fuel,Wind,ktCO2,0.01
India,IND,Nagaland,NL,state,2020,Power sector emissions,Total,Total emissions,ktCO2,6.39
India,IND,Nagaland,NL,state,2021,Capacity,Fuel,Bioenergy,MW,0.0
India,IND,Nagaland,NL,state,2021,Capacity,Fuel,Coal,MW,0.0
India,IND,Nagaland,NL,state,2021,Capacity,Fuel,Gas,MW,0.0
India,IND,Nagaland,NL,state,2021,Capacity,Fuel,Hydro,MW,105.67
India,IND,Nagaland,NL,state,2021,Capacity,Fuel,Nuclear,MW,0.0
India,IND,Nagaland,NL,state,2021,Capacity,Fuel,Other Fossil,MW,0.0
India,IND,Nagaland,NL,state,2021,Capacity,Fuel,Other Renewables,MW,0.0
India,IND,Nagaland,NL,state,2021,Capacity,Fuel,Solar,MW,3.04
India,IND,Nagaland,NL,state,2021,Capacity,Fuel,Wind,MW,0.0
India,IND,Nagaland,NL,state,2021,Electricity generation,Fuel,Bioenergy,%,0.0
India,IND,Nagaland,NL,state,2021,Electricity generation,Fuel,Coal,%,0.0
India,IND,Nagaland,NL,state,2021,Electricity generation,Fuel,Gas,%,0.0
India,IND,Nagaland,NL,state,2021,Electricity generation,Fuel,Hydro,%,100.0
India,IND,Nagaland,NL,state,2021,Electricity generation,Fuel,Nuclear,%,0.0
India,IND,Nagaland,NL,state,2021,Electricity generation,Fuel,Other Fossil,%,0.0
India,IND,Nagaland,NL,state,2021,Electricity generation,Fuel,Other Renewables,%,0.0
India,IND,Nagaland,NL,state,2021,Electricity generation,Fuel,Solar,%,0.0
India,IND,Nagaland,NL,state,2021,Electricity generation,Fuel,Wind,%,0.0
India,IND,Nagaland,NL,state,2021,Electricity generation,Fuel,Bioenergy,GWh,0.0
India,IND,Nagaland,NL,state,2021,Electricity generation,Fuel,Coal,GWh,0.0
India,IND,Nagaland,NL,state,2021,Electricity generation,Fuel,Gas,GWh,0.0
India,IND,Nagaland,NL,state,2021,Electricity generation,Fuel,Hydro,GWh,182.15
India,IND,Nagaland,NL,state,2021,Electricity generation,Fuel,Nuclear,GWh,0.0
India,IND,Nagaland,NL,state,2021,Electricity generation,Fuel,Other Fossil,GWh,0.0
India,IND,Nagaland,NL,state,2021,Electricity generation,Fuel,Other Renewables,GWh,0.0
India,IND,Nagaland,NL,state,2021,Electricity generation,Fuel,Solar,GWh,0.0
India,IND,Nagaland,NL,state,2021,Electricity generation,Fuel,Wind,GWh,0.0
India,IND,Nagaland,NL,state,2021,Electricity generation,Total,Total Generation,GWh,182.15
India,IND,Nagaland,NL,state,2021,Power sector emissions,CO2 intensity,CO2 intensity,gCO2/kWh,23.99
India,IND,Nagaland,NL,state,2021,Power sector emissions,Fuel,Bioenergy,%,0.0
India,IND,Nagaland,NL,state,2021,Power sector emissions,Fuel,Coal,%,0.0
India,IND,Nagaland,NL,state,2021,Power sector emissions,Fuel,Gas,%,0.0
India,IND,Nagaland,NL,state,2021,Power sector emissions,Fuel,Hydro,%,4.37
India,IND,Nagaland,NL,state,2021,Power sector emissions,Fuel,Nuclear,%,0.0
India,IND,Nagaland,NL,state,2021,Power sector emissions,Fuel,Other Fossil,%,0.0
India,IND,Nagaland,NL,state,2021,Power sector emissions,Fuel,Other Renewables,%,0.0
India,IND,Nagaland,NL,state,2021,Power sector emissions,Fuel,Solar,%,0.0
India,IND,Nagaland,NL,state,2021,Power sector emissions,Fuel,Wind,%,0.0
India,IND,Nagaland,NL,state,2021,Power sector emissions,Fuel,Bioenergy,ktCO2,0.0
India,IND,Nagaland,NL,state,2021,Power sector emissions,Fuel,Coal,ktCO2,0.0
India,IND,Nagaland,NL,state,2021,Power sector emissions,Fuel,Gas,ktCO2,0.0
India,IND,Nagaland,NL,state,2021,Power sector emissions,Fuel,Hydro,ktCO2,4.37
India,IND,Nagaland,NL,state,2021,Power sector emissions,Fuel,Nuclear,ktCO2,0.0
India,IND,Nagaland,NL,state,2021,Power sector emissions,Fuel,Other Fossil,ktCO2,0.0
India,IND,Nagaland,NL,state,2021,Power sector emissions,Fuel,Other Renewables,ktCO2,0.0
India,IND,Nagaland,NL,state,2021,Power sector emissions,Fuel,Solar,ktCO2,0.0
India,IND,Nagaland,NL,state,2021,Power sector emissions,Fuel,Wind,ktCO2,0.0
India,IND,Nagaland,NL,state,2021,Power sector emissions,Total,Total emissions,ktCO2,4.37
India,IND,Nagaland,NL,state,2022,Capacity,Fuel,Bioenergy,MW,0.0
India,IND,Nagaland,NL,state,2022,Capacity,Fuel,Coal,MW,0.0
India,IND,Nagaland,NL,state,2022,Capacity,Fuel,Gas,MW,0.0
India,IND,Nagaland,NL,state,2022,Capacity,Fuel,Hydro,MW,106.67
India,IND,Nagaland,NL,state,2022,Capacity,Fuel,Nuclear,MW,0.0
India,IND,Nagaland,NL,state,2022,Capacity,Fuel,Other Fossil,MW,0.0
India,IND,Nagaland,NL,state,2022,Capacity,Fuel,Other Renewables,MW,
India,IND,Nagaland,NL,state,2022,Capacity,Fuel,Solar,MW,3.04
India,IND,Nagaland,NL,state,2022,Capacity,Fuel,Wind,MW,0.0
India,IND,Nagaland,NL,state,2022,Electricity generation,Fuel,Bioenergy,%,0.0
India,IND,Nagaland,NL,state,2022,Electricity generation,Fuel,Coal,%,0.0
India,IND,Nagaland,NL,state,2022,Electricity generation,Fuel,Gas,%,0.0
India,IND,Nagaland,NL,state,2022,Electricity generation,Fuel,Hydro,%,100.0
India,IND,Nagaland,NL,state,2022,Electricity generation,Fuel,Nuclear,%,0.0
India,IND,Nagaland,NL,state,2022,Electricity generation,Fuel,Other Fossil,%,0.0
India,IND,Nagaland,NL,state,2022,Electricity generation,Fuel,Other Renewables,%,0.0
India,IND,Nagaland,NL,state,2022,Electricity generation,Fuel,Solar,%,0.0
India,IND,Nagaland,NL,state,2022,Electricity generation,Fuel,Wind,%,0.0
India,IND,Nagaland,NL,state,2022,Electricity generation,Fuel,Bioenergy,GWh,0.0
India,IND,Nagaland,NL,state,2022,Electricity generation,Fuel,Coal,GWh,0.0
India,IND,Nagaland,NL,state,2022,Electricity generation,Fuel,Gas,GWh,0.0
India,IND,Nagaland,NL,state,2022,Electricity generation,Fuel,Hydro,GWh,287.66
India,IND,Nagaland,NL,state,2022,Electricity generation,Fuel,Nuclear,GWh,0.0
India,IND,Nagaland,NL,state,2022,Electricity generation,Fuel,Other Fossil,GWh,0.0
India,IND,Nagaland,NL,state,2022,Electricity generation,Fuel,Other Renewables,GWh,0.0
India,IND,Nagaland,NL,state,2022,Electricity generation,Fuel,Solar,GWh,0.0
India,IND,Nagaland,NL,state,2022,Electricity generation,Fuel,Wind,GWh,0.0
India,IND,Nagaland,NL,state,2022,Electricity generation,Total,Total Generation,GWh,287.66
India,IND,Nagaland,NL,state,2022,Power sector emissions,CO2 intensity,CO2 intensity,gCO2/kWh,23.99
India,IND,Nagaland,NL,state,2022,Power sector emissions,Fuel,Bioenergy,%,0.0
India,IND,Nagaland,NL,state,2022,Power sector emissions,Fuel,Coal,%,0.0
India,IND,Nagaland,NL,state,2022,Power sector emissions,Fuel,Gas,%,0.0
India,IND,Nagaland,NL,state,2022,Power sector emissions,Fuel,Hydro,%,6.9
India,IND,Nagaland,NL,state,2022,Power sector emissions,Fuel,Nuclear,%,0.0
India,IND,Nagaland,NL,state,2022,Power sector emissions,Fuel,Other Fossil,%,0.0
India,IND,Nagaland,NL,state,2022,Power sector emissions,Fuel,Other Renewables,%,0.0
India,IND,Nagaland,NL,state,2022,Power sector emissions,Fuel,Solar,%,0.0
India,IND,Nagaland,NL,state,2022,Power sector emissions,Fuel,Wind,%,0.0
India,IND,Nagaland,NL,state,2022,Power sector emissions,Fuel,Bioenergy,ktCO2,0.0
India,IND,Nagaland,NL,state,2022,Power sector emissions,Fuel,Coal,ktCO2,0.0
India,IND,Nagaland,NL,state,2022,Power sector emissions,Fuel,Gas,ktCO2,0.0
India,IND,Nagaland,NL,state,2022,Power sector emissions,Fuel,Hydro,ktCO2,6.9
India,IND,Nagaland,NL,state,2022,Power sector emissions,Fuel,Nuclear,ktCO2,0.0
India,IND,Nagaland,NL,state,2022,Power sector emissions,Fuel,Other Fossil,ktCO2,0.0
India,IND,Nagaland,NL,state,2022,Power sector emissions,Fuel,Other Renewables,ktCO2,0.0
India,IND,Nagaland,NL,state,2022,Power sector emissions,Fuel,Solar,ktCO2,0.0
India,IND,Nagaland,NL,state,2022,Power sector emissions,Fuel,Wind,ktCO2,0.0
India,IND,Nagaland,NL,state,2022,Power sector emissions,Total,Total emissions,ktCO2,6.9
India,IND,Nagaland,NL,state,2023,Capacity,Fuel,Bioenergy,MW,0.0
India,IND,Nagaland,NL,state,2023,Capacity,Fuel,Coal,MW,0.0
India,IND,Nagaland,NL,state,2023,Capacity,Fuel,Gas,MW,0.0
India,IND,Nagaland,NL,state,2023,Capacity,Fuel,Hydro,MW,107.67
India,IND,Nagaland,NL,state,2023,Capacity,Fuel,Nuclear,MW,0.0
India,IND,Nagaland,NL,state,2023,Capacity,Fuel,Other Fossil,MW,0.0
India,IND,Nagaland,NL,state,2023,Capacity,Fuel,Other Renewables,MW,
India,IND,Nagaland,NL,state,2023,Capacity,Fuel,Solar,MW,3.17
India,IND,Nagaland,NL,state,2023,Capacity,Fuel,Wind,MW,0.0
India,IND,Nagaland,NL,state,2023,Electricity generation,Fuel,Bioenergy,%,0.0
India,IND,Nagaland,NL,state,2023,Electricity generation,Fuel,Coal,%,0.0
India,IND,Nagaland,NL,state,2023,Electricity generation,Fuel,Gas,%,0.0
India,IND,Nagaland,NL,state,2023,Electricity generation,Fuel,Hydro,%,100.0
India,IND,Nagaland,NL,state,2023,Electricity generation,Fuel,Nuclear,%,0.0
India,IND,Nagaland,NL,state,2023,Electricity generation,Fuel,Other Fossil,%,0.0
India,IND,Nagaland,NL,state,2023,Electricity generation,Fuel,Other Renewables,%,0.0
India,IND,Nagaland,NL,state,2023,Electricity generation,Fuel,Solar,%,0.0
India,IND,Nagaland,NL,state,2023,Electricity generation,Fuel,Wind,%,0.0
India,IND,Nagaland,NL,state,2023,Electricity generation,Fuel,Bioenergy,GWh,0.0
India,IND,Nagaland,NL,state,2023,Electricity generation,Fuel,Coal,GWh,0.0
India,IND,Nagaland,NL,state,2023,Electricity generation,Fuel,Gas,GWh,0.0
India,IND,Nagaland,NL,state,2023,Electricity generation,Fuel,Hydro,GWh,251.25
India,IND,Nagaland,NL,state,2023,Electricity generation,Fuel,Nuclear,GWh,0.0
India,IND,Nagaland,NL,state,2023,Electricity generation,Fuel,Other Fossil,GWh,0.0
India,IND,Nagaland,NL,state,2023,Electricity generation,Fuel,Other Renewables,GWh,0.0
India,IND,Nagaland,NL,state,2023,Electricity generation,Fuel,Solar,GWh,0.0
India,IND,Nagaland,NL,state,2023,Electricity generation,Fuel,Wind,GWh,0.0
India,IND,Nagaland,NL,state,2023,Electricity generation,Total,Total Generation,GWh,251.25
India,IND,Nagaland,NL,state,2023,Power sector emissions,CO2 intensity,CO2 intensity,gCO2/kWh,24.0
India,IND,Nagaland,NL,state,2023,Power sector emissions,Fuel,Bioenergy,%,0.0
India,IND,Nagaland,NL,state,2023,Power sector emissions,Fuel,Coal,%,0.0
India,IND,Nagaland,NL,state,2023,Power sector emissions,Fuel,Gas,%,0.0
India,IND,Nagaland,NL,state,2023,Power sector emissions,Fuel,Hydro,%,6.03
India,IND,Nagaland,NL,state,2023,Power sector emissions,Fuel,Nuclear,%,0.0
India,IND,Nagaland,NL,state,2023,Power sector emissions,Fuel,Other Fossil,%,0.0
India,IND,Nagaland,NL,state,2023,Power sector emissions,Fuel,Other Renewables,%,0.0
India,IND,Nagaland,NL,state,2023,Power sector emissions,Fuel,Solar,%,0.0
India,IND,Nagaland,NL,state,2023,Power sector emissions,Fuel,Wind,%,0.0
India,IND,Nagaland,NL,state,2023,Power sector emissions,Fuel,Bioenergy,ktCO2,0.0
India,IND,Nagaland,NL,state,2023,Power sector emissions,Fuel,Coal,ktCO2,0.0
India,IND,Nagaland,NL,state,2023,Power sector emissions,Fuel,Gas,ktCO2,0.0
India,IND,Nagaland,NL,state,2023,Power sector emissions,Fuel,Hydro,ktCO2,6.03
India,IND,Nagaland,NL,state,2023,Power sector emissions,Fuel,Nuclear,ktCO2,0.0
India,IND,Nagaland,NL,state,2023,Power sector emissions,Fuel,Other Fossil,ktCO2,0.0
India,IND,Nagaland,NL,state,2023,Power sector emissions,Fuel,Other Renewables,ktCO2,0.0
India,IND,Nagaland,NL,state,2023,Power sector emissions,Fuel,Solar,ktCO2,0.0
India,IND,Nagaland,NL,state,2023,Power sector emissions,Fuel,Wind,ktCO2,0.0
India,IND,Nagaland,NL,state,2023,Power sector emissions,Total,Total emissions,ktCO2,6.03
India,IND,Nagaland,NL,state,2024,Capacity,Fuel,Bioenergy,MW,0.0
India,IND,Nagaland,NL,state,2024,Capacity,Fuel,Coal,MW,0.0
India,IND,Nagaland,NL,state,2024,Capacity,Fuel,Gas,MW,0.0
India,IND,Nagaland,NL,state,2024,Capacity,Fuel,Hydro,MW,107.67
India,IND,Nagaland,NL,state,2024,Capacity,Fuel,Nuclear,MW,0.0
India,IND,Nagaland,NL,state,2024,Capacity,Fuel,Other Fossil,MW,0.0
India,IND,Nagaland,NL,state,2024,Capacity,Fuel,Other Renewables,MW,
India,IND,Nagaland,NL,state,2024,Capacity,Fuel,Solar,MW,3.17
India,IND,Nagaland,NL,state,2024,Capacity,Fuel,Wind,MW,0.0
India,IND,Nagaland,NL,state,2024,Electricity generation,Fuel,Bioenergy,%,0.0
India,IND,Nagaland,NL,state,2024,Electricity generation,Fuel,Coal,%,0.0
India,IND,Nagaland,NL,state,2024,Electricity generation,Fuel,Gas,%,0.0
India,IND,Nagaland,NL,state,2024,Electricity generation,Fuel,Hydro,%,100.0
India,IND,Nagaland,NL,state,2024,Electricity generation,Fuel,Nuclear,%,0.0
India,IND,Nagaland,NL,state,2024,Electricity generation,Fuel,Other Fossil,%,0.0
India,IND,Nagaland,NL,state,2024,Electricity generation,Fuel,Other Renewables,%,0.0
India,IND,Nagaland,NL,state,2024,Electricity generation,Fuel,Solar,%,0.0
India,IND,Nagaland,NL,state,2024,Electricity generation,Fuel,Wind,%,0.0
India,IND,Nagaland,NL,state,2024,Electricity generation,Fuel,Bioenergy,GWh,0.0
India,IND,Nagaland,NL,state,2024,Electricity generation,Fuel,Coal,GWh,0.0
India,IND,Nagaland,NL,state,2024,Electricity generation,Fuel,Gas,GWh,0.0
India,IND,Nagaland,NL,state,2024,Electricity generation,Fuel,Hydro,GWh,314.28
India,IND,Nagaland,NL,state,2024,Electricity generation,Fuel,Nuclear,GWh,0.0
India,IND,Nagaland,NL,state,2024,Electricity generation,Fuel,Other Fossil,GWh,0.0
India,IND,Nagaland,NL,state,2024,Electricity generation,Fuel,Other Renewables,GWh,0.0
India,IND,Nagaland,NL,state,2024,Electricity generation,Fuel,Solar,GWh,0.0
India,IND,Nagaland,NL,state,2024,Electricity generation,Fuel,Wind,GWh,0.0
India,IND,Nagaland,NL,state,2024,Electricity generation,Total,Total Generation,GWh,314.28
India,IND,Nagaland,NL,state,2024,Power sector emissions,CO2 intensity,CO2 intensity,gCO2/kWh,23.99
India,IND,Nagaland,NL,state,2024,Power sector emissions,Fuel,Bioenergy,%,0.0
India,IND,Nagaland,NL,state,2024,Power sector emissions,Fuel,Coal,%,0.0
India,IND,Nagaland,NL,state,2024,Power sector emissions,Fuel,Gas,%,0.0
India,IND,Nagaland,NL,state,2024,Power sector emissions,Fuel,Hydro,%,7.54
India,IND,Nagaland,NL,state,2024,Power sector emissions,Fuel,Nuclear,%,0.0
India,IND,Nagaland,NL,state,2024,Power sector emissions,Fuel,Other Fossil,%,0.0
India,IND,Nagaland,NL,state,2024,Power sector emissions,Fuel,Other Renewables,%,0.0
India,IND,Nagaland,NL,state,2024,Power sector emissions,Fuel,Solar,%,0.0
India,IND,Nagaland,NL,state,2024,Power sector emissions,Fuel,Wind,%,0.0
India,IND,Nagaland,NL,state,2024,Power sector emissions,Fuel,Bioenergy,ktCO2,0.0
India,IND,Nagaland,NL,state,2024,Power sector emissions,Fuel,Coal,ktCO2,0.0
India,IND,Nagaland,NL,state,2024,Power sector emissions,Fuel,Gas,ktCO2,0.0
India,IND,Nagaland,NL,state,2024,Power sector emissions,Fuel,Hydro,ktCO2,7.54
India,IND,Nagaland,NL,state,2024,Power sector emissions,Fuel,Nuclear,ktCO2,0.0
India,IND,Nagaland,NL,state,2024,Power sector emissions,Fuel,Other Fossil,ktCO2,0.0
India,IND,Nagaland,NL,state,2024,Power sector emissions,Fuel,Other Renewables,ktCO2,0.0
India,IND,Nagaland,NL,state,2024,Power sector emissions,Fuel,Solar,ktCO2,0.0
India,IND,Nagaland,NL,state,2024,Power sector emissions,Fuel,Wind,ktCO2,0.0
India,IND,Nagaland,NL,state,2024,Power sector emissions,Total,Total emissions,ktCO2,7.54
India,IND,Odisha,OR,state,2019,Capacity,Fuel,Bioenergy,MW,59.22
India,IND,Odisha,OR,state,2019,Capacity,Fuel,Coal,MW,9800.0
India,IND,Odisha,OR,state,2019,Capacity,Fuel,Gas,MW,0.0
India,IND,Odisha,OR,state,2019,Capacity,Fuel,Hydro,MW,2206.88
India,IND,Odisha,OR,state,2019,Capacity,Fuel,Nuclear,MW,0.0
India,IND,Odisha,OR,state,2019,Capacity,Fuel,Other Fossil,MW,0.0
India,IND,Odisha,OR,state,2019,Capacity,Fuel,Other Renewables,MW,0.0
India,IND,Odisha,OR,state,2019,Capacity,Fuel,Solar,MW,397.84
India,IND,Odisha,OR,state,2019,Capacity,Fuel,Wind,MW,0.0
India,IND,Odisha,OR,state,2019,Electricity generation,Fuel,Bioenergy,%,0.14
India,IND,Odisha,OR,state,2019,Electricity generation,Fuel,Coal,%,84.26
India,IND,Odisha,OR,state,2019,Electricity generation,Fuel,Gas,%,0.0
India,IND,Odisha,OR,state,2019,Electricity generation,Fuel,Hydro,%,14.7
India,IND,Odisha,OR,state,2019,Electricity generation,Fuel,Nuclear,%,0.0
India,IND,Odisha,OR,state,2019,Electricity generation,Fuel,Other Fossil,%,0.0
India,IND,Odisha,OR,state,2019,Electricity generation,Fuel,Other Renewables,%,0.0
India,IND,Odisha,OR,state,2019,Electricity generation,Fuel,Solar,%,0.71
India,IND,Odisha,OR,state,2019,Electricity generation,Fuel,Wind,%,0.19
India,IND,Odisha,OR,state,2019,Electricity generation,Fuel,Bioenergy,GWh,65.6
India,IND,Odisha,OR,state,2019,Electricity generation,Fuel,Coal,GWh,39513.76
India,IND,Odisha,OR,state,2019,Electricity generation,Fuel,Gas,GWh,0.0
India,IND,Odisha,OR,state,2019,Electricity generation,Fuel,Hydro,GWh,6894.48
India,IND,Odisha,OR,state,2019,Electricity generation,Fuel,Nuclear,GWh,0.0
India,IND,Odisha,OR,state,2019,Electricity generation,Fuel,Other Fossil,GWh,0.0
India,IND,Odisha,OR,state,2019,Electricity generation,Fuel,Other Renewables,GWh,0.0
India,IND,Odisha,OR,state,2019,Electricity generation,Fuel,Solar,GWh,332.76
India,IND,Odisha,OR,state,2019,Electricity generation,Fuel,Wind,GWh,88.92
India,IND,Odisha,OR,state,2019,Electricity generation,Total,Total Generation,GWh,46895.52
India,IND,Odisha,OR,state,2019,Power sector emissions,CO2 intensity,CO2 intensity,gCO2/kWh,695.14
India,IND,Odisha,OR,state,2019,Power sector emissions,Fuel,Bioenergy,%,15.09
India,IND,Odisha,OR,state,2019,Power sector emissions,Fuel,Coal,%,32401.28
India,IND,Odisha,OR,state,2019,Power sector emissions,Fuel,Gas,%,0.0
India,IND,Odisha,OR,state,2019,Power sector emissions,Fuel,Hydro,%,165.47
India,IND,Odisha,OR,state,2019,Power sector emissions,Fuel,Nuclear,%,0.0
India,IND,Odisha,OR,state,2019,Power sector emissions,Fuel,Other Fossil,%,0.0
India,IND,Odisha,OR,state,2019,Power sector emissions,Fuel,Other Renewables,%,0.0
India,IND,Odisha,OR,state,2019,Power sector emissions,Fuel,Solar,%,15.97
India,IND,Odisha,OR,state,2019,Power sector emissions,Fuel,Wind,%,0.98
India,IND,Odisha,OR,state,2019,Power sector emissions,Fuel,Bioenergy,ktCO2,15.09
India,IND,Odisha,OR,state,2019,Power sector emissions,Fuel,Coal,ktCO2,32401.28
India,IND,Odisha,OR,state,2019,Power sector emissions,Fuel,Gas,ktCO2,0.0
India,IND,Odisha,OR,state,2019,Power sector emissions,Fuel,Hydro,ktCO2,165.47
India,IND,Odisha,OR,state,2019,Power sector emissions,Fuel,Nuclear,ktCO2,0.0
India,IND,Odisha,OR,state,2019,Power sector emissions,Fuel,Other Fossil,ktCO2,0.0
India,IND,Odisha,OR,state,2019,Power sector emissions,Fuel,Other Renewables,ktCO2,0.0
India,IND,Odisha,OR,state,2019,Power sector emissions,Fuel,Solar,ktCO2,15.97
India,IND,Odisha,OR,state,2019,Power sector emissions,Fuel,Wind,ktCO2,0.98
India,IND,Odisha,OR,state,2019,Power sector emissions,Total,Total emissions,ktCO2,32598.79
India,IND,Odisha,OR,state,2020,Capacity,Fuel,Bioenergy,MW,59.22
India,IND,Odisha,OR,state,2020,Capacity,Fuel,Coal,MW,9800.0
India,IND,Odisha,OR,state,2020,Capacity,Fuel,Gas,MW,0.0
India,IND,Odisha,OR,state,2020,Capacity,Fuel,Hydro,MW,2230.88
India,IND,Odisha,OR,state,2020,Capacity,Fuel,Nuclear,MW,0.0
India,IND,Odisha,OR,state,2020,Capacity,Fuel,Other Fossil,MW,0.0
India,IND,Odisha,OR,state,2020,Capacity,Fuel,Other Renewables,MW,0.0
India,IND,Odisha,OR,state,2020,Capacity,Fuel,Solar,MW,399.6
India,IND,Odisha,OR,state,2020,Capacity,Fuel,Wind,MW,0.0
India,IND,Odisha,OR,state,2020,Electricity generation,Fuel,Bioenergy,%,0.08
India,IND,Odisha,OR,state,2020,Electricity generation,Fuel,Coal,%,87.26
India,IND,Odisha,OR,state,2020,Electricity generation,Fuel,Gas,%,0.0
India,IND,Odisha,OR,state,2020,Electricity generation,Fuel,Hydro,%,11.97
India,IND,Odisha,OR,state,2020,Electricity generation,Fuel,Nuclear,%,0.0
India,IND,Odisha,OR,state,2020,Electricity generation,Fuel,Other Fossil,%,0.0
India,IND,Odisha,OR,state,2020,Electricity generation,Fuel,Other Renewables,%,0.0
India,IND,Odisha,OR,state,2020,Electricity generation,Fuel,Solar,%,0.7
India,IND,Odisha,OR,state,2020,Electricity generation,Fuel,Wind,%,0.0
India,IND,Odisha,OR,state,2020,Electricity generation,Fuel,Bioenergy,GWh,47.42
India,IND,Odisha,OR,state,2020,Electricity generation,Fuel,Coal,GWh,53656.87
India,IND,Odisha,OR,state,2020,Electricity generation,Fuel,Gas,GWh,0.0
India,IND,Odisha,OR,state,2020,Electricity generation,Fuel,Hydro,GWh,7359.07
India,IND,Odisha,OR,state,2020,Electricity generation,Fuel,Nuclear,GWh,0.0
India,IND,Odisha,OR,state,2020,Electricity generation,Fuel,Other Fossil,GWh,0.0
India,IND,Odisha,OR,state,2020,Electricity generation,Fuel,Other Renewables,GWh,0.0
India,IND,Odisha,OR,state,2020,Electricity generation,Fuel,Solar,GWh,428.85
India,IND,Odisha,OR,state,2020,Electricity generation,Fuel,Wind,GWh,0.0
India,IND,Odisha,OR,state,2020,Electricity generation,Total,Total Generation,GWh,61492.21
India,IND,Odisha,OR,state,2020,Power sector emissions,CO2 intensity,CO2 intensity,gCO2/kWh,718.9
India,IND,Odisha,OR,state,2020,Power sector emissions,Fuel,Bioenergy,%,10.91
India,IND,Odisha,OR,state,2020,Power sector emissions,Fuel,Coal,%,43998.63
India,IND,Odisha,OR,state,2020,Power sector emissions,Fuel,Gas,%,0.0
India,IND,Odisha,OR,state,2020,Power sector emissions,Fuel,Hydro,%,176.62
India,IND,Odisha,OR,state,2020,Power sector emissions,Fuel,Nuclear,%,0.0
India,IND,Odisha,OR,state,2020,Power sector emissions,Fuel,Other Fossil,%,0.0
India,IND,Odisha,OR,state,2020,Power sector emissions,Fuel,Other Renewables,%,0.0
India,IND,Odisha,OR,state,2020,Power sector emissions,Fuel,Solar,%,20.58
India,IND,Odisha,OR,state,2020,Power sector emissions,Fuel,Wind,%,0.0
India,IND,Odisha,OR,state,2020,Power sector emissions,Fuel,Bioenergy,ktCO2,10.91
India,IND,Odisha,OR,state,2020,Power sector emissions,Fuel,Coal,ktCO2,43998.63
India,IND,Odisha,OR,state,2020,Power sector emissions,Fuel,Gas,ktCO2,0.0
India,IND,Odisha,OR,state,2020,Power sector emissions,Fuel,Hydro,ktCO2,176.62
India,IND,Odisha,OR,state,2020,Power sector emissions,Fuel,Nuclear,ktCO2,0.0
India,IND,Odisha,OR,state,2020,Power sector emissions,Fuel,Other Fossil,ktCO2,0.0
India,IND,Odisha,OR,state,2020,Power sector emissions,Fuel,Other Renewables,ktCO2,0.0
India,IND,Odisha,OR,state,2020,Power sector emissions,Fuel,Solar,ktCO2,20.58
India,IND,Odisha,OR,state,2020,Power sector emissions,Fuel,Wind,ktCO2,0.0
India,IND,Odisha,OR,state,2020,Power sector emissions,Total,Total emissions,ktCO2,44206.74
India,IND,Odisha,OR,state,2021,Capacity,Fuel,Bioenergy,MW,59.22
India,IND,Odisha,OR,state,2021,Capacity,Fuel,Coal,MW,9540.0
India,IND,Odisha,OR,state,2021,Capacity,Fuel,Gas,MW,0.0
India,IND,Odisha,OR,state,2021,Capacity,Fuel,Hydro,MW,2248.88
India,IND,Odisha,OR,state,2021,Capacity,Fuel,Nuclear,MW,0.0
India,IND,Odisha,OR,state,2021,Capacity,Fuel,Other Fossil,MW,0.0
India,IND,Odisha,OR,state,2021,Capacity,Fuel,Other Renewables,MW,0.0
India,IND,Odisha,OR,state,2021,Capacity,Fuel,Solar,MW,430.84
India,IND,Odisha,OR,state,2021,Capacity,Fuel,Wind,MW,0.0
India,IND,Odisha,OR,state,2021,Electricity generation,Fuel,Bioenergy,%,0.14
India,IND,Odisha,OR,state,2021,Electricity generation,Fuel,Coal,%,89.91
India,IND,Odisha,OR,state,2021,Electricity generation,Fuel,Gas,%,0.0
India,IND,Odisha,OR,state,2021,Electricity generation,Fuel,Hydro,%,9.06
India,IND,Odisha,OR,state,2021,Electricity generation,Fuel,Nuclear,%,0.0
India,IND,Odisha,OR,state,2021,Electricity generation,Fuel,Other Fossil,%,0.0
India,IND,Odisha,OR,state,2021,Electricity generation,Fuel,Other Renewables,%,0.0
India,IND,Odisha,OR,state,2021,Electricity generation,Fuel,Solar,%,0.89
India,IND,Odisha,OR,state,2021,Electricity generation,Fuel,Wind,%,0.0
India,IND,Odisha,OR,state,2021,Electricity generation,Fuel,Bioenergy,GWh,93.04
India,IND,Odisha,OR,state,2021,Electricity generation,Fuel,Coal,GWh,58374.73
India,IND,Odisha,OR,state,2021,Electricity generation,Fuel,Gas,GWh,0.0
India,IND,Odisha,OR,state,2021,Electricity generation,Fuel,Hydro,GWh,5879.09
India,IND,Odisha,OR,state,2021,Electricity generation,Fuel,Nuclear,GWh,0.0
India,IND,Odisha,OR,state,2021,Electricity generation,Fuel,Other Fossil,GWh,0.0
India,IND,Odisha,OR,state,2021,Electricity generation,Fuel,Other Renewables,GWh,0.0
India,IND,Odisha,OR,state,2021,Electricity generation,Fuel,Solar,GWh,575.45
India,IND,Odisha,OR,state,2021,Electricity generation,Fuel,Wind,GWh,0.0
India,IND,Odisha,OR,state,2021,Electricity generation,Total,Total Generation,GWh,64922.31
India,IND,Odisha,OR,state,2021,Power sector emissions,CO2 intensity,CO2 intensity,gCO2/kWh,740.23
India,IND,Odisha,OR,state,2021,Power sector emissions,Fuel,Bioenergy,%,21.4
India,IND,Odisha,OR,state,2021,Power sector emissions,Fuel,Coal,%,47867.28
India,IND,Odisha,OR,state,2021,Power sector emissions,Fuel,Gas,%,0.0
India,IND,Odisha,OR,state,2021,Power sector emissions,Fuel,Hydro,%,141.1
India,IND,Odisha,OR,state,2021,Power sector emissions,Fuel,Nuclear,%,0.0
India,IND,Odisha,OR,state,2021,Power sector emissions,Fuel,Other Fossil,%,0.0
India,IND,Odisha,OR,state,2021,Power sector emissions,Fuel,Other Renewables,%,0.0
India,IND,Odisha,OR,state,2021,Power sector emissions,Fuel,Solar,%,27.62
India,IND,Odisha,OR,state,2021,Power sector emissions,Fuel,Wind,%,0.0
India,IND,Odisha,OR,state,2021,Power sector emissions,Fuel,Bioenergy,ktCO2,21.4
India,IND,Odisha,OR,state,2021,Power sector emissions,Fuel,Coal,ktCO2,47867.28
India,IND,Odisha,OR,state,2021,Power sector emissions,Fuel,Gas,ktCO2,0.0
India,IND,Odisha,OR,state,2021,Power sector emissions,Fuel,Hydro,ktCO2,141.1
India,IND,Odisha,OR,state,2021,Power sector emissions,Fuel,Nuclear,ktCO2,0.0
India,IND,Odisha,OR,state,2021,Power sector emissions,Fuel,Other Fossil,ktCO2,0.0
India,IND,Odisha,OR,state,2021,Power sector emissions,Fuel,Other Renewables,ktCO2,0.0
India,IND,Odisha,OR,state,2021,Power sector emissions,Fuel,Solar,ktCO2,27.62
India,IND,Odisha,OR,state,2021,Power sector emissions,Fuel,Wind,ktCO2,0.0
India,IND,Odisha,OR,state,2021,Power sector emissions,Total,Total emissions,ktCO2,48057.4
India,IND,Odisha,OR,state,2022,Capacity,Fuel,Bioenergy,MW,59.22
India,IND,Odisha,OR,state,2022,Capacity,Fuel,Coal,MW,9540.0
India,IND,Odisha,OR,state,2022,Capacity,Fuel,Gas,MW,0.0
India,IND,Odisha,OR,state,2022,Capacity,Fuel,Hydro,MW,2270.18
India,IND,Odisha,OR,state,2022,Capacity,Fuel,Nuclear,MW,0.0
India,IND,Odisha,OR,state,2022,Capacity,Fuel,Other Fossil,MW,0.0
India,IND,Odisha,OR,state,2022,Capacity,Fuel,Other Renewables,MW,
India,IND,Odisha,OR,state,2022,Capacity,Fuel,Solar,MW,452.72
India,IND,Odisha,OR,state,2022,Capacity,Fuel,Wind,MW,0.0
India,IND,Odisha,OR,state,2022,Electricity generation,Fuel,Bioenergy,%,0.1
India,IND,Odisha,OR,state,2022,Electricity generation,Fuel,Coal,%,90.58
India,IND,Odisha,OR,state,2022,Electricity generation,Fuel,Gas,%,0.0
India,IND,Odisha,OR,state,2022,Electricity generation,Fuel,Hydro,%,8.34
India,IND,Odisha,OR,state,2022,Electricity generation,Fuel,Nuclear,%,0.0
India,IND,Odisha,OR,state,2022,Electricity generation,Fuel,Other Fossil,%,0.0
India,IND,Odisha,OR,state,2022,Electricity generation,Fuel,Other Renewables,%,0.0
India,IND,Odisha,OR,state,2022,Electricity generation,Fuel,Solar,%,0.98
India,IND,Odisha,OR,state,2022,Electricity generation,Fuel,Wind,%,0.0
India,IND,Odisha,OR,state,2022,Electricity generation,Fuel,Bioenergy,GWh,67.79
India,IND,Odisha,OR,state,2022,Electricity generation,Fuel,Coal,GWh,63362.63
India,IND,Odisha,OR,state,2022,Electricity generation,Fuel,Gas,GWh,0.0
India,IND,Odisha,OR,state,2022,Electricity generation,Fuel,Hydro,GWh,5837.21
India,IND,Odisha,OR,state,2022,Electricity generation,Fuel,Nuclear,GWh,0.0
India,IND,Odisha,OR,state,2022,Electricity generation,Fuel,Other Fossil,GWh,0.0
India,IND,Odisha,OR,state,2022,Electricity generation,Fuel,Other Renewables,GWh,0.0
India,IND,Odisha,OR,state,2022,Electricity generation,Fuel,Solar,GWh,687.66
India,IND,Odisha,OR,state,2022,Electricity generation,Fuel,Wind,GWh,0.0
India,IND,Odisha,OR,state,2022,Electricity generation,Total,Total Generation,GWh,69955.29
India,IND,Odisha,OR,state,2022,Power sector emissions,CO2 intensity,CO2 intensity,gCO2/kWh,745.42
India,IND,Odisha,OR,state,2022,Power sector emissions,Fuel,Bioenergy,%,15.59
India,IND,Odisha,OR,state,2022,Power sector emissions,Fuel,Coal,%,51957.36
India,IND,Odisha,OR,state,2022,Power sector emissions,Fuel,Gas,%,0.0
India,IND,Odisha,OR,state,2022,Power sector emissions,Fuel,Hydro,%,140.09
India,IND,Odisha,OR,state,2022,Power sector emissions,Fuel,Nuclear,%,0.0
India,IND,Odisha,OR,state,2022,Power sector emissions,Fuel,Other Fossil,%,0.0
India,IND,Odisha,OR,state,2022,Power sector emissions,Fuel,Other Renewables,%,0.0
India,IND,Odisha,OR,state,2022,Power sector emissions,Fuel,Solar,%,33.01
India,IND,Odisha,OR,state,2022,Power sector emissions,Fuel,Wind,%,0.0
India,IND,Odisha,OR,state,2022,Power sector emissions,Fuel,Bioenergy,ktCO2,15.59
India,IND,Odisha,OR,state,2022,Power sector emissions,Fuel,Coal,ktCO2,51957.36
India,IND,Odisha,OR,state,2022,Power sector emissions,Fuel,Gas,ktCO2,0.0
India,IND,Odisha,OR,state,2022,Power sector emissions,Fuel,Hydro,ktCO2,140.09
India,IND,Odisha,OR,state,2022,Power sector emissions,Fuel,Nuclear,ktCO2,0.0
India,IND,Odisha,OR,state,2022,Power sector emissions,Fuel,Other Fossil,ktCO2,0.0
India,IND,Odisha,OR,state,2022,Power sector emissions,Fuel,Other Renewables,ktCO2,0.0
India,IND,Odisha,OR,state,2022,Power sector emissions,Fuel,Solar,ktCO2,33.01
India,IND,Odisha,OR,state,2022,Power sector emissions,Fuel,Wind,ktCO2,0.0
India,IND,Odisha,OR,state,2022,Power sector emissions,Total,Total emissions,ktCO2,52146.05
India,IND,Odisha,OR,state,2023,Capacity,Fuel,Bioenergy,MW,59.22
India,IND,Odisha,OR,state,2023,Capacity,Fuel,Coal,MW,9540.0
India,IND,Odisha,OR,state,2023,Capacity,Fuel,Gas,MW,0.0
India,IND,Odisha,OR,state,2023,Capacity,Fuel,Hydro,MW,2270.18
India,IND,Odisha,OR,state,2023,Capacity,Fuel,Nuclear,MW,0.0
India,IND,Odisha,OR,state,2023,Capacity,Fuel,Other Fossil,MW,0.0
India,IND,Odisha,OR,state,2023,Capacity,Fuel,Other Renewables,MW,
India,IND,Odisha,OR,state,2023,Capacity,Fuel,Solar,MW,473.03
India,IND,Odisha,OR,state,2023,Capacity,Fuel,Wind,MW,0.0
India,IND,Odisha,OR,state,2023,Electricity generation,Fuel,Bioenergy,%,0.13
India,IND,Odisha,OR,state,2023,Electricity generation,Fuel,Coal,%,90.22
India,IND,Odisha,OR,state,2023,Electricity generation,Fuel,Gas,%,0.0
India,IND,Odisha,OR,state,2023,Electricity generation,Fuel,Hydro,%,8.64
India,IND,Odisha,OR,state,2023,Electricity generation,Fuel,Nuclear,%,0.0
India,IND,Odisha,OR,state,2023,Electricity generation,Fuel,Other Fossil,%,0.0
India,IND,Odisha,OR,state,2023,Electricity generation,Fuel,Other Renewables,%,0.0
India,IND,Odisha,OR,state,2023,Electricity generation,Fuel,Solar,%,1.02
India,IND,Odisha,OR,state,2023,Electricity generation,Fuel,Wind,%,0.0
India,IND,Odisha,OR,state,2023,Electricity generation,Fuel,Bioenergy,GWh,92.02
India,IND,Odisha,OR,state,2023,Electricity generation,Fuel,Coal,GWh,65912.05
India,IND,Odisha,OR,state,2023,Electricity generation,Fuel,Gas,GWh,0.0
India,IND,Odisha,OR,state,2023,Electricity generation,Fuel,Hydro,GWh,6309.12
India,IND,Odisha,OR,state,2023,Electricity generation,Fuel,Nuclear,GWh,0.0
India,IND,Odisha,OR,state,2023,Electricity generation,Fuel,Other Fossil,GWh,0.0
India,IND,Odisha,OR,state,2023,Electricity generation,Fuel,Other Renewables,GWh,0.0
India,IND,Odisha,OR,state,2023,Electricity generation,Fuel,Solar,GWh,745.81
India,IND,Odisha,OR,state,2023,Electricity generation,Fuel,Wind,GWh,0.0
India,IND,Odisha,OR,state,2023,Electricity generation,Total,Total Generation,GWh,73059.0
India,IND,Odisha,OR,state,2023,Power sector emissions,CO2 intensity,CO2 intensity,gCO2/kWh,742.64
India,IND,Odisha,OR,state,2023,Power sector emissions,Fuel,Bioenergy,%,21.16
India,IND,Odisha,OR,state,2023,Power sector emissions,Fuel,Coal,%,54047.88
India,IND,Odisha,OR,state,2023,Power sector emissions,Fuel,Gas,%,0.0
India,IND,Odisha,OR,state,2023,Power sector emissions,Fuel,Hydro,%,151.42
India,IND,Odisha,OR,state,2023,Power sector emissions,Fuel,Nuclear,%,0.0
India,IND,Odisha,OR,state,2023,Power sector emissions,Fuel,Other Fossil,%,0.0
India,IND,Odisha,OR,state,2023,Power sector emissions,Fuel,Other Renewables,%,0.0
India,IND,Odisha,OR,state,2023,Power sector emissions,Fuel,Solar,%,35.8
India,IND,Odisha,OR,state,2023,Power sector emissions,Fuel,Wind,%,0.0
India,IND,Odisha,OR,state,2023,Power sector emissions,Fuel,Bioenergy,ktCO2,21.16
India,IND,Odisha,OR,state,2023,Power sector emissions,Fuel,Coal,ktCO2,54047.88
India,IND,Odisha,OR,state,2023,Power sector emissions,Fuel,Gas,ktCO2,0.0
India,IND,Odisha,OR,state,2023,Power sector emissions,Fuel,Hydro,ktCO2,151.42
India,IND,Odisha,OR,state,2023,Power sector emissions,Fuel,Nuclear,ktCO2,0.0
India,IND,Odisha,OR,state,2023,Power sector emissions,Fuel,Other Fossil,ktCO2,0.0
India,IND,Odisha,OR,state,2023,Power sector emissions,Fuel,Other Renewables,ktCO2,0.0
India,IND,Odisha,OR,state,2023,Power sector emissions,Fuel,Solar,ktCO2,35.8
India,IND,Odisha,OR,state,2023,Power sector emissions,Fuel,Wind,ktCO2,0.0
India,IND,Odisha,OR,state,2023,Power sector emissions,Total,Total emissions,ktCO2,54256.26
India,IND,Odisha,OR,state,2024,Capacity,Fuel,Bioenergy,MW,59.22
India,IND,Odisha,OR,state,2024,Capacity,Fuel,Coal,MW,9600.0
India,IND,Odisha,OR,state,2024,Capacity,Fuel,Gas,MW,0.0
India,IND,Odisha,OR,state,2024,Capacity,Fuel,Hydro,MW,2270.18
India,IND,Odisha,OR,state,2024,Capacity,Fuel,Nuclear,MW,0.0
India,IND,Odisha,OR,state,2024,Capacity,Fuel,Other Fossil,MW,0.0
India,IND,Odisha,OR,state,2024,Capacity,Fuel,Other Renewables,MW,
India,IND,Odisha,OR,state,2024,Capacity,Fuel,Solar,MW,615.92
India,IND,Odisha,OR,state,2024,Capacity,Fuel,Wind,MW,0.0
India,IND,Odisha,OR,state,2024,Electricity generation,Fuel,Bioenergy,%,0.1
India,IND,Odisha,OR,state,2024,Electricity generation,Fuel,Coal,%,89.86
India,IND,Odisha,OR,state,2024,Electricity generation,Fuel,Gas,%,0.0
India,IND,Odisha,OR,state,2024,Electricity generation,Fuel,Hydro,%,9.02
India,IND,Odisha,OR,state,2024,Electricity generation,Fuel,Nuclear,%,0.0
India,IND,Odisha,OR,state,2024,Electricity generation,Fuel,Other Fossil,%,0.0
India,IND,Odisha,OR,state,2024,Electricity generation,Fuel,Other Renewables,%,0.0
India,IND,Odisha,OR,state,2024,Electricity generation,Fuel,Solar,%,1.03
India,IND,Odisha,OR,state,2024,Electricity generation,Fuel,Wind,%,0.0
India,IND,Odisha,OR,state,2024,Electricity generation,Fuel,Bioenergy,GWh,72.29
India,IND,Odisha,OR,state,2024,Electricity generation,Fuel,Coal,GWh,68131.37
India,IND,Odisha,OR,state,2024,Electricity generation,Fuel,Gas,GWh,0.0
India,IND,Odisha,OR,state,2024,Electricity generation,Fuel,Hydro,GWh,6837.98
India,IND,Odisha,OR,state,2024,Electricity generation,Fuel,Nuclear,GWh,0.0
India,IND,Odisha,OR,state,2024,Electricity generation,Fuel,Other Fossil,GWh,0.0
India,IND,Odisha,OR,state,2024,Electricity generation,Fuel,Other Renewables,GWh,0.0
India,IND,Odisha,OR,state,2024,Electricity generation,Fuel,Solar,GWh,779.85
India,IND,Odisha,OR,state,2024,Electricity generation,Fuel,Wind,GWh,0.0
India,IND,Odisha,OR,state,2024,Electricity generation,Total,Total Generation,GWh,75821.49
India,IND,Odisha,OR,state,2024,Power sector emissions,CO2 intensity,CO2 intensity,gCO2/kWh,739.71
India,IND,Odisha,OR,state,2024,Power sector emissions,Fuel,Bioenergy,%,16.63
India,IND,Odisha,OR,state,2024,Power sector emissions,Fuel,Coal,%,55867.72
India,IND,Odisha,OR,state,2024,Power sector emissions,Fuel,Gas,%,0.0
India,IND,Odisha,OR,state,2024,Power sector emissions,Fuel,Hydro,%,164.11
India,IND,Odisha,OR,state,2024,Power sector emissions,Fuel,Nuclear,%,0.0
India,IND,Odisha,OR,state,2024,Power sector emissions,Fuel,Other Fossil,%,0.0
India,IND,Odisha,OR,state,2024,Power sector emissions,Fuel,Other Renewables,%,0.0
India,IND,Odisha,OR,state,2024,Power sector emissions,Fuel,Solar,%,37.43
India,IND,Odisha,OR,state,2024,Power sector emissions,Fuel,Wind,%,0.0
India,IND,Odisha,OR,state,2024,Power sector emissions,Fuel,Bioenergy,ktCO2,16.63
India,IND,Odisha,OR,state,2024,Power sector emissions,Fuel,Coal,ktCO2,55867.72
India,IND,Odisha,OR,state,2024,Power sector emissions,Fuel,Gas,ktCO2,0.0
India,IND,Odisha,OR,state,2024,Power sector emissions,Fuel,Hydro,ktCO2,164.11
India,IND,Odisha,OR,state,2024,Power sector emissions,Fuel,Nuclear,ktCO2,0.0
India,IND,Odisha,OR,state,2024,Power sector emissions,Fuel,Other Fossil,ktCO2,0.0
India,IND,Odisha,OR,state,2024,Power sector emissions,Fuel,Other Renewables,ktCO2,0.0
India,IND,Odisha,OR,state,2024,Power sector emissions,Fuel,Solar,ktCO2,37.43
India,IND,Odisha,OR,state,2024,Power sector emissions,Fuel,Wind,ktCO2,0.0
India,IND,Odisha,OR,state,2024,Power sector emissions,Total,Total emissions,ktCO2,56085.89
India,IND,Others,OT,state,2019,Capacity,Fuel,Bioenergy,MW,0.0
India,IND,Others,OT,state,2019,Capacity,Fuel,Coal,MW,0.0
India,IND,Others,OT,state,2019,Capacity,Fuel,Gas,MW,0.0
India,IND,Others,OT,state,2019,Capacity,Fuel,Hydro,MW,0.0
India,IND,Others,OT,state,2019,Capacity,Fuel,Nuclear,MW,0.0
India,IND,Others,OT,state,2019,Capacity,Fuel,Other Fossil,MW,0.0
India,IND,Others,OT,state,2019,Capacity,Fuel,Other Renewables,MW,0.0
India,IND,Others,OT,state,2019,Capacity,Fuel,Solar,MW,45.01
India,IND,Others,OT,state,2019,Capacity,Fuel,Wind,MW,4.3
India,IND,Others,OT,state,2019,Electricity generation,Fuel,Bioenergy,%,
India,IND,Others,OT,state,2019,Electricity generation,Fuel,Coal,%,
India,IND,Others,OT,state,2019,Electricity generation,Fuel,Gas,%,
India,IND,Others,OT,state,2019,Electricity generation,Fuel,Hydro,%,
India,IND,Others,OT,state,2019,Electricity generation,Fuel,Nuclear,%,
India,IND,Others,OT,state,2019,Electricity generation,Fuel,Other Fossil,%,
India,IND,Others,OT,state,2019,Electricity generation,Fuel,Other Renewables,%,
India,IND,Others,OT,state,2019,Electricity generation,Fuel,Solar,%,
India,IND,Others,OT,state,2019,Electricity generation,Fuel,Wind,%,
India,IND,Others,OT,state,2019,Electricity generation,Fuel,Bioenergy,GWh,0.0
India,IND,Others,OT,state,2019,Electricity generation,Fuel,Coal,GWh,0.0
India,IND,Others,OT,state,2019,Electricity generation,Fuel,Gas,GWh,0.0
India,IND,Others,OT,state,2019,Electricity generation,Fuel,Hydro,GWh,0.0
India,IND,Others,OT,state,2019,Electricity generation,Fuel,Nuclear,GWh,0.0
India,IND,Others,OT,state,2019,Electricity generation,Fuel,Other Fossil,GWh,0.0
India,IND,Others,OT,state,2019,Electricity generation,Fuel,Other Renewables,GWh,0.0
India,IND,Others,OT,state,2019,Electricity generation,Fuel,Solar,GWh,0.0
India,IND,Others,OT,state,2019,Electricity generation,Fuel,Wind,GWh,0.0
India,IND,Others,OT,state,2019,Electricity generation,Total,Total Generation,GWh,0.0
India,IND,Others,OT,state,2019,Power sector emissions,CO2 intensity,CO2 intensity,gCO2/kWh,
India,IND,Others,OT,state,2019,Power sector emissions,Fuel,Bioenergy,%,0.0
India,IND,Others,OT,state,2019,Power sector emissions,Fuel,Coal,%,0.0
India,IND,Others,OT,state,2019,Power sector emissions,Fuel,Gas,%,0.0
India,IND,Others,OT,state,2019,Power sector emissions,Fuel,Hydro,%,0.0
India,IND,Others,OT,state,2019,Power sector emissions,Fuel,Nuclear,%,0.0
India,IND,Others,OT,state,2019,Power sector emissions,Fuel,Other Fossil,%,0.0
India,IND,Others,OT,state,2019,Power sector emissions,Fuel,Other Renewables,%,0.0
India,IND,Others,OT,state,2019,Power sector emissions,Fuel,Solar,%,0.0
India,IND,Others,OT,state,2019,Power sector emissions,Fuel,Wind,%,0.0
India,IND,Others,OT,state,2019,Power sector emissions,Fuel,Bioenergy,ktCO2,0.0
India,IND,Others,OT,state,2019,Power sector emissions,Fuel,Coal,ktCO2,0.0
India,IND,Others,OT,state,2019,Power sector emissions,Fuel,Gas,ktCO2,0.0
India,IND,Others,OT,state,2019,Power sector emissions,Fuel,Hydro,ktCO2,0.0
India,IND,Others,OT,state,2019,Power sector emissions,Fuel,Nuclear,ktCO2,0.0
India,IND,Others,OT,state,2019,Power sector emissions,Fuel,Other Fossil,ktCO2,0.0
India,IND,Others,OT,state,2019,Power sector emissions,Fuel,Other Renewables,ktCO2,0.0
India,IND,Others,OT,state,2019,Power sector emissions,Fuel,Solar,ktCO2,0.0
India,IND,Others,OT,state,2019,Power sector emissions,Fuel,Wind,ktCO2,0.0
India,IND,Others,OT,state,2019,Power sector emissions,Total,Total emissions,ktCO2,0.0
India,IND,Others,OT,state,2020,Capacity,Fuel,Bioenergy,MW,0.0
India,IND,Others,OT,state,2020,Capacity,Fuel,Coal,MW,0.0
India,IND,Others,OT,state,2020,Capacity,Fuel,Gas,MW,0.0
India,IND,Others,OT,state,2020,Capacity,Fuel,Hydro,MW,0.0
India,IND,Others,OT,state,2020,Capacity,Fuel,Nuclear,MW,0.0
India,IND,Others,OT,state,2020,Capacity,Fuel,Other Fossil,MW,0.0
India,IND,Others,OT,state,2020,Capacity,Fuel,Other Renewables,MW,0.0
India,IND,Others,OT,state,2020,Capacity,Fuel,Solar,MW,45.01
India,IND,Others,OT,state,2020,Capacity,Fuel,Wind,MW,4.3
India,IND,Others,OT,state,2020,Electricity generation,Fuel,Bioenergy,%,
India,IND,Others,OT,state,2020,Electricity generation,Fuel,Coal,%,
India,IND,Others,OT,state,2020,Electricity generation,Fuel,Gas,%,
India,IND,Others,OT,state,2020,Electricity generation,Fuel,Hydro,%,
India,IND,Others,OT,state,2020,Electricity generation,Fuel,Nuclear,%,
India,IND,Others,OT,state,2020,Electricity generation,Fuel,Other Fossil,%,
India,IND,Others,OT,state,2020,Electricity generation,Fuel,Other Renewables,%,
India,IND,Others,OT,state,2020,Electricity generation,Fuel,Solar,%,
India,IND,Others,OT,state,2020,Electricity generation,Fuel,Wind,%,
India,IND,Others,OT,state,2020,Electricity generation,Fuel,Bioenergy,GWh,0.0
India,IND,Others,OT,state,2020,Electricity generation,Fuel,Coal,GWh,0.0
India,IND,Others,OT,state,2020,Electricity generation,Fuel,Gas,GWh,0.0
India,IND,Others,OT,state,2020,Electricity generation,Fuel,Hydro,GWh,0.0
India,IND,Others,OT,state,2020,Electricity generation,Fuel,Nuclear,GWh,0.0
India,IND,Others,OT,state,2020,Electricity generation,Fuel,Other Fossil,GWh,0.0
India,IND,Others,OT,state,2020,Electricity generation,Fuel,Other Renewables,GWh,0.0
India,IND,Others,OT,state,2020,Electricity generation,Fuel,Solar,GWh,0.0
India,IND,Others,OT,state,2020,Electricity generation,Fuel,Wind,GWh,0.0
India,IND,Others,OT,state,2020,Electricity generation,Total,Total Generation,GWh,0.0
India,IND,Others,OT,state,2020,Power sector emissions,CO2 intensity,CO2 intensity,gCO2/kWh,
India,IND,Others,OT,state,2020,Power sector emissions,Fuel,Bioenergy,%,0.0
India,IND,Others,OT,state,2020,Power sector emissions,Fuel,Coal,%,0.0
India,IND,Others,OT,state,2020,Power sector emissions,Fuel,Gas,%,0.0
India,IND,Others,OT,state,2020,Power sector emissions,Fuel,Hydro,%,0.0
India,IND,Others,OT,state,2020,Power sector emissions,Fuel,Nuclear,%,0.0
India,IND,Others,OT,state,2020,Power sector emissions,Fuel,Other Fossil,%,0.0
India,IND,Others,OT,state,2020,Power sector emissions,Fuel,Other Renewables,%,0.0
India,IND,Others,OT,state,2020,Power sector emissions,Fuel,Solar,%,0.0
India,IND,Others,OT,state,2020,Power sector emissions,Fuel,Wind,%,0.0
India,IND,Others,OT,state,2020,Power sector emissions,Fuel,Bioenergy,ktCO2,0.0
India,IND,Others,OT,state,2020,Power sector emissions,Fuel,Coal,ktCO2,0.0
India,IND,Others,OT,state,2020,Power sector emissions,Fuel,Gas,ktCO2,0.0
India,IND,Others,OT,state,2020,Power sector emissions,Fuel,Hydro,ktCO2,0.0
India,IND,Others,OT,state,2020,Power sector emissions,Fuel,Nuclear,ktCO2,0.0
India,IND,Others,OT,state,2020,Power sector emissions,Fuel,Other Fossil,ktCO2,0.0
India,IND,Others,OT,state,2020,Power sector emissions,Fuel,Other Renewables,ktCO2,0.0
India,IND,Others,OT,state,2020,Power sector emissions,Fuel,Solar,ktCO2,0.0
India,IND,Others,OT,state,2020,Power sector emissions,Fuel,Wind,ktCO2,0.0
India,IND,Others,OT,state,2020,Power sector emissions,Total,Total emissions,ktCO2,0.0
India,IND,Others,OT,state,2021,Capacity,Fuel,Bioenergy,MW,0.0
India,IND,Others,OT,state,2021,Capacity,Fuel,Coal,MW,0.0
India,IND,Others,OT,state,2021,Capacity,Fuel,Gas,MW,0.0
India,IND,Others,OT,state,2021,Capacity,Fuel,Hydro,MW,0.0
India,IND,Others,OT,state,2021,Capacity,Fuel,Nuclear,MW,0.0
India,IND,Others,OT,state,2021,Capacity,Fuel,Other Fossil,MW,0.0
India,IND,Others,OT,state,2021,Capacity,Fuel,Other Renewables,MW,0.0
India,IND,Others,OT,state,2021,Capacity,Fuel,Solar,MW,45.01
India,IND,Others,OT,state,2021,Capacity,Fuel,Wind,MW,4.3
India,IND,Others,OT,state,2021,Electricity generation,Fuel,Bioenergy,%,
India,IND,Others,OT,state,2021,Electricity generation,Fuel,Coal,%,
India,IND,Others,OT,state,2021,Electricity generation,Fuel,Gas,%,
India,IND,Others,OT,state,2021,Electricity generation,Fuel,Hydro,%,
India,IND,Others,OT,state,2021,Electricity generation,Fuel,Nuclear,%,
India,IND,Others,OT,state,2021,Electricity generation,Fuel,Other Fossil,%,
India,IND,Others,OT,state,2021,Electricity generation,Fuel,Other Renewables,%,
India,IND,Others,OT,state,2021,Electricity generation,Fuel,Solar,%,
India,IND,Others,OT,state,2021,Electricity generation,Fuel,Wind,%,
India,IND,Others,OT,state,2021,Electricity generation,Fuel,Bioenergy,GWh,0.0
India,IND,Others,OT,state,2021,Electricity generation,Fuel,Coal,GWh,0.0
India,IND,Others,OT,state,2021,Electricity generation,Fuel,Gas,GWh,0.0
India,IND,Others,OT,state,2021,Electricity generation,Fuel,Hydro,GWh,0.0
India,IND,Others,OT,state,2021,Electricity generation,Fuel,Nuclear,GWh,0.0
India,IND,Others,OT,state,2021,Electricity generation,Fuel,Other Fossil,GWh,0.0
India,IND,Others,OT,state,2021,Electricity generation,Fuel,Other Renewables,GWh,0.0
India,IND,Others,OT,state,2021,Electricity generation,Fuel,Solar,GWh,0.0
India,IND,Others,OT,state,2021,Electricity generation,Fuel,Wind,GWh,0.0
India,IND,Others,OT,state,2021,Electricity generation,Total,Total Generation,GWh,0.0
India,IND,Others,OT,state,2021,Power sector emissions,CO2 intensity,CO2 intensity,gCO2/kWh,
India,IND,Others,OT,state,2021,Power sector emissions,Fuel,Bioenergy,%,0.0
India,IND,Others,OT,state,2021,Power sector emissions,Fuel,Coal,%,0.0
India,IND,Others,OT,state,2021,Power sector emissions,Fuel,Gas,%,0.0
India,IND,Others,OT,state,2021,Power sector emissions,Fuel,Hydro,%,0.0
India,IND,Others,OT,state,2021,Power sector emissions,Fuel,Nuclear,%,0.0
India,IND,Others,OT,state,2021,Power sector emissions,Fuel,Other Fossil,%,0.0
India,IND,Others,OT,state,2021,Power sector emissions,Fuel,Other Renewables,%,0.0
India,IND,Others,OT,state,2021,Power sector emissions,Fuel,Solar,%,0.0
India,IND,Others,OT,state,2021,Power sector emissions,Fuel,Wind,%,0.0
India,IND,Others,OT,state,2021,Power sector emissions,Fuel,Bioenergy,ktCO2,0.0
India,IND,Others,OT,state,2021,Power sector emissions,Fuel,Coal,ktCO2,0.0
India,IND,Others,OT,state,2021,Power sector emissions,Fuel,Gas,ktCO2,0.0
India,IND,Others,OT,state,2021,Power sector emissions,Fuel,Hydro,ktCO2,0.0
India,IND,Others,OT,state,2021,Power sector emissions,Fuel,Nuclear,ktCO2,0.0
India,IND,Others,OT,state,2021,Power sector emissions,Fuel,Other Fossil,ktCO2,0.0
India,IND,Others,OT,state,2021,Power sector emissions,Fuel,Other Renewables,ktCO2,0.0
India,IND,Others,OT,state,2021,Power sector emissions,Fuel,Solar,ktCO2,0.0
India,IND,Others,OT,state,2021,Power sector emissions,Fuel,Wind,ktCO2,0.0
India,IND,Others,OT,state,2021,Power sector emissions,Total,Total emissions,ktCO2,0.0
India,IND,Puducherry,PY,Union territory,2019,Capacity,Fuel,Bioenergy,MW,0.0
India,IND,Puducherry,PY,Union territory,2019,Capacity,Fuel,Coal,MW,0.0
India,IND,Puducherry,PY,Union territory,2019,Capacity,Fuel,Gas,MW,32.5
India,IND,Puducherry,PY,Union territory,2019,Capacity,Fuel,Hydro,MW,0.0
India,IND,Puducherry,PY,Union territory,2019,Capacity,Fuel,Nuclear,MW,0.0
India,IND,Puducherry,PY,Union territory,2019,Capacity,Fuel,Other Fossil,MW,0.0
India,IND,Puducherry,PY,Union territory,2019,Capacity,Fuel,Other Renewables,MW,0.0
India,IND,Puducherry,PY,Union territory,2019,Capacity,Fuel,Solar,MW,5.51
India,IND,Puducherry,PY,Union territory,2019,Capacity,Fuel,Wind,MW,0.0
India,IND,Puducherry,PY,Union territory,2019,Electricity generation,Fuel,Bioenergy,%,0.0
India,IND,Puducherry,PY,Union territory,2019,Electricity generation,Fuel,Coal,%,0.0
India,IND,Puducherry,PY,Union territory,2019,Electricity generation,Fuel,Gas,%,98.46
India,IND,Puducherry,PY,Union territory,2019,Electricity generation,Fuel,Hydro,%,0.0
India,IND,Puducherry,PY,Union territory,2019,Electricity generation,Fuel,Nuclear,%,0.0
India,IND,Puducherry,PY,Union territory,2019,Electricity generation,Fuel,Other Fossil,%,0.0
India,IND,Puducherry,PY,Union territory,2019,Electricity generation,Fuel,Other Renewables,%,0.0
India,IND,Puducherry,PY,Union territory,2019,Electricity generation,Fuel,Solar,%,1.54
India,IND,Puducherry,PY,Union territory,2019,Electricity generation,Fuel,Wind,%,0.0
India,IND,Puducherry,PY,Union territory,2019,Electricity generation,Fuel,Bioenergy,GWh,0.0
India,IND,Puducherry,PY,Union territory,2019,Electricity generation,Fuel,Coal,GWh,0.0
India,IND,Puducherry,PY,Union territory,2019,Electricity generation,Fuel,Gas,GWh,238.11
India,IND,Puducherry,PY,Union territory,2019,Electricity generation,Fuel,Hydro,GWh,0.0
India,IND,Puducherry,PY,Union territory,2019,Electricity generation,Fuel,Nuclear,GWh,0.0
India,IND,Puducherry,PY,Union territory,2019,Electricity generation,Fuel,Other Fossil,GWh,0.0
India,IND,Puducherry,PY,Union territory,2019,Electricity generation,Fuel,Other Renewables,GWh,0.0
India,IND,Puducherry,PY,Union territory,2019,Electricity generation,Fuel,Solar,GWh,3.73
India,IND,Puducherry,PY,Union territory,2019,Electricity generation,Fuel,Wind,GWh,0.0
India,IND,Puducherry,PY,Union territory,2019,Electricity generation,Total,Total Generation,GWh,241.84
India,IND,Puducherry,PY,Union territory,2019,Power sector emissions,CO2 intensity,CO2 intensity,gCO2/kWh,483.17
India,IND,Puducherry,PY,Union territory,2019,Power sector emissions,Fuel,Bioenergy,%,0.0
India,IND,Puducherry,PY,Union territory,2019,Power sector emissions,Fuel,Coal,%,0.0
India,IND,Puducherry,PY,Union territory,2019,Power sector emissions,Fuel,Gas,%,116.67
India,IND,Puducherry,PY,Union territory,2019,Power sector emissions,Fuel,Hydro,%,0.0
India,IND,Puducherry,PY,Union territory,2019,Power sector emissions,Fuel,Nuclear,%,0.0
India,IND,Puducherry,PY,Union territory,2019,Power sector emissions,Fuel,Other Fossil,%,0.0
India,IND,Puducherry,PY,Union territory,2019,Power sector emissions,Fuel,Other Renewables,%,0.0
India,IND,Puducherry,PY,Union territory,2019,Power sector emissions,Fuel,Solar,%,0.18
India,IND,Puducherry,PY,Union territory,2019,Power sector emissions,Fuel,Wind,%,0.0
India,IND,Puducherry,PY,Union territory,2019,Power sector emissions,Fuel,Bioenergy,ktCO2,0.0
India,IND,Puducherry,PY,Union territory,2019,Power sector emissions,Fuel,Coal,ktCO2,0.0
India,IND,Puducherry,PY,Union territory,2019,Power sector emissions,Fuel,Gas,ktCO2,116.67
India,IND,Puducherry,PY,Union territory,2019,Power sector emissions,Fuel,Hydro,ktCO2,0.0
India,IND,Puducherry,PY,Union territory,2019,Power sector emissions,Fuel,Nuclear,ktCO2,0.0
India,IND,Puducherry,PY,Union territory,2019,Power sector emissions,Fuel,Other Fossil,ktCO2,0.0
India,IND,Puducherry,PY,Union territory,2019,Power sector emissions,Fuel,Other Renewables,ktCO2,0.0
India,IND,Puducherry,PY,Union territory,2019,Power sector emissions,Fuel,Solar,ktCO2,0.18
India,IND,Puducherry,PY,Union territory,2019,Power sector emissions,Fuel,Wind,ktCO2,0.0
India,IND,Puducherry,PY,Union territory,2019,Power sector emissions,Total,Total emissions,ktCO2,116.85
India,IND,Puducherry,PY,Union territory,2020,Capacity,Fuel,Bioenergy,MW,0.0
India,IND,Puducherry,PY,Union territory,2020,Capacity,Fuel,Coal,MW,0.0
India,IND,Puducherry,PY,Union territory,2020,Capacity,Fuel,Gas,MW,32.5
India,IND,Puducherry,PY,Union territory,2020,Capacity,Fuel,Hydro,MW,0.0
India,IND,Puducherry,PY,Union territory,2020,Capacity,Fuel,Nuclear,MW,0.0
India,IND,Puducherry,PY,Union territory,2020,Capacity,Fuel,Other Fossil,MW,0.0
India,IND,Puducherry,PY,Union territory,2020,Capacity,Fuel,Other Renewables,MW,0.0
India,IND,Puducherry,PY,Union territory,2020,Capacity,Fuel,Solar,MW,7.54
India,IND,Puducherry,PY,Union territory,2020,Capacity,Fuel,Wind,MW,0.0
India,IND,Puducherry,PY,Union territory,2020,Electricity generation,Fuel,Bioenergy,%,0.0
India,IND,Puducherry,PY,Union territory,2020,Electricity generation,Fuel,Coal,%,0.0
India,IND,Puducherry,PY,Union territory,2020,Electricity generation,Fuel,Gas,%,98.24
India,IND,Puducherry,PY,Union territory,2020,Electricity generation,Fuel,Hydro,%,0.0
India,IND,Puducherry,PY,Union territory,2020,Electricity generation,Fuel,Nuclear,%,0.0
India,IND,Puducherry,PY,Union territory,2020,Electricity generation,Fuel,Other Fossil,%,0.0
India,IND,Puducherry,PY,Union territory,2020,Electricity generation,Fuel,Other Renewables,%,0.0
India,IND,Puducherry,PY,Union territory,2020,Electricity generation,Fuel,Solar,%,1.76
India,IND,Puducherry,PY,Union territory,2020,Electricity generation,Fuel,Wind,%,0.0
India,IND,Puducherry,PY,Union territory,2020,Electricity generation,Fuel,Bioenergy,GWh,0.0
India,IND,Puducherry,PY,Union territory,2020,Electricity generation,Fuel,Coal,GWh,0.0
India,IND,Puducherry,PY,Union territory,2020,Electricity generation,Fuel,Gas,GWh,247.7
India,IND,Puducherry,PY,Union territory,2020,Electricity generation,Fuel,Hydro,GWh,0.0
India,IND,Puducherry,PY,Union territory,2020,Electricity generation,Fuel,Nuclear,GWh,0.0
India,IND,Puducherry,PY,Union territory,2020,Electricity generation,Fuel,Other Fossil,GWh,0.0
India,IND,Puducherry,PY,Union territory,2020,Electricity generation,Fuel,Other Renewables,GWh,0.0
India,IND,Puducherry,PY,Union territory,2020,Electricity generation,Fuel,Solar,GWh,4.44
India,IND,Puducherry,PY,Union territory,2020,Electricity generation,Fuel,Wind,GWh,0.0
India,IND,Puducherry,PY,Union territory,2020,Electricity generation,Total,Total Generation,GWh,252.14
India,IND,Puducherry,PY,Union territory,2020,Power sector emissions,CO2 intensity,CO2 intensity,gCO2/kWh,482.19
India,IND,Puducherry,PY,Union territory,2020,Power sector emissions,Fuel,Bioenergy,%,0.0
India,IND,Puducherry,PY,Union territory,2020,Power sector emissions,Fuel,Coal,%,0.0
India,IND,Puducherry,PY,Union territory,2020,Power sector emissions,Fuel,Gas,%,121.37
India,IND,Puducherry,PY,Union territory,2020,Power sector emissions,Fuel,Hydro,%,0.0
India,IND,Puducherry,PY,Union territory,2020,Power sector emissions,Fuel,Nuclear,%,0.0
India,IND,Puducherry,PY,Union territory,2020,Power sector emissions,Fuel,Other Fossil,%,0.0
India,IND,Puducherry,PY,Union territory,2020,Power sector emissions,Fuel,Other Renewables,%,0.0
India,IND,Puducherry,PY,Union territory,2020,Power sector emissions,Fuel,Solar,%,0.21
India,IND,Puducherry,PY,Union territory,2020,Power sector emissions,Fuel,Wind,%,0.0
India,IND,Puducherry,PY,Union territory,2020,Power sector emissions,Fuel,Bioenergy,ktCO2,0.0
India,IND,Puducherry,PY,Union territory,2020,Power sector emissions,Fuel,Coal,ktCO2,0.0
India,IND,Puducherry,PY,Union territory,2020,Power sector emissions,Fuel,Gas,ktCO2,121.37
India,IND,Puducherry,PY,Union territory,2020,Power sector emissions,Fuel,Hydro,ktCO2,0.0
India,IND,Puducherry,PY,Union territory,2020,Power sector emissions,Fuel,Nuclear,ktCO2,0.0
India,IND,Puducherry,PY,Union territory,2020,Power sector emissions,Fuel,Other Fossil,ktCO2,0.0
India,IND,Puducherry,PY,Union territory,2020,Power sector emissions,Fuel,Other Renewables,ktCO2,0.0
India,IND,Puducherry,PY,Union territory,2020,Power sector emissions,Fuel,Solar,ktCO2,0.21
India,IND,Puducherry,PY,Union territory,2020,Power sector emissions,Fuel,Wind,ktCO2,0.0
India,IND,Puducherry,PY,Union territory,2020,Power sector emissions,Total,Total emissions,ktCO2,121.58
India,IND,Puducherry,PY,Union territory,2021,Capacity,Fuel,Bioenergy,MW,0.0
India,IND,Puducherry,PY,Union territory,2021,Capacity,Fuel,Coal,MW,0.0
India,IND,Puducherry,PY,Union territory,2021,Capacity,Fuel,Gas,MW,32.5
India,IND,Puducherry,PY,Union territory,2021,Capacity,Fuel,Hydro,MW,0.0
India,IND,Puducherry,PY,Union territory,2021,Capacity,Fuel,Nuclear,MW,0.0
India,IND,Puducherry,PY,Union territory,2021,Capacity,Fuel,Other Fossil,MW,0.0
India,IND,Puducherry,PY,Union territory,2021,Capacity,Fuel,Other Renewables,MW,0.0
India,IND,Puducherry,PY,Union territory,2021,Capacity,Fuel,Solar,MW,12.05
India,IND,Puducherry,PY,Union territory,2021,Capacity,Fuel,Wind,MW,0.0
India,IND,Puducherry,PY,Union territory,2021,Electricity generation,Fuel,Bioenergy,%,0.0
India,IND,Puducherry,PY,Union territory,2021,Electricity generation,Fuel,Coal,%,0.0
India,IND,Puducherry,PY,Union territory,2021,Electricity generation,Fuel,Gas,%,95.18
India,IND,Puducherry,PY,Union territory,2021,Electricity generation,Fuel,Hydro,%,0.0
India,IND,Puducherry,PY,Union territory,2021,Electricity generation,Fuel,Nuclear,%,0.0
India,IND,Puducherry,PY,Union territory,2021,Electricity generation,Fuel,Other Fossil,%,0.0
India,IND,Puducherry,PY,Union territory,2021,Electricity generation,Fuel,Other Renewables,%,0.0
India,IND,Puducherry,PY,Union territory,2021,Electricity generation,Fuel,Solar,%,4.82
India,IND,Puducherry,PY,Union territory,2021,Electricity generation,Fuel,Wind,%,0.0
India,IND,Puducherry,PY,Union territory,2021,Electricity generation,Fuel,Bioenergy,GWh,0.0
India,IND,Puducherry,PY,Union territory,2021,Electricity generation,Fuel,Coal,GWh,0.0
India,IND,Puducherry,PY,Union territory,2021,Electricity generation,Fuel,Gas,GWh,241.53
India,IND,Puducherry,PY,Union territory,2021,Electricity generation,Fuel,Hydro,GWh,0.0
India,IND,Puducherry,PY,Union territory,2021,Electricity generation,Fuel,Nuclear,GWh,0.0
India,IND,Puducherry,PY,Union territory,2021,Electricity generation,Fuel,Other Fossil,GWh,0.0
India,IND,Puducherry,PY,Union territory,2021,Electricity generation,Fuel,Other Renewables,GWh,0.0
India,IND,Puducherry,PY,Union territory,2021,Electricity generation,Fuel,Solar,GWh,12.24
India,IND,Puducherry,PY,Union territory,2021,Electricity generation,Fuel,Wind,GWh,0.0
India,IND,Puducherry,PY,Union territory,2021,Electricity generation,Total,Total Generation,GWh,253.77
India,IND,Puducherry,PY,Union territory,2021,Power sector emissions,CO2 intensity,CO2 intensity,gCO2/kWh,468.69
India,IND,Puducherry,PY,Union territory,2021,Power sector emissions,Fuel,Bioenergy,%,0.0
India,IND,Puducherry,PY,Union territory,2021,Power sector emissions,Fuel,Coal,%,0.0
India,IND,Puducherry,PY,Union territory,2021,Power sector emissions,Fuel,Gas,%,118.35
India,IND,Puducherry,PY,Union territory,2021,Power sector emissions,Fuel,Hydro,%,0.0
India,IND,Puducherry,PY,Union territory,2021,Power sector emissions,Fuel,Nuclear,%,0.0
India,IND,Puducherry,PY,Union territory,2021,Power sector emissions,Fuel,Other Fossil,%,0.0
India,IND,Puducherry,PY,Union territory,2021,Power sector emissions,Fuel,Other Renewables,%,0.0
India,IND,Puducherry,PY,Union territory,2021,Power sector emissions,Fuel,Solar,%,0.59
India,IND,Puducherry,PY,Union territory,2021,Power sector emissions,Fuel,Wind,%,0.0
India,IND,Puducherry,PY,Union territory,2021,Power sector emissions,Fuel,Bioenergy,ktCO2,0.0
India,IND,Puducherry,PY,Union territory,2021,Power sector emissions,Fuel,Coal,ktCO2,0.0
India,IND,Puducherry,PY,Union territory,2021,Power sector emissions,Fuel,Gas,ktCO2,118.35
India,IND,Puducherry,PY,Union territory,2021,Power sector emissions,Fuel,Hydro,ktCO2,0.0
India,IND,Puducherry,PY,Union territory,2021,Power sector emissions,Fuel,Nuclear,ktCO2,0.0
India,IND,Puducherry,PY,Union territory,2021,Power sector emissions,Fuel,Other Fossil,ktCO2,0.0
India,IND,Puducherry,PY,Union territory,2021,Power sector emissions,Fuel,Other Renewables,ktCO2,0.0
India,IND,Puducherry,PY,Union territory,2021,Power sector emissions,Fuel,Solar,ktCO2,0.59
India,IND,Puducherry,PY,Union territory,2021,Power sector emissions,Fuel,Wind,ktCO2,0.0
India,IND,Puducherry,PY,Union territory,2021,Power sector emissions,Total,Total emissions,ktCO2,118.94
India,IND,Puducherry,PY,Union territory,2022,Capacity,Fuel,Bioenergy,MW,0.0
India,IND,Puducherry,PY,Union territory,2022,Capacity,Fuel,Coal,MW,0.0
India,IND,Puducherry,PY,Union territory,2022,Capacity,Fuel,Gas,MW,32.5
India,IND,Puducherry,PY,Union territory,2022,Capacity,Fuel,Hydro,MW,0.0
India,IND,Puducherry,PY,Union territory,2022,Capacity,Fuel,Nuclear,MW,0.0
India,IND,Puducherry,PY,Union territory,2022,Capacity,Fuel,Other Fossil,MW,0.0
India,IND,Puducherry,PY,Union territory,2022,Capacity,Fuel,Other Renewables,MW,
India,IND,Puducherry,PY,Union territory,2022,Capacity,Fuel,Solar,MW,35.53
India,IND,Puducherry,PY,Union territory,2022,Capacity,Fuel,Wind,MW,0.0
India,IND,Puducherry,PY,Union territory,2022,Electricity generation,Fuel,Bioenergy,%,0.0
India,IND,Puducherry,PY,Union territory,2022,Electricity generation,Fuel,Coal,%,0.0
India,IND,Puducherry,PY,Union territory,2022,Electricity generation,Fuel,Gas,%,95.09
India,IND,Puducherry,PY,Union territory,2022,Electricity generation,Fuel,Hydro,%,0.0
India,IND,Puducherry,PY,Union territory,2022,Electricity generation,Fuel,Nuclear,%,0.0
India,IND,Puducherry,PY,Union territory,2022,Electricity generation,Fuel,Other Fossil,%,0.0
India,IND,Puducherry,PY,Union territory,2022,Electricity generation,Fuel,Other Renewables,%,0.0
India,IND,Puducherry,PY,Union territory,2022,Electricity generation,Fuel,Solar,%,4.91
India,IND,Puducherry,PY,Union territory,2022,Electricity generation,Fuel,Wind,%,0.0
India,IND,Puducherry,PY,Union territory,2022,Electricity generation,Fuel,Bioenergy,GWh,0.0
India,IND,Puducherry,PY,Union territory,2022,Electricity generation,Fuel,Coal,GWh,0.0
India,IND,Puducherry,PY,Union territory,2022,Electricity generation,Fuel,Gas,GWh,236.98
India,IND,Puducherry,PY,Union territory,2022,Electricity generation,Fuel,Hydro,GWh,0.0
India,IND,Puducherry,PY,Union territory,2022,Electricity generation,Fuel,Nuclear,GWh,0.0
India,IND,Puducherry,PY,Union territory,2022,Electricity generation,Fuel,Other Fossil,GWh,0.0
India,IND,Puducherry,PY,Union territory,2022,Electricity generation,Fuel,Other Renewables,GWh,0.0
India,IND,Puducherry,PY,Union territory,2022,Electricity generation,Fuel,Solar,GWh,12.24
India,IND,Puducherry,PY,Union territory,2022,Electricity generation,Fuel,Wind,GWh,0.0
India,IND,Puducherry,PY,Union territory,2022,Electricity generation,Total,Total Generation,GWh,249.22
India,IND,Puducherry,PY,Union territory,2022,Power sector emissions,CO2 intensity,CO2 intensity,gCO2/kWh,468.3
India,IND,Puducherry,PY,Union territory,2022,Power sector emissions,Fuel,Bioenergy,%,0.0
India,IND,Puducherry,PY,Union territory,2022,Power sector emissions,Fuel,Coal,%,0.0
India,IND,Puducherry,PY,Union territory,2022,Power sector emissions,Fuel,Gas,%,116.12
India,IND,Puducherry,PY,Union territory,2022,Power sector emissions,Fuel,Hydro,%,0.0
India,IND,Puducherry,PY,Union territory,2022,Power sector emissions,Fuel,Nuclear,%,0.0
India,IND,Puducherry,PY,Union territory,2022,Power sector emissions,Fuel,Other Fossil,%,0.0
India,IND,Puducherry,PY,Union territory,2022,Power sector emissions,Fuel,Other Renewables,%,0.0
India,IND,Puducherry,PY,Union territory,2022,Power sector emissions,Fuel,Solar,%,0.59
India,IND,Puducherry,PY,Union territory,2022,Power sector emissions,Fuel,Wind,%,0.0
India,IND,Puducherry,PY,Union territory,2022,Power sector emissions,Fuel,Bioenergy,ktCO2,0.0
India,IND,Puducherry,PY,Union territory,2022,Power sector emissions,Fuel,Coal,ktCO2,0.0
India,IND,Puducherry,PY,Union territory,2022,Power sector emissions,Fuel,Gas,ktCO2,116.12
India,IND,Puducherry,PY,Union territory,2022,Power sector emissions,Fuel,Hydro,ktCO2,0.0
India,IND,Puducherry,PY,Union territory,2022,Power sector emissions,Fuel,Nuclear,ktCO2,0.0
India,IND,Puducherry,PY,Union territory,2022,Power sector emissions,Fuel,Other Fossil,ktCO2,0.0
India,IND,Puducherry,PY,Union territory,2022,Power sector emissions,Fuel,Other Renewables,ktCO2,0.0
India,IND,Puducherry,PY,Union territory,2022,Power sector emissions,Fuel,Solar,ktCO2,0.59
India,IND,Puducherry,PY,Union territory,2022,Power sector emissions,Fuel,Wind,ktCO2,0.0
India,IND,Puducherry,PY,Union territory,2022,Power sector emissions,Total,Total emissions,ktCO2,116.71
India,IND,Puducherry,PY,Union territory,2023,Capacity,Fuel,Bioenergy,MW,0.0
India,IND,Puducherry,PY,Union territory,2023,Capacity,Fuel,Coal,MW,0.0
India,IND,Puducherry,PY,Union territory,2023,Capacity,Fuel,Gas,MW,32.5
India,IND,Puducherry,PY,Union territory,2023,Capacity,Fuel,Hydro,MW,0.0
India,IND,Puducherry,PY,Union territory,2023,Capacity,Fuel,Nuclear,MW,0.0
India,IND,Puducherry,PY,Union territory,2023,Capacity,Fuel,Other Fossil,MW,0.0
India,IND,Puducherry,PY,Union territory,2023,Capacity,Fuel,Other Renewables,MW,
India,IND,Puducherry,PY,Union territory,2023,Capacity,Fuel,Solar,MW,43.27
India,IND,Puducherry,PY,Union territory,2023,Capacity,Fuel,Wind,MW,0.0
India,IND,Puducherry,PY,Union territory,2023,Electricity generation,Fuel,Bioenergy,%,0.0
India,IND,Puducherry,PY,Union territory,2023,Electricity generation,Fuel,Coal,%,0.0
India,IND,Puducherry,PY,Union territory,2023,Electricity generation,Fuel,Gas,%,95.03
India,IND,Puducherry,PY,Union territory,2023,Electricity generation,Fuel,Hydro,%,0.0
India,IND,Puducherry,PY,Union territory,2023,Electricity generation,Fuel,Nuclear,%,0.0
India,IND,Puducherry,PY,Union territory,2023,Electricity generation,Fuel,Other Fossil,%,0.0
India,IND,Puducherry,PY,Union territory,2023,Electricity generation,Fuel,Other Renewables,%,0.0
India,IND,Puducherry,PY,Union territory,2023,Electricity generation,Fuel,Solar,%,4.97
India,IND,Puducherry,PY,Union territory,2023,Electricity generation,Fuel,Wind,%,0.0
India,IND,Puducherry,PY,Union territory,2023,Electricity generation,Fuel,Bioenergy,GWh,0.0
India,IND,Puducherry,PY,Union territory,2023,Electricity generation,Fuel,Coal,GWh,0.0
India,IND,Puducherry,PY,Union territory,2023,Electricity generation,Fuel,Gas,GWh,233.85
India,IND,Puducherry,PY,Union territory,2023,Electricity generation,Fuel,Hydro,GWh,0.0
India,IND,Puducherry,PY,Union territory,2023,Electricity generation,Fuel,Nuclear,GWh,0.0
India,IND,Puducherry,PY,Union territory,2023,Electricity generation,Fuel,Other Fossil,GWh,0.0
India,IND,Puducherry,PY,Union territory,2023,Electricity generation,Fuel,Other Renewables,GWh,0.0
India,IND,Puducherry,PY,Union territory,2023,Electricity generation,Fuel,Solar,GWh,12.24
India,IND,Puducherry,PY,Union territory,2023,Electricity generation,Fuel,Wind,GWh,0.0
India,IND,Puducherry,PY,Union territory,2023,Electricity generation,Total,Total Generation,GWh,246.09
India,IND,Puducherry,PY,Union territory,2023,Power sector emissions,CO2 intensity,CO2 intensity,gCO2/kWh,468.04
India,IND,Puducherry,PY,Union territory,2023,Power sector emissions,Fuel,Bioenergy,%,0.0
India,IND,Puducherry,PY,Union territory,2023,Power sector emissions,Fuel,Coal,%,0.0
India,IND,Puducherry,PY,Union territory,2023,Power sector emissions,Fuel,Gas,%,114.59
India,IND,Puducherry,PY,Union territory,2023,Power sector emissions,Fuel,Hydro,%,0.0
India,IND,Puducherry,PY,Union territory,2023,Power sector emissions,Fuel,Nuclear,%,0.0
India,IND,Puducherry,PY,Union territory,2023,Power sector emissions,Fuel,Other Fossil,%,0.0
India,IND,Puducherry,PY,Union territory,2023,Power sector emissions,Fuel,Other Renewables,%,0.0
India,IND,Puducherry,PY,Union territory,2023,Power sector emissions,Fuel,Solar,%,0.59
India,IND,Puducherry,PY,Union territory,2023,Power sector emissions,Fuel,Wind,%,0.0
India,IND,Puducherry,PY,Union territory,2023,Power sector emissions,Fuel,Bioenergy,ktCO2,0.0
India,IND,Puducherry,PY,Union territory,2023,Power sector emissions,Fuel,Coal,ktCO2,0.0
India,IND,Puducherry,PY,Union territory,2023,Power sector emissions,Fuel,Gas,ktCO2,114.59
India,IND,Puducherry,PY,Union territory,2023,Power sector emissions,Fuel,Hydro,ktCO2,0.0
India,IND,Puducherry,PY,Union territory,2023,Power sector emissions,Fuel,Nuclear,ktCO2,0.0
India,IND,Puducherry,PY,Union territory,2023,Power sector emissions,Fuel,Other Fossil,ktCO2,0.0
India,IND,Puducherry,PY,Union territory,2023,Power sector emissions,Fuel,Other Renewables,ktCO2,0.0
India,IND,Puducherry,PY,Union territory,2023,Power sector emissions,Fuel,Solar,ktCO2,0.59
India,IND,Puducherry,PY,Union territory,2023,Power sector emissions,Fuel,Wind,ktCO2,0.0
India,IND,Puducherry,PY,Union territory,2023,Power sector emissions,Total,Total emissions,ktCO2,115.18
India,IND,Puducherry,PY,Union territory,2024,Capacity,Fuel,Bioenergy,MW,0.0
India,IND,Puducherry,PY,Union territory,2024,Capacity,Fuel,Coal,MW,0.0
India,IND,Puducherry,PY,Union territory,2024,Capacity,Fuel,Gas,MW,32.5
India,IND,Puducherry,PY,Union territory,2024,Capacity,Fuel,Hydro,MW,0.0
India,IND,Puducherry,PY,Union territory,2024,Capacity,Fuel,Nuclear,MW,0.0
India,IND,Puducherry,PY,Union territory,2024,Capacity,Fuel,Other Fossil,MW,0.0
India,IND,Puducherry,PY,Union territory,2024,Capacity,Fuel,Other Renewables,MW,
India,IND,Puducherry,PY,Union territory,2024,Capacity,Fuel,Solar,MW,53.26
India,IND,Puducherry,PY,Union territory,2024,Capacity,Fuel,Wind,MW,0.0
India,IND,Puducherry,PY,Union territory,2024,Electricity generation,Fuel,Bioenergy,%,0.0
India,IND,Puducherry,PY,Union territory,2024,Electricity generation,Fuel,Coal,%,0.0
India,IND,Puducherry,PY,Union territory,2024,Electricity generation,Fuel,Gas,%,94.35
India,IND,Puducherry,PY,Union territory,2024,Electricity generation,Fuel,Hydro,%,0.0
India,IND,Puducherry,PY,Union territory,2024,Electricity generation,Fuel,Nuclear,%,0.0
India,IND,Puducherry,PY,Union territory,2024,Electricity generation,Fuel,Other Fossil,%,0.0
India,IND,Puducherry,PY,Union territory,2024,Electricity generation,Fuel,Other Renewables,%,0.0
India,IND,Puducherry,PY,Union territory,2024,Electricity generation,Fuel,Solar,%,5.65
India,IND,Puducherry,PY,Union territory,2024,Electricity generation,Fuel,Wind,%,0.0
India,IND,Puducherry,PY,Union territory,2024,Electricity generation,Fuel,Bioenergy,GWh,0.0
India,IND,Puducherry,PY,Union territory,2024,Electricity generation,Fuel,Coal,GWh,0.0
India,IND,Puducherry,PY,Union territory,2024,Electricity generation,Fuel,Gas,GWh,204.5
India,IND,Puducherry,PY,Union territory,2024,Electricity generation,Fuel,Hydro,GWh,0.0
India,IND,Puducherry,PY,Union territory,2024,Electricity generation,Fuel,Nuclear,GWh,0.0
India,IND,Puducherry,PY,Union territory,2024,Electricity generation,Fuel,Other Fossil,GWh,0.0
India,IND,Puducherry,PY,Union territory,2024,Electricity generation,Fuel,Other Renewables,GWh,0.0
India,IND,Puducherry,PY,Union territory,2024,Electricity generation,Fuel,Solar,GWh,12.24
India,IND,Puducherry,PY,Union territory,2024,Electricity generation,Fuel,Wind,GWh,0.0
India,IND,Puducherry,PY,Union territory,2024,Electricity generation,Total,Total Generation,GWh,216.74
India,IND,Puducherry,PY,Union territory,2024,Power sector emissions,CO2 intensity,CO2 intensity,gCO2/kWh,465.07
India,IND,Puducherry,PY,Union territory,2024,Power sector emissions,Fuel,Bioenergy,%,0.0
India,IND,Puducherry,PY,Union territory,2024,Power sector emissions,Fuel,Coal,%,0.0
India,IND,Puducherry,PY,Union territory,2024,Power sector emissions,Fuel,Gas,%,100.21
India,IND,Puducherry,PY,Union territory,2024,Power sector emissions,Fuel,Hydro,%,0.0
India,IND,Puducherry,PY,Union territory,2024,Power sector emissions,Fuel,Nuclear,%,0.0
India,IND,Puducherry,PY,Union territory,2024,Power sector emissions,Fuel,Other Fossil,%,0.0
India,IND,Puducherry,PY,Union territory,2024,Power sector emissions,Fuel,Other Renewables,%,0.0
India,IND,Puducherry,PY,Union territory,2024,Power sector emissions,Fuel,Solar,%,0.59
India,IND,Puducherry,PY,Union territory,2024,Power sector emissions,Fuel,Wind,%,0.0
India,IND,Puducherry,PY,Union territory,2024,Power sector emissions,Fuel,Bioenergy,ktCO2,0.0
India,IND,Puducherry,PY,Union territory,2024,Power sector emissions,Fuel,Coal,ktCO2,0.0
India,IND,Puducherry,PY,Union territory,2024,Power sector emissions,Fuel,Gas,ktCO2,100.21
India,IND,Puducherry,PY,Union territory,2024,Power sector emissions,Fuel,Hydro,ktCO2,0.0
India,IND,Puducherry,PY,Union territory,2024,Power sector emissions,Fuel,Nuclear,ktCO2,0.0
India,IND,Puducherry,PY,Union territory,2024,Power sector emissions,Fuel,Other Fossil,ktCO2,0.0
India,IND,Puducherry,PY,Union territory,2024,Power sector emissions,Fuel,Other Renewables,ktCO2,0.0
India,IND,Puducherry,PY,Union territory,2024,Power sector emissions,Fuel,Solar,ktCO2,0.59
India,IND,Puducherry,PY,Union territory,2024,Power sector emissions,Fuel,Wind,ktCO2,0.0
India,IND,Puducherry,PY,Union territory,2024,Power sector emissions,Total,Total emissions,ktCO2,100.8
India,IND,Punjab,PB,state,2019,Capacity,Fuel,Bioenergy,MW,327.85
India,IND,Punjab,PB,state,2019,Capacity,Fuel,Coal,MW,5680.0
India,IND,Punjab,PB,state,2019,Capacity,Fuel,Gas,MW,0.0
India,IND,Punjab,PB,state,2019,Capacity,Fuel,Hydro,MW,1269.85
India,IND,Punjab,PB,state,2019,Capacity,Fuel,Nuclear,MW,0.0
India,IND,Punjab,PB,state,2019,Capacity,Fuel,Other Fossil,MW,0.0
India,IND,Punjab,PB,state,2019,Capacity,Fuel,Other Renewables,MW,0.0
India,IND,Punjab,PB,state,2019,Capacity,Fuel,Solar,MW,947.1
India,IND,Punjab,PB,state,2019,Capacity,Fuel,Wind,MW,0.0
India,IND,Punjab,PB,state,2019,Electricity generation,Fuel,Bioenergy,%,1.98
India,IND,Punjab,PB,state,2019,Electricity generation,Fuel,Coal,%,75.07
India,IND,Punjab,PB,state,2019,Electricity generation,Fuel,Gas,%,0.0
India,IND,Punjab,PB,state,2019,Electricity generation,Fuel,Hydro,%,18.49
India,IND,Punjab,PB,state,2019,Electricity generation,Fuel,Nuclear,%,0.0
India,IND,Punjab,PB,state,2019,Electricity generation,Fuel,Other Fossil,%,0.0
India,IND,Punjab,PB,state,2019,Electricity generation,Fuel,Other Renewables,%,0.0
India,IND,Punjab,PB,state,2019,Electricity generation,Fuel,Solar,%,4.41
India,IND,Punjab,PB,state,2019,Electricity generation,Fuel,Wind,%,0.05
India,IND,Punjab,PB,state,2019,Electricity generation,Fuel,Bioenergy,GWh,624.48
India,IND,Punjab,PB,state,2019,Electricity generation,Fuel,Coal,GWh,23660.55
India,IND,Punjab,PB,state,2019,Electricity generation,Fuel,Gas,GWh,0.0
India,IND,Punjab,PB,state,2019,Electricity generation,Fuel,Hydro,GWh,5826.6
India,IND,Punjab,PB,state,2019,Electricity generation,Fuel,Nuclear,GWh,0.0
India,IND,Punjab,PB,state,2019,Electricity generation,Fuel,Other Fossil,GWh,0.0
India,IND,Punjab,PB,state,2019,Electricity generation,Fuel,Other Renewables,GWh,0.21
India,IND,Punjab,PB,state,2019,Electricity generation,Fuel,Solar,GWh,1391.31
India,IND,Punjab,PB,state,2019,Electricity generation,Fuel,Wind,GWh,16.9
India,IND,Punjab,PB,state,2019,Electricity generation,Total,Total Generation,GWh,31520.05
India,IND,Punjab,PB,state,2019,Power sector emissions,CO2 intensity,CO2 intensity,gCO2/kWh,626.65
India,IND,Punjab,PB,state,2019,Power sector emissions,Fuel,Bioenergy,%,143.63
India,IND,Punjab,PB,state,2019,Power sector emissions,Fuel,Coal,%,19401.65
India,IND,Punjab,PB,state,2019,Power sector emissions,Fuel,Gas,%,0.0
India,IND,Punjab,PB,state,2019,Power sector emissions,Fuel,Hydro,%,139.84
India,IND,Punjab,PB,state,2019,Power sector emissions,Fuel,Nuclear,%,0.0
India,IND,Punjab,PB,state,2019,Power sector emissions,Fuel,Other Fossil,%,0.0
India,IND,Punjab,PB,state,2019,Power sector emissions,Fuel,Other Renewables,%,0.01
India,IND,Punjab,PB,state,2019,Power sector emissions,Fuel,Solar,%,66.78
India,IND,Punjab,PB,state,2019,Power sector emissions,Fuel,Wind,%,0.19
India,IND,Punjab,PB,state,2019,Power sector emissions,Fuel,Bioenergy,ktCO2,143.63
India,IND,Punjab,PB,state,2019,Power sector emissions,Fuel,Coal,ktCO2,19401.65
India,IND,Punjab,PB,state,2019,Power sector emissions,Fuel,Gas,ktCO2,0.0
India,IND,Punjab,PB,state,2019,Power sector emissions,Fuel,Hydro,ktCO2,139.84
India,IND,Punjab,PB,state,2019,Power sector emissions,Fuel,Nuclear,ktCO2,0.0
India,IND,Punjab,PB,state,2019,Power sector emissions,Fuel,Other Fossil,ktCO2,0.0
India,IND,Punjab,PB,state,2019,Power sector emissions,Fuel,Other Renewables,ktCO2,0.01
India,IND,Punjab,PB,state,2019,Power sector emissions,Fuel,Solar,ktCO2,66.78
India,IND,Punjab,PB,state,2019,Power sector emissions,Fuel,Wind,ktCO2,0.19
India,IND,Punjab,PB,state,2019,Power sector emissions,Total,Total emissions,ktCO2,19752.1
India,IND,Punjab,PB,state,2020,Capacity,Fuel,Bioenergy,MW,484.2
India,IND,Punjab,PB,state,2020,Capacity,Fuel,Coal,MW,5680.0
India,IND,Punjab,PB,state,2020,Capacity,Fuel,Gas,MW,0.0
India,IND,Punjab,PB,state,2020,Capacity,Fuel,Hydro,MW,1269.85
India,IND,Punjab,PB,state,2020,Capacity,Fuel,Nuclear,MW,0.0
India,IND,Punjab,PB,state,2020,Capacity,Fuel,Other Fossil,MW,0.0
India,IND,Punjab,PB,state,2020,Capacity,Fuel,Other Renewables,MW,0.0
India,IND,Punjab,PB,state,2020,Capacity,Fuel,Solar,MW,947.1
India,IND,Punjab,PB,state,2020,Capacity,Fuel,Wind,MW,0.0
India,IND,Punjab,PB,state,2020,Electricity generation,Fuel,Bioenergy,%,3.36
India,IND,Punjab,PB,state,2020,Electricity generation,Fuel,Coal,%,65.49
India,IND,Punjab,PB,state,2020,Electricity generation,Fuel,Gas,%,0.0
India,IND,Punjab,PB,state,2020,Electricity generation,Fuel,Hydro,%,25.25
India,IND,Punjab,PB,state,2020,Electricity generation,Fuel,Nuclear,%,0.0
India,IND,Punjab,PB,state,2020,Electricity generation,Fuel,Other Fossil,%,0.0
India,IND,Punjab,PB,state,2020,Electricity generation,Fuel,Other Renewables,%,0.0
India,IND,Punjab,PB,state,2020,Electricity generation,Fuel,Solar,%,5.91
India,IND,Punjab,PB,state,2020,Electricity generation,Fuel,Wind,%,0.0
India,IND,Punjab,PB,state,2020,Electricity generation,Fuel,Bioenergy,GWh,775.62
India,IND,Punjab,PB,state,2020,Electricity generation,Fuel,Coal,GWh,15112.08
India,IND,Punjab,PB,state,2020,Electricity generation,Fuel,Gas,GWh,0.0
India,IND,Punjab,PB,state,2020,Electricity generation,Fuel,Hydro,GWh,5825.94
India,IND,Punjab,PB,state,2020,Electricity generation,Fuel,Nuclear,GWh,0.0
India,IND,Punjab,PB,state,2020,Electricity generation,Fuel,Other Fossil,GWh,0.0
India,IND,Punjab,PB,state,2020,Electricity generation,Fuel,Other Renewables,GWh,0.17
India,IND,Punjab,PB,state,2020,Electricity generation,Fuel,Solar,GWh,1363.07
India,IND,Punjab,PB,state,2020,Electricity generation,Fuel,Wind,GWh,0.0
India,IND,Punjab,PB,state,2020,Electricity generation,Total,Total Generation,GWh,23076.88
India,IND,Punjab,PB,state,2020,Power sector emissions,CO2 intensity,CO2 intensity,gCO2/kWh,553.61
India,IND,Punjab,PB,state,2020,Power sector emissions,Fuel,Bioenergy,%,178.39
India,IND,Punjab,PB,state,2020,Power sector emissions,Fuel,Coal,%,12391.91
India,IND,Punjab,PB,state,2020,Power sector emissions,Fuel,Gas,%,0.0
India,IND,Punjab,PB,state,2020,Power sector emissions,Fuel,Hydro,%,139.82
India,IND,Punjab,PB,state,2020,Power sector emissions,Fuel,Nuclear,%,0.0
India,IND,Punjab,PB,state,2020,Power sector emissions,Fuel,Other Fossil,%,0.0
India,IND,Punjab,PB,state,2020,Power sector emissions,Fuel,Other Renewables,%,0.01
India,IND,Punjab,PB,state,2020,Power sector emissions,Fuel,Solar,%,65.43
India,IND,Punjab,PB,state,2020,Power sector emissions,Fuel,Wind,%,0.0
India,IND,Punjab,PB,state,2020,Power sector emissions,Fuel,Bioenergy,ktCO2,178.39
India,IND,Punjab,PB,state,2020,Power sector emissions,Fuel,Coal,ktCO2,12391.91
India,IND,Punjab,PB,state,2020,Power sector emissions,Fuel,Gas,ktCO2,0.0
India,IND,Punjab,PB,state,2020,Power sector emissions,Fuel,Hydro,ktCO2,139.82
India,IND,Punjab,PB,state,2020,Power sector emissions,Fuel,Nuclear,ktCO2,0.0
India,IND,Punjab,PB,state,2020,Power sector emissions,Fuel,Other Fossil,ktCO2,0.0
India,IND,Punjab,PB,state,2020,Power sector emissions,Fuel,Other Renewables,ktCO2,0.01
India,IND,Punjab,PB,state,2020,Power sector emissions,Fuel,Solar,ktCO2,65.43
India,IND,Punjab,PB,state,2020,Power sector emissions,Fuel,Wind,ktCO2,0.0
India,IND,Punjab,PB,state,2020,Power sector emissions,Total,Total emissions,ktCO2,12775.56
India,IND,Punjab,PB,state,2021,Capacity,Fuel,Bioenergy,MW,491.65
India,IND,Punjab,PB,state,2021,Capacity,Fuel,Coal,MW,5680.0
India,IND,Punjab,PB,state,2021,Capacity,Fuel,Gas,MW,0.0
India,IND,Punjab,PB,state,2021,Capacity,Fuel,Hydro,MW,1271.53
India,IND,Punjab,PB,state,2021,Capacity,Fuel,Nuclear,MW,0.0
India,IND,Punjab,PB,state,2021,Capacity,Fuel,Other Fossil,MW,0.0
India,IND,Punjab,PB,state,2021,Capacity,Fuel,Other Renewables,MW,0.0
India,IND,Punjab,PB,state,2021,Capacity,Fuel,Solar,MW,1097.9
India,IND,Punjab,PB,state,2021,Capacity,Fuel,Wind,MW,0.0
India,IND,Punjab,PB,state,2021,Electricity generation,Fuel,Bioenergy,%,2.65
India,IND,Punjab,PB,state,2021,Electricity generation,Fuel,Coal,%,76.69
India,IND,Punjab,PB,state,2021,Electricity generation,Fuel,Gas,%,0.0
India,IND,Punjab,PB,state,2021,Electricity generation,Fuel,Hydro,%,15.84
India,IND,Punjab,PB,state,2021,Electricity generation,Fuel,Nuclear,%,0.0
India,IND,Punjab,PB,state,2021,Electricity generation,Fuel,Other Fossil,%,0.0
India,IND,Punjab,PB,state,2021,Electricity generation,Fuel,Other Renewables,%,0.0
India,IND,Punjab,PB,state,2021,Electricity generation,Fuel,Solar,%,4.81
India,IND,Punjab,PB,state,2021,Electricity generation,Fuel,Wind,%,0.0
India,IND,Punjab,PB,state,2021,Electricity generation,Fuel,Bioenergy,GWh,795.26
India,IND,Punjab,PB,state,2021,Electricity generation,Fuel,Coal,GWh,23026.13
India,IND,Punjab,PB,state,2021,Electricity generation,Fuel,Gas,GWh,0.0
India,IND,Punjab,PB,state,2021,Electricity generation,Fuel,Hydro,GWh,4756.48
India,IND,Punjab,PB,state,2021,Electricity generation,Fuel,Nuclear,GWh,0.0
India,IND,Punjab,PB,state,2021,Electricity generation,Fuel,Other Fossil,GWh,0.0
India,IND,Punjab,PB,state,2021,Electricity generation,Fuel,Other Renewables,GWh,0.32
India,IND,Punjab,PB,state,2021,Electricity generation,Fuel,Solar,GWh,1445.58
India,IND,Punjab,PB,state,2021,Electricity generation,Fuel,Wind,GWh,0.0
India,IND,Punjab,PB,state,2021,Electricity generation,Total,Total Generation,GWh,30023.77
India,IND,Punjab,PB,state,2021,Power sector emissions,CO2 intensity,CO2 intensity,gCO2/kWh,641.09
India,IND,Punjab,PB,state,2021,Power sector emissions,Fuel,Bioenergy,%,182.91
India,IND,Punjab,PB,state,2021,Power sector emissions,Fuel,Coal,%,18881.43
India,IND,Punjab,PB,state,2021,Power sector emissions,Fuel,Gas,%,0.0
India,IND,Punjab,PB,state,2021,Power sector emissions,Fuel,Hydro,%,114.16
India,IND,Punjab,PB,state,2021,Power sector emissions,Fuel,Nuclear,%,0.0
India,IND,Punjab,PB,state,2021,Power sector emissions,Fuel,Other Fossil,%,0.0
India,IND,Punjab,PB,state,2021,Power sector emissions,Fuel,Other Renewables,%,0.01
India,IND,Punjab,PB,state,2021,Power sector emissions,Fuel,Solar,%,69.39
India,IND,Punjab,PB,state,2021,Power sector emissions,Fuel,Wind,%,0.0
India,IND,Punjab,PB,state,2021,Power sector emissions,Fuel,Bioenergy,ktCO2,182.91
India,IND,Punjab,PB,state,2021,Power sector emissions,Fuel,Coal,ktCO2,18881.43
India,IND,Punjab,PB,state,2021,Power sector emissions,Fuel,Gas,ktCO2,0.0
India,IND,Punjab,PB,state,2021,Power sector emissions,Fuel,Hydro,ktCO2,114.16
India,IND,Punjab,PB,state,2021,Power sector emissions,Fuel,Nuclear,ktCO2,0.0
India,IND,Punjab,PB,state,2021,Power sector emissions,Fuel,Other Fossil,ktCO2,0.0
India,IND,Punjab,PB,state,2021,Power sector emissions,Fuel,Other Renewables,ktCO2,0.01
India,IND,Punjab,PB,state,2021,Power sector emissions,Fuel,Solar,ktCO2,69.39
India,IND,Punjab,PB,state,2021,Power sector emissions,Fuel,Wind,ktCO2,0.0
India,IND,Punjab,PB,state,2021,Power sector emissions,Total,Total emissions,ktCO2,19247.9
India,IND,Punjab,PB,state,2022,Capacity,Fuel,Bioenergy,MW,498.94
India,IND,Punjab,PB,state,2022,Capacity,Fuel,Coal,MW,5680.0
India,IND,Punjab,PB,state,2022,Capacity,Fuel,Gas,MW,0.0
India,IND,Punjab,PB,state,2022,Capacity,Fuel,Hydro,MW,1272.4
India,IND,Punjab,PB,state,2022,Capacity,Fuel,Nuclear,MW,0.0
India,IND,Punjab,PB,state,2022,Capacity,Fuel,Other Fossil,MW,0.0
India,IND,Punjab,PB,state,2022,Capacity,Fuel,Other Renewables,MW,
India,IND,Punjab,PB,state,2022,Capacity,Fuel,Solar,MW,1153.21
India,IND,Punjab,PB,state,2022,Capacity,Fuel,Wind,MW,0.0
India,IND,Punjab,PB,state,2022,Electricity generation,Fuel,Bioenergy,%,1.86
India,IND,Punjab,PB,state,2022,Electricity generation,Fuel,Coal,%,79.59
India,IND,Punjab,PB,state,2022,Electricity generation,Fuel,Gas,%,0.0
India,IND,Punjab,PB,state,2022,Electricity generation,Fuel,Hydro,%,12.6
India,IND,Punjab,PB,state,2022,Electricity generation,Fuel,Nuclear,%,0.0
India,IND,Punjab,PB,state,2022,Electricity generation,Fuel,Other Fossil,%,0.0
India,IND,Punjab,PB,state,2022,Electricity generation,Fuel,Other Renewables,%,0.0
India,IND,Punjab,PB,state,2022,Electricity generation,Fuel,Solar,%,5.95
India,IND,Punjab,PB,state,2022,Electricity generation,Fuel,Wind,%,0.0
India,IND,Punjab,PB,state,2022,Electricity generation,Fuel,Bioenergy,GWh,705.02
India,IND,Punjab,PB,state,2022,Electricity generation,Fuel,Coal,GWh,30153.1
India,IND,Punjab,PB,state,2022,Electricity generation,Fuel,Gas,GWh,0.0
India,IND,Punjab,PB,state,2022,Electricity generation,Fuel,Hydro,GWh,4773.0
India,IND,Punjab,PB,state,2022,Electricity generation,Fuel,Nuclear,GWh,0.0
India,IND,Punjab,PB,state,2022,Electricity generation,Fuel,Other Fossil,GWh,0.0
India,IND,Punjab,PB,state,2022,Electricity generation,Fuel,Other Renewables,GWh,0.02
India,IND,Punjab,PB,state,2022,Electricity generation,Fuel,Solar,GWh,2253.19
India,IND,Punjab,PB,state,2022,Electricity generation,Fuel,Wind,GWh,0.0
India,IND,Punjab,PB,state,2022,Electricity generation,Total,Total Generation,GWh,37884.33
India,IND,Punjab,PB,state,2022,Power sector emissions,CO2 intensity,CO2 intensity,gCO2/kWh,662.82
India,IND,Punjab,PB,state,2022,Power sector emissions,Fuel,Bioenergy,%,162.16
India,IND,Punjab,PB,state,2022,Power sector emissions,Fuel,Coal,%,24725.54
India,IND,Punjab,PB,state,2022,Power sector emissions,Fuel,Gas,%,0.0
India,IND,Punjab,PB,state,2022,Power sector emissions,Fuel,Hydro,%,114.55
India,IND,Punjab,PB,state,2022,Power sector emissions,Fuel,Nuclear,%,0.0
India,IND,Punjab,PB,state,2022,Power sector emissions,Fuel,Other Fossil,%,0.0
India,IND,Punjab,PB,state,2022,Power sector emissions,Fuel,Other Renewables,%,0.0
India,IND,Punjab,PB,state,2022,Power sector emissions,Fuel,Solar,%,108.15
India,IND,Punjab,PB,state,2022,Power sector emissions,Fuel,Wind,%,0.0
India,IND,Punjab,PB,state,2022,Power sector emissions,Fuel,Bioenergy,ktCO2,162.16
India,IND,Punjab,PB,state,2022,Power sector emissions,Fuel,Coal,ktCO2,24725.54
India,IND,Punjab,PB,state,2022,Power sector emissions,Fuel,Gas,ktCO2,0.0
India,IND,Punjab,PB,state,2022,Power sector emissions,Fuel,Hydro,ktCO2,114.55
India,IND,Punjab,PB,state,2022,Power sector emissions,Fuel,Nuclear,ktCO2,0.0
India,IND,Punjab,PB,state,2022,Power sector emissions,Fuel,Other Fossil,ktCO2,0.0
India,IND,Punjab,PB,state,2022,Power sector emissions,Fuel,Other Renewables,ktCO2,0.0
India,IND,Punjab,PB,state,2022,Power sector emissions,Fuel,Solar,ktCO2,108.15
India,IND,Punjab,PB,state,2022,Power sector emissions,Fuel,Wind,ktCO2,0.0
India,IND,Punjab,PB,state,2022,Power sector emissions,Total,Total emissions,ktCO2,25110.4
India,IND,Punjab,PB,state,2023,Capacity,Fuel,Bioenergy,MW,530.95
India,IND,Punjab,PB,state,2023,Capacity,Fuel,Coal,MW,5680.0
India,IND,Punjab,PB,state,2023,Capacity,Fuel,Gas,MW,0.0
India,IND,Punjab,PB,state,2023,Capacity,Fuel,Hydro,MW,1272.4
India,IND,Punjab,PB,state,2023,Capacity,Fuel,Nuclear,MW,0.0
India,IND,Punjab,PB,state,2023,Capacity,Fuel,Other Fossil,MW,0.0
India,IND,Punjab,PB,state,2023,Capacity,Fuel,Other Renewables,MW,
India,IND,Punjab,PB,state,2023,Capacity,Fuel,Solar,MW,1266.55
India,IND,Punjab,PB,state,2023,Capacity,Fuel,Wind,MW,0.0
India,IND,Punjab,PB,state,2023,Electricity generation,Fuel,Bioenergy,%,1.91
India,IND,Punjab,PB,state,2023,Electricity generation,Fuel,Coal,%,77.31
India,IND,Punjab,PB,state,2023,Electricity generation,Fuel,Gas,%,0.0
India,IND,Punjab,PB,state,2023,Electricity generation,Fuel,Hydro,%,13.05
India,IND,Punjab,PB,state,2023,Electricity generation,Fuel,Nuclear,%,0.0
India,IND,Punjab,PB,state,2023,Electricity generation,Fuel,Other Fossil,%,0.0
India,IND,Punjab,PB,state,2023,Electricity generation,Fuel,Other Renewables,%,0.0
India,IND,Punjab,PB,state,2023,Electricity generation,Fuel,Solar,%,7.73
India,IND,Punjab,PB,state,2023,Electricity generation,Fuel,Wind,%,0.0
India,IND,Punjab,PB,state,2023,Electricity generation,Fuel,Bioenergy,GWh,805.78
India,IND,Punjab,PB,state,2023,Electricity generation,Fuel,Coal,GWh,32624.96
India,IND,Punjab,PB,state,2023,Electricity generation,Fuel,Gas,GWh,0.0
India,IND,Punjab,PB,state,2023,Electricity generation,Fuel,Hydro,GWh,5509.41
India,IND,Punjab,PB,state,2023,Electricity generation,Fuel,Nuclear,GWh,0.0
India,IND,Punjab,PB,state,2023,Electricity generation,Fuel,Other Fossil,GWh,0.0
India,IND,Punjab,PB,state,2023,Electricity generation,Fuel,Other Renewables,GWh,0.0
India,IND,Punjab,PB,state,2023,Electricity generation,Fuel,Solar,GWh,3262.25
India,IND,Punjab,PB,state,2023,Electricity generation,Fuel,Wind,GWh,0.0
India,IND,Punjab,PB,state,2023,Electricity generation,Total,Total Generation,GWh,42202.4
India,IND,Punjab,PB,state,2023,Power sector emissions,CO2 intensity,CO2 intensity,gCO2/kWh,645.14
India,IND,Punjab,PB,state,2023,Power sector emissions,Fuel,Bioenergy,%,185.33
India,IND,Punjab,PB,state,2023,Power sector emissions,Fuel,Coal,%,26752.47
India,IND,Punjab,PB,state,2023,Power sector emissions,Fuel,Gas,%,0.0
India,IND,Punjab,PB,state,2023,Power sector emissions,Fuel,Hydro,%,132.23
India,IND,Punjab,PB,state,2023,Power sector emissions,Fuel,Nuclear,%,0.0
India,IND,Punjab,PB,state,2023,Power sector emissions,Fuel,Other Fossil,%,0.0
India,IND,Punjab,PB,state,2023,Power sector emissions,Fuel,Other Renewables,%,0.0
India,IND,Punjab,PB,state,2023,Power sector emissions,Fuel,Solar,%,156.59
India,IND,Punjab,PB,state,2023,Power sector emissions,Fuel,Wind,%,0.0
India,IND,Punjab,PB,state,2023,Power sector emissions,Fuel,Bioenergy,ktCO2,185.33
India,IND,Punjab,PB,state,2023,Power sector emissions,Fuel,Coal,ktCO2,26752.47
India,IND,Punjab,PB,state,2023,Power sector emissions,Fuel,Gas,ktCO2,0.0
India,IND,Punjab,PB,state,2023,Power sector emissions,Fuel,Hydro,ktCO2,132.23
India,IND,Punjab,PB,state,2023,Power sector emissions,Fuel,Nuclear,ktCO2,0.0
India,IND,Punjab,PB,state,2023,Power sector emissions,Fuel,Other Fossil,ktCO2,0.0
India,IND,Punjab,PB,state,2023,Power sector emissions,Fuel,Other Renewables,ktCO2,0.0
India,IND,Punjab,PB,state,2023,Power sector emissions,Fuel,Solar,ktCO2,156.59
India,IND,Punjab,PB,state,2023,Power sector emissions,Fuel,Wind,ktCO2,0.0
India,IND,Punjab,PB,state,2023,Power sector emissions,Total,Total emissions,ktCO2,27226.62
India,IND,Punjab,PB,state,2024,Capacity,Fuel,Bioenergy,MW,567.25
India,IND,Punjab,PB,state,2024,Capacity,Fuel,Coal,MW,5680.0
India,IND,Punjab,PB,state,2024,Capacity,Fuel,Gas,MW,0.0
India,IND,Punjab,PB,state,2024,Capacity,Fuel,Hydro,MW,1272.4
India,IND,Punjab,PB,state,2024,Capacity,Fuel,Nuclear,MW,0.0
India,IND,Punjab,PB,state,2024,Capacity,Fuel,Other Fossil,MW,0.0
India,IND,Punjab,PB,state,2024,Capacity,Fuel,Other Renewables,MW,
India,IND,Punjab,PB,state,2024,Capacity,Fuel,Solar,MW,1387.05
India,IND,Punjab,PB,state,2024,Capacity,Fuel,Wind,MW,0.0
India,IND,Punjab,PB,state,2024,Electricity generation,Fuel,Bioenergy,%,2.4
India,IND,Punjab,PB,state,2024,Electricity generation,Fuel,Coal,%,82.34
India,IND,Punjab,PB,state,2024,Electricity generation,Fuel,Gas,%,0.0
India,IND,Punjab,PB,state,2024,Electricity generation,Fuel,Hydro,%,12.1
India,IND,Punjab,PB,state,2024,Electricity generation,Fuel,Nuclear,%,0.0
India,IND,Punjab,PB,state,2024,Electricity generation,Fuel,Other Fossil,%,0.0
India,IND,Punjab,PB,state,2024,Electricity generation,Fuel,Other Renewables,%,0.0
India,IND,Punjab,PB,state,2024,Electricity generation,Fuel,Solar,%,3.17
India,IND,Punjab,PB,state,2024,Electricity generation,Fuel,Wind,%,0.0
India,IND,Punjab,PB,state,2024,Electricity generation,Fuel,Bioenergy,GWh,985.92
India,IND,Punjab,PB,state,2024,Electricity generation,Fuel,Coal,GWh,33853.84
India,IND,Punjab,PB,state,2024,Electricity generation,Fuel,Gas,GWh,0.0
India,IND,Punjab,PB,state,2024,Electricity generation,Fuel,Hydro,GWh,4972.87
India,IND,Punjab,PB,state,2024,Electricity generation,Fuel,Nuclear,GWh,0.0
India,IND,Punjab,PB,state,2024,Electricity generation,Fuel,Other Fossil,GWh,0.0
India,IND,Punjab,PB,state,2024,Electricity generation,Fuel,Other Renewables,GWh,0.0
India,IND,Punjab,PB,state,2024,Electricity generation,Fuel,Solar,GWh,1301.59
India,IND,Punjab,PB,state,2024,Electricity generation,Fuel,Wind,GWh,0.0
India,IND,Punjab,PB,state,2024,Electricity generation,Total,Total Generation,GWh,41114.22
India,IND,Punjab,PB,state,2024,Power sector emissions,CO2 intensity,CO2 intensity,gCO2/kWh,685.13
India,IND,Punjab,PB,state,2024,Power sector emissions,Fuel,Bioenergy,%,226.76
India,IND,Punjab,PB,state,2024,Power sector emissions,Fuel,Coal,%,27760.15
India,IND,Punjab,PB,state,2024,Power sector emissions,Fuel,Gas,%,0.0
India,IND,Punjab,PB,state,2024,Power sector emissions,Fuel,Hydro,%,119.35
India,IND,Punjab,PB,state,2024,Power sector emissions,Fuel,Nuclear,%,0.0
India,IND,Punjab,PB,state,2024,Power sector emissions,Fuel,Other Fossil,%,0.0
India,IND,Punjab,PB,state,2024,Power sector emissions,Fuel,Other Renewables,%,0.0
India,IND,Punjab,PB,state,2024,Power sector emissions,Fuel,Solar,%,62.48
India,IND,Punjab,PB,state,2024,Power sector emissions,Fuel,Wind,%,0.0
India,IND,Punjab,PB,state,2024,Power sector emissions,Fuel,Bioenergy,ktCO2,226.76
India,IND,Punjab,PB,state,2024,Power sector emissions,Fuel,Coal,ktCO2,27760.15
India,IND,Punjab,PB,state,2024,Power sector emissions,Fuel,Gas,ktCO2,0.0
India,IND,Punjab,PB,state,2024,Power sector emissions,Fuel,Hydro,ktCO2,119.35
India,IND,Punjab,PB,state,2024,Power sector emissions,Fuel,Nuclear,ktCO2,0.0
India,IND,Punjab,PB,state,2024,Power sector emissions,Fuel,Other Fossil,ktCO2,0.0
India,IND,Punjab,PB,state,2024,Power sector emissions,Fuel,Other Renewables,ktCO2,0.0
India,IND,Punjab,PB,state,2024,Power sector emissions,Fuel,Solar,ktCO2,62.48
India,IND,Punjab,PB,state,2024,Power sector emissions,Fuel,Wind,ktCO2,0.0
India,IND,Punjab,PB,state,2024,Power sector emissions,Total,Total emissions,ktCO2,28168.74
India,IND,Rajasthan,RJ,state,2019,Capacity,Fuel,Bioenergy,MW,121.3
India,IND,Rajasthan,RJ,state,2019,Capacity,Fuel,Coal,MW,9160.0
India,IND,Rajasthan,RJ,state,2019,Capacity,Fuel,Gas,MW,1023.13
India,IND,Rajasthan,RJ,state,2019,Capacity,Fuel,Hydro,MW,434.85
India,IND,Rajasthan,RJ,state,2019,Capacity,Fuel,Nuclear,MW,1180.0
India,IND,Rajasthan,RJ,state,2019,Capacity,Fuel,Other Fossil,MW,0.0
India,IND,Rajasthan,RJ,state,2019,Capacity,Fuel,Other Renewables,MW,0.0
India,IND,Rajasthan,RJ,state,2019,Capacity,Fuel,Solar,MW,4844.21
India,IND,Rajasthan,RJ,state,2019,Capacity,Fuel,Wind,MW,4299.72
India,IND,Rajasthan,RJ,state,2019,Electricity generation,Fuel,Bioenergy,%,0.55
India,IND,Rajasthan,RJ,state,2019,Electricity generation,Fuel,Coal,%,66.41
India,IND,Rajasthan,RJ,state,2019,Electricity generation,Fuel,Gas,%,1.65
India,IND,Rajasthan,RJ,state,2019,Electricity generation,Fuel,Hydro,%,1.08
India,IND,Rajasthan,RJ,state,2019,Electricity generation,Fuel,Nuclear,%,12.1
India,IND,Rajasthan,RJ,state,2019,Electricity generation,Fuel,Other Fossil,%,0.0
India,IND,Rajasthan,RJ,state,2019,Electricity generation,Fuel,Other Renewables,%,0.0
India,IND,Rajasthan,RJ,state,2019,Electricity generation,Fuel,Solar,%,9.7
India,IND,Rajasthan,RJ,state,2019,Electricity generation,Fuel,Wind,%,8.53
India,IND,Rajasthan,RJ,state,2019,Electricity generation,Fuel,Bioenergy,GWh,385.0
India,IND,Rajasthan,RJ,state,2019,Electricity generation,Fuel,Coal,GWh,46766.42
India,IND,Rajasthan,RJ,state,2019,Electricity generation,Fuel,Gas,GWh,1163.61
India,IND,Rajasthan,RJ,state,2019,Electricity generation,Fuel,Hydro,GWh,757.24
India,IND,Rajasthan,RJ,state,2019,Electricity generation,Fuel,Nuclear,GWh,8517.6
India,IND,Rajasthan,RJ,state,2019,Electricity generation,Fuel,Other Fossil,GWh,0.0
India,IND,Rajasthan,RJ,state,2019,Electricity generation,Fuel,Other Renewables,GWh,0.0
India,IND,Rajasthan,RJ,state,2019,Electricity generation,Fuel,Solar,GWh,6827.6
India,IND,Rajasthan,RJ,state,2019,Electricity generation,Fuel,Wind,GWh,6004.24
India,IND,Rajasthan,RJ,state,2019,Electricity generation,Total,Total Generation,GWh,70421.71
India,IND,Rajasthan,RJ,state,2019,Power sector emissions,CO2 intensity,CO2 intensity,gCO2/kWh,561.21
India,IND,Rajasthan,RJ,state,2019,Power sector emissions,Fuel,Bioenergy,%,88.55
India,IND,Rajasthan,RJ,state,2019,Power sector emissions,Fuel,Coal,%,38348.47
India,IND,Rajasthan,RJ,state,2019,Power sector emissions,Fuel,Gas,%,570.17
India,IND,Rajasthan,RJ,state,2019,Power sector emissions,Fuel,Hydro,%,18.17
India,IND,Rajasthan,RJ,state,2019,Power sector emissions,Fuel,Nuclear,%,102.21
India,IND,Rajasthan,RJ,state,2019,Power sector emissions,Fuel,Other Fossil,%,0.0
India,IND,Rajasthan,RJ,state,2019,Power sector emissions,Fuel,Other Renewables,%,0.0
India,IND,Rajasthan,RJ,state,2019,Power sector emissions,Fuel,Solar,%,327.72
India,IND,Rajasthan,RJ,state,2019,Power sector emissions,Fuel,Wind,%,66.05
India,IND,Rajasthan,RJ,state,2019,Power sector emissions,Fuel,Bioenergy,ktCO2,88.55
India,IND,Rajasthan,RJ,state,2019,Power sector emissions,Fuel,Coal,ktCO2,38348.47
India,IND,Rajasthan,RJ,state,2019,Power sector emissions,Fuel,Gas,ktCO2,570.17
India,IND,Rajasthan,RJ,state,2019,Power sector emissions,Fuel,Hydro,ktCO2,18.17
India,IND,Rajasthan,RJ,state,2019,Power sector emissions,Fuel,Nuclear,ktCO2,102.21
India,IND,Rajasthan,RJ,state,2019,Power sector emissions,Fuel,Other Fossil,ktCO2,0.0
India,IND,Rajasthan,RJ,state,2019,Power sector emissions,Fuel,Other Renewables,ktCO2,0.0
India,IND,Rajasthan,RJ,state,2019,Power sector emissions,Fuel,Solar,ktCO2,327.72
India,IND,Rajasthan,RJ,state,2019,Power sector emissions,Fuel,Wind,ktCO2,66.05
India,IND,Rajasthan,RJ,state,2019,Power sector emissions,Total,Total emissions,ktCO2,39521.34
India,IND,Rajasthan,RJ,state,2020,Capacity,Fuel,Bioenergy,MW,121.25
India,IND,Rajasthan,RJ,state,2020,Capacity,Fuel,Coal,MW,9820.0
India,IND,Rajasthan,RJ,state,2020,Capacity,Fuel,Gas,MW,1023.13
India,IND,Rajasthan,RJ,state,2020,Capacity,Fuel,Hydro,MW,434.85
India,IND,Rajasthan,RJ,state,2020,Capacity,Fuel,Nuclear,MW,1180.0
India,IND,Rajasthan,RJ,state,2020,Capacity,Fuel,Other Fossil,MW,0.0
India,IND,Rajasthan,RJ,state,2020,Capacity,Fuel,Other Renewables,MW,0.0
India,IND,Rajasthan,RJ,state,2020,Capacity,Fuel,Solar,MW,5389.48
India,IND,Rajasthan,RJ,state,2020,Capacity,Fuel,Wind,MW,4326.82
India,IND,Rajasthan,RJ,state,2020,Electricity generation,Fuel,Bioenergy,%,0.6
India,IND,Rajasthan,RJ,state,2020,Electricity generation,Fuel,Coal,%,62.84
India,IND,Rajasthan,RJ,state,2020,Electricity generation,Fuel,Gas,%,1.52
India,IND,Rajasthan,RJ,state,2020,Electricity generation,Fuel,Hydro,%,0.74
India,IND,Rajasthan,RJ,state,2020,Electricity generation,Fuel,Nuclear,%,11.14
India,IND,Rajasthan,RJ,state,2020,Electricity generation,Fuel,Other Fossil,%,0.0
India,IND,Rajasthan,RJ,state,2020,Electricity generation,Fuel,Other Renewables,%,0.0
India,IND,Rajasthan,RJ,state,2020,Electricity generation,Fuel,Solar,%,14.7
India,IND,Rajasthan,RJ,state,2020,Electricity generation,Fuel,Wind,%,8.46
India,IND,Rajasthan,RJ,state,2020,Electricity generation,Fuel,Bioenergy,GWh,417.9
India,IND,Rajasthan,RJ,state,2020,Electricity generation,Fuel,Coal,GWh,43438.64
India,IND,Rajasthan,RJ,state,2020,Electricity generation,Fuel,Gas,GWh,1049.13
India,IND,Rajasthan,RJ,state,2020,Electricity generation,Fuel,Hydro,GWh,509.61
India,IND,Rajasthan,RJ,state,2020,Electricity generation,Fuel,Nuclear,GWh,7700.77
India,IND,Rajasthan,RJ,state,2020,Electricity generation,Fuel,Other Fossil,GWh,0.0
India,IND,Rajasthan,RJ,state,2020,Electricity generation,Fuel,Other Renewables,GWh,0.0
India,IND,Rajasthan,RJ,state,2020,Electricity generation,Fuel,Solar,GWh,10162.18
India,IND,Rajasthan,RJ,state,2020,Electricity generation,Fuel,Wind,GWh,5848.42
India,IND,Rajasthan,RJ,state,2020,Electricity generation,Total,Total Generation,GWh,69126.65
India,IND,Rajasthan,RJ,state,2020,Power sector emissions,CO2 intensity,CO2 intensity,gCO2/kWh,533.61
India,IND,Rajasthan,RJ,state,2020,Power sector emissions,Fuel,Bioenergy,%,96.12
India,IND,Rajasthan,RJ,state,2020,Power sector emissions,Fuel,Coal,%,35619.69
India,IND,Rajasthan,RJ,state,2020,Power sector emissions,Fuel,Gas,%,514.07
India,IND,Rajasthan,RJ,state,2020,Power sector emissions,Fuel,Hydro,%,12.23
India,IND,Rajasthan,RJ,state,2020,Power sector emissions,Fuel,Nuclear,%,92.41
India,IND,Rajasthan,RJ,state,2020,Power sector emissions,Fuel,Other Fossil,%,0.0
India,IND,Rajasthan,RJ,state,2020,Power sector emissions,Fuel,Other Renewables,%,0.0
India,IND,Rajasthan,RJ,state,2020,Power sector emissions,Fuel,Solar,%,487.78
India,IND,Rajasthan,RJ,state,2020,Power sector emissions,Fuel,Wind,%,64.33
India,IND,Rajasthan,RJ,state,2020,Power sector emissions,Fuel,Bioenergy,ktCO2,96.12
India,IND,Rajasthan,RJ,state,2020,Power sector emissions,Fuel,Coal,ktCO2,35619.69
India,IND,Rajasthan,RJ,state,2020,Power sector emissions,Fuel,Gas,ktCO2,514.07
India,IND,Rajasthan,RJ,state,2020,Power sector emissions,Fuel,Hydro,ktCO2,12.23
India,IND,Rajasthan,RJ,state,2020,Power sector emissions,Fuel,Nuclear,ktCO2,92.41
India,IND,Rajasthan,RJ,state,2020,Power sector emissions,Fuel,Other Fossil,ktCO2,0.0
India,IND,Rajasthan,RJ,state,2020,Power sector emissions,Fuel,Other Renewables,ktCO2,0.0
India,IND,Rajasthan,RJ,state,2020,Power sector emissions,Fuel,Solar,ktCO2,487.78
India,IND,Rajasthan,RJ,state,2020,Power sector emissions,Fuel,Wind,ktCO2,64.33
India,IND,Rajasthan,RJ,state,2020,Power sector emissions,Total,Total emissions,ktCO2,36886.63
India,IND,Rajasthan,RJ,state,2021,Capacity,Fuel,Bioenergy,MW,125.08
India,IND,Rajasthan,RJ,state,2021,Capacity,Fuel,Coal,MW,10480.0
India,IND,Rajasthan,RJ,state,2021,Capacity,Fuel,Gas,MW,1023.13
India,IND,Rajasthan,RJ,state,2021,Capacity,Fuel,Hydro,MW,434.85
India,IND,Rajasthan,RJ,state,2021,Capacity,Fuel,Nuclear,MW,1180.0
India,IND,Rajasthan,RJ,state,2021,Capacity,Fuel,Other Fossil,MW,0.0
India,IND,Rajasthan,RJ,state,2021,Capacity,Fuel,Other Renewables,MW,0.0
India,IND,Rajasthan,RJ,state,2021,Capacity,Fuel,Solar,MW,10009.77
India,IND,Rajasthan,RJ,state,2021,Capacity,Fuel,Wind,MW,4326.82
India,IND,Rajasthan,RJ,state,2021,Electricity generation,Fuel,Bioenergy,%,0.49
India,IND,Rajasthan,RJ,state,2021,Electricity generation,Fuel,Coal,%,61.35
India,IND,Rajasthan,RJ,state,2021,Electricity generation,Fuel,Gas,%,1.8
India,IND,Rajasthan,RJ,state,2021,Electricity generation,Fuel,Hydro,%,0.53
India,IND,Rajasthan,RJ,state,2021,Electricity generation,Fuel,Nuclear,%,9.85
India,IND,Rajasthan,RJ,state,2021,Electricity generation,Fuel,Other Fossil,%,0.0
India,IND,Rajasthan,RJ,state,2021,Electricity generation,Fuel,Other Renewables,%,0.0
India,IND,Rajasthan,RJ,state,2021,Electricity generation,Fuel,Solar,%,17.55
India,IND,Rajasthan,RJ,state,2021,Electricity generation,Fuel,Wind,%,8.42
India,IND,Rajasthan,RJ,state,2021,Electricity generation,Fuel,Bioenergy,GWh,383.44
India,IND,Rajasthan,RJ,state,2021,Electricity generation,Fuel,Coal,GWh,47661.63
India,IND,Rajasthan,RJ,state,2021,Electricity generation,Fuel,Gas,GWh,1402.14
India,IND,Rajasthan,RJ,state,2021,Electricity generation,Fuel,Hydro,GWh,410.61
India,IND,Rajasthan,RJ,state,2021,Electricity generation,Fuel,Nuclear,GWh,7653.04
India,IND,Rajasthan,RJ,state,2021,Electricity generation,Fuel,Other Fossil,GWh,0.0
India,IND,Rajasthan,RJ,state,2021,Electricity generation,Fuel,Other Renewables,GWh,0.0
India,IND,Rajasthan,RJ,state,2021,Electricity generation,Fuel,Solar,GWh,13635.36
India,IND,Rajasthan,RJ,state,2021,Electricity generation,Fuel,Wind,GWh,6541.34
India,IND,Rajasthan,RJ,state,2021,Electricity generation,Total,Total Generation,GWh,77687.56
India,IND,Rajasthan,RJ,state,2021,Power sector emissions,CO2 intensity,CO2 intensity,gCO2/kWh,523.71
India,IND,Rajasthan,RJ,state,2021,Power sector emissions,Fuel,Bioenergy,%,88.19
India,IND,Rajasthan,RJ,state,2021,Power sector emissions,Fuel,Coal,%,39082.54
India,IND,Rajasthan,RJ,state,2021,Power sector emissions,Fuel,Gas,%,687.05
India,IND,Rajasthan,RJ,state,2021,Power sector emissions,Fuel,Hydro,%,9.85
India,IND,Rajasthan,RJ,state,2021,Power sector emissions,Fuel,Nuclear,%,91.84
India,IND,Rajasthan,RJ,state,2021,Power sector emissions,Fuel,Other Fossil,%,0.0
India,IND,Rajasthan,RJ,state,2021,Power sector emissions,Fuel,Other Renewables,%,0.0
India,IND,Rajasthan,RJ,state,2021,Power sector emissions,Fuel,Solar,%,654.5
India,IND,Rajasthan,RJ,state,2021,Power sector emissions,Fuel,Wind,%,71.95
India,IND,Rajasthan,RJ,state,2021,Power sector emissions,Fuel,Bioenergy,ktCO2,88.19
India,IND,Rajasthan,RJ,state,2021,Power sector emissions,Fuel,Coal,ktCO2,39082.54
India,IND,Rajasthan,RJ,state,2021,Power sector emissions,Fuel,Gas,ktCO2,687.05
India,IND,Rajasthan,RJ,state,2021,Power sector emissions,Fuel,Hydro,ktCO2,9.85
India,IND,Rajasthan,RJ,state,2021,Power sector emissions,Fuel,Nuclear,ktCO2,91.84
India,IND,Rajasthan,RJ,state,2021,Power sector emissions,Fuel,Other Fossil,ktCO2,0.0
India,IND,Rajasthan,RJ,state,2021,Power sector emissions,Fuel,Other Renewables,ktCO2,0.0
India,IND,Rajasthan,RJ,state,2021,Power sector emissions,Fuel,Solar,ktCO2,654.5
India,IND,Rajasthan,RJ,state,2021,Power sector emissions,Fuel,Wind,ktCO2,71.95
India,IND,Rajasthan,RJ,state,2021,Power sector emissions,Total,Total emissions,ktCO2,40685.92
India,IND,Rajasthan,RJ,state,2022,Capacity,Fuel,Bioenergy,MW,125.08
India,IND,Rajasthan,RJ,state,2022,Capacity,Fuel,Coal,MW,10480.0
India,IND,Rajasthan,RJ,state,2022,Capacity,Fuel,Gas,MW,1022.83
India,IND,Rajasthan,RJ,state,2022,Capacity,Fuel,Hydro,MW,434.85
India,IND,Rajasthan,RJ,state,2022,Capacity,Fuel,Nuclear,MW,1180.0
India,IND,Rajasthan,RJ,state,2022,Capacity,Fuel,Other Fossil,MW,0.0
India,IND,Rajasthan,RJ,state,2022,Capacity,Fuel,Other Renewables,MW,
India,IND,Rajasthan,RJ,state,2022,Capacity,Fuel,Solar,MW,16340.8
India,IND,Rajasthan,RJ,state,2022,Capacity,Fuel,Wind,MW,4681.82
India,IND,Rajasthan,RJ,state,2022,Electricity generation,Fuel,Bioenergy,%,0.38
India,IND,Rajasthan,RJ,state,2022,Electricity generation,Fuel,Coal,%,54.31
India,IND,Rajasthan,RJ,state,2022,Electricity generation,Fuel,Gas,%,1.31
India,IND,Rajasthan,RJ,state,2022,Electricity generation,Fuel,Hydro,%,0.87
India,IND,Rajasthan,RJ,state,2022,Electricity generation,Fuel,Nuclear,%,7.19
India,IND,Rajasthan,RJ,state,2022,Electricity generation,Fuel,Other Fossil,%,0.0
India,IND,Rajasthan,RJ,state,2022,Electricity generation,Fuel,Other Renewables,%,0.0
India,IND,Rajasthan,RJ,state,2022,Electricity generation,Fuel,Solar,%,30.12
India,IND,Rajasthan,RJ,state,2022,Electricity generation,Fuel,Wind,%,5.81
India,IND,Rajasthan,RJ,state,2022,Electricity generation,Fuel,Bioenergy,GWh,392.57
India,IND,Rajasthan,RJ,state,2022,Electricity generation,Fuel,Coal,GWh,56548.3
India,IND,Rajasthan,RJ,state,2022,Electricity generation,Fuel,Gas,GWh,1368.51
India,IND,Rajasthan,RJ,state,2022,Electricity generation,Fuel,Hydro,GWh,910.86
India,IND,Rajasthan,RJ,state,2022,Electricity generation,Fuel,Nuclear,GWh,7488.23
India,IND,Rajasthan,RJ,state,2022,Electricity generation,Fuel,Other Fossil,GWh,0.0
India,IND,Rajasthan,RJ,state,2022,Electricity generation,Fuel,Other Renewables,GWh,0.0
India,IND,Rajasthan,RJ,state,2022,Electricity generation,Fuel,Solar,GWh,31360.45
India,IND,Rajasthan,RJ,state,2022,Electricity generation,Fuel,Wind,GWh,6048.83
India,IND,Rajasthan,RJ,state,2022,Electricity generation,Total,Total Generation,GWh,104117.75
India,IND,Rajasthan,RJ,state,2022,Power sector emissions,CO2 intensity,CO2 intensity,gCO2/kWh,468.84
India,IND,Rajasthan,RJ,state,2022,Power sector emissions,Fuel,Bioenergy,%,90.29
India,IND,Rajasthan,RJ,state,2022,Power sector emissions,Fuel,Coal,%,46369.61
India,IND,Rajasthan,RJ,state,2022,Power sector emissions,Fuel,Gas,%,670.57
India,IND,Rajasthan,RJ,state,2022,Power sector emissions,Fuel,Hydro,%,21.86
India,IND,Rajasthan,RJ,state,2022,Power sector emissions,Fuel,Nuclear,%,89.86
India,IND,Rajasthan,RJ,state,2022,Power sector emissions,Fuel,Other Fossil,%,0.0
India,IND,Rajasthan,RJ,state,2022,Power sector emissions,Fuel,Other Renewables,%,0.0
India,IND,Rajasthan,RJ,state,2022,Power sector emissions,Fuel,Solar,%,1505.3
India,IND,Rajasthan,RJ,state,2022,Power sector emissions,Fuel,Wind,%,66.54
India,IND,Rajasthan,RJ,state,2022,Power sector emissions,Fuel,Bioenergy,ktCO2,90.29
India,IND,Rajasthan,RJ,state,2022,Power sector emissions,Fuel,Coal,ktCO2,46369.61
India,IND,Rajasthan,RJ,state,2022,Power sector emissions,Fuel,Gas,ktCO2,670.57
India,IND,Rajasthan,RJ,state,2022,Power sector emissions,Fuel,Hydro,ktCO2,21.86
India,IND,Rajasthan,RJ,state,2022,Power sector emissions,Fuel,Nuclear,ktCO2,89.86
India,IND,Rajasthan,RJ,state,2022,Power sector emissions,Fuel,Other Fossil,ktCO2,0.0
India,IND,Rajasthan,RJ,state,2022,Power sector emissions,Fuel,Other Renewables,ktCO2,0.0
India,IND,Rajasthan,RJ,state,2022,Power sector emissions,Fuel,Solar,ktCO2,1505.3
India,IND,Rajasthan,RJ,state,2022,Power sector emissions,Fuel,Wind,ktCO2,66.54
India,IND,Rajasthan,RJ,state,2022,Power sector emissions,Total,Total emissions,ktCO2,48814.03
India,IND,Rajasthan,RJ,state,2023,Capacity,Fuel,Bioenergy,MW,125.64
India,IND,Rajasthan,RJ,state,2023,Capacity,Fuel,Coal,MW,10780.0
India,IND,Rajasthan,RJ,state,2023,Capacity,Fuel,Gas,MW,1022.83
India,IND,Rajasthan,RJ,state,2023,Capacity,Fuel,Hydro,MW,434.85
India,IND,Rajasthan,RJ,state,2023,Capacity,Fuel,Nuclear,MW,1180.0
India,IND,Rajasthan,RJ,state,2023,Capacity,Fuel,Other Fossil,MW,0.0
India,IND,Rajasthan,RJ,state,2023,Capacity,Fuel,Other Renewables,MW,
India,IND,Rajasthan,RJ,state,2023,Capacity,Fuel,Solar,MW,18777.1
India,IND,Rajasthan,RJ,state,2023,Capacity,Fuel,Wind,MW,5193.42
India,IND,Rajasthan,RJ,state,2023,Electricity generation,Fuel,Bioenergy,%,0.34
India,IND,Rajasthan,RJ,state,2023,Electricity generation,Fuel,Coal,%,51.61
India,IND,Rajasthan,RJ,state,2023,Electricity generation,Fuel,Gas,%,1.19
India,IND,Rajasthan,RJ,state,2023,Electricity generation,Fuel,Hydro,%,0.83
India,IND,Rajasthan,RJ,state,2023,Electricity generation,Fuel,Nuclear,%,5.79
India,IND,Rajasthan,RJ,state,2023,Electricity generation,Fuel,Other Fossil,%,0.0
India,IND,Rajasthan,RJ,state,2023,Electricity generation,Fuel,Other Renewables,%,0.0
India,IND,Rajasthan,RJ,state,2023,Electricity generation,Fuel,Solar,%,33.21
India,IND,Rajasthan,RJ,state,2023,Electricity generation,Fuel,Wind,%,7.04
India,IND,Rajasthan,RJ,state,2023,Electricity generation,Fuel,Bioenergy,GWh,380.43
India,IND,Rajasthan,RJ,state,2023,Electricity generation,Fuel,Coal,GWh,58482.94
India,IND,Rajasthan,RJ,state,2023,Electricity generation,Fuel,Gas,GWh,1348.4
India,IND,Rajasthan,RJ,state,2023,Electricity generation,Fuel,Hydro,GWh,941.17
India,IND,Rajasthan,RJ,state,2023,Electricity generation,Fuel,Nuclear,GWh,6561.05
India,IND,Rajasthan,RJ,state,2023,Electricity generation,Fuel,Other Fossil,GWh,0.0
India,IND,Rajasthan,RJ,state,2023,Electricity generation,Fuel,Other Renewables,GWh,0.0
India,IND,Rajasthan,RJ,state,2023,Electricity generation,Fuel,Solar,GWh,37629.11
India,IND,Rajasthan,RJ,state,2023,Electricity generation,Fuel,Wind,GWh,7977.76
India,IND,Rajasthan,RJ,state,2023,Electricity generation,Total,Total Generation,GWh,113320.86
India,IND,Rajasthan,RJ,state,2023,Power sector emissions,CO2 intensity,CO2 intensity,gCO2/kWh,447.4
India,IND,Rajasthan,RJ,state,2023,Power sector emissions,Fuel,Bioenergy,%,87.5
India,IND,Rajasthan,RJ,state,2023,Power sector emissions,Fuel,Coal,%,47956.01
India,IND,Rajasthan,RJ,state,2023,Power sector emissions,Fuel,Gas,%,660.72
India,IND,Rajasthan,RJ,state,2023,Power sector emissions,Fuel,Hydro,%,22.59
India,IND,Rajasthan,RJ,state,2023,Power sector emissions,Fuel,Nuclear,%,78.73
India,IND,Rajasthan,RJ,state,2023,Power sector emissions,Fuel,Other Fossil,%,0.0
India,IND,Rajasthan,RJ,state,2023,Power sector emissions,Fuel,Other Renewables,%,0.0
India,IND,Rajasthan,RJ,state,2023,Power sector emissions,Fuel,Solar,%,1806.2
India,IND,Rajasthan,RJ,state,2023,Power sector emissions,Fuel,Wind,%,87.76
India,IND,Rajasthan,RJ,state,2023,Power sector emissions,Fuel,Bioenergy,ktCO2,87.5
India,IND,Rajasthan,RJ,state,2023,Power sector emissions,Fuel,Coal,ktCO2,47956.01
India,IND,Rajasthan,RJ,state,2023,Power sector emissions,Fuel,Gas,ktCO2,660.72
India,IND,Rajasthan,RJ,state,2023,Power sector emissions,Fuel,Hydro,ktCO2,22.59
India,IND,Rajasthan,RJ,state,2023,Power sector emissions,Fuel,Nuclear,ktCO2,78.73
India,IND,Rajasthan,RJ,state,2023,Power sector emissions,Fuel,Other Fossil,ktCO2,0.0
India,IND,Rajasthan,RJ,state,2023,Power sector emissions,Fuel,Other Renewables,ktCO2,0.0
India,IND,Rajasthan,RJ,state,2023,Power sector emissions,Fuel,Solar,ktCO2,1806.2
India,IND,Rajasthan,RJ,state,2023,Power sector emissions,Fuel,Wind,ktCO2,87.76
India,IND,Rajasthan,RJ,state,2023,Power sector emissions,Total,Total emissions,ktCO2,50699.51
India,IND,Rajasthan,RJ,state,2024,Capacity,Fuel,Bioenergy,MW,126.06
India,IND,Rajasthan,RJ,state,2024,Capacity,Fuel,Coal,MW,10780.0
India,IND,Rajasthan,RJ,state,2024,Capacity,Fuel,Gas,MW,1022.83
India,IND,Rajasthan,RJ,state,2024,Capacity,Fuel,Hydro,MW,434.85
India,IND,Rajasthan,RJ,state,2024,Capacity,Fuel,Nuclear,MW,1180.0
India,IND,Rajasthan,RJ,state,2024,Capacity,Fuel,Other Fossil,MW,0.0
India,IND,Rajasthan,RJ,state,2024,Capacity,Fuel,Other Renewables,MW,
India,IND,Rajasthan,RJ,state,2024,Capacity,Fuel,Solar,MW,26489.7
India,IND,Rajasthan,RJ,state,2024,Capacity,Fuel,Wind,MW,5195.82
India,IND,Rajasthan,RJ,state,2024,Electricity generation,Fuel,Bioenergy,%,0.31
India,IND,Rajasthan,RJ,state,2024,Electricity generation,Fuel,Coal,%,50.61
India,IND,Rajasthan,RJ,state,2024,Electricity generation,Fuel,Gas,%,0.7
India,IND,Rajasthan,RJ,state,2024,Electricity generation,Fuel,Hydro,%,0.74
India,IND,Rajasthan,RJ,state,2024,Electricity generation,Fuel,Nuclear,%,5.98
India,IND,Rajasthan,RJ,state,2024,Electricity generation,Fuel,Other Fossil,%,0.0
India,IND,Rajasthan,RJ,state,2024,Electricity generation,Fuel,Other Renewables,%,0.0
India,IND,Rajasthan,RJ,state,2024,Electricity generation,Fuel,Solar,%,36.15
India,IND,Rajasthan,RJ,state,2024,Electricity generation,Fuel,Wind,%,5.52
India,IND,Rajasthan,RJ,state,2024,Electricity generation,Fuel,Bioenergy,GWh,399.3
India,IND,Rajasthan,RJ,state,2024,Electricity generation,Fuel,Coal,GWh,64464.09
India,IND,Rajasthan,RJ,state,2024,Electricity generation,Fuel,Gas,GWh,886.46
India,IND,Rajasthan,RJ,state,2024,Electricity generation,Fuel,Hydro,GWh,936.74
India,IND,Rajasthan,RJ,state,2024,Electricity generation,Fuel,Nuclear,GWh,7613.13
India,IND,Rajasthan,RJ,state,2024,Electricity generation,Fuel,Other Fossil,GWh,0.0
India,IND,Rajasthan,RJ,state,2024,Electricity generation,Fuel,Other Renewables,GWh,0.0
India,IND,Rajasthan,RJ,state,2024,Electricity generation,Fuel,Solar,GWh,46039.53
India,IND,Rajasthan,RJ,state,2024,Electricity generation,Fuel,Wind,GWh,7032.2
India,IND,Rajasthan,RJ,state,2024,Electricity generation,Total,Total Generation,GWh,127371.45
India,IND,Rajasthan,RJ,state,2024,Power sector emissions,CO2 intensity,CO2 intensity,gCO2/kWh,437.99
India,IND,Rajasthan,RJ,state,2024,Power sector emissions,Fuel,Bioenergy,%,91.84
India,IND,Rajasthan,RJ,state,2024,Power sector emissions,Fuel,Coal,%,52860.55
India,IND,Rajasthan,RJ,state,2024,Power sector emissions,Fuel,Gas,%,434.37
India,IND,Rajasthan,RJ,state,2024,Power sector emissions,Fuel,Hydro,%,22.48
India,IND,Rajasthan,RJ,state,2024,Power sector emissions,Fuel,Nuclear,%,91.36
India,IND,Rajasthan,RJ,state,2024,Power sector emissions,Fuel,Other Fossil,%,0.0
India,IND,Rajasthan,RJ,state,2024,Power sector emissions,Fuel,Other Renewables,%,0.0
India,IND,Rajasthan,RJ,state,2024,Power sector emissions,Fuel,Solar,%,2209.9
India,IND,Rajasthan,RJ,state,2024,Power sector emissions,Fuel,Wind,%,77.35
India,IND,Rajasthan,RJ,state,2024,Power sector emissions,Fuel,Bioenergy,ktCO2,91.84
India,IND,Rajasthan,RJ,state,2024,Power sector emissions,Fuel,Coal,ktCO2,52860.55
India,IND,Rajasthan,RJ,state,2024,Power sector emissions,Fuel,Gas,ktCO2,434.37
India,IND,Rajasthan,RJ,state,2024,Power sector emissions,Fuel,Hydro,ktCO2,22.48
India,IND,Rajasthan,RJ,state,2024,Power sector emissions,Fuel,Nuclear,ktCO2,91.36
India,IND,Rajasthan,RJ,state,2024,Power sector emissions,Fuel,Other Fossil,ktCO2,0.0
India,IND,Rajasthan,RJ,state,2024,Power sector emissions,Fuel,Other Renewables,ktCO2,0.0
India,IND,Rajasthan,RJ,state,2024,Power sector emissions,Fuel,Solar,ktCO2,2209.9
India,IND,Rajasthan,RJ,state,2024,Power sector emissions,Fuel,Wind,ktCO2,77.35
India,IND,Rajasthan,RJ,state,2024,Power sector emissions,Total,Total emissions,ktCO2,55787.85
India,IND,Sikkim,SK,state,2019,Capacity,Fuel,Bioenergy,MW,0.0
India,IND,Sikkim,SK,state,2019,Capacity,Fuel,Coal,MW,0.0
India,IND,Sikkim,SK,state,2019,Capacity,Fuel,Gas,MW,0.0
India,IND,Sikkim,SK,state,2019,Capacity,Fuel,Hydro,MW,2221.11
India,IND,Sikkim,SK,state,2019,Capacity,Fuel,Nuclear,MW,0.0
India,IND,Sikkim,SK,state,2019,Capacity,Fuel,Other Fossil,MW,0.0
India,IND,Sikkim,SK,state,2019,Capacity,Fuel,Other Renewables,MW,0.0
India,IND,Sikkim,SK,state,2019,Capacity,Fuel,Solar,MW,0.07
India,IND,Sikkim,SK,state,2019,Capacity,Fuel,Wind,MW,0.0
India,IND,Sikkim,SK,state,2019,Electricity generation,Fuel,Bioenergy,%,0.0
India,IND,Sikkim,SK,state,2019,Electricity generation,Fuel,Coal,%,0.0
India,IND,Sikkim,SK,state,2019,Electricity generation,Fuel,Gas,%,0.0
India,IND,Sikkim,SK,state,2019,Electricity generation,Fuel,Hydro,%,100.0
India,IND,Sikkim,SK,state,2019,Electricity generation,Fuel,Nuclear,%,0.0
India,IND,Sikkim,SK,state,2019,Electricity generation,Fuel,Other Fossil,%,0.0
India,IND,Sikkim,SK,state,2019,Electricity generation,Fuel,Other Renewables,%,0.0
India,IND,Sikkim,SK,state,2019,Electricity generation,Fuel,Solar,%,0.0
India,IND,Sikkim,SK,state,2019,Electricity generation,Fuel,Wind,%,0.0
India,IND,Sikkim,SK,state,2019,Electricity generation,Fuel,Bioenergy,GWh,0.0
India,IND,Sikkim,SK,state,2019,Electricity generation,Fuel,Coal,GWh,0.0
India,IND,Sikkim,SK,state,2019,Electricity generation,Fuel,Gas,GWh,0.0
India,IND,Sikkim,SK,state,2019,Electricity generation,Fuel,Hydro,GWh,11099.39
India,IND,Sikkim,SK,state,2019,Electricity generation,Fuel,Nuclear,GWh,0.0
India,IND,Sikkim,SK,state,2019,Electricity generation,Fuel,Other Fossil,GWh,0.0
India,IND,Sikkim,SK,state,2019,Electricity generation,Fuel,Other Renewables,GWh,0.0
India,IND,Sikkim,SK,state,2019,Electricity generation,Fuel,Solar,GWh,0.0
India,IND,Sikkim,SK,state,2019,Electricity generation,Fuel,Wind,GWh,0.0
India,IND,Sikkim,SK,state,2019,Electricity generation,Total,Total Generation,GWh,11099.39
India,IND,Sikkim,SK,state,2019,Power sector emissions,CO2 intensity,CO2 intensity,gCO2/kWh,24.0
India,IND,Sikkim,SK,state,2019,Power sector emissions,Fuel,Bioenergy,%,0.0
India,IND,Sikkim,SK,state,2019,Power sector emissions,Fuel,Coal,%,0.0
India,IND,Sikkim,SK,state,2019,Power sector emissions,Fuel,Gas,%,0.0
India,IND,Sikkim,SK,state,2019,Power sector emissions,Fuel,Hydro,%,266.39
India,IND,Sikkim,SK,state,2019,Power sector emissions,Fuel,Nuclear,%,0.0
India,IND,Sikkim,SK,state,2019,Power sector emissions,Fuel,Other Fossil,%,0.0
India,IND,Sikkim,SK,state,2019,Power sector emissions,Fuel,Other Renewables,%,0.0
India,IND,Sikkim,SK,state,2019,Power sector emissions,Fuel,Solar,%,0.0
India,IND,Sikkim,SK,state,2019,Power sector emissions,Fuel,Wind,%,0.0
India,IND,Sikkim,SK,state,2019,Power sector emissions,Fuel,Bioenergy,ktCO2,0.0
India,IND,Sikkim,SK,state,2019,Power sector emissions,Fuel,Coal,ktCO2,0.0
India,IND,Sikkim,SK,state,2019,Power sector emissions,Fuel,Gas,ktCO2,0.0
India,IND,Sikkim,SK,state,2019,Power sector emissions,Fuel,Hydro,ktCO2,266.39
India,IND,Sikkim,SK,state,2019,Power sector emissions,Fuel,Nuclear,ktCO2,0.0
India,IND,Sikkim,SK,state,2019,Power sector emissions,Fuel,Other Fossil,ktCO2,0.0
India,IND,Sikkim,SK,state,2019,Power sector emissions,Fuel,Other Renewables,ktCO2,0.0
India,IND,Sikkim,SK,state,2019,Power sector emissions,Fuel,Solar,ktCO2,0.0
India,IND,Sikkim,SK,state,2019,Power sector emissions,Fuel,Wind,ktCO2,0.0
India,IND,Sikkim,SK,state,2019,Power sector emissions,Total,Total emissions,ktCO2,266.39
India,IND,Sikkim,SK,state,2020,Capacity,Fuel,Bioenergy,MW,0.0
India,IND,Sikkim,SK,state,2020,Capacity,Fuel,Coal,MW,0.0
India,IND,Sikkim,SK,state,2020,Capacity,Fuel,Gas,MW,0.0
India,IND,Sikkim,SK,state,2020,Capacity,Fuel,Hydro,MW,2221.11
India,IND,Sikkim,SK,state,2020,Capacity,Fuel,Nuclear,MW,0.0
India,IND,Sikkim,SK,state,2020,Capacity,Fuel,Other Fossil,MW,0.0
India,IND,Sikkim,SK,state,2020,Capacity,Fuel,Other Renewables,MW,0.0
India,IND,Sikkim,SK,state,2020,Capacity,Fuel,Solar,MW,0.07
India,IND,Sikkim,SK,state,2020,Capacity,Fuel,Wind,MW,0.0
India,IND,Sikkim,SK,state,2020,Electricity generation,Fuel,Bioenergy,%,0.0
India,IND,Sikkim,SK,state,2020,Electricity generation,Fuel,Coal,%,0.0
India,IND,Sikkim,SK,state,2020,Electricity generation,Fuel,Gas,%,0.0
India,IND,Sikkim,SK,state,2020,Electricity generation,Fuel,Hydro,%,100.0
India,IND,Sikkim,SK,state,2020,Electricity generation,Fuel,Nuclear,%,0.0
India,IND,Sikkim,SK,state,2020,Electricity generation,Fuel,Other Fossil,%,0.0
India,IND,Sikkim,SK,state,2020,Electricity generation,Fuel,Other Renewables,%,0.0
India,IND,Sikkim,SK,state,2020,Electricity generation,Fuel,Solar,%,0.0
India,IND,Sikkim,SK,state,2020,Electricity generation,Fuel,Wind,%,0.0
India,IND,Sikkim,SK,state,2020,Electricity generation,Fuel,Bioenergy,GWh,0.0
India,IND,Sikkim,SK,state,2020,Electricity generation,Fuel,Coal,GWh,0.0
India,IND,Sikkim,SK,state,2020,Electricity generation,Fuel,Gas,GWh,0.0
India,IND,Sikkim,SK,state,2020,Electricity generation,Fuel,Hydro,GWh,10964.49
India,IND,Sikkim,SK,state,2020,Electricity generation,Fuel,Nuclear,GWh,0.0
India,IND,Sikkim,SK,state,2020,Electricity generation,Fuel,Other Fossil,GWh,0.0
India,IND,Sikkim,SK,state,2020,Electricity generation,Fuel,Other Renewables,GWh,0.0
India,IND,Sikkim,SK,state,2020,Electricity generation,Fuel,Solar,GWh,0.0
India,IND,Sikkim,SK,state,2020,Electricity generation,Fuel,Wind,GWh,0.0
India,IND,Sikkim,SK,state,2020,Electricity generation,Total,Total Generation,GWh,10964.49
India,IND,Sikkim,SK,state,2020,Power sector emissions,CO2 intensity,CO2 intensity,gCO2/kWh,24.0
India,IND,Sikkim,SK,state,2020,Power sector emissions,Fuel,Bioenergy,%,0.0
India,IND,Sikkim,SK,state,2020,Power sector emissions,Fuel,Coal,%,0.0
India,IND,Sikkim,SK,state,2020,Power sector emissions,Fuel,Gas,%,0.0
India,IND,Sikkim,SK,state,2020,Power sector emissions,Fuel,Hydro,%,263.15
India,IND,Sikkim,SK,state,2020,Power sector emissions,Fuel,Nuclear,%,0.0
India,IND,Sikkim,SK,state,2020,Power sector emissions,Fuel,Other Fossil,%,0.0
India,IND,Sikkim,SK,state,2020,Power sector emissions,Fuel,Other Renewables,%,0.0
India,IND,Sikkim,SK,state,2020,Power sector emissions,Fuel,Solar,%,0.0
India,IND,Sikkim,SK,state,2020,Power sector emissions,Fuel,Wind,%,0.0
India,IND,Sikkim,SK,state,2020,Power sector emissions,Fuel,Bioenergy,ktCO2,0.0
India,IND,Sikkim,SK,state,2020,Power sector emissions,Fuel,Coal,ktCO2,0.0
India,IND,Sikkim,SK,state,2020,Power sector emissions,Fuel,Gas,ktCO2,0.0
India,IND,Sikkim,SK,state,2020,Power sector emissions,Fuel,Hydro,ktCO2,263.15
India,IND,Sikkim,SK,state,2020,Power sector emissions,Fuel,Nuclear,ktCO2,0.0
India,IND,Sikkim,SK,state,2020,Power sector emissions,Fuel,Other Fossil,ktCO2,0.0
India,IND,Sikkim,SK,state,2020,Power sector emissions,Fuel,Other Renewables,ktCO2,0.0
India,IND,Sikkim,SK,state,2020,Power sector emissions,Fuel,Solar,ktCO2,0.0
India,IND,Sikkim,SK,state,2020,Power sector emissions,Fuel,Wind,ktCO2,0.0
India,IND,Sikkim,SK,state,2020,Power sector emissions,Total,Total emissions,ktCO2,263.15
India,IND,Sikkim,SK,state,2021,Capacity,Fuel,Bioenergy,MW,0.0
India,IND,Sikkim,SK,state,2021,Capacity,Fuel,Coal,MW,0.0
India,IND,Sikkim,SK,state,2021,Capacity,Fuel,Gas,MW,0.0
India,IND,Sikkim,SK,state,2021,Capacity,Fuel,Hydro,MW,2334.11
India,IND,Sikkim,SK,state,2021,Capacity,Fuel,Nuclear,MW,0.0
India,IND,Sikkim,SK,state,2021,Capacity,Fuel,Other Fossil,MW,0.0
India,IND,Sikkim,SK,state,2021,Capacity,Fuel,Other Renewables,MW,0.0
India,IND,Sikkim,SK,state,2021,Capacity,Fuel,Solar,MW,4.64
India,IND,Sikkim,SK,state,2021,Capacity,Fuel,Wind,MW,0.0
India,IND,Sikkim,SK,state,2021,Electricity generation,Fuel,Bioenergy,%,0.0
India,IND,Sikkim,SK,state,2021,Electricity generation,Fuel,Coal,%,0.0
India,IND,Sikkim,SK,state,2021,Electricity generation,Fuel,Gas,%,0.0
India,IND,Sikkim,SK,state,2021,Electricity generation,Fuel,Hydro,%,100.0
India,IND,Sikkim,SK,state,2021,Electricity generation,Fuel,Nuclear,%,0.0
India,IND,Sikkim,SK,state,2021,Electricity generation,Fuel,Other Fossil,%,0.0
India,IND,Sikkim,SK,state,2021,Electricity generation,Fuel,Other Renewables,%,0.0
India,IND,Sikkim,SK,state,2021,Electricity generation,Fuel,Solar,%,0.0
India,IND,Sikkim,SK,state,2021,Electricity generation,Fuel,Wind,%,0.0
India,IND,Sikkim,SK,state,2021,Electricity generation,Fuel,Bioenergy,GWh,0.0
India,IND,Sikkim,SK,state,2021,Electricity generation,Fuel,Coal,GWh,0.0
India,IND,Sikkim,SK,state,2021,Electricity generation,Fuel,Gas,GWh,0.0
India,IND,Sikkim,SK,state,2021,Electricity generation,Fuel,Hydro,GWh,11361.92
India,IND,Sikkim,SK,state,2021,Electricity generation,Fuel,Nuclear,GWh,0.0
India,IND,Sikkim,SK,state,2021,Electricity generation,Fuel,Other Fossil,GWh,0.0
India,IND,Sikkim,SK,state,2021,Electricity generation,Fuel,Other Renewables,GWh,0.0
India,IND,Sikkim,SK,state,2021,Electricity generation,Fuel,Solar,GWh,0.0
India,IND,Sikkim,SK,state,2021,Electricity generation,Fuel,Wind,GWh,0.0
India,IND,Sikkim,SK,state,2021,Electricity generation,Total,Total Generation,GWh,11361.92
India,IND,Sikkim,SK,state,2021,Power sector emissions,CO2 intensity,CO2 intensity,gCO2/kWh,24.0
India,IND,Sikkim,SK,state,2021,Power sector emissions,Fuel,Bioenergy,%,0.0
India,IND,Sikkim,SK,state,2021,Power sector emissions,Fuel,Coal,%,0.0
India,IND,Sikkim,SK,state,2021,Power sector emissions,Fuel,Gas,%,0.0
India,IND,Sikkim,SK,state,2021,Power sector emissions,Fuel,Hydro,%,272.69
India,IND,Sikkim,SK,state,2021,Power sector emissions,Fuel,Nuclear,%,0.0
India,IND,Sikkim,SK,state,2021,Power sector emissions,Fuel,Other Fossil,%,0.0
India,IND,Sikkim,SK,state,2021,Power sector emissions,Fuel,Other Renewables,%,0.0
India,IND,Sikkim,SK,state,2021,Power sector emissions,Fuel,Solar,%,0.0
India,IND,Sikkim,SK,state,2021,Power sector emissions,Fuel,Wind,%,0.0
India,IND,Sikkim,SK,state,2021,Power sector emissions,Fuel,Bioenergy,ktCO2,0.0
India,IND,Sikkim,SK,state,2021,Power sector emissions,Fuel,Coal,ktCO2,0.0
India,IND,Sikkim,SK,state,2021,Power sector emissions,Fuel,Gas,ktCO2,0.0
India,IND,Sikkim,SK,state,2021,Power sector emissions,Fuel,Hydro,ktCO2,272.69
India,IND,Sikkim,SK,state,2021,Power sector emissions,Fuel,Nuclear,ktCO2,0.0
India,IND,Sikkim,SK,state,2021,Power sector emissions,Fuel,Other Fossil,ktCO2,0.0
India,IND,Sikkim,SK,state,2021,Power sector emissions,Fuel,Other Renewables,ktCO2,0.0
India,IND,Sikkim,SK,state,2021,Power sector emissions,Fuel,Solar,ktCO2,0.0
India,IND,Sikkim,SK,state,2021,Power sector emissions,Fuel,Wind,ktCO2,0.0
India,IND,Sikkim,SK,state,2021,Power sector emissions,Total,Total emissions,ktCO2,272.69
India,IND,Sikkim,SK,state,2022,Capacity,Fuel,Bioenergy,MW,0.0
India,IND,Sikkim,SK,state,2022,Capacity,Fuel,Coal,MW,0.0
India,IND,Sikkim,SK,state,2022,Capacity,Fuel,Gas,MW,0.0
India,IND,Sikkim,SK,state,2022,Capacity,Fuel,Hydro,MW,2337.11
India,IND,Sikkim,SK,state,2022,Capacity,Fuel,Nuclear,MW,0.0
India,IND,Sikkim,SK,state,2022,Capacity,Fuel,Other Fossil,MW,0.0
India,IND,Sikkim,SK,state,2022,Capacity,Fuel,Other Renewables,MW,
India,IND,Sikkim,SK,state,2022,Capacity,Fuel,Solar,MW,4.68
India,IND,Sikkim,SK,state,2022,Capacity,Fuel,Wind,MW,0.0
India,IND,Sikkim,SK,state,2022,Electricity generation,Fuel,Bioenergy,%,0.0
India,IND,Sikkim,SK,state,2022,Electricity generation,Fuel,Coal,%,0.0
India,IND,Sikkim,SK,state,2022,Electricity generation,Fuel,Gas,%,0.0
India,IND,Sikkim,SK,state,2022,Electricity generation,Fuel,Hydro,%,99.91
India,IND,Sikkim,SK,state,2022,Electricity generation,Fuel,Nuclear,%,0.0
India,IND,Sikkim,SK,state,2022,Electricity generation,Fuel,Other Fossil,%,0.0
India,IND,Sikkim,SK,state,2022,Electricity generation,Fuel,Other Renewables,%,0.0
India,IND,Sikkim,SK,state,2022,Electricity generation,Fuel,Solar,%,0.09
India,IND,Sikkim,SK,state,2022,Electricity generation,Fuel,Wind,%,0.0
India,IND,Sikkim,SK,state,2022,Electricity generation,Fuel,Bioenergy,GWh,0.0
India,IND,Sikkim,SK,state,2022,Electricity generation,Fuel,Coal,GWh,0.0
India,IND,Sikkim,SK,state,2022,Electricity generation,Fuel,Gas,GWh,0.0
India,IND,Sikkim,SK,state,2022,Electricity generation,Fuel,Hydro,GWh,11891.27
India,IND,Sikkim,SK,state,2022,Electricity generation,Fuel,Nuclear,GWh,0.0
India,IND,Sikkim,SK,state,2022,Electricity generation,Fuel,Other Fossil,GWh,0.0
India,IND,Sikkim,SK,state,2022,Electricity generation,Fuel,Other Renewables,GWh,0.0
India,IND,Sikkim,SK,state,2022,Electricity generation,Fuel,Solar,GWh,10.35
India,IND,Sikkim,SK,state,2022,Electricity generation,Fuel,Wind,GWh,0.0
India,IND,Sikkim,SK,state,2022,Electricity generation,Total,Total Generation,GWh,11901.62
India,IND,Sikkim,SK,state,2022,Power sector emissions,CO2 intensity,CO2 intensity,gCO2/kWh,24.02
India,IND,Sikkim,SK,state,2022,Power sector emissions,Fuel,Bioenergy,%,0.0
India,IND,Sikkim,SK,state,2022,Power sector emissions,Fuel,Coal,%,0.0
India,IND,Sikkim,SK,state,2022,Power sector emissions,Fuel,Gas,%,0.0
India,IND,Sikkim,SK,state,2022,Power sector emissions,Fuel,Hydro,%,285.39
India,IND,Sikkim,SK,state,2022,Power sector emissions,Fuel,Nuclear,%,0.0
India,IND,Sikkim,SK,state,2022,Power sector emissions,Fuel,Other Fossil,%,0.0
India,IND,Sikkim,SK,state,2022,Power sector emissions,Fuel,Other Renewables,%,0.0
India,IND,Sikkim,SK,state,2022,Power sector emissions,Fuel,Solar,%,0.5
India,IND,Sikkim,SK,state,2022,Power sector emissions,Fuel,Wind,%,0.0
India,IND,Sikkim,SK,state,2022,Power sector emissions,Fuel,Bioenergy,ktCO2,0.0
India,IND,Sikkim,SK,state,2022,Power sector emissions,Fuel,Coal,ktCO2,0.0
India,IND,Sikkim,SK,state,2022,Power sector emissions,Fuel,Gas,ktCO2,0.0
India,IND,Sikkim,SK,state,2022,Power sector emissions,Fuel,Hydro,ktCO2,285.39
India,IND,Sikkim,SK,state,2022,Power sector emissions,Fuel,Nuclear,ktCO2,0.0
India,IND,Sikkim,SK,state,2022,Power sector emissions,Fuel,Other Fossil,ktCO2,0.0
India,IND,Sikkim,SK,state,2022,Power sector emissions,Fuel,Other Renewables,ktCO2,0.0
India,IND,Sikkim,SK,state,2022,Power sector emissions,Fuel,Solar,ktCO2,0.5
India,IND,Sikkim,SK,state,2022,Power sector emissions,Fuel,Wind,ktCO2,0.0
India,IND,Sikkim,SK,state,2022,Power sector emissions,Total,Total emissions,ktCO2,285.89
India,IND,Sikkim,SK,state,2023,Capacity,Fuel,Bioenergy,MW,0.0
India,IND,Sikkim,SK,state,2023,Capacity,Fuel,Coal,MW,0.0
India,IND,Sikkim,SK,state,2023,Capacity,Fuel,Gas,MW,0.0
India,IND,Sikkim,SK,state,2023,Capacity,Fuel,Hydro,MW,2337.11
India,IND,Sikkim,SK,state,2023,Capacity,Fuel,Nuclear,MW,0.0
India,IND,Sikkim,SK,state,2023,Capacity,Fuel,Other Fossil,MW,0.0
India,IND,Sikkim,SK,state,2023,Capacity,Fuel,Other Renewables,MW,
India,IND,Sikkim,SK,state,2023,Capacity,Fuel,Solar,MW,4.69
India,IND,Sikkim,SK,state,2023,Capacity,Fuel,Wind,MW,0.0
India,IND,Sikkim,SK,state,2023,Electricity generation,Fuel,Bioenergy,%,0.0
India,IND,Sikkim,SK,state,2023,Electricity generation,Fuel,Coal,%,0.0
India,IND,Sikkim,SK,state,2023,Electricity generation,Fuel,Gas,%,0.0
India,IND,Sikkim,SK,state,2023,Electricity generation,Fuel,Hydro,%,100.0
India,IND,Sikkim,SK,state,2023,Electricity generation,Fuel,Nuclear,%,0.0
India,IND,Sikkim,SK,state,2023,Electricity generation,Fuel,Other Fossil,%,0.0
India,IND,Sikkim,SK,state,2023,Electricity generation,Fuel,Other Renewables,%,0.0
India,IND,Sikkim,SK,state,2023,Electricity generation,Fuel,Solar,%,0.0
India,IND,Sikkim,SK,state,2023,Electricity generation,Fuel,Wind,%,0.0
India,IND,Sikkim,SK,state,2023,Electricity generation,Fuel,Bioenergy,GWh,0.0
India,IND,Sikkim,SK,state,2023,Electricity generation,Fuel,Coal,GWh,0.0
India,IND,Sikkim,SK,state,2023,Electricity generation,Fuel,Gas,GWh,0.0
India,IND,Sikkim,SK,state,2023,Electricity generation,Fuel,Hydro,GWh,9342.65
India,IND,Sikkim,SK,state,2023,Electricity generation,Fuel,Nuclear,GWh,0.0
India,IND,Sikkim,SK,state,2023,Electricity generation,Fuel,Other Fossil,GWh,0.0
India,IND,Sikkim,SK,state,2023,Electricity generation,Fuel,Other Renewables,GWh,0.0
India,IND,Sikkim,SK,state,2023,Electricity generation,Fuel,Solar,GWh,0.0
India,IND,Sikkim,SK,state,2023,Electricity generation,Fuel,Wind,GWh,0.0
India,IND,Sikkim,SK,state,2023,Electricity generation,Total,Total Generation,GWh,9342.65
India,IND,Sikkim,SK,state,2023,Power sector emissions,CO2 intensity,CO2 intensity,gCO2/kWh,24.0
India,IND,Sikkim,SK,state,2023,Power sector emissions,Fuel,Bioenergy,%,0.0
India,IND,Sikkim,SK,state,2023,Power sector emissions,Fuel,Coal,%,0.0
India,IND,Sikkim,SK,state,2023,Power sector emissions,Fuel,Gas,%,0.0
India,IND,Sikkim,SK,state,2023,Power sector emissions,Fuel,Hydro,%,224.22
India,IND,Sikkim,SK,state,2023,Power sector emissions,Fuel,Nuclear,%,0.0
India,IND,Sikkim,SK,state,2023,Power sector emissions,Fuel,Other Fossil,%,0.0
India,IND,Sikkim,SK,state,2023,Power sector emissions,Fuel,Other Renewables,%,0.0
India,IND,Sikkim,SK,state,2023,Power sector emissions,Fuel,Solar,%,0.0
India,IND,Sikkim,SK,state,2023,Power sector emissions,Fuel,Wind,%,0.0
India,IND,Sikkim,SK,state,2023,Power sector emissions,Fuel,Bioenergy,ktCO2,0.0
India,IND,Sikkim,SK,state,2023,Power sector emissions,Fuel,Coal,ktCO2,0.0
India,IND,Sikkim,SK,state,2023,Power sector emissions,Fuel,Gas,ktCO2,0.0
India,IND,Sikkim,SK,state,2023,Power sector emissions,Fuel,Hydro,ktCO2,224.22
India,IND,Sikkim,SK,state,2023,Power sector emissions,Fuel,Nuclear,ktCO2,0.0
India,IND,Sikkim,SK,state,2023,Power sector emissions,Fuel,Other Fossil,ktCO2,0.0
India,IND,Sikkim,SK,state,2023,Power sector emissions,Fuel,Other Renewables,ktCO2,0.0
India,IND,Sikkim,SK,state,2023,Power sector emissions,Fuel,Solar,ktCO2,0.0
India,IND,Sikkim,SK,state,2023,Power sector emissions,Fuel,Wind,ktCO2,0.0
India,IND,Sikkim,SK,state,2023,Power sector emissions,Total,Total emissions,ktCO2,224.22
India,IND,Sikkim,SK,state,2024,Capacity,Fuel,Bioenergy,MW,0.0
India,IND,Sikkim,SK,state,2024,Capacity,Fuel,Coal,MW,0.0
India,IND,Sikkim,SK,state,2024,Capacity,Fuel,Gas,MW,0.0
India,IND,Sikkim,SK,state,2024,Capacity,Fuel,Hydro,MW,2337.11
India,IND,Sikkim,SK,state,2024,Capacity,Fuel,Nuclear,MW,0.0
India,IND,Sikkim,SK,state,2024,Capacity,Fuel,Other Fossil,MW,0.0
India,IND,Sikkim,SK,state,2024,Capacity,Fuel,Other Renewables,MW,
India,IND,Sikkim,SK,state,2024,Capacity,Fuel,Solar,MW,7.56
India,IND,Sikkim,SK,state,2024,Capacity,Fuel,Wind,MW,0.0
India,IND,Sikkim,SK,state,2024,Electricity generation,Fuel,Bioenergy,%,0.0
India,IND,Sikkim,SK,state,2024,Electricity generation,Fuel,Coal,%,0.0
India,IND,Sikkim,SK,state,2024,Electricity generation,Fuel,Gas,%,0.0
India,IND,Sikkim,SK,state,2024,Electricity generation,Fuel,Hydro,%,100.0
India,IND,Sikkim,SK,state,2024,Electricity generation,Fuel,Nuclear,%,0.0
India,IND,Sikkim,SK,state,2024,Electricity generation,Fuel,Other Fossil,%,0.0
India,IND,Sikkim,SK,state,2024,Electricity generation,Fuel,Other Renewables,%,0.0
India,IND,Sikkim,SK,state,2024,Electricity generation,Fuel,Solar,%,0.0
India,IND,Sikkim,SK,state,2024,Electricity generation,Fuel,Wind,%,0.0
India,IND,Sikkim,SK,state,2024,Electricity generation,Fuel,Bioenergy,GWh,0.0
India,IND,Sikkim,SK,state,2024,Electricity generation,Fuel,Coal,GWh,0.0
India,IND,Sikkim,SK,state,2024,Electricity generation,Fuel,Gas,GWh,0.0
India,IND,Sikkim,SK,state,2024,Electricity generation,Fuel,Hydro,GWh,1988.31
India,IND,Sikkim,SK,state,2024,Electricity generation,Fuel,Nuclear,GWh,0.0
India,IND,Sikkim,SK,state,2024,Electricity generation,Fuel,Other Fossil,GWh,0.0
India,IND,Sikkim,SK,state,2024,Electricity generation,Fuel,Other Renewables,GWh,0.0
India,IND,Sikkim,SK,state,2024,Electricity generation,Fuel,Solar,GWh,0.0
India,IND,Sikkim,SK,state,2024,Electricity generation,Fuel,Wind,GWh,0.0
India,IND,Sikkim,SK,state,2024,Electricity generation,Total,Total Generation,GWh,1988.31
India,IND,Sikkim,SK,state,2024,Power sector emissions,CO2 intensity,CO2 intensity,gCO2/kWh,24.0
India,IND,Sikkim,SK,state,2024,Power sector emissions,Fuel,Bioenergy,%,0.0
India,IND,Sikkim,SK,state,2024,Power sector emissions,Fuel,Coal,%,0.0
India,IND,Sikkim,SK,state,2024,Power sector emissions,Fuel,Gas,%,0.0
India,IND,Sikkim,SK,state,2024,Power sector emissions,Fuel,Hydro,%,47.72
India,IND,Sikkim,SK,state,2024,Power sector emissions,Fuel,Nuclear,%,0.0
India,IND,Sikkim,SK,state,2024,Power sector emissions,Fuel,Other Fossil,%,0.0
India,IND,Sikkim,SK,state,2024,Power sector emissions,Fuel,Other Renewables,%,0.0
India,IND,Sikkim,SK,state,2024,Power sector emissions,Fuel,Solar,%,0.0
India,IND,Sikkim,SK,state,2024,Power sector emissions,Fuel,Wind,%,0.0
India,IND,Sikkim,SK,state,2024,Power sector emissions,Fuel,Bioenergy,ktCO2,0.0
India,IND,Sikkim,SK,state,2024,Power sector emissions,Fuel,Coal,ktCO2,0.0
India,IND,Sikkim,SK,state,2024,Power sector emissions,Fuel,Gas,ktCO2,0.0
India,IND,Sikkim,SK,state,2024,Power sector emissions,Fuel,Hydro,ktCO2,47.72
India,IND,Sikkim,SK,state,2024,Power sector emissions,Fuel,Nuclear,ktCO2,0.0
India,IND,Sikkim,SK,state,2024,Power sector emissions,Fuel,Other Fossil,ktCO2,0.0
India,IND,Sikkim,SK,state,2024,Power sector emissions,Fuel,Other Renewables,ktCO2,0.0
India,IND,Sikkim,SK,state,2024,Power sector emissions,Fuel,Solar,ktCO2,0.0
India,IND,Sikkim,SK,state,2024,Power sector emissions,Fuel,Wind,ktCO2,0.0
India,IND,Sikkim,SK,state,2024,Power sector emissions,Total,Total emissions,ktCO2,47.72
India,IND,Tamil Nadu,TN,state,2019,Capacity,Fuel,Bioenergy,MW,1003.95
India,IND,Tamil Nadu,TN,state,2019,Capacity,Fuel,Coal,MW,13160.0
India,IND,Tamil Nadu,TN,state,2019,Capacity,Fuel,Gas,MW,1017.18
India,IND,Tamil Nadu,TN,state,2019,Capacity,Fuel,Hydro,MW,2301.25
India,IND,Tamil Nadu,TN,state,2019,Capacity,Fuel,Nuclear,MW,2440.0
India,IND,Tamil Nadu,TN,state,2019,Capacity,Fuel,Other Fossil,MW,211.7
India,IND,Tamil Nadu,TN,state,2019,Capacity,Fuel,Other Renewables,MW,0.0
India,IND,Tamil Nadu,TN,state,2019,Capacity,Fuel,Solar,MW,3788.36
India,IND,Tamil Nadu,TN,state,2019,Capacity,Fuel,Wind,MW,9285.27
India,IND,Tamil Nadu,TN,state,2019,Electricity generation,Fuel,Bioenergy,%,0.51
India,IND,Tamil Nadu,TN,state,2019,Electricity generation,Fuel,Coal,%,62.42
India,IND,Tamil Nadu,TN,state,2019,Electricity generation,Fuel,Gas,%,2.82
India,IND,Tamil Nadu,TN,state,2019,Electricity generation,Fuel,Hydro,%,4.69
India,IND,Tamil Nadu,TN,state,2019,Electricity generation,Fuel,Nuclear,%,11.83
India,IND,Tamil Nadu,TN,state,2019,Electricity generation,Fuel,Other Fossil,%,0.0
India,IND,Tamil Nadu,TN,state,2019,Electricity generation,Fuel,Other Renewables,%,0.0
India,IND,Tamil Nadu,TN,state,2019,Electricity generation,Fuel,Solar,%,4.4
India,IND,Tamil Nadu,TN,state,2019,Electricity generation,Fuel,Wind,%,13.31
India,IND,Tamil Nadu,TN,state,2019,Electricity generation,Fuel,Bioenergy,GWh,520.6
India,IND,Tamil Nadu,TN,state,2019,Electricity generation,Fuel,Coal,GWh,63308.69
India,IND,Tamil Nadu,TN,state,2019,Electricity generation,Fuel,Gas,GWh,2860.8
India,IND,Tamil Nadu,TN,state,2019,Electricity generation,Fuel,Hydro,GWh,4759.84
India,IND,Tamil Nadu,TN,state,2019,Electricity generation,Fuel,Nuclear,GWh,12002.3
India,IND,Tamil Nadu,TN,state,2019,Electricity generation,Fuel,Other Fossil,GWh,0.0
India,IND,Tamil Nadu,TN,state,2019,Electricity generation,Fuel,Other Renewables,GWh,0.0
India,IND,Tamil Nadu,TN,state,2019,Electricity generation,Fuel,Solar,GWh,4460.8
India,IND,Tamil Nadu,TN,state,2019,Electricity generation,Fuel,Wind,GWh,13503.01
India,IND,Tamil Nadu,TN,state,2019,Electricity generation,Total,Total Generation,GWh,101416.04
India,IND,Tamil Nadu,TN,state,2019,Power sector emissions,CO2 intensity,CO2 intensity,gCO2/kWh,533.01
India,IND,Tamil Nadu,TN,state,2019,Power sector emissions,Fuel,Bioenergy,%,119.74
India,IND,Tamil Nadu,TN,state,2019,Power sector emissions,Fuel,Coal,%,51913.13
India,IND,Tamil Nadu,TN,state,2019,Power sector emissions,Fuel,Gas,%,1401.79
India,IND,Tamil Nadu,TN,state,2019,Power sector emissions,Fuel,Hydro,%,114.24
India,IND,Tamil Nadu,TN,state,2019,Power sector emissions,Fuel,Nuclear,%,144.03
India,IND,Tamil Nadu,TN,state,2019,Power sector emissions,Fuel,Other Fossil,%,0.0
India,IND,Tamil Nadu,TN,state,2019,Power sector emissions,Fuel,Other Renewables,%,0.0
India,IND,Tamil Nadu,TN,state,2019,Power sector emissions,Fuel,Solar,%,214.12
India,IND,Tamil Nadu,TN,state,2019,Power sector emissions,Fuel,Wind,%,148.53
India,IND,Tamil Nadu,TN,state,2019,Power sector emissions,Fuel,Bioenergy,ktCO2,119.74
India,IND,Tamil Nadu,TN,state,2019,Power sector emissions,Fuel,Coal,ktCO2,51913.13
India,IND,Tamil Nadu,TN,state,2019,Power sector emissions,Fuel,Gas,ktCO2,1401.79
India,IND,Tamil Nadu,TN,state,2019,Power sector emissions,Fuel,Hydro,ktCO2,114.24
India,IND,Tamil Nadu,TN,state,2019,Power sector emissions,Fuel,Nuclear,ktCO2,144.03
India,IND,Tamil Nadu,TN,state,2019,Power sector emissions,Fuel,Other Fossil,ktCO2,0.0
India,IND,Tamil Nadu,TN,state,2019,Power sector emissions,Fuel,Other Renewables,ktCO2,0.0
India,IND,Tamil Nadu,TN,state,2019,Power sector emissions,Fuel,Solar,ktCO2,214.12
India,IND,Tamil Nadu,TN,state,2019,Power sector emissions,Fuel,Wind,ktCO2,148.53
India,IND,Tamil Nadu,TN,state,2019,Power sector emissions,Total,Total emissions,ktCO2,54055.58
India,IND,Tamil Nadu,TN,state,2020,Capacity,Fuel,Bioenergy,MW,1019.05
India,IND,Tamil Nadu,TN,state,2020,Capacity,Fuel,Coal,MW,12660.0
India,IND,Tamil Nadu,TN,state,2020,Capacity,Fuel,Gas,MW,1017.18
India,IND,Tamil Nadu,TN,state,2020,Capacity,Fuel,Hydro,MW,2301.25
India,IND,Tamil Nadu,TN,state,2020,Capacity,Fuel,Nuclear,MW,2440.0
India,IND,Tamil Nadu,TN,state,2020,Capacity,Fuel,Other Fossil,MW,211.7
India,IND,Tamil Nadu,TN,state,2020,Capacity,Fuel,Other Renewables,MW,0.0
India,IND,Tamil Nadu,TN,state,2020,Capacity,Fuel,Solar,MW,4315.78
India,IND,Tamil Nadu,TN,state,2020,Capacity,Fuel,Wind,MW,9428.44
India,IND,Tamil Nadu,TN,state,2020,Electricity generation,Fuel,Bioenergy,%,0.55
India,IND,Tamil Nadu,TN,state,2020,Electricity generation,Fuel,Coal,%,54.51
India,IND,Tamil Nadu,TN,state,2020,Electricity generation,Fuel,Gas,%,2.86
India,IND,Tamil Nadu,TN,state,2020,Electricity generation,Fuel,Hydro,%,5.92
India,IND,Tamil Nadu,TN,state,2020,Electricity generation,Fuel,Nuclear,%,14.29
India,IND,Tamil Nadu,TN,state,2020,Electricity generation,Fuel,Other Fossil,%,0.0
India,IND,Tamil Nadu,TN,state,2020,Electricity generation,Fuel,Other Renewables,%,0.0
India,IND,Tamil Nadu,TN,state,2020,Electricity generation,Fuel,Solar,%,6.29
India,IND,Tamil Nadu,TN,state,2020,Electricity generation,Fuel,Wind,%,15.58
India,IND,Tamil Nadu,TN,state,2020,Electricity generation,Fuel,Bioenergy,GWh,524.69
India,IND,Tamil Nadu,TN,state,2020,Electricity generation,Fuel,Coal,GWh,51566.19
India,IND,Tamil Nadu,TN,state,2020,Electricity generation,Fuel,Gas,GWh,2701.24
India,IND,Tamil Nadu,TN,state,2020,Electricity generation,Fuel,Hydro,GWh,5596.66
India,IND,Tamil Nadu,TN,state,2020,Electricity generation,Fuel,Nuclear,GWh,13522.38
India,IND,Tamil Nadu,TN,state,2020,Electricity generation,Fuel,Other Fossil,GWh,0.0
India,IND,Tamil Nadu,TN,state,2020,Electricity generation,Fuel,Other Renewables,GWh,0.0
India,IND,Tamil Nadu,TN,state,2020,Electricity generation,Fuel,Solar,GWh,5952.85
India,IND,Tamil Nadu,TN,state,2020,Electricity generation,Fuel,Wind,GWh,14742.19
India,IND,Tamil Nadu,TN,state,2020,Electricity generation,Total,Total Generation,GWh,94606.2
India,IND,Tamil Nadu,TN,state,2020,Power sector emissions,CO2 intensity,CO2 intensity,gCO2/kWh,470.09
India,IND,Tamil Nadu,TN,state,2020,Power sector emissions,Fuel,Bioenergy,%,120.68
India,IND,Tamil Nadu,TN,state,2020,Power sector emissions,Fuel,Coal,%,42284.27
India,IND,Tamil Nadu,TN,state,2020,Power sector emissions,Fuel,Gas,%,1323.61
India,IND,Tamil Nadu,TN,state,2020,Power sector emissions,Fuel,Hydro,%,134.32
India,IND,Tamil Nadu,TN,state,2020,Power sector emissions,Fuel,Nuclear,%,162.27
India,IND,Tamil Nadu,TN,state,2020,Power sector emissions,Fuel,Other Fossil,%,0.0
India,IND,Tamil Nadu,TN,state,2020,Power sector emissions,Fuel,Other Renewables,%,0.0
India,IND,Tamil Nadu,TN,state,2020,Power sector emissions,Fuel,Solar,%,285.74
India,IND,Tamil Nadu,TN,state,2020,Power sector emissions,Fuel,Wind,%,162.16
India,IND,Tamil Nadu,TN,state,2020,Power sector emissions,Fuel,Bioenergy,ktCO2,120.68
India,IND,Tamil Nadu,TN,state,2020,Power sector emissions,Fuel,Coal,ktCO2,42284.27
India,IND,Tamil Nadu,TN,state,2020,Power sector emissions,Fuel,Gas,ktCO2,1323.61
India,IND,Tamil Nadu,TN,state,2020,Power sector emissions,Fuel,Hydro,ktCO2,134.32
India,IND,Tamil Nadu,TN,state,2020,Power sector emissions,Fuel,Nuclear,ktCO2,162.27
India,IND,Tamil Nadu,TN,state,2020,Power sector emissions,Fuel,Other Fossil,ktCO2,0.0
India,IND,Tamil Nadu,TN,state,2020,Power sector emissions,Fuel,Other Renewables,ktCO2,0.0
India,IND,Tamil Nadu,TN,state,2020,Power sector emissions,Fuel,Solar,ktCO2,285.74
India,IND,Tamil Nadu,TN,state,2020,Power sector emissions,Fuel,Wind,ktCO2,162.16
India,IND,Tamil Nadu,TN,state,2020,Power sector emissions,Total,Total emissions,ktCO2,44473.05
India,IND,Tamil Nadu,TN,state,2021,Capacity,Fuel,Bioenergy,MW,1039.91
India,IND,Tamil Nadu,TN,state,2021,Capacity,Fuel,Coal,MW,13685.0
India,IND,Tamil Nadu,TN,state,2021,Capacity,Fuel,Gas,MW,1017.18
India,IND,Tamil Nadu,TN,state,2021,Capacity,Fuel,Hydro,MW,2301.25
India,IND,Tamil Nadu,TN,state,2021,Capacity,Fuel,Nuclear,MW,2440.0
India,IND,Tamil Nadu,TN,state,2021,Capacity,Fuel,Other Fossil,MW,211.7
India,IND,Tamil Nadu,TN,state,2021,Capacity,Fuel,Other Renewables,MW,0.0
India,IND,Tamil Nadu,TN,state,2021,Capacity,Fuel,Solar,MW,4852.36
India,IND,Tamil Nadu,TN,state,2021,Capacity,Fuel,Wind,MW,9851.8
India,IND,Tamil Nadu,TN,state,2021,Electricity generation,Fuel,Bioenergy,%,0.73
India,IND,Tamil Nadu,TN,state,2021,Electricity generation,Fuel,Coal,%,57.19
India,IND,Tamil Nadu,TN,state,2021,Electricity generation,Fuel,Gas,%,1.58
India,IND,Tamil Nadu,TN,state,2021,Electricity generation,Fuel,Hydro,%,5.13
India,IND,Tamil Nadu,TN,state,2021,Electricity generation,Fuel,Nuclear,%,13.57
India,IND,Tamil Nadu,TN,state,2021,Electricity generation,Fuel,Other Fossil,%,0.0
India,IND,Tamil Nadu,TN,state,2021,Electricity generation,Fuel,Other Renewables,%,0.0
India,IND,Tamil Nadu,TN,state,2021,Electricity generation,Fuel,Solar,%,6.66
India,IND,Tamil Nadu,TN,state,2021,Electricity generation,Fuel,Wind,%,15.13
India,IND,Tamil Nadu,TN,state,2021,Electricity generation,Fuel,Bioenergy,GWh,754.83
India,IND,Tamil Nadu,TN,state,2021,Electricity generation,Fuel,Coal,GWh,58982.7
India,IND,Tamil Nadu,TN,state,2021,Electricity generation,Fuel,Gas,GWh,1630.68
India,IND,Tamil Nadu,TN,state,2021,Electricity generation,Fuel,Hydro,GWh,5294.77
India,IND,Tamil Nadu,TN,state,2021,Electricity generation,Fuel,Nuclear,GWh,13990.14
India,IND,Tamil Nadu,TN,state,2021,Electricity generation,Fuel,Other Fossil,GWh,0.0
India,IND,Tamil Nadu,TN,state,2021,Electricity generation,Fuel,Other Renewables,GWh,0.0
India,IND,Tamil Nadu,TN,state,2021,Electricity generation,Fuel,Solar,GWh,6867.65
India,IND,Tamil Nadu,TN,state,2021,Electricity generation,Fuel,Wind,GWh,15605.37
India,IND,Tamil Nadu,TN,state,2021,Electricity generation,Total,Total Generation,GWh,103126.14
India,IND,Tamil Nadu,TN,state,2021,Power sector emissions,CO2 intensity,CO2 intensity,gCO2/kWh,486.15
India,IND,Tamil Nadu,TN,state,2021,Power sector emissions,Fuel,Bioenergy,%,173.61
India,IND,Tamil Nadu,TN,state,2021,Power sector emissions,Fuel,Coal,%,48365.81
India,IND,Tamil Nadu,TN,state,2021,Power sector emissions,Fuel,Gas,%,799.03
India,IND,Tamil Nadu,TN,state,2021,Power sector emissions,Fuel,Hydro,%,127.07
India,IND,Tamil Nadu,TN,state,2021,Power sector emissions,Fuel,Nuclear,%,167.88
India,IND,Tamil Nadu,TN,state,2021,Power sector emissions,Fuel,Other Fossil,%,0.0
India,IND,Tamil Nadu,TN,state,2021,Power sector emissions,Fuel,Other Renewables,%,0.0
India,IND,Tamil Nadu,TN,state,2021,Power sector emissions,Fuel,Solar,%,329.65
India,IND,Tamil Nadu,TN,state,2021,Power sector emissions,Fuel,Wind,%,171.66
India,IND,Tamil Nadu,TN,state,2021,Power sector emissions,Fuel,Bioenergy,ktCO2,173.61
India,IND,Tamil Nadu,TN,state,2021,Power sector emissions,Fuel,Coal,ktCO2,48365.81
India,IND,Tamil Nadu,TN,state,2021,Power sector emissions,Fuel,Gas,ktCO2,799.03
India,IND,Tamil Nadu,TN,state,2021,Power sector emissions,Fuel,Hydro,ktCO2,127.07
India,IND,Tamil Nadu,TN,state,2021,Power sector emissions,Fuel,Nuclear,ktCO2,167.88
India,IND,Tamil Nadu,TN,state,2021,Power sector emissions,Fuel,Other Fossil,ktCO2,0.0
India,IND,Tamil Nadu,TN,state,2021,Power sector emissions,Fuel,Other Renewables,ktCO2,0.0
India,IND,Tamil Nadu,TN,state,2021,Power sector emissions,Fuel,Solar,ktCO2,329.65
India,IND,Tamil Nadu,TN,state,2021,Power sector emissions,Fuel,Wind,ktCO2,171.66
India,IND,Tamil Nadu,TN,state,2021,Power sector emissions,Total,Total emissions,ktCO2,50134.71
India,IND,Tamil Nadu,TN,state,2022,Capacity,Fuel,Bioenergy,MW,1042.7
India,IND,Tamil Nadu,TN,state,2022,Capacity,Fuel,Coal,MW,13685.0
India,IND,Tamil Nadu,TN,state,2022,Capacity,Fuel,Gas,MW,1017.18
India,IND,Tamil Nadu,TN,state,2022,Capacity,Fuel,Hydro,MW,2301.25
India,IND,Tamil Nadu,TN,state,2022,Capacity,Fuel,Nuclear,MW,2440.0
India,IND,Tamil Nadu,TN,state,2022,Capacity,Fuel,Other Fossil,MW,211.7
India,IND,Tamil Nadu,TN,state,2022,Capacity,Fuel,Other Renewables,MW,
India,IND,Tamil Nadu,TN,state,2022,Capacity,Fuel,Solar,MW,6412.36
India,IND,Tamil Nadu,TN,state,2022,Capacity,Fuel,Wind,MW,9936.02
India,IND,Tamil Nadu,TN,state,2022,Electricity generation,Fuel,Bioenergy,%,0.84
India,IND,Tamil Nadu,TN,state,2022,Electricity generation,Fuel,Coal,%,55.93
India,IND,Tamil Nadu,TN,state,2022,Electricity generation,Fuel,Gas,%,1.61
India,IND,Tamil Nadu,TN,state,2022,Electricity generation,Fuel,Hydro,%,5.48
India,IND,Tamil Nadu,TN,state,2022,Electricity generation,Fuel,Nuclear,%,13.95
India,IND,Tamil Nadu,TN,state,2022,Electricity generation,Fuel,Other Fossil,%,0.0
India,IND,Tamil Nadu,TN,state,2022,Electricity generation,Fuel,Other Renewables,%,0.0
India,IND,Tamil Nadu,TN,state,2022,Electricity generation,Fuel,Solar,%,7.59
India,IND,Tamil Nadu,TN,state,2022,Electricity generation,Fuel,Wind,%,14.61
India,IND,Tamil Nadu,TN,state,2022,Electricity generation,Fuel,Bioenergy,GWh,948.61
India,IND,Tamil Nadu,TN,state,2022,Electricity generation,Fuel,Coal,GWh,63478.95
India,IND,Tamil Nadu,TN,state,2022,Electricity generation,Fuel,Gas,GWh,1825.51
India,IND,Tamil Nadu,TN,state,2022,Electricity generation,Fuel,Hydro,GWh,6218.2
India,IND,Tamil Nadu,TN,state,2022,Electricity generation,Fuel,Nuclear,GWh,15836.29
India,IND,Tamil Nadu,TN,state,2022,Electricity generation,Fuel,Other Fossil,GWh,0.0
India,IND,Tamil Nadu,TN,state,2022,Electricity generation,Fuel,Other Renewables,GWh,0.0
India,IND,Tamil Nadu,TN,state,2022,Electricity generation,Fuel,Solar,GWh,8613.3
India,IND,Tamil Nadu,TN,state,2022,Electricity generation,Fuel,Wind,GWh,16581.91
India,IND,Tamil Nadu,TN,state,2022,Electricity generation,Total,Total Generation,GWh,113502.77
India,IND,Tamil Nadu,TN,state,2022,Power sector emissions,CO2 intensity,CO2 intensity,gCO2/kWh,476.65
India,IND,Tamil Nadu,TN,state,2022,Power sector emissions,Fuel,Bioenergy,%,218.18
India,IND,Tamil Nadu,TN,state,2022,Power sector emissions,Fuel,Coal,%,52052.74
India,IND,Tamil Nadu,TN,state,2022,Power sector emissions,Fuel,Gas,%,894.5
India,IND,Tamil Nadu,TN,state,2022,Power sector emissions,Fuel,Hydro,%,149.24
India,IND,Tamil Nadu,TN,state,2022,Power sector emissions,Fuel,Nuclear,%,190.04
India,IND,Tamil Nadu,TN,state,2022,Power sector emissions,Fuel,Other Fossil,%,0.0
India,IND,Tamil Nadu,TN,state,2022,Power sector emissions,Fuel,Other Renewables,%,0.0
India,IND,Tamil Nadu,TN,state,2022,Power sector emissions,Fuel,Solar,%,413.44
India,IND,Tamil Nadu,TN,state,2022,Power sector emissions,Fuel,Wind,%,182.4
India,IND,Tamil Nadu,TN,state,2022,Power sector emissions,Fuel,Bioenergy,ktCO2,218.18
India,IND,Tamil Nadu,TN,state,2022,Power sector emissions,Fuel,Coal,ktCO2,52052.74
India,IND,Tamil Nadu,TN,state,2022,Power sector emissions,Fuel,Gas,ktCO2,894.5
India,IND,Tamil Nadu,TN,state,2022,Power sector emissions,Fuel,Hydro,ktCO2,149.24
India,IND,Tamil Nadu,TN,state,2022,Power sector emissions,Fuel,Nuclear,ktCO2,190.04
India,IND,Tamil Nadu,TN,state,2022,Power sector emissions,Fuel,Other Fossil,ktCO2,0.0
India,IND,Tamil Nadu,TN,state,2022,Power sector emissions,Fuel,Other Renewables,ktCO2,0.0
India,IND,Tamil Nadu,TN,state,2022,Power sector emissions,Fuel,Solar,ktCO2,413.44
India,IND,Tamil Nadu,TN,state,2022,Power sector emissions,Fuel,Wind,ktCO2,182.4
India,IND,Tamil Nadu,TN,state,2022,Power sector emissions,Total,Total emissions,ktCO2,54100.54
India,IND,Tamil Nadu,TN,state,2023,Capacity,Fuel,Bioenergy,MW,1043.7
India,IND,Tamil Nadu,TN,state,2023,Capacity,Fuel,Coal,MW,13685.0
India,IND,Tamil Nadu,TN,state,2023,Capacity,Fuel,Gas,MW,1017.18
India,IND,Tamil Nadu,TN,state,2023,Capacity,Fuel,Hydro,MW,2301.25
India,IND,Tamil Nadu,TN,state,2023,Capacity,Fuel,Nuclear,MW,2440.0
India,IND,Tamil Nadu,TN,state,2023,Capacity,Fuel,Other Fossil,MW,211.7
India,IND,Tamil Nadu,TN,state,2023,Capacity,Fuel,Other Renewables,MW,
India,IND,Tamil Nadu,TN,state,2023,Capacity,Fuel,Solar,MW,7360.94
India,IND,Tamil Nadu,TN,state,2023,Capacity,Fuel,Wind,MW,10429.3
India,IND,Tamil Nadu,TN,state,2023,Electricity generation,Fuel,Bioenergy,%,0.72
India,IND,Tamil Nadu,TN,state,2023,Electricity generation,Fuel,Coal,%,57.55
India,IND,Tamil Nadu,TN,state,2023,Electricity generation,Fuel,Gas,%,1.57
India,IND,Tamil Nadu,TN,state,2023,Electricity generation,Fuel,Hydro,%,3.53
India,IND,Tamil Nadu,TN,state,2023,Electricity generation,Fuel,Nuclear,%,13.28
India,IND,Tamil Nadu,TN,state,2023,Electricity generation,Fuel,Other Fossil,%,0.0
India,IND,Tamil Nadu,TN,state,2023,Electricity generation,Fuel,Other Renewables,%,0.0
India,IND,Tamil Nadu,TN,state,2023,Electricity generation,Fuel,Solar,%,9.27
India,IND,Tamil Nadu,TN,state,2023,Electricity generation,Fuel,Wind,%,14.09
India,IND,Tamil Nadu,TN,state,2023,Electricity generation,Fuel,Bioenergy,GWh,877.01
India,IND,Tamil Nadu,TN,state,2023,Electricity generation,Fuel,Coal,GWh,69913.2
India,IND,Tamil Nadu,TN,state,2023,Electricity generation,Fuel,Gas,GWh,1902.15
India,IND,Tamil Nadu,TN,state,2023,Electricity generation,Fuel,Hydro,GWh,4287.58
India,IND,Tamil Nadu,TN,state,2023,Electricity generation,Fuel,Nuclear,GWh,16136.86
India,IND,Tamil Nadu,TN,state,2023,Electricity generation,Fuel,Other Fossil,GWh,0.0
India,IND,Tamil Nadu,TN,state,2023,Electricity generation,Fuel,Other Renewables,GWh,0.0
India,IND,Tamil Nadu,TN,state,2023,Electricity generation,Fuel,Solar,GWh,11258.74
India,IND,Tamil Nadu,TN,state,2023,Electricity generation,Fuel,Wind,GWh,17114.35
India,IND,Tamil Nadu,TN,state,2023,Electricity generation,Total,Total Generation,GWh,121489.89
India,IND,Tamil Nadu,TN,state,2023,Power sector emissions,CO2 intensity,CO2 intensity,gCO2/kWh,489.65
India,IND,Tamil Nadu,TN,state,2023,Power sector emissions,Fuel,Bioenergy,%,201.71
India,IND,Tamil Nadu,TN,state,2023,Power sector emissions,Fuel,Coal,%,57328.83
India,IND,Tamil Nadu,TN,state,2023,Power sector emissions,Fuel,Gas,%,932.05
India,IND,Tamil Nadu,TN,state,2023,Power sector emissions,Fuel,Hydro,%,102.9
India,IND,Tamil Nadu,TN,state,2023,Power sector emissions,Fuel,Nuclear,%,193.64
India,IND,Tamil Nadu,TN,state,2023,Power sector emissions,Fuel,Other Fossil,%,0.0
India,IND,Tamil Nadu,TN,state,2023,Power sector emissions,Fuel,Other Renewables,%,0.0
India,IND,Tamil Nadu,TN,state,2023,Power sector emissions,Fuel,Solar,%,540.42
India,IND,Tamil Nadu,TN,state,2023,Power sector emissions,Fuel,Wind,%,188.26
India,IND,Tamil Nadu,TN,state,2023,Power sector emissions,Fuel,Bioenergy,ktCO2,201.71
India,IND,Tamil Nadu,TN,state,2023,Power sector emissions,Fuel,Coal,ktCO2,57328.83
India,IND,Tamil Nadu,TN,state,2023,Power sector emissions,Fuel,Gas,ktCO2,932.05
India,IND,Tamil Nadu,TN,state,2023,Power sector emissions,Fuel,Hydro,ktCO2,102.9
India,IND,Tamil Nadu,TN,state,2023,Power sector emissions,Fuel,Nuclear,ktCO2,193.64
India,IND,Tamil Nadu,TN,state,2023,Power sector emissions,Fuel,Other Fossil,ktCO2,0.0
India,IND,Tamil Nadu,TN,state,2023,Power sector emissions,Fuel,Other Renewables,ktCO2,0.0
India,IND,Tamil Nadu,TN,state,2023,Power sector emissions,Fuel,Solar,ktCO2,540.42
India,IND,Tamil Nadu,TN,state,2023,Power sector emissions,Fuel,Wind,ktCO2,188.26
India,IND,Tamil Nadu,TN,state,2023,Power sector emissions,Total,Total emissions,ktCO2,59487.81
India,IND,Tamil Nadu,TN,state,2024,Capacity,Fuel,Bioenergy,MW,1045.45
India,IND,Tamil Nadu,TN,state,2024,Capacity,Fuel,Coal,MW,14162.5
India,IND,Tamil Nadu,TN,state,2024,Capacity,Fuel,Gas,MW,1017.18
India,IND,Tamil Nadu,TN,state,2024,Capacity,Fuel,Hydro,MW,2301.25
India,IND,Tamil Nadu,TN,state,2024,Capacity,Fuel,Nuclear,MW,2440.0
India,IND,Tamil Nadu,TN,state,2024,Capacity,Fuel,Other Fossil,MW,211.7
India,IND,Tamil Nadu,TN,state,2024,Capacity,Fuel,Other Renewables,MW,
India,IND,Tamil Nadu,TN,state,2024,Capacity,Fuel,Solar,MW,9518.37
India,IND,Tamil Nadu,TN,state,2024,Capacity,Fuel,Wind,MW,11409.0
India,IND,Tamil Nadu,TN,state,2024,Electricity generation,Fuel,Bioenergy,%,0.44
India,IND,Tamil Nadu,TN,state,2024,Electricity generation,Fuel,Coal,%,58.08
India,IND,Tamil Nadu,TN,state,2024,Electricity generation,Fuel,Gas,%,1.39
India,IND,Tamil Nadu,TN,state,2024,Electricity generation,Fuel,Hydro,%,3.57
India,IND,Tamil Nadu,TN,state,2024,Electricity generation,Fuel,Nuclear,%,12.5
India,IND,Tamil Nadu,TN,state,2024,Electricity generation,Fuel,Other Fossil,%,0.0
India,IND,Tamil Nadu,TN,state,2024,Electricity generation,Fuel,Other Renewables,%,0.0
India,IND,Tamil Nadu,TN,state,2024,Electricity generation,Fuel,Solar,%,11.16
India,IND,Tamil Nadu,TN,state,2024,Electricity generation,Fuel,Wind,%,12.87
India,IND,Tamil Nadu,TN,state,2024,Electricity generation,Fuel,Bioenergy,GWh,565.63
India,IND,Tamil Nadu,TN,state,2024,Electricity generation,Fuel,Coal,GWh,75321.83
India,IND,Tamil Nadu,TN,state,2024,Electricity generation,Fuel,Gas,GWh,1796.42
India,IND,Tamil Nadu,TN,state,2024,Electricity generation,Fuel,Hydro,GWh,4627.66
India,IND,Tamil Nadu,TN,state,2024,Electricity generation,Fuel,Nuclear,GWh,16208.61
India,IND,Tamil Nadu,TN,state,2024,Electricity generation,Fuel,Other Fossil,GWh,0.0
India,IND,Tamil Nadu,TN,state,2024,Electricity generation,Fuel,Other Renewables,GWh,0.0
India,IND,Tamil Nadu,TN,state,2024,Electricity generation,Fuel,Solar,GWh,14476.32
India,IND,Tamil Nadu,TN,state,2024,Electricity generation,Fuel,Wind,GWh,16685.71
India,IND,Tamil Nadu,TN,state,2024,Electricity generation,Total,Total Generation,GWh,129682.18
India,IND,Tamil Nadu,TN,state,2024,Power sector emissions,CO2 intensity,CO2 intensity,gCO2/kWh,493.19
India,IND,Tamil Nadu,TN,state,2024,Power sector emissions,Fuel,Bioenergy,%,130.09
India,IND,Tamil Nadu,TN,state,2024,Power sector emissions,Fuel,Coal,%,61763.9
India,IND,Tamil Nadu,TN,state,2024,Power sector emissions,Fuel,Gas,%,880.25
India,IND,Tamil Nadu,TN,state,2024,Power sector emissions,Fuel,Hydro,%,111.06
India,IND,Tamil Nadu,TN,state,2024,Power sector emissions,Fuel,Nuclear,%,194.5
India,IND,Tamil Nadu,TN,state,2024,Power sector emissions,Fuel,Other Fossil,%,0.0
India,IND,Tamil Nadu,TN,state,2024,Power sector emissions,Fuel,Other Renewables,%,0.0
India,IND,Tamil Nadu,TN,state,2024,Power sector emissions,Fuel,Solar,%,694.86
India,IND,Tamil Nadu,TN,state,2024,Power sector emissions,Fuel,Wind,%,183.54
India,IND,Tamil Nadu,TN,state,2024,Power sector emissions,Fuel,Bioenergy,ktCO2,130.09
India,IND,Tamil Nadu,TN,state,2024,Power sector emissions,Fuel,Coal,ktCO2,61763.9
India,IND,Tamil Nadu,TN,state,2024,Power sector emissions,Fuel,Gas,ktCO2,880.25
India,IND,Tamil Nadu,TN,state,2024,Power sector emissions,Fuel,Hydro,ktCO2,111.06
India,IND,Tamil Nadu,TN,state,2024,Power sector emissions,Fuel,Nuclear,ktCO2,194.5
India,IND,Tamil Nadu,TN,state,2024,Power sector emissions,Fuel,Other Fossil,ktCO2,0.0
India,IND,Tamil Nadu,TN,state,2024,Power sector emissions,Fuel,Other Renewables,ktCO2,0.0
India,IND,Tamil Nadu,TN,state,2024,Power sector emissions,Fuel,Solar,ktCO2,694.86
India,IND,Tamil Nadu,TN,state,2024,Power sector emissions,Fuel,Wind,ktCO2,183.54
India,IND,Tamil Nadu,TN,state,2024,Power sector emissions,Total,Total emissions,ktCO2,63958.2
India,IND,Telangana,TG,state,2019,Capacity,Fuel,Bioenergy,MW,177.6
India,IND,Telangana,TG,state,2019,Capacity,Fuel,Coal,MW,7182.5
India,IND,Telangana,TG,state,2019,Capacity,Fuel,Gas,MW,0.0
India,IND,Telangana,TG,state,2019,Capacity,Fuel,Hydro,MW,2496.47
India,IND,Telangana,TG,state,2019,Capacity,Fuel,Nuclear,MW,0.0
India,IND,Telangana,TG,state,2019,Capacity,Fuel,Other Fossil,MW,0.0
India,IND,Telangana,TG,state,2019,Capacity,Fuel,Other Renewables,MW,0.0
India,IND,Telangana,TG,state,2019,Capacity,Fuel,Solar,MW,3620.75
India,IND,Telangana,TG,state,2019,Capacity,Fuel,Wind,MW,128.1
India,IND,Telangana,TG,state,2019,Electricity generation,Fuel,Bioenergy,%,0.43
India,IND,Telangana,TG,state,2019,Electricity generation,Fuel,Coal,%,81.47
India,IND,Telangana,TG,state,2019,Electricity generation,Fuel,Gas,%,0.0
India,IND,Telangana,TG,state,2019,Electricity generation,Fuel,Hydro,%,7.1
India,IND,Telangana,TG,state,2019,Electricity generation,Fuel,Nuclear,%,0.0
India,IND,Telangana,TG,state,2019,Electricity generation,Fuel,Other Fossil,%,0.0
India,IND,Telangana,TG,state,2019,Electricity generation,Fuel,Other Renewables,%,0.05
India,IND,Telangana,TG,state,2019,Electricity generation,Fuel,Solar,%,10.54
India,IND,Telangana,TG,state,2019,Electricity generation,Fuel,Wind,%,0.4
India,IND,Telangana,TG,state,2019,Electricity generation,Fuel,Bioenergy,GWh,259.02
India,IND,Telangana,TG,state,2019,Electricity generation,Fuel,Coal,GWh,48640.58
India,IND,Telangana,TG,state,2019,Electricity generation,Fuel,Gas,GWh,0.0
India,IND,Telangana,TG,state,2019,Electricity generation,Fuel,Hydro,GWh,4237.98
India,IND,Telangana,TG,state,2019,Electricity generation,Fuel,Nuclear,GWh,0.0
India,IND,Telangana,TG,state,2019,Electricity generation,Fuel,Other Fossil,GWh,0.0
India,IND,Telangana,TG,state,2019,Electricity generation,Fuel,Other Renewables,GWh,30.66
India,IND,Telangana,TG,state,2019,Electricity generation,Fuel,Solar,GWh,6293.34
India,IND,Telangana,TG,state,2019,Electricity generation,Fuel,Wind,GWh,239.13
India,IND,Telangana,TG,state,2019,Electricity generation,Total,Total Generation,GWh,59700.71
India,IND,Telangana,TG,state,2019,Power sector emissions,CO2 intensity,CO2 intensity,gCO2/kWh,675.91
India,IND,Telangana,TG,state,2019,Power sector emissions,Fuel,Bioenergy,%,59.57
India,IND,Telangana,TG,state,2019,Power sector emissions,Fuel,Coal,%,39885.27
India,IND,Telangana,TG,state,2019,Power sector emissions,Fuel,Gas,%,0.0
India,IND,Telangana,TG,state,2019,Power sector emissions,Fuel,Hydro,%,101.71
India,IND,Telangana,TG,state,2019,Power sector emissions,Fuel,Nuclear,%,0.0
India,IND,Telangana,TG,state,2019,Power sector emissions,Fuel,Other Fossil,%,0.0
India,IND,Telangana,TG,state,2019,Power sector emissions,Fuel,Other Renewables,%,1.17
India,IND,Telangana,TG,state,2019,Power sector emissions,Fuel,Solar,%,302.08
India,IND,Telangana,TG,state,2019,Power sector emissions,Fuel,Wind,%,2.63
India,IND,Telangana,TG,state,2019,Power sector emissions,Fuel,Bioenergy,ktCO2,59.57
India,IND,Telangana,TG,state,2019,Power sector emissions,Fuel,Coal,ktCO2,39885.27
India,IND,Telangana,TG,state,2019,Power sector emissions,Fuel,Gas,ktCO2,0.0
India,IND,Telangana,TG,state,2019,Power sector emissions,Fuel,Hydro,ktCO2,101.71
India,IND,Telangana,TG,state,2019,Power sector emissions,Fuel,Nuclear,ktCO2,0.0
India,IND,Telangana,TG,state,2019,Power sector emissions,Fuel,Other Fossil,ktCO2,0.0
India,IND,Telangana,TG,state,2019,Power sector emissions,Fuel,Other Renewables,ktCO2,1.17
India,IND,Telangana,TG,state,2019,Power sector emissions,Fuel,Solar,ktCO2,302.08
India,IND,Telangana,TG,state,2019,Power sector emissions,Fuel,Wind,ktCO2,2.63
India,IND,Telangana,TG,state,2019,Power sector emissions,Total,Total emissions,ktCO2,40352.43
India,IND,Telangana,TG,state,2020,Capacity,Fuel,Bioenergy,MW,205.9
India,IND,Telangana,TG,state,2020,Capacity,Fuel,Coal,MW,7302.5
India,IND,Telangana,TG,state,2020,Capacity,Fuel,Gas,MW,0.0
India,IND,Telangana,TG,state,2020,Capacity,Fuel,Hydro,MW,2496.47
India,IND,Telangana,TG,state,2020,Capacity,Fuel,Nuclear,MW,0.0
India,IND,Telangana,TG,state,2020,Capacity,Fuel,Other Fossil,MW,0.0
India,IND,Telangana,TG,state,2020,Capacity,Fuel,Other Renewables,MW,0.0
India,IND,Telangana,TG,state,2020,Capacity,Fuel,Solar,MW,3936.36
India,IND,Telangana,TG,state,2020,Capacity,Fuel,Wind,MW,128.1
India,IND,Telangana,TG,state,2020,Electricity generation,Fuel,Bioenergy,%,0.46
India,IND,Telangana,TG,state,2020,Electricity generation,Fuel,Coal,%,80.61
India,IND,Telangana,TG,state,2020,Electricity generation,Fuel,Gas,%,0.0
India,IND,Telangana,TG,state,2020,Electricity generation,Fuel,Hydro,%,6.59
India,IND,Telangana,TG,state,2020,Electricity generation,Fuel,Nuclear,%,0.0
India,IND,Telangana,TG,state,2020,Electricity generation,Fuel,Other Fossil,%,0.0
India,IND,Telangana,TG,state,2020,Electricity generation,Fuel,Other Renewables,%,0.11
India,IND,Telangana,TG,state,2020,Electricity generation,Fuel,Solar,%,11.79
India,IND,Telangana,TG,state,2020,Electricity generation,Fuel,Wind,%,0.43
India,IND,Telangana,TG,state,2020,Electricity generation,Fuel,Bioenergy,GWh,249.78
India,IND,Telangana,TG,state,2020,Electricity generation,Fuel,Coal,GWh,43316.53
India,IND,Telangana,TG,state,2020,Electricity generation,Fuel,Gas,GWh,0.0
India,IND,Telangana,TG,state,2020,Electricity generation,Fuel,Hydro,GWh,3541.56
India,IND,Telangana,TG,state,2020,Electricity generation,Fuel,Nuclear,GWh,0.0
India,IND,Telangana,TG,state,2020,Electricity generation,Fuel,Other Fossil,GWh,0.0
India,IND,Telangana,TG,state,2020,Electricity generation,Fuel,Other Renewables,GWh,59.55
India,IND,Telangana,TG,state,2020,Electricity generation,Fuel,Solar,GWh,6336.98
India,IND,Telangana,TG,state,2020,Electricity generation,Fuel,Wind,GWh,229.74
India,IND,Telangana,TG,state,2020,Electricity generation,Total,Total Generation,GWh,53734.14
India,IND,Telangana,TG,state,2020,Power sector emissions,CO2 intensity,CO2 intensity,gCO2/kWh,669.43
India,IND,Telangana,TG,state,2020,Power sector emissions,Fuel,Bioenergy,%,57.45
India,IND,Telangana,TG,state,2020,Power sector emissions,Fuel,Coal,%,35519.56
India,IND,Telangana,TG,state,2020,Power sector emissions,Fuel,Gas,%,0.0
India,IND,Telangana,TG,state,2020,Power sector emissions,Fuel,Hydro,%,85.0
India,IND,Telangana,TG,state,2020,Power sector emissions,Fuel,Nuclear,%,0.0
India,IND,Telangana,TG,state,2020,Power sector emissions,Fuel,Other Fossil,%,0.0
India,IND,Telangana,TG,state,2020,Power sector emissions,Fuel,Other Renewables,%,2.26
India,IND,Telangana,TG,state,2020,Power sector emissions,Fuel,Solar,%,304.18
India,IND,Telangana,TG,state,2020,Power sector emissions,Fuel,Wind,%,2.53
India,IND,Telangana,TG,state,2020,Power sector emissions,Fuel,Bioenergy,ktCO2,57.45
India,IND,Telangana,TG,state,2020,Power sector emissions,Fuel,Coal,ktCO2,35519.56
India,IND,Telangana,TG,state,2020,Power sector emissions,Fuel,Gas,ktCO2,0.0
India,IND,Telangana,TG,state,2020,Power sector emissions,Fuel,Hydro,ktCO2,85.0
India,IND,Telangana,TG,state,2020,Power sector emissions,Fuel,Nuclear,ktCO2,0.0
India,IND,Telangana,TG,state,2020,Power sector emissions,Fuel,Other Fossil,ktCO2,0.0
India,IND,Telangana,TG,state,2020,Power sector emissions,Fuel,Other Renewables,ktCO2,2.26
India,IND,Telangana,TG,state,2020,Power sector emissions,Fuel,Solar,ktCO2,304.18
India,IND,Telangana,TG,state,2020,Power sector emissions,Fuel,Wind,ktCO2,2.53
India,IND,Telangana,TG,state,2020,Power sector emissions,Total,Total emissions,ktCO2,35970.98
India,IND,Telangana,TG,state,2021,Capacity,Fuel,Bioenergy,MW,219.74
India,IND,Telangana,TG,state,2021,Capacity,Fuel,Coal,MW,7572.5
India,IND,Telangana,TG,state,2021,Capacity,Fuel,Gas,MW,0.0
India,IND,Telangana,TG,state,2021,Capacity,Fuel,Hydro,MW,2496.47
India,IND,Telangana,TG,state,2021,Capacity,Fuel,Nuclear,MW,0.0
India,IND,Telangana,TG,state,2021,Capacity,Fuel,Other Fossil,MW,0.0
India,IND,Telangana,TG,state,2021,Capacity,Fuel,Other Renewables,MW,0.0
India,IND,Telangana,TG,state,2021,Capacity,Fuel,Solar,MW,4178.48
India,IND,Telangana,TG,state,2021,Capacity,Fuel,Wind,MW,128.1
India,IND,Telangana,TG,state,2021,Electricity generation,Fuel,Bioenergy,%,0.32
India,IND,Telangana,TG,state,2021,Electricity generation,Fuel,Coal,%,79.64
India,IND,Telangana,TG,state,2021,Electricity generation,Fuel,Gas,%,0.0
India,IND,Telangana,TG,state,2021,Electricity generation,Fuel,Hydro,%,9.24
India,IND,Telangana,TG,state,2021,Electricity generation,Fuel,Nuclear,%,0.0
India,IND,Telangana,TG,state,2021,Electricity generation,Fuel,Other Fossil,%,0.0
India,IND,Telangana,TG,state,2021,Electricity generation,Fuel,Other Renewables,%,0.31
India,IND,Telangana,TG,state,2021,Electricity generation,Fuel,Solar,%,10.09
India,IND,Telangana,TG,state,2021,Electricity generation,Fuel,Wind,%,0.41
India,IND,Telangana,TG,state,2021,Electricity generation,Fuel,Bioenergy,GWh,201.42
India,IND,Telangana,TG,state,2021,Electricity generation,Fuel,Coal,GWh,50873.56
India,IND,Telangana,TG,state,2021,Electricity generation,Fuel,Gas,GWh,0.0
India,IND,Telangana,TG,state,2021,Electricity generation,Fuel,Hydro,GWh,5899.99
India,IND,Telangana,TG,state,2021,Electricity generation,Fuel,Nuclear,GWh,0.0
India,IND,Telangana,TG,state,2021,Electricity generation,Fuel,Other Fossil,GWh,0.0
India,IND,Telangana,TG,state,2021,Electricity generation,Fuel,Other Renewables,GWh,195.07
India,IND,Telangana,TG,state,2021,Electricity generation,Fuel,Solar,GWh,6444.7
India,IND,Telangana,TG,state,2021,Electricity generation,Fuel,Wind,GWh,263.61
India,IND,Telangana,TG,state,2021,Electricity generation,Total,Total Generation,GWh,63878.35
India,IND,Telangana,TG,state,2021,Power sector emissions,CO2 intensity,CO2 intensity,gCO2/kWh,661.01
India,IND,Telangana,TG,state,2021,Power sector emissions,Fuel,Bioenergy,%,46.33
India,IND,Telangana,TG,state,2021,Power sector emissions,Fuel,Coal,%,41716.32
India,IND,Telangana,TG,state,2021,Power sector emissions,Fuel,Gas,%,0.0
India,IND,Telangana,TG,state,2021,Power sector emissions,Fuel,Hydro,%,141.6
India,IND,Telangana,TG,state,2021,Power sector emissions,Fuel,Nuclear,%,0.0
India,IND,Telangana,TG,state,2021,Power sector emissions,Fuel,Other Fossil,%,0.0
India,IND,Telangana,TG,state,2021,Power sector emissions,Fuel,Other Renewables,%,7.41
India,IND,Telangana,TG,state,2021,Power sector emissions,Fuel,Solar,%,309.35
India,IND,Telangana,TG,state,2021,Power sector emissions,Fuel,Wind,%,2.9
India,IND,Telangana,TG,state,2021,Power sector emissions,Fuel,Bioenergy,ktCO2,46.33
India,IND,Telangana,TG,state,2021,Power sector emissions,Fuel,Coal,ktCO2,41716.32
India,IND,Telangana,TG,state,2021,Power sector emissions,Fuel,Gas,ktCO2,0.0
India,IND,Telangana,TG,state,2021,Power sector emissions,Fuel,Hydro,ktCO2,141.6
India,IND,Telangana,TG,state,2021,Power sector emissions,Fuel,Nuclear,ktCO2,0.0
India,IND,Telangana,TG,state,2021,Power sector emissions,Fuel,Other Fossil,ktCO2,0.0
India,IND,Telangana,TG,state,2021,Power sector emissions,Fuel,Other Renewables,ktCO2,7.41
India,IND,Telangana,TG,state,2021,Power sector emissions,Fuel,Solar,ktCO2,309.35
India,IND,Telangana,TG,state,2021,Power sector emissions,Fuel,Wind,ktCO2,2.9
India,IND,Telangana,TG,state,2021,Power sector emissions,Total,Total emissions,ktCO2,42223.91
India,IND,Telangana,TG,state,2022,Capacity,Fuel,Bioenergy,MW,219.74
India,IND,Telangana,TG,state,2022,Capacity,Fuel,Coal,MW,7842.5
India,IND,Telangana,TG,state,2022,Capacity,Fuel,Gas,MW,0.0
India,IND,Telangana,TG,state,2022,Capacity,Fuel,Hydro,MW,2496.47
India,IND,Telangana,TG,state,2022,Capacity,Fuel,Nuclear,MW,0.0
India,IND,Telangana,TG,state,2022,Capacity,Fuel,Other Fossil,MW,0.0
India,IND,Telangana,TG,state,2022,Capacity,Fuel,Other Renewables,MW,
India,IND,Telangana,TG,state,2022,Capacity,Fuel,Solar,MW,4650.93
India,IND,Telangana,TG,state,2022,Capacity,Fuel,Wind,MW,128.1
India,IND,Telangana,TG,state,2022,Electricity generation,Fuel,Bioenergy,%,0.27
India,IND,Telangana,TG,state,2022,Electricity generation,Fuel,Coal,%,79.0
India,IND,Telangana,TG,state,2022,Electricity generation,Fuel,Gas,%,0.0
India,IND,Telangana,TG,state,2022,Electricity generation,Fuel,Hydro,%,9.59
India,IND,Telangana,TG,state,2022,Electricity generation,Fuel,Nuclear,%,0.0
India,IND,Telangana,TG,state,2022,Electricity generation,Fuel,Other Fossil,%,0.0
India,IND,Telangana,TG,state,2022,Electricity generation,Fuel,Other Renewables,%,0.27
India,IND,Telangana,TG,state,2022,Electricity generation,Fuel,Solar,%,10.43
India,IND,Telangana,TG,state,2022,Electricity generation,Fuel,Wind,%,0.44
India,IND,Telangana,TG,state,2022,Electricity generation,Fuel,Bioenergy,GWh,172.34
India,IND,Telangana,TG,state,2022,Electricity generation,Fuel,Coal,GWh,50449.27
India,IND,Telangana,TG,state,2022,Electricity generation,Fuel,Gas,GWh,0.0
India,IND,Telangana,TG,state,2022,Electricity generation,Fuel,Hydro,GWh,6124.19
India,IND,Telangana,TG,state,2022,Electricity generation,Fuel,Nuclear,GWh,0.0
India,IND,Telangana,TG,state,2022,Electricity generation,Fuel,Other Fossil,GWh,0.0
India,IND,Telangana,TG,state,2022,Electricity generation,Fuel,Other Renewables,GWh,171.25
India,IND,Telangana,TG,state,2022,Electricity generation,Fuel,Solar,GWh,6659.96
India,IND,Telangana,TG,state,2022,Electricity generation,Fuel,Wind,GWh,281.46
India,IND,Telangana,TG,state,2022,Electricity generation,Total,Total Generation,GWh,63858.47
India,IND,Telangana,TG,state,2022,Power sector emissions,CO2 intensity,CO2 intensity,gCO2/kWh,655.89
India,IND,Telangana,TG,state,2022,Power sector emissions,Fuel,Bioenergy,%,39.64
India,IND,Telangana,TG,state,2022,Power sector emissions,Fuel,Coal,%,41368.4
India,IND,Telangana,TG,state,2022,Power sector emissions,Fuel,Gas,%,0.0
India,IND,Telangana,TG,state,2022,Power sector emissions,Fuel,Hydro,%,146.98
India,IND,Telangana,TG,state,2022,Power sector emissions,Fuel,Nuclear,%,0.0
India,IND,Telangana,TG,state,2022,Power sector emissions,Fuel,Other Fossil,%,0.0
India,IND,Telangana,TG,state,2022,Power sector emissions,Fuel,Other Renewables,%,6.51
India,IND,Telangana,TG,state,2022,Power sector emissions,Fuel,Solar,%,319.68
India,IND,Telangana,TG,state,2022,Power sector emissions,Fuel,Wind,%,3.1
India,IND,Telangana,TG,state,2022,Power sector emissions,Fuel,Bioenergy,ktCO2,39.64
India,IND,Telangana,TG,state,2022,Power sector emissions,Fuel,Coal,ktCO2,41368.4
India,IND,Telangana,TG,state,2022,Power sector emissions,Fuel,Gas,ktCO2,0.0
India,IND,Telangana,TG,state,2022,Power sector emissions,Fuel,Hydro,ktCO2,146.98
India,IND,Telangana,TG,state,2022,Power sector emissions,Fuel,Nuclear,ktCO2,0.0
India,IND,Telangana,TG,state,2022,Power sector emissions,Fuel,Other Fossil,ktCO2,0.0
India,IND,Telangana,TG,state,2022,Power sector emissions,Fuel,Other Renewables,ktCO2,6.51
India,IND,Telangana,TG,state,2022,Power sector emissions,Fuel,Solar,ktCO2,319.68
India,IND,Telangana,TG,state,2022,Power sector emissions,Fuel,Wind,ktCO2,3.1
India,IND,Telangana,TG,state,2022,Power sector emissions,Total,Total emissions,ktCO2,41884.31
India,IND,Telangana,TG,state,2023,Capacity,Fuel,Bioenergy,MW,220.37
India,IND,Telangana,TG,state,2023,Capacity,Fuel,Coal,MW,8642.5
India,IND,Telangana,TG,state,2023,Capacity,Fuel,Gas,MW,0.0
India,IND,Telangana,TG,state,2023,Capacity,Fuel,Hydro,MW,2496.47
India,IND,Telangana,TG,state,2023,Capacity,Fuel,Nuclear,MW,0.0
India,IND,Telangana,TG,state,2023,Capacity,Fuel,Other Fossil,MW,0.0
India,IND,Telangana,TG,state,2023,Capacity,Fuel,Other Renewables,MW,
India,IND,Telangana,TG,state,2023,Capacity,Fuel,Solar,MW,4712.98
India,IND,Telangana,TG,state,2023,Capacity,Fuel,Wind,MW,128.1
India,IND,Telangana,TG,state,2023,Electricity generation,Fuel,Bioenergy,%,0.18
India,IND,Telangana,TG,state,2023,Electricity generation,Fuel,Coal,%,85.87
India,IND,Telangana,TG,state,2023,Electricity generation,Fuel,Gas,%,0.0
India,IND,Telangana,TG,state,2023,Electricity generation,Fuel,Hydro,%,2.42
India,IND,Telangana,TG,state,2023,Electricity generation,Fuel,Nuclear,%,0.0
India,IND,Telangana,TG,state,2023,Electricity generation,Fuel,Other Fossil,%,0.0
India,IND,Telangana,TG,state,2023,Electricity generation,Fuel,Other Renewables,%,0.23
India,IND,Telangana,TG,state,2023,Electricity generation,Fuel,Solar,%,10.83
India,IND,Telangana,TG,state,2023,Electricity generation,Fuel,Wind,%,0.47
India,IND,Telangana,TG,state,2023,Electricity generation,Fuel,Bioenergy,GWh,116.93
India,IND,Telangana,TG,state,2023,Electricity generation,Fuel,Coal,GWh,54980.83
India,IND,Telangana,TG,state,2023,Electricity generation,Fuel,Gas,GWh,0.0
India,IND,Telangana,TG,state,2023,Electricity generation,Fuel,Hydro,GWh,1550.73
India,IND,Telangana,TG,state,2023,Electricity generation,Fuel,Nuclear,GWh,0.0
India,IND,Telangana,TG,state,2023,Electricity generation,Fuel,Other Fossil,GWh,0.0
India,IND,Telangana,TG,state,2023,Electricity generation,Fuel,Other Renewables,GWh,147.94
India,IND,Telangana,TG,state,2023,Electricity generation,Fuel,Solar,GWh,6931.61
India,IND,Telangana,TG,state,2023,Electricity generation,Fuel,Wind,GWh,298.6
India,IND,Telangana,TG,state,2023,Electricity generation,Total,Total Generation,GWh,64026.64
India,IND,Telangana,TG,state,2023,Power sector emissions,CO2 intensity,CO2 intensity,gCO2/kWh,710.49
India,IND,Telangana,TG,state,2023,Power sector emissions,Fuel,Bioenergy,%,26.89
India,IND,Telangana,TG,state,2023,Power sector emissions,Fuel,Coal,%,45084.28
India,IND,Telangana,TG,state,2023,Power sector emissions,Fuel,Gas,%,0.0
India,IND,Telangana,TG,state,2023,Power sector emissions,Fuel,Hydro,%,37.22
India,IND,Telangana,TG,state,2023,Power sector emissions,Fuel,Nuclear,%,0.0
India,IND,Telangana,TG,state,2023,Power sector emissions,Fuel,Other Fossil,%,0.0
India,IND,Telangana,TG,state,2023,Power sector emissions,Fuel,Other Renewables,%,5.62
India,IND,Telangana,TG,state,2023,Power sector emissions,Fuel,Solar,%,332.72
India,IND,Telangana,TG,state,2023,Power sector emissions,Fuel,Wind,%,3.28
India,IND,Telangana,TG,state,2023,Power sector emissions,Fuel,Bioenergy,ktCO2,26.89
India,IND,Telangana,TG,state,2023,Power sector emissions,Fuel,Coal,ktCO2,45084.28
India,IND,Telangana,TG,state,2023,Power sector emissions,Fuel,Gas,ktCO2,0.0
India,IND,Telangana,TG,state,2023,Power sector emissions,Fuel,Hydro,ktCO2,37.22
India,IND,Telangana,TG,state,2023,Power sector emissions,Fuel,Nuclear,ktCO2,0.0
India,IND,Telangana,TG,state,2023,Power sector emissions,Fuel,Other Fossil,ktCO2,0.0
India,IND,Telangana,TG,state,2023,Power sector emissions,Fuel,Other Renewables,ktCO2,5.62
India,IND,Telangana,TG,state,2023,Power sector emissions,Fuel,Solar,ktCO2,332.72
India,IND,Telangana,TG,state,2023,Power sector emissions,Fuel,Wind,ktCO2,3.28
India,IND,Telangana,TG,state,2023,Power sector emissions,Total,Total emissions,ktCO2,45490.01
India,IND,Telangana,TG,state,2024,Capacity,Fuel,Bioenergy,MW,221.67
India,IND,Telangana,TG,state,2024,Capacity,Fuel,Coal,MW,9442.5
India,IND,Telangana,TG,state,2024,Capacity,Fuel,Gas,MW,0.0
India,IND,Telangana,TG,state,2024,Capacity,Fuel,Hydro,MW,2496.47
India,IND,Telangana,TG,state,2024,Capacity,Fuel,Nuclear,MW,0.0
India,IND,Telangana,TG,state,2024,Capacity,Fuel,Other Fossil,MW,0.0
India,IND,Telangana,TG,state,2024,Capacity,Fuel,Other Renewables,MW,
India,IND,Telangana,TG,state,2024,Capacity,Fuel,Solar,MW,4842.1
India,IND,Telangana,TG,state,2024,Capacity,Fuel,Wind,MW,128.1
India,IND,Telangana,TG,state,2024,Electricity generation,Fuel,Bioenergy,%,0.14
India,IND,Telangana,TG,state,2024,Electricity generation,Fuel,Coal,%,82.07
India,IND,Telangana,TG,state,2024,Electricity generation,Fuel,Gas,%,0.0
India,IND,Telangana,TG,state,2024,Electricity generation,Fuel,Hydro,%,7.22
India,IND,Telangana,TG,state,2024,Electricity generation,Fuel,Nuclear,%,0.0
India,IND,Telangana,TG,state,2024,Electricity generation,Fuel,Other Fossil,%,0.0
India,IND,Telangana,TG,state,2024,Electricity generation,Fuel,Other Renewables,%,0.34
India,IND,Telangana,TG,state,2024,Electricity generation,Fuel,Solar,%,9.8
India,IND,Telangana,TG,state,2024,Electricity generation,Fuel,Wind,%,0.42
India,IND,Telangana,TG,state,2024,Electricity generation,Fuel,Bioenergy,GWh,99.52
India,IND,Telangana,TG,state,2024,Electricity generation,Fuel,Coal,GWh,57256.75
India,IND,Telangana,TG,state,2024,Electricity generation,Fuel,Gas,GWh,0.0
India,IND,Telangana,TG,state,2024,Electricity generation,Fuel,Hydro,GWh,5039.68
India,IND,Telangana,TG,state,2024,Electricity generation,Fuel,Nuclear,GWh,0.0
India,IND,Telangana,TG,state,2024,Electricity generation,Fuel,Other Fossil,GWh,0.0
India,IND,Telangana,TG,state,2024,Electricity generation,Fuel,Other Renewables,GWh,239.49
India,IND,Telangana,TG,state,2024,Electricity generation,Fuel,Solar,GWh,6838.32
India,IND,Telangana,TG,state,2024,Electricity generation,Fuel,Wind,GWh,296.07
India,IND,Telangana,TG,state,2024,Electricity generation,Total,Total Generation,GWh,69769.83
India,IND,Telangana,TG,state,2024,Power sector emissions,CO2 intensity,CO2 intensity,gCO2/kWh,679.88
India,IND,Telangana,TG,state,2024,Power sector emissions,Fuel,Bioenergy,%,22.89
India,IND,Telangana,TG,state,2024,Power sector emissions,Fuel,Coal,%,46950.54
India,IND,Telangana,TG,state,2024,Power sector emissions,Fuel,Gas,%,0.0
India,IND,Telangana,TG,state,2024,Power sector emissions,Fuel,Hydro,%,120.95
India,IND,Telangana,TG,state,2024,Power sector emissions,Fuel,Nuclear,%,0.0
India,IND,Telangana,TG,state,2024,Power sector emissions,Fuel,Other Fossil,%,0.0
India,IND,Telangana,TG,state,2024,Power sector emissions,Fuel,Other Renewables,%,9.1
India,IND,Telangana,TG,state,2024,Power sector emissions,Fuel,Solar,%,328.24
India,IND,Telangana,TG,state,2024,Power sector emissions,Fuel,Wind,%,3.26
India,IND,Telangana,TG,state,2024,Power sector emissions,Fuel,Bioenergy,ktCO2,22.89
India,IND,Telangana,TG,state,2024,Power sector emissions,Fuel,Coal,ktCO2,46950.54
India,IND,Telangana,TG,state,2024,Power sector emissions,Fuel,Gas,ktCO2,0.0
India,IND,Telangana,TG,state,2024,Power sector emissions,Fuel,Hydro,ktCO2,120.95
India,IND,Telangana,TG,state,2024,Power sector emissions,Fuel,Nuclear,ktCO2,0.0
India,IND,Telangana,TG,state,2024,Power sector emissions,Fuel,Other Fossil,ktCO2,0.0
India,IND,Telangana,TG,state,2024,Power sector emissions,Fuel,Other Renewables,ktCO2,9.1
India,IND,Telangana,TG,state,2024,Power sector emissions,Fuel,Solar,ktCO2,328.24
India,IND,Telangana,TG,state,2024,Power sector emissions,Fuel,Wind,ktCO2,3.26
India,IND,Telangana,TG,state,2024,Power sector emissions,Total,Total emissions,ktCO2,47434.98
India,IND,Tripura,TR,state,2019,Capacity,Fuel,Bioenergy,MW,0.0
India,IND,Tripura,TR,state,2019,Capacity,Fuel,Coal,MW,0.0
India,IND,Tripura,TR,state,2019,Capacity,Fuel,Gas,MW,1132.1
India,IND,Tripura,TR,state,2019,Capacity,Fuel,Hydro,MW,16.01
India,IND,Tripura,TR,state,2019,Capacity,Fuel,Nuclear,MW,0.0
India,IND,Tripura,TR,state,2019,Capacity,Fuel,Other Fossil,MW,0.0
India,IND,Tripura,TR,state,2019,Capacity,Fuel,Other Renewables,MW,0.0
India,IND,Tripura,TR,state,2019,Capacity,Fuel,Solar,MW,9.41
India,IND,Tripura,TR,state,2019,Capacity,Fuel,Wind,MW,0.0
India,IND,Tripura,TR,state,2019,Electricity generation,Fuel,Bioenergy,%,0.0
India,IND,Tripura,TR,state,2019,Electricity generation,Fuel,Coal,%,0.0
India,IND,Tripura,TR,state,2019,Electricity generation,Fuel,Gas,%,99.49
India,IND,Tripura,TR,state,2019,Electricity generation,Fuel,Hydro,%,0.44
India,IND,Tripura,TR,state,2019,Electricity generation,Fuel,Nuclear,%,0.0
India,IND,Tripura,TR,state,2019,Electricity generation,Fuel,Other Fossil,%,0.0
India,IND,Tripura,TR,state,2019,Electricity generation,Fuel,Other Renewables,%,0.0
India,IND,Tripura,TR,state,2019,Electricity generation,Fuel,Solar,%,0.07
India,IND,Tripura,TR,state,2019,Electricity generation,Fuel,Wind,%,0.0
India,IND,Tripura,TR,state,2019,Electricity generation,Fuel,Bioenergy,GWh,0.0
India,IND,Tripura,TR,state,2019,Electricity generation,Fuel,Coal,GWh,0.0
India,IND,Tripura,TR,state,2019,Electricity generation,Fuel,Gas,GWh,6670.9
India,IND,Tripura,TR,state,2019,Electricity generation,Fuel,Hydro,GWh,29.73
India,IND,Tripura,TR,state,2019,Electricity generation,Fuel,Nuclear,GWh,0.0
India,IND,Tripura,TR,state,2019,Electricity generation,Fuel,Other Fossil,GWh,0.0
India,IND,Tripura,TR,state,2019,Electricity generation,Fuel,Other Renewables,GWh,0.0
India,IND,Tripura,TR,state,2019,Electricity generation,Fuel,Solar,GWh,4.36
India,IND,Tripura,TR,state,2019,Electricity generation,Fuel,Wind,GWh,0.0
India,IND,Tripura,TR,state,2019,Electricity generation,Total,Total Generation,GWh,6704.99
India,IND,Tripura,TR,state,2019,Power sector emissions,CO2 intensity,CO2 intensity,gCO2/kWh,487.65
India,IND,Tripura,TR,state,2019,Power sector emissions,Fuel,Bioenergy,%,0.0
India,IND,Tripura,TR,state,2019,Power sector emissions,Fuel,Coal,%,0.0
India,IND,Tripura,TR,state,2019,Power sector emissions,Fuel,Gas,%,3268.74
India,IND,Tripura,TR,state,2019,Power sector emissions,Fuel,Hydro,%,0.71
India,IND,Tripura,TR,state,2019,Power sector emissions,Fuel,Nuclear,%,0.0
India,IND,Tripura,TR,state,2019,Power sector emissions,Fuel,Other Fossil,%,0.0
India,IND,Tripura,TR,state,2019,Power sector emissions,Fuel,Other Renewables,%,0.0
India,IND,Tripura,TR,state,2019,Power sector emissions,Fuel,Solar,%,0.21
India,IND,Tripura,TR,state,2019,Power sector emissions,Fuel,Wind,%,0.0
India,IND,Tripura,TR,state,2019,Power sector emissions,Fuel,Bioenergy,ktCO2,0.0
India,IND,Tripura,TR,state,2019,Power sector emissions,Fuel,Coal,ktCO2,0.0
India,IND,Tripura,TR,state,2019,Power sector emissions,Fuel,Gas,ktCO2,3268.74
India,IND,Tripura,TR,state,2019,Power sector emissions,Fuel,Hydro,ktCO2,0.71
India,IND,Tripura,TR,state,2019,Power sector emissions,Fuel,Nuclear,ktCO2,0.0
India,IND,Tripura,TR,state,2019,Power sector emissions,Fuel,Other Fossil,ktCO2,0.0
India,IND,Tripura,TR,state,2019,Power sector emissions,Fuel,Other Renewables,ktCO2,0.0
India,IND,Tripura,TR,state,2019,Power sector emissions,Fuel,Solar,ktCO2,0.21
India,IND,Tripura,TR,state,2019,Power sector emissions,Fuel,Wind,ktCO2,0.0
India,IND,Tripura,TR,state,2019,Power sector emissions,Total,Total emissions,ktCO2,3269.66
India,IND,Tripura,TR,state,2020,Capacity,Fuel,Bioenergy,MW,0.0
India,IND,Tripura,TR,state,2020,Capacity,Fuel,Coal,MW,0.0
India,IND,Tripura,TR,state,2020,Capacity,Fuel,Gas,MW,1132.1
India,IND,Tripura,TR,state,2020,Capacity,Fuel,Hydro,MW,16.01
India,IND,Tripura,TR,state,2020,Capacity,Fuel,Nuclear,MW,0.0
India,IND,Tripura,TR,state,2020,Capacity,Fuel,Other Fossil,MW,0.0
India,IND,Tripura,TR,state,2020,Capacity,Fuel,Other Renewables,MW,0.0
India,IND,Tripura,TR,state,2020,Capacity,Fuel,Solar,MW,9.41
India,IND,Tripura,TR,state,2020,Capacity,Fuel,Wind,MW,0.0
India,IND,Tripura,TR,state,2020,Electricity generation,Fuel,Bioenergy,%,0.0
India,IND,Tripura,TR,state,2020,Electricity generation,Fuel,Coal,%,0.0
India,IND,Tripura,TR,state,2020,Electricity generation,Fuel,Gas,%,99.72
India,IND,Tripura,TR,state,2020,Electricity generation,Fuel,Hydro,%,0.19
India,IND,Tripura,TR,state,2020,Electricity generation,Fuel,Nuclear,%,0.0
India,IND,Tripura,TR,state,2020,Electricity generation,Fuel,Other Fossil,%,0.0
India,IND,Tripura,TR,state,2020,Electricity generation,Fuel,Other Renewables,%,0.0
India,IND,Tripura,TR,state,2020,Electricity generation,Fuel,Solar,%,0.09
India,IND,Tripura,TR,state,2020,Electricity generation,Fuel,Wind,%,0.0
India,IND,Tripura,TR,state,2020,Electricity generation,Fuel,Bioenergy,GWh,0.0
India,IND,Tripura,TR,state,2020,Electricity generation,Fuel,Coal,GWh,0.0
India,IND,Tripura,TR,state,2020,Electricity generation,Fuel,Gas,GWh,6443.56
India,IND,Tripura,TR,state,2020,Electricity generation,Fuel,Hydro,GWh,12.57
India,IND,Tripura,TR,state,2020,Electricity generation,Fuel,Nuclear,GWh,0.0
India,IND,Tripura,TR,state,2020,Electricity generation,Fuel,Other Fossil,GWh,0.0
India,IND,Tripura,TR,state,2020,Electricity generation,Fuel,Other Renewables,GWh,0.0
India,IND,Tripura,TR,state,2020,Electricity generation,Fuel,Solar,GWh,5.54
India,IND,Tripura,TR,state,2020,Electricity generation,Fuel,Wind,GWh,0.0
India,IND,Tripura,TR,state,2020,Electricity generation,Total,Total Generation,GWh,6461.67
India,IND,Tripura,TR,state,2020,Power sector emissions,CO2 intensity,CO2 intensity,gCO2/kWh,488.71
India,IND,Tripura,TR,state,2020,Power sector emissions,Fuel,Bioenergy,%,0.0
India,IND,Tripura,TR,state,2020,Power sector emissions,Fuel,Coal,%,0.0
India,IND,Tripura,TR,state,2020,Power sector emissions,Fuel,Gas,%,3157.34
India,IND,Tripura,TR,state,2020,Power sector emissions,Fuel,Hydro,%,0.3
India,IND,Tripura,TR,state,2020,Power sector emissions,Fuel,Nuclear,%,0.0
India,IND,Tripura,TR,state,2020,Power sector emissions,Fuel,Other Fossil,%,0.0
India,IND,Tripura,TR,state,2020,Power sector emissions,Fuel,Other Renewables,%,0.0
India,IND,Tripura,TR,state,2020,Power sector emissions,Fuel,Solar,%,0.27
India,IND,Tripura,TR,state,2020,Power sector emissions,Fuel,Wind,%,0.0
India,IND,Tripura,TR,state,2020,Power sector emissions,Fuel,Bioenergy,ktCO2,0.0
India,IND,Tripura,TR,state,2020,Power sector emissions,Fuel,Coal,ktCO2,0.0
India,IND,Tripura,TR,state,2020,Power sector emissions,Fuel,Gas,ktCO2,3157.34
India,IND,Tripura,TR,state,2020,Power sector emissions,Fuel,Hydro,ktCO2,0.3
India,IND,Tripura,TR,state,2020,Power sector emissions,Fuel,Nuclear,ktCO2,0.0
India,IND,Tripura,TR,state,2020,Power sector emissions,Fuel,Other Fossil,ktCO2,0.0
India,IND,Tripura,TR,state,2020,Power sector emissions,Fuel,Other Renewables,ktCO2,0.0
India,IND,Tripura,TR,state,2020,Power sector emissions,Fuel,Solar,ktCO2,0.27
India,IND,Tripura,TR,state,2020,Power sector emissions,Fuel,Wind,ktCO2,0.0
India,IND,Tripura,TR,state,2020,Power sector emissions,Total,Total emissions,ktCO2,3157.91
India,IND,Tripura,TR,state,2021,Capacity,Fuel,Bioenergy,MW,0.0
India,IND,Tripura,TR,state,2021,Capacity,Fuel,Coal,MW,0.0
India,IND,Tripura,TR,state,2021,Capacity,Fuel,Gas,MW,1099.6
India,IND,Tripura,TR,state,2021,Capacity,Fuel,Hydro,MW,16.01
India,IND,Tripura,TR,state,2021,Capacity,Fuel,Nuclear,MW,0.0
India,IND,Tripura,TR,state,2021,Capacity,Fuel,Other Fossil,MW,0.0
India,IND,Tripura,TR,state,2021,Capacity,Fuel,Other Renewables,MW,0.0
India,IND,Tripura,TR,state,2021,Capacity,Fuel,Solar,MW,14.87
India,IND,Tripura,TR,state,2021,Capacity,Fuel,Wind,MW,0.0
India,IND,Tripura,TR,state,2021,Electricity generation,Fuel,Bioenergy,%,0.0
India,IND,Tripura,TR,state,2021,Electricity generation,Fuel,Coal,%,0.0
India,IND,Tripura,TR,state,2021,Electricity generation,Fuel,Gas,%,99.81
India,IND,Tripura,TR,state,2021,Electricity generation,Fuel,Hydro,%,0.09
India,IND,Tripura,TR,state,2021,Electricity generation,Fuel,Nuclear,%,0.0
India,IND,Tripura,TR,state,2021,Electricity generation,Fuel,Other Fossil,%,0.0
India,IND,Tripura,TR,state,2021,Electricity generation,Fuel,Other Renewables,%,0.0
India,IND,Tripura,TR,state,2021,Electricity generation,Fuel,Solar,%,0.09
India,IND,Tripura,TR,state,2021,Electricity generation,Fuel,Wind,%,0.0
India,IND,Tripura,TR,state,2021,Electricity generation,Fuel,Bioenergy,GWh,0.0
India,IND,Tripura,TR,state,2021,Electricity generation,Fuel,Coal,GWh,0.0
India,IND,Tripura,TR,state,2021,Electricity generation,Fuel,Gas,GWh,6387.37
India,IND,Tripura,TR,state,2021,Electricity generation,Fuel,Hydro,GWh,5.99
India,IND,Tripura,TR,state,2021,Electricity generation,Fuel,Nuclear,GWh,0.0
India,IND,Tripura,TR,state,2021,Electricity generation,Fuel,Other Fossil,GWh,0.0
India,IND,Tripura,TR,state,2021,Electricity generation,Fuel,Other Renewables,GWh,0.0
India,IND,Tripura,TR,state,2021,Electricity generation,Fuel,Solar,GWh,6.02
India,IND,Tripura,TR,state,2021,Electricity generation,Fuel,Wind,GWh,0.0
India,IND,Tripura,TR,state,2021,Electricity generation,Total,Total Generation,GWh,6399.38
India,IND,Tripura,TR,state,2021,Power sector emissions,CO2 intensity,CO2 intensity,gCO2/kWh,489.15
India,IND,Tripura,TR,state,2021,Power sector emissions,Fuel,Bioenergy,%,0.0
India,IND,Tripura,TR,state,2021,Power sector emissions,Fuel,Coal,%,0.0
India,IND,Tripura,TR,state,2021,Power sector emissions,Fuel,Gas,%,3129.81
India,IND,Tripura,TR,state,2021,Power sector emissions,Fuel,Hydro,%,0.14
India,IND,Tripura,TR,state,2021,Power sector emissions,Fuel,Nuclear,%,0.0
India,IND,Tripura,TR,state,2021,Power sector emissions,Fuel,Other Fossil,%,0.0
India,IND,Tripura,TR,state,2021,Power sector emissions,Fuel,Other Renewables,%,0.0
India,IND,Tripura,TR,state,2021,Power sector emissions,Fuel,Solar,%,0.29
India,IND,Tripura,TR,state,2021,Power sector emissions,Fuel,Wind,%,0.0
India,IND,Tripura,TR,state,2021,Power sector emissions,Fuel,Bioenergy,ktCO2,0.0
India,IND,Tripura,TR,state,2021,Power sector emissions,Fuel,Coal,ktCO2,0.0
India,IND,Tripura,TR,state,2021,Power sector emissions,Fuel,Gas,ktCO2,3129.81
India,IND,Tripura,TR,state,2021,Power sector emissions,Fuel,Hydro,ktCO2,0.14
India,IND,Tripura,TR,state,2021,Power sector emissions,Fuel,Nuclear,ktCO2,0.0
India,IND,Tripura,TR,state,2021,Power sector emissions,Fuel,Other Fossil,ktCO2,0.0
India,IND,Tripura,TR,state,2021,Power sector emissions,Fuel,Other Renewables,ktCO2,0.0
India,IND,Tripura,TR,state,2021,Power sector emissions,Fuel,Solar,ktCO2,0.29
India,IND,Tripura,TR,state,2021,Power sector emissions,Fuel,Wind,ktCO2,0.0
India,IND,Tripura,TR,state,2021,Power sector emissions,Total,Total emissions,ktCO2,3130.24
India,IND,Tripura,TR,state,2022,Capacity,Fuel,Bioenergy,MW,0.0
India,IND,Tripura,TR,state,2022,Capacity,Fuel,Coal,MW,0.0
India,IND,Tripura,TR,state,2022,Capacity,Fuel,Gas,MW,1067.6
India,IND,Tripura,TR,state,2022,Capacity,Fuel,Hydro,MW,16.01
India,IND,Tripura,TR,state,2022,Capacity,Fuel,Nuclear,MW,0.0
India,IND,Tripura,TR,state,2022,Capacity,Fuel,Other Fossil,MW,0.0
India,IND,Tripura,TR,state,2022,Capacity,Fuel,Other Renewables,MW,
India,IND,Tripura,TR,state,2022,Capacity,Fuel,Solar,MW,16.67
India,IND,Tripura,TR,state,2022,Capacity,Fuel,Wind,MW,0.0
India,IND,Tripura,TR,state,2022,Electricity generation,Fuel,Bioenergy,%,0.0
India,IND,Tripura,TR,state,2022,Electricity generation,Fuel,Coal,%,0.0
India,IND,Tripura,TR,state,2022,Electricity generation,Fuel,Gas,%,99.9
India,IND,Tripura,TR,state,2022,Electricity generation,Fuel,Hydro,%,0.0
India,IND,Tripura,TR,state,2022,Electricity generation,Fuel,Nuclear,%,0.0
India,IND,Tripura,TR,state,2022,Electricity generation,Fuel,Other Fossil,%,0.0
India,IND,Tripura,TR,state,2022,Electricity generation,Fuel,Other Renewables,%,0.0
India,IND,Tripura,TR,state,2022,Electricity generation,Fuel,Solar,%,0.1
India,IND,Tripura,TR,state,2022,Electricity generation,Fuel,Wind,%,0.0
India,IND,Tripura,TR,state,2022,Electricity generation,Fuel,Bioenergy,GWh,0.0
India,IND,Tripura,TR,state,2022,Electricity generation,Fuel,Coal,GWh,0.0
India,IND,Tripura,TR,state,2022,Electricity generation,Fuel,Gas,GWh,6930.18
India,IND,Tripura,TR,state,2022,Electricity generation,Fuel,Hydro,GWh,0.0
India,IND,Tripura,TR,state,2022,Electricity generation,Fuel,Nuclear,GWh,0.0
India,IND,Tripura,TR,state,2022,Electricity generation,Fuel,Other Fossil,GWh,0.0
India,IND,Tripura,TR,state,2022,Electricity generation,Fuel,Other Renewables,GWh,0.0
India,IND,Tripura,TR,state,2022,Electricity generation,Fuel,Solar,GWh,6.66
India,IND,Tripura,TR,state,2022,Electricity generation,Fuel,Wind,GWh,0.0
India,IND,Tripura,TR,state,2022,Electricity generation,Total,Total Generation,GWh,6936.84
India,IND,Tripura,TR,state,2022,Power sector emissions,CO2 intensity,CO2 intensity,gCO2/kWh,489.58
India,IND,Tripura,TR,state,2022,Power sector emissions,Fuel,Bioenergy,%,0.0
India,IND,Tripura,TR,state,2022,Power sector emissions,Fuel,Coal,%,0.0
India,IND,Tripura,TR,state,2022,Power sector emissions,Fuel,Gas,%,3395.79
India,IND,Tripura,TR,state,2022,Power sector emissions,Fuel,Hydro,%,0.0
India,IND,Tripura,TR,state,2022,Power sector emissions,Fuel,Nuclear,%,0.0
India,IND,Tripura,TR,state,2022,Power sector emissions,Fuel,Other Fossil,%,0.0
India,IND,Tripura,TR,state,2022,Power sector emissions,Fuel,Other Renewables,%,0.0
India,IND,Tripura,TR,state,2022,Power sector emissions,Fuel,Solar,%,0.32
India,IND,Tripura,TR,state,2022,Power sector emissions,Fuel,Wind,%,0.0
India,IND,Tripura,TR,state,2022,Power sector emissions,Fuel,Bioenergy,ktCO2,0.0
India,IND,Tripura,TR,state,2022,Power sector emissions,Fuel,Coal,ktCO2,0.0
India,IND,Tripura,TR,state,2022,Power sector emissions,Fuel,Gas,ktCO2,3395.79
India,IND,Tripura,TR,state,2022,Power sector emissions,Fuel,Hydro,ktCO2,0.0
India,IND,Tripura,TR,state,2022,Power sector emissions,Fuel,Nuclear,ktCO2,0.0
India,IND,Tripura,TR,state,2022,Power sector emissions,Fuel,Other Fossil,ktCO2,0.0
India,IND,Tripura,TR,state,2022,Power sector emissions,Fuel,Other Renewables,ktCO2,0.0
India,IND,Tripura,TR,state,2022,Power sector emissions,Fuel,Solar,ktCO2,0.32
India,IND,Tripura,TR,state,2022,Power sector emissions,Fuel,Wind,ktCO2,0.0
India,IND,Tripura,TR,state,2022,Power sector emissions,Total,Total emissions,ktCO2,3396.11
India,IND,Tripura,TR,state,2023,Capacity,Fuel,Bioenergy,MW,0.0
India,IND,Tripura,TR,state,2023,Capacity,Fuel,Coal,MW,0.0
India,IND,Tripura,TR,state,2023,Capacity,Fuel,Gas,MW,1067.6
India,IND,Tripura,TR,state,2023,Capacity,Fuel,Hydro,MW,16.01
India,IND,Tripura,TR,state,2023,Capacity,Fuel,Nuclear,MW,0.0
India,IND,Tripura,TR,state,2023,Capacity,Fuel,Other Fossil,MW,0.0
India,IND,Tripura,TR,state,2023,Capacity,Fuel,Other Renewables,MW,
India,IND,Tripura,TR,state,2023,Capacity,Fuel,Solar,MW,18.47
India,IND,Tripura,TR,state,2023,Capacity,Fuel,Wind,MW,0.0
India,IND,Tripura,TR,state,2023,Electricity generation,Fuel,Bioenergy,%,0.0
India,IND,Tripura,TR,state,2023,Electricity generation,Fuel,Coal,%,0.0
India,IND,Tripura,TR,state,2023,Electricity generation,Fuel,Gas,%,99.92
India,IND,Tripura,TR,state,2023,Electricity generation,Fuel,Hydro,%,0.0
India,IND,Tripura,TR,state,2023,Electricity generation,Fuel,Nuclear,%,0.0
India,IND,Tripura,TR,state,2023,Electricity generation,Fuel,Other Fossil,%,0.0
India,IND,Tripura,TR,state,2023,Electricity generation,Fuel,Other Renewables,%,0.0
India,IND,Tripura,TR,state,2023,Electricity generation,Fuel,Solar,%,0.08
India,IND,Tripura,TR,state,2023,Electricity generation,Fuel,Wind,%,0.0
India,IND,Tripura,TR,state,2023,Electricity generation,Fuel,Bioenergy,GWh,0.0
India,IND,Tripura,TR,state,2023,Electricity generation,Fuel,Coal,GWh,0.0
India,IND,Tripura,TR,state,2023,Electricity generation,Fuel,Gas,GWh,6818.51
India,IND,Tripura,TR,state,2023,Electricity generation,Fuel,Hydro,GWh,0.0
India,IND,Tripura,TR,state,2023,Electricity generation,Fuel,Nuclear,GWh,0.0
India,IND,Tripura,TR,state,2023,Electricity generation,Fuel,Other Fossil,GWh,0.0
India,IND,Tripura,TR,state,2023,Electricity generation,Fuel,Other Renewables,GWh,0.0
India,IND,Tripura,TR,state,2023,Electricity generation,Fuel,Solar,GWh,5.21
India,IND,Tripura,TR,state,2023,Electricity generation,Fuel,Wind,GWh,0.0
India,IND,Tripura,TR,state,2023,Electricity generation,Total,Total Generation,GWh,6823.72
India,IND,Tripura,TR,state,2023,Power sector emissions,CO2 intensity,CO2 intensity,gCO2/kWh,489.66
India,IND,Tripura,TR,state,2023,Power sector emissions,Fuel,Bioenergy,%,0.0
India,IND,Tripura,TR,state,2023,Power sector emissions,Fuel,Coal,%,0.0
India,IND,Tripura,TR,state,2023,Power sector emissions,Fuel,Gas,%,3341.07
India,IND,Tripura,TR,state,2023,Power sector emissions,Fuel,Hydro,%,0.0
India,IND,Tripura,TR,state,2023,Power sector emissions,Fuel,Nuclear,%,0.0
India,IND,Tripura,TR,state,2023,Power sector emissions,Fuel,Other Fossil,%,0.0
India,IND,Tripura,TR,state,2023,Power sector emissions,Fuel,Other Renewables,%,0.0
India,IND,Tripura,TR,state,2023,Power sector emissions,Fuel,Solar,%,0.25
India,IND,Tripura,TR,state,2023,Power sector emissions,Fuel,Wind,%,0.0
India,IND,Tripura,TR,state,2023,Power sector emissions,Fuel,Bioenergy,ktCO2,0.0
India,IND,Tripura,TR,state,2023,Power sector emissions,Fuel,Coal,ktCO2,0.0
India,IND,Tripura,TR,state,2023,Power sector emissions,Fuel,Gas,ktCO2,3341.07
India,IND,Tripura,TR,state,2023,Power sector emissions,Fuel,Hydro,ktCO2,0.0
India,IND,Tripura,TR,state,2023,Power sector emissions,Fuel,Nuclear,ktCO2,0.0
India,IND,Tripura,TR,state,2023,Power sector emissions,Fuel,Other Fossil,ktCO2,0.0
India,IND,Tripura,TR,state,2023,Power sector emissions,Fuel,Other Renewables,ktCO2,0.0
India,IND,Tripura,TR,state,2023,Power sector emissions,Fuel,Solar,ktCO2,0.25
India,IND,Tripura,TR,state,2023,Power sector emissions,Fuel,Wind,ktCO2,0.0
India,IND,Tripura,TR,state,2023,Power sector emissions,Total,Total emissions,ktCO2,3341.32
India,IND,Tripura,TR,state,2024,Capacity,Fuel,Bioenergy,MW,0.0
India,IND,Tripura,TR,state,2024,Capacity,Fuel,Coal,MW,0.0
India,IND,Tripura,TR,state,2024,Capacity,Fuel,Gas,MW,1067.6
India,IND,Tripura,TR,state,2024,Capacity,Fuel,Hydro,MW,16.01
India,IND,Tripura,TR,state,2024,Capacity,Fuel,Nuclear,MW,0.0
India,IND,Tripura,TR,state,2024,Capacity,Fuel,Other Fossil,MW,0.0
India,IND,Tripura,TR,state,2024,Capacity,Fuel,Other Renewables,MW,
India,IND,Tripura,TR,state,2024,Capacity,Fuel,Solar,MW,21.23
India,IND,Tripura,TR,state,2024,Capacity,Fuel,Wind,MW,0.0
India,IND,Tripura,TR,state,2024,Electricity generation,Fuel,Bioenergy,%,0.0
India,IND,Tripura,TR,state,2024,Electricity generation,Fuel,Coal,%,0.0
India,IND,Tripura,TR,state,2024,Electricity generation,Fuel,Gas,%,99.89
India,IND,Tripura,TR,state,2024,Electricity generation,Fuel,Hydro,%,0.0
India,IND,Tripura,TR,state,2024,Electricity generation,Fuel,Nuclear,%,0.0
India,IND,Tripura,TR,state,2024,Electricity generation,Fuel,Other Fossil,%,0.0
India,IND,Tripura,TR,state,2024,Electricity generation,Fuel,Other Renewables,%,0.0
India,IND,Tripura,TR,state,2024,Electricity generation,Fuel,Solar,%,0.11
India,IND,Tripura,TR,state,2024,Electricity generation,Fuel,Wind,%,0.0
India,IND,Tripura,TR,state,2024,Electricity generation,Fuel,Bioenergy,GWh,0.0
India,IND,Tripura,TR,state,2024,Electricity generation,Fuel,Coal,GWh,0.0
India,IND,Tripura,TR,state,2024,Electricity generation,Fuel,Gas,GWh,5220.54
India,IND,Tripura,TR,state,2024,Electricity generation,Fuel,Hydro,GWh,0.0
India,IND,Tripura,TR,state,2024,Electricity generation,Fuel,Nuclear,GWh,0.0
India,IND,Tripura,TR,state,2024,Electricity generation,Fuel,Other Fossil,GWh,0.0
India,IND,Tripura,TR,state,2024,Electricity generation,Fuel,Other Renewables,GWh,0.0
India,IND,Tripura,TR,state,2024,Electricity generation,Fuel,Solar,GWh,5.89
India,IND,Tripura,TR,state,2024,Electricity generation,Fuel,Wind,GWh,0.0
India,IND,Tripura,TR,state,2024,Electricity generation,Total,Total Generation,GWh,5226.43
India,IND,Tripura,TR,state,2024,Power sector emissions,CO2 intensity,CO2 intensity,gCO2/kWh,489.5
India,IND,Tripura,TR,state,2024,Power sector emissions,Fuel,Bioenergy,%,0.0
India,IND,Tripura,TR,state,2024,Power sector emissions,Fuel,Coal,%,0.0
India,IND,Tripura,TR,state,2024,Power sector emissions,Fuel,Gas,%,2558.06
India,IND,Tripura,TR,state,2024,Power sector emissions,Fuel,Hydro,%,0.0
India,IND,Tripura,TR,state,2024,Power sector emissions,Fuel,Nuclear,%,0.0
India,IND,Tripura,TR,state,2024,Power sector emissions,Fuel,Other Fossil,%,0.0
India,IND,Tripura,TR,state,2024,Power sector emissions,Fuel,Other Renewables,%,0.0
India,IND,Tripura,TR,state,2024,Power sector emissions,Fuel,Solar,%,0.28
India,IND,Tripura,TR,state,2024,Power sector emissions,Fuel,Wind,%,0.0
India,IND,Tripura,TR,state,2024,Power sector emissions,Fuel,Bioenergy,ktCO2,0.0
India,IND,Tripura,TR,state,2024,Power sector emissions,Fuel,Coal,ktCO2,0.0
India,IND,Tripura,TR,state,2024,Power sector emissions,Fuel,Gas,ktCO2,2558.06
India,IND,Tripura,TR,state,2024,Power sector emissions,Fuel,Hydro,ktCO2,0.0
India,IND,Tripura,TR,state,2024,Power sector emissions,Fuel,Nuclear,ktCO2,0.0
India,IND,Tripura,TR,state,2024,Power sector emissions,Fuel,Other Fossil,ktCO2,0.0
India,IND,Tripura,TR,state,2024,Power sector emissions,Fuel,Other Renewables,ktCO2,0.0
India,IND,Tripura,TR,state,2024,Power sector emissions,Fuel,Solar,ktCO2,0.28
India,IND,Tripura,TR,state,2024,Power sector emissions,Fuel,Wind,ktCO2,0.0
India,IND,Tripura,TR,state,2024,Power sector emissions,Total,Total emissions,ktCO2,2558.34
India,IND,Uttar Pradesh,UP,state,2019,Capacity,Fuel,Bioenergy,MW,2115.51
India,IND,Uttar Pradesh,UP,state,2019,Capacity,Fuel,Coal,MW,22409.0
India,IND,Uttar Pradesh,UP,state,2019,Capacity,Fuel,Gas,MW,1493.14
India,IND,Uttar Pradesh,UP,state,2019,Capacity,Fuel,Hydro,MW,526.7
India,IND,Uttar Pradesh,UP,state,2019,Capacity,Fuel,Nuclear,MW,440.0
India,IND,Uttar Pradesh,UP,state,2019,Capacity,Fuel,Other Fossil,MW,0.0
India,IND,Uttar Pradesh,UP,state,2019,Capacity,Fuel,Other Renewables,MW,0.0
India,IND,Uttar Pradesh,UP,state,2019,Capacity,Fuel,Solar,MW,1045.1
India,IND,Uttar Pradesh,UP,state,2019,Capacity,Fuel,Wind,MW,0.0
India,IND,Uttar Pradesh,UP,state,2019,Electricity generation,Fuel,Bioenergy,%,3.01
India,IND,Uttar Pradesh,UP,state,2019,Electricity generation,Fuel,Coal,%,90.78
India,IND,Uttar Pradesh,UP,state,2019,Electricity generation,Fuel,Gas,%,1.63
India,IND,Uttar Pradesh,UP,state,2019,Electricity generation,Fuel,Hydro,%,0.84
India,IND,Uttar Pradesh,UP,state,2019,Electricity generation,Fuel,Nuclear,%,2.69
India,IND,Uttar Pradesh,UP,state,2019,Electricity generation,Fuel,Other Fossil,%,0.0
India,IND,Uttar Pradesh,UP,state,2019,Electricity generation,Fuel,Other Renewables,%,0.0
India,IND,Uttar Pradesh,UP,state,2019,Electricity generation,Fuel,Solar,%,1.05
India,IND,Uttar Pradesh,UP,state,2019,Electricity generation,Fuel,Wind,%,0.0
India,IND,Uttar Pradesh,UP,state,2019,Electricity generation,Fuel,Bioenergy,GWh,3894.94
India,IND,Uttar Pradesh,UP,state,2019,Electricity generation,Fuel,Coal,GWh,117359.58
India,IND,Uttar Pradesh,UP,state,2019,Electricity generation,Fuel,Gas,GWh,2101.88
India,IND,Uttar Pradesh,UP,state,2019,Electricity generation,Fuel,Hydro,GWh,1088.86
India,IND,Uttar Pradesh,UP,state,2019,Electricity generation,Fuel,Nuclear,GWh,3472.58
India,IND,Uttar Pradesh,UP,state,2019,Electricity generation,Fuel,Other Fossil,GWh,0.0
India,IND,Uttar Pradesh,UP,state,2019,Electricity generation,Fuel,Other Renewables,GWh,0.0
India,IND,Uttar Pradesh,UP,state,2019,Electricity generation,Fuel,Solar,GWh,1363.26
India,IND,Uttar Pradesh,UP,state,2019,Electricity generation,Fuel,Wind,GWh,0.0
India,IND,Uttar Pradesh,UP,state,2019,Electricity generation,Total,Total Generation,GWh,129281.1
India,IND,Uttar Pradesh,UP,state,2019,Power sector emissions,CO2 intensity,CO2 intensity,gCO2/kWh,760.31
India,IND,Uttar Pradesh,UP,state,2019,Power sector emissions,Fuel,Bioenergy,%,895.84
India,IND,Uttar Pradesh,UP,state,2019,Power sector emissions,Fuel,Coal,%,96234.85
India,IND,Uttar Pradesh,UP,state,2019,Power sector emissions,Fuel,Gas,%,1029.92
India,IND,Uttar Pradesh,UP,state,2019,Power sector emissions,Fuel,Hydro,%,26.13
India,IND,Uttar Pradesh,UP,state,2019,Power sector emissions,Fuel,Nuclear,%,41.67
India,IND,Uttar Pradesh,UP,state,2019,Power sector emissions,Fuel,Other Fossil,%,0.0
India,IND,Uttar Pradesh,UP,state,2019,Power sector emissions,Fuel,Other Renewables,%,0.0
India,IND,Uttar Pradesh,UP,state,2019,Power sector emissions,Fuel,Solar,%,65.44
India,IND,Uttar Pradesh,UP,state,2019,Power sector emissions,Fuel,Wind,%,0.0
India,IND,Uttar Pradesh,UP,state,2019,Power sector emissions,Fuel,Bioenergy,ktCO2,895.84
India,IND,Uttar Pradesh,UP,state,2019,Power sector emissions,Fuel,Coal,ktCO2,96234.85
India,IND,Uttar Pradesh,UP,state,2019,Power sector emissions,Fuel,Gas,ktCO2,1029.92
India,IND,Uttar Pradesh,UP,state,2019,Power sector emissions,Fuel,Hydro,ktCO2,26.13
India,IND,Uttar Pradesh,UP,state,2019,Power sector emissions,Fuel,Nuclear,ktCO2,41.67
India,IND,Uttar Pradesh,UP,state,2019,Power sector emissions,Fuel,Other Fossil,ktCO2,0.0
India,IND,Uttar Pradesh,UP,state,2019,Power sector emissions,Fuel,Other Renewables,ktCO2,0.0
India,IND,Uttar Pradesh,UP,state,2019,Power sector emissions,Fuel,Solar,ktCO2,65.44
India,IND,Uttar Pradesh,UP,state,2019,Power sector emissions,Fuel,Wind,ktCO2,0.0
India,IND,Uttar Pradesh,UP,state,2019,Power sector emissions,Total,Total emissions,ktCO2,98293.85
India,IND,Uttar Pradesh,UP,state,2020,Capacity,Fuel,Bioenergy,MW,2117.26
India,IND,Uttar Pradesh,UP,state,2020,Capacity,Fuel,Coal,MW,22409.0
India,IND,Uttar Pradesh,UP,state,2020,Capacity,Fuel,Gas,MW,1493.14
India,IND,Uttar Pradesh,UP,state,2020,Capacity,Fuel,Hydro,MW,550.7
India,IND,Uttar Pradesh,UP,state,2020,Capacity,Fuel,Nuclear,MW,440.0
India,IND,Uttar Pradesh,UP,state,2020,Capacity,Fuel,Other Fossil,MW,0.0
India,IND,Uttar Pradesh,UP,state,2020,Capacity,Fuel,Other Renewables,MW,0.0
India,IND,Uttar Pradesh,UP,state,2020,Capacity,Fuel,Solar,MW,1292.85
India,IND,Uttar Pradesh,UP,state,2020,Capacity,Fuel,Wind,MW,0.0
India,IND,Uttar Pradesh,UP,state,2020,Electricity generation,Fuel,Bioenergy,%,2.95
India,IND,Uttar Pradesh,UP,state,2020,Electricity generation,Fuel,Coal,%,89.26
India,IND,Uttar Pradesh,UP,state,2020,Electricity generation,Fuel,Gas,%,2.25
India,IND,Uttar Pradesh,UP,state,2020,Electricity generation,Fuel,Hydro,%,1.39
India,IND,Uttar Pradesh,UP,state,2020,Electricity generation,Fuel,Nuclear,%,2.84
India,IND,Uttar Pradesh,UP,state,2020,Electricity generation,Fuel,Other Fossil,%,0.0
India,IND,Uttar Pradesh,UP,state,2020,Electricity generation,Fuel,Other Renewables,%,0.0
India,IND,Uttar Pradesh,UP,state,2020,Electricity generation,Fuel,Solar,%,1.31
India,IND,Uttar Pradesh,UP,state,2020,Electricity generation,Fuel,Wind,%,0.0
India,IND,Uttar Pradesh,UP,state,2020,Electricity generation,Fuel,Bioenergy,GWh,3776.54
India,IND,Uttar Pradesh,UP,state,2020,Electricity generation,Fuel,Coal,GWh,114190.67
India,IND,Uttar Pradesh,UP,state,2020,Electricity generation,Fuel,Gas,GWh,2880.15
India,IND,Uttar Pradesh,UP,state,2020,Electricity generation,Fuel,Hydro,GWh,1774.92
India,IND,Uttar Pradesh,UP,state,2020,Electricity generation,Fuel,Nuclear,GWh,3632.71
India,IND,Uttar Pradesh,UP,state,2020,Electricity generation,Fuel,Other Fossil,GWh,0.0
India,IND,Uttar Pradesh,UP,state,2020,Electricity generation,Fuel,Other Renewables,GWh,0.0
India,IND,Uttar Pradesh,UP,state,2020,Electricity generation,Fuel,Solar,GWh,1671.63
India,IND,Uttar Pradesh,UP,state,2020,Electricity generation,Fuel,Wind,GWh,0.0
India,IND,Uttar Pradesh,UP,state,2020,Electricity generation,Total,Total Generation,GWh,127926.62
India,IND,Uttar Pradesh,UP,state,2020,Power sector emissions,CO2 intensity,CO2 intensity,gCO2/kWh,751.08
India,IND,Uttar Pradesh,UP,state,2020,Power sector emissions,Fuel,Bioenergy,%,868.6
India,IND,Uttar Pradesh,UP,state,2020,Power sector emissions,Fuel,Coal,%,93636.35
India,IND,Uttar Pradesh,UP,state,2020,Power sector emissions,Fuel,Gas,%,1411.27
India,IND,Uttar Pradesh,UP,state,2020,Power sector emissions,Fuel,Hydro,%,42.6
India,IND,Uttar Pradesh,UP,state,2020,Power sector emissions,Fuel,Nuclear,%,43.59
India,IND,Uttar Pradesh,UP,state,2020,Power sector emissions,Fuel,Other Fossil,%,0.0
India,IND,Uttar Pradesh,UP,state,2020,Power sector emissions,Fuel,Other Renewables,%,0.0
India,IND,Uttar Pradesh,UP,state,2020,Power sector emissions,Fuel,Solar,%,80.24
India,IND,Uttar Pradesh,UP,state,2020,Power sector emissions,Fuel,Wind,%,0.0
India,IND,Uttar Pradesh,UP,state,2020,Power sector emissions,Fuel,Bioenergy,ktCO2,868.6
India,IND,Uttar Pradesh,UP,state,2020,Power sector emissions,Fuel,Coal,ktCO2,93636.35
India,IND,Uttar Pradesh,UP,state,2020,Power sector emissions,Fuel,Gas,ktCO2,1411.27
India,IND,Uttar Pradesh,UP,state,2020,Power sector emissions,Fuel,Hydro,ktCO2,42.6
India,IND,Uttar Pradesh,UP,state,2020,Power sector emissions,Fuel,Nuclear,ktCO2,43.59
India,IND,Uttar Pradesh,UP,state,2020,Power sector emissions,Fuel,Other Fossil,ktCO2,0.0
India,IND,Uttar Pradesh,UP,state,2020,Power sector emissions,Fuel,Other Renewables,ktCO2,0.0
India,IND,Uttar Pradesh,UP,state,2020,Power sector emissions,Fuel,Solar,ktCO2,80.24
India,IND,Uttar Pradesh,UP,state,2020,Power sector emissions,Fuel,Wind,ktCO2,0.0
India,IND,Uttar Pradesh,UP,state,2020,Power sector emissions,Total,Total emissions,ktCO2,96082.65
India,IND,Uttar Pradesh,UP,state,2021,Capacity,Fuel,Bioenergy,MW,2179.67
India,IND,Uttar Pradesh,UP,state,2021,Capacity,Fuel,Coal,MW,23729.0
India,IND,Uttar Pradesh,UP,state,2021,Capacity,Fuel,Gas,MW,1493.14
India,IND,Uttar Pradesh,UP,state,2021,Capacity,Fuel,Hydro,MW,550.7
India,IND,Uttar Pradesh,UP,state,2021,Capacity,Fuel,Nuclear,MW,440.0
India,IND,Uttar Pradesh,UP,state,2021,Capacity,Fuel,Other Fossil,MW,0.0
India,IND,Uttar Pradesh,UP,state,2021,Capacity,Fuel,Other Renewables,MW,0.0
India,IND,Uttar Pradesh,UP,state,2021,Capacity,Fuel,Solar,MW,2173.99
India,IND,Uttar Pradesh,UP,state,2021,Capacity,Fuel,Wind,MW,0.0
India,IND,Uttar Pradesh,UP,state,2021,Electricity generation,Fuel,Bioenergy,%,2.37
India,IND,Uttar Pradesh,UP,state,2021,Electricity generation,Fuel,Coal,%,91.42
India,IND,Uttar Pradesh,UP,state,2021,Electricity generation,Fuel,Gas,%,0.91
India,IND,Uttar Pradesh,UP,state,2021,Electricity generation,Fuel,Hydro,%,1.08
India,IND,Uttar Pradesh,UP,state,2021,Electricity generation,Fuel,Nuclear,%,2.31
India,IND,Uttar Pradesh,UP,state,2021,Electricity generation,Fuel,Other Fossil,%,0.0
India,IND,Uttar Pradesh,UP,state,2021,Electricity generation,Fuel,Other Renewables,%,0.01
India,IND,Uttar Pradesh,UP,state,2021,Electricity generation,Fuel,Solar,%,1.91
India,IND,Uttar Pradesh,UP,state,2021,Electricity generation,Fuel,Wind,%,0.0
India,IND,Uttar Pradesh,UP,state,2021,Electricity generation,Fuel,Bioenergy,GWh,3346.64
India,IND,Uttar Pradesh,UP,state,2021,Electricity generation,Fuel,Coal,GWh,128979.95
India,IND,Uttar Pradesh,UP,state,2021,Electricity generation,Fuel,Gas,GWh,1280.16
India,IND,Uttar Pradesh,UP,state,2021,Electricity generation,Fuel,Hydro,GWh,1520.63
India,IND,Uttar Pradesh,UP,state,2021,Electricity generation,Fuel,Nuclear,GWh,3254.02
India,IND,Uttar Pradesh,UP,state,2021,Electricity generation,Fuel,Other Fossil,GWh,0.0
India,IND,Uttar Pradesh,UP,state,2021,Electricity generation,Fuel,Other Renewables,GWh,12.5
India,IND,Uttar Pradesh,UP,state,2021,Electricity generation,Fuel,Solar,GWh,2688.95
India,IND,Uttar Pradesh,UP,state,2021,Electricity generation,Fuel,Wind,GWh,0.0
India,IND,Uttar Pradesh,UP,state,2021,Electricity generation,Total,Total Generation,GWh,141082.85
India,IND,Uttar Pradesh,UP,state,2021,Power sector emissions,CO2 intensity,CO2 intensity,gCO2/kWh,761.01
India,IND,Uttar Pradesh,UP,state,2021,Power sector emissions,Fuel,Bioenergy,%,769.73
India,IND,Uttar Pradesh,UP,state,2021,Power sector emissions,Fuel,Coal,%,105763.56
India,IND,Uttar Pradesh,UP,state,2021,Power sector emissions,Fuel,Gas,%,627.28
India,IND,Uttar Pradesh,UP,state,2021,Power sector emissions,Fuel,Hydro,%,36.5
India,IND,Uttar Pradesh,UP,state,2021,Power sector emissions,Fuel,Nuclear,%,39.05
India,IND,Uttar Pradesh,UP,state,2021,Power sector emissions,Fuel,Other Fossil,%,0.0
India,IND,Uttar Pradesh,UP,state,2021,Power sector emissions,Fuel,Other Renewables,%,0.48
India,IND,Uttar Pradesh,UP,state,2021,Power sector emissions,Fuel,Solar,%,129.07
India,IND,Uttar Pradesh,UP,state,2021,Power sector emissions,Fuel,Wind,%,0.0
India,IND,Uttar Pradesh,UP,state,2021,Power sector emissions,Fuel,Bioenergy,ktCO2,769.73
India,IND,Uttar Pradesh,UP,state,2021,Power sector emissions,Fuel,Coal,ktCO2,105763.56
India,IND,Uttar Pradesh,UP,state,2021,Power sector emissions,Fuel,Gas,ktCO2,627.28
India,IND,Uttar Pradesh,UP,state,2021,Power sector emissions,Fuel,Hydro,ktCO2,36.5
India,IND,Uttar Pradesh,UP,state,2021,Power sector emissions,Fuel,Nuclear,ktCO2,39.05
India,IND,Uttar Pradesh,UP,state,2021,Power sector emissions,Fuel,Other Fossil,ktCO2,0.0
India,IND,Uttar Pradesh,UP,state,2021,Power sector emissions,Fuel,Other Renewables,ktCO2,0.48
India,IND,Uttar Pradesh,UP,state,2021,Power sector emissions,Fuel,Solar,ktCO2,129.07
India,IND,Uttar Pradesh,UP,state,2021,Power sector emissions,Fuel,Wind,ktCO2,0.0
India,IND,Uttar Pradesh,UP,state,2021,Power sector emissions,Total,Total emissions,ktCO2,107365.67
India,IND,Uttar Pradesh,UP,state,2022,Capacity,Fuel,Bioenergy,MW,2192.89
India,IND,Uttar Pradesh,UP,state,2022,Capacity,Fuel,Coal,MW,24295.0
India,IND,Uttar Pradesh,UP,state,2022,Capacity,Fuel,Gas,MW,1493.14
India,IND,Uttar Pradesh,UP,state,2022,Capacity,Fuel,Hydro,MW,550.7
India,IND,Uttar Pradesh,UP,state,2022,Capacity,Fuel,Nuclear,MW,440.0
India,IND,Uttar Pradesh,UP,state,2022,Capacity,Fuel,Other Fossil,MW,0.0
India,IND,Uttar Pradesh,UP,state,2022,Capacity,Fuel,Other Renewables,MW,
India,IND,Uttar Pradesh,UP,state,2022,Capacity,Fuel,Solar,MW,2485.16
India,IND,Uttar Pradesh,UP,state,2022,Capacity,Fuel,Wind,MW,0.0
India,IND,Uttar Pradesh,UP,state,2022,Electricity generation,Fuel,Bioenergy,%,1.97
India,IND,Uttar Pradesh,UP,state,2022,Electricity generation,Fuel,Coal,%,92.45
India,IND,Uttar Pradesh,UP,state,2022,Electricity generation,Fuel,Gas,%,0.56
India,IND,Uttar Pradesh,UP,state,2022,Electricity generation,Fuel,Hydro,%,0.79
India,IND,Uttar Pradesh,UP,state,2022,Electricity generation,Fuel,Nuclear,%,2.0
India,IND,Uttar Pradesh,UP,state,2022,Electricity generation,Fuel,Other Fossil,%,0.0
India,IND,Uttar Pradesh,UP,state,2022,Electricity generation,Fuel,Other Renewables,%,0.03
India,IND,Uttar Pradesh,UP,state,2022,Electricity generation,Fuel,Solar,%,2.19
India,IND,Uttar Pradesh,UP,state,2022,Electricity generation,Fuel,Wind,%,0.0
India,IND,Uttar Pradesh,UP,state,2022,Electricity generation,Fuel,Bioenergy,GWh,3162.0
India,IND,Uttar Pradesh,UP,state,2022,Electricity generation,Fuel,Coal,GWh,148091.2
India,IND,Uttar Pradesh,UP,state,2022,Electricity generation,Fuel,Gas,GWh,903.33
India,IND,Uttar Pradesh,UP,state,2022,Electricity generation,Fuel,Hydro,GWh,1269.32
India,IND,Uttar Pradesh,UP,state,2022,Electricity generation,Fuel,Nuclear,GWh,3202.73
India,IND,Uttar Pradesh,UP,state,2022,Electricity generation,Fuel,Other Fossil,GWh,0.0
India,IND,Uttar Pradesh,UP,state,2022,Electricity generation,Fuel,Other Renewables,GWh,49.93
India,IND,Uttar Pradesh,UP,state,2022,Electricity generation,Fuel,Solar,GWh,3514.71
India,IND,Uttar Pradesh,UP,state,2022,Electricity generation,Fuel,Wind,GWh,0.0
India,IND,Uttar Pradesh,UP,state,2022,Electricity generation,Total,Total Generation,GWh,160193.22
India,IND,Uttar Pradesh,UP,state,2022,Power sector emissions,CO2 intensity,CO2 intensity,gCO2/kWh,766.85
India,IND,Uttar Pradesh,UP,state,2022,Power sector emissions,Fuel,Bioenergy,%,727.26
India,IND,Uttar Pradesh,UP,state,2022,Power sector emissions,Fuel,Coal,%,121434.79
India,IND,Uttar Pradesh,UP,state,2022,Power sector emissions,Fuel,Gas,%,442.63
India,IND,Uttar Pradesh,UP,state,2022,Power sector emissions,Fuel,Hydro,%,30.46
India,IND,Uttar Pradesh,UP,state,2022,Power sector emissions,Fuel,Nuclear,%,38.43
India,IND,Uttar Pradesh,UP,state,2022,Power sector emissions,Fuel,Other Fossil,%,0.0
India,IND,Uttar Pradesh,UP,state,2022,Power sector emissions,Fuel,Other Renewables,%,1.9
India,IND,Uttar Pradesh,UP,state,2022,Power sector emissions,Fuel,Solar,%,168.71
India,IND,Uttar Pradesh,UP,state,2022,Power sector emissions,Fuel,Wind,%,0.0
India,IND,Uttar Pradesh,UP,state,2022,Power sector emissions,Fuel,Bioenergy,ktCO2,727.26
India,IND,Uttar Pradesh,UP,state,2022,Power sector emissions,Fuel,Coal,ktCO2,121434.79
India,IND,Uttar Pradesh,UP,state,2022,Power sector emissions,Fuel,Gas,ktCO2,442.63
India,IND,Uttar Pradesh,UP,state,2022,Power sector emissions,Fuel,Hydro,ktCO2,30.46
India,IND,Uttar Pradesh,UP,state,2022,Power sector emissions,Fuel,Nuclear,ktCO2,38.43
India,IND,Uttar Pradesh,UP,state,2022,Power sector emissions,Fuel,Other Fossil,ktCO2,0.0
India,IND,Uttar Pradesh,UP,state,2022,Power sector emissions,Fuel,Other Renewables,ktCO2,1.9
India,IND,Uttar Pradesh,UP,state,2022,Power sector emissions,Fuel,Solar,ktCO2,168.71
India,IND,Uttar Pradesh,UP,state,2022,Power sector emissions,Fuel,Wind,ktCO2,0.0
India,IND,Uttar Pradesh,UP,state,2022,Power sector emissions,Total,Total emissions,ktCO2,122844.18
India,IND,Uttar Pradesh,UP,state,2023,Capacity,Fuel,Bioenergy,MW,2221.64
India,IND,Uttar Pradesh,UP,state,2023,Capacity,Fuel,Coal,MW,24075.0
India,IND,Uttar Pradesh,UP,state,2023,Capacity,Fuel,Gas,MW,1493.14
India,IND,Uttar Pradesh,UP,state,2023,Capacity,Fuel,Hydro,MW,550.7
India,IND,Uttar Pradesh,UP,state,2023,Capacity,Fuel,Nuclear,MW,440.0
India,IND,Uttar Pradesh,UP,state,2023,Capacity,Fuel,Other Fossil,MW,0.0
India,IND,Uttar Pradesh,UP,state,2023,Capacity,Fuel,Other Renewables,MW,
India,IND,Uttar Pradesh,UP,state,2023,Capacity,Fuel,Solar,MW,2740.87
India,IND,Uttar Pradesh,UP,state,2023,Capacity,Fuel,Wind,MW,0.0
India,IND,Uttar Pradesh,UP,state,2023,Electricity generation,Fuel,Bioenergy,%,1.94
India,IND,Uttar Pradesh,UP,state,2023,Electricity generation,Fuel,Coal,%,92.13
India,IND,Uttar Pradesh,UP,state,2023,Electricity generation,Fuel,Gas,%,0.98
India,IND,Uttar Pradesh,UP,state,2023,Electricity generation,Fuel,Hydro,%,0.69
India,IND,Uttar Pradesh,UP,state,2023,Electricity generation,Fuel,Nuclear,%,1.81
India,IND,Uttar Pradesh,UP,state,2023,Electricity generation,Fuel,Other Fossil,%,0.0
India,IND,Uttar Pradesh,UP,state,2023,Electricity generation,Fuel,Other Renewables,%,0.06
India,IND,Uttar Pradesh,UP,state,2023,Electricity generation,Fuel,Solar,%,2.39
India,IND,Uttar Pradesh,UP,state,2023,Electricity generation,Fuel,Wind,%,0.0
India,IND,Uttar Pradesh,UP,state,2023,Electricity generation,Fuel,Bioenergy,GWh,3195.14
India,IND,Uttar Pradesh,UP,state,2023,Electricity generation,Fuel,Coal,GWh,151917.31
India,IND,Uttar Pradesh,UP,state,2023,Electricity generation,Fuel,Gas,GWh,1620.02
India,IND,Uttar Pradesh,UP,state,2023,Electricity generation,Fuel,Hydro,GWh,1132.19
India,IND,Uttar Pradesh,UP,state,2023,Electricity generation,Fuel,Nuclear,GWh,2989.11
India,IND,Uttar Pradesh,UP,state,2023,Electricity generation,Fuel,Other Fossil,GWh,0.0
India,IND,Uttar Pradesh,UP,state,2023,Electricity generation,Fuel,Other Renewables,GWh,93.1
India,IND,Uttar Pradesh,UP,state,2023,Electricity generation,Fuel,Solar,GWh,3943.39
India,IND,Uttar Pradesh,UP,state,2023,Electricity generation,Fuel,Wind,GWh,0.0
India,IND,Uttar Pradesh,UP,state,2023,Electricity generation,Total,Total Generation,GWh,164890.26
India,IND,Uttar Pradesh,UP,state,2023,Power sector emissions,CO2 intensity,CO2 intensity,gCO2/kWh,766.31
India,IND,Uttar Pradesh,UP,state,2023,Power sector emissions,Fuel,Bioenergy,%,734.88
India,IND,Uttar Pradesh,UP,state,2023,Power sector emissions,Fuel,Coal,%,124572.2
India,IND,Uttar Pradesh,UP,state,2023,Power sector emissions,Fuel,Gas,%,793.81
India,IND,Uttar Pradesh,UP,state,2023,Power sector emissions,Fuel,Hydro,%,27.17
India,IND,Uttar Pradesh,UP,state,2023,Power sector emissions,Fuel,Nuclear,%,35.87
India,IND,Uttar Pradesh,UP,state,2023,Power sector emissions,Fuel,Other Fossil,%,0.0
India,IND,Uttar Pradesh,UP,state,2023,Power sector emissions,Fuel,Other Renewables,%,3.54
India,IND,Uttar Pradesh,UP,state,2023,Power sector emissions,Fuel,Solar,%,189.28
India,IND,Uttar Pradesh,UP,state,2023,Power sector emissions,Fuel,Wind,%,0.0
India,IND,Uttar Pradesh,UP,state,2023,Power sector emissions,Fuel,Bioenergy,ktCO2,734.88
India,IND,Uttar Pradesh,UP,state,2023,Power sector emissions,Fuel,Coal,ktCO2,124572.2
India,IND,Uttar Pradesh,UP,state,2023,Power sector emissions,Fuel,Gas,ktCO2,793.81
India,IND,Uttar Pradesh,UP,state,2023,Power sector emissions,Fuel,Hydro,ktCO2,27.17
India,IND,Uttar Pradesh,UP,state,2023,Power sector emissions,Fuel,Nuclear,ktCO2,35.87
India,IND,Uttar Pradesh,UP,state,2023,Power sector emissions,Fuel,Other Fossil,ktCO2,0.0
India,IND,Uttar Pradesh,UP,state,2023,Power sector emissions,Fuel,Other Renewables,ktCO2,3.54
India,IND,Uttar Pradesh,UP,state,2023,Power sector emissions,Fuel,Solar,ktCO2,189.28
India,IND,Uttar Pradesh,UP,state,2023,Power sector emissions,Fuel,Wind,ktCO2,0.0
India,IND,Uttar Pradesh,UP,state,2023,Power sector emissions,Total,Total emissions,ktCO2,126356.75
India,IND,Uttar Pradesh,UP,state,2024,Capacity,Fuel,Bioenergy,MW,2271.38
India,IND,Uttar Pradesh,UP,state,2024,Capacity,Fuel,Coal,MW,26715.0
India,IND,Uttar Pradesh,UP,state,2024,Capacity,Fuel,Gas,MW,1493.14
India,IND,Uttar Pradesh,UP,state,2024,Capacity,Fuel,Hydro,MW,550.7
India,IND,Uttar Pradesh,UP,state,2024,Capacity,Fuel,Nuclear,MW,440.0
India,IND,Uttar Pradesh,UP,state,2024,Capacity,Fuel,Other Fossil,MW,0.0
India,IND,Uttar Pradesh,UP,state,2024,Capacity,Fuel,Other Renewables,MW,
India,IND,Uttar Pradesh,UP,state,2024,Capacity,Fuel,Solar,MW,3346.99
India,IND,Uttar Pradesh,UP,state,2024,Capacity,Fuel,Wind,MW,0.0
India,IND,Uttar Pradesh,UP,state,2024,Electricity generation,Fuel,Bioenergy,%,1.53
India,IND,Uttar Pradesh,UP,state,2024,Electricity generation,Fuel,Coal,%,92.2
India,IND,Uttar Pradesh,UP,state,2024,Electricity generation,Fuel,Gas,%,0.73
India,IND,Uttar Pradesh,UP,state,2024,Electricity generation,Fuel,Hydro,%,0.74
India,IND,Uttar Pradesh,UP,state,2024,Electricity generation,Fuel,Nuclear,%,2.1
India,IND,Uttar Pradesh,UP,state,2024,Electricity generation,Fuel,Other Fossil,%,0.0
India,IND,Uttar Pradesh,UP,state,2024,Electricity generation,Fuel,Other Renewables,%,0.02
India,IND,Uttar Pradesh,UP,state,2024,Electricity generation,Fuel,Solar,%,2.67
India,IND,Uttar Pradesh,UP,state,2024,Electricity generation,Fuel,Wind,%,0.0
India,IND,Uttar Pradesh,UP,state,2024,Electricity generation,Fuel,Bioenergy,GWh,2629.09
India,IND,Uttar Pradesh,UP,state,2024,Electricity generation,Fuel,Coal,GWh,158770.84
India,IND,Uttar Pradesh,UP,state,2024,Electricity generation,Fuel,Gas,GWh,1263.61
India,IND,Uttar Pradesh,UP,state,2024,Electricity generation,Fuel,Hydro,GWh,1282.59
India,IND,Uttar Pradesh,UP,state,2024,Electricity generation,Fuel,Nuclear,GWh,3620.85
India,IND,Uttar Pradesh,UP,state,2024,Electricity generation,Fuel,Other Fossil,GWh,0.0
India,IND,Uttar Pradesh,UP,state,2024,Electricity generation,Fuel,Other Renewables,GWh,33.45
India,IND,Uttar Pradesh,UP,state,2024,Electricity generation,Fuel,Solar,GWh,4604.39
India,IND,Uttar Pradesh,UP,state,2024,Electricity generation,Fuel,Wind,GWh,0.0
India,IND,Uttar Pradesh,UP,state,2024,Electricity generation,Total,Total Generation,GWh,172204.82
India,IND,Uttar Pradesh,UP,state,2024,Power sector emissions,CO2 intensity,CO2 intensity,gCO2/kWh,764.86
India,IND,Uttar Pradesh,UP,state,2024,Power sector emissions,Fuel,Bioenergy,%,604.69
India,IND,Uttar Pradesh,UP,state,2024,Power sector emissions,Fuel,Coal,%,130192.09
India,IND,Uttar Pradesh,UP,state,2024,Power sector emissions,Fuel,Gas,%,619.17
India,IND,Uttar Pradesh,UP,state,2024,Power sector emissions,Fuel,Hydro,%,30.78
India,IND,Uttar Pradesh,UP,state,2024,Power sector emissions,Fuel,Nuclear,%,43.45
India,IND,Uttar Pradesh,UP,state,2024,Power sector emissions,Fuel,Other Fossil,%,0.0
India,IND,Uttar Pradesh,UP,state,2024,Power sector emissions,Fuel,Other Renewables,%,1.27
India,IND,Uttar Pradesh,UP,state,2024,Power sector emissions,Fuel,Solar,%,221.01
India,IND,Uttar Pradesh,UP,state,2024,Power sector emissions,Fuel,Wind,%,0.0
India,IND,Uttar Pradesh,UP,state,2024,Power sector emissions,Fuel,Bioenergy,ktCO2,604.69
India,IND,Uttar Pradesh,UP,state,2024,Power sector emissions,Fuel,Coal,ktCO2,130192.09
India,IND,Uttar Pradesh,UP,state,2024,Power sector emissions,Fuel,Gas,ktCO2,619.17
India,IND,Uttar Pradesh,UP,state,2024,Power sector emissions,Fuel,Hydro,ktCO2,30.78
India,IND,Uttar Pradesh,UP,state,2024,Power sector emissions,Fuel,Nuclear,ktCO2,43.45
India,IND,Uttar Pradesh,UP,state,2024,Power sector emissions,Fuel,Other Fossil,ktCO2,0.0
India,IND,Uttar Pradesh,UP,state,2024,Power sector emissions,Fuel,Other Renewables,ktCO2,1.27
India,IND,Uttar Pradesh,UP,state,2024,Power sector emissions,Fuel,Solar,ktCO2,221.01
India,IND,Uttar Pradesh,UP,state,2024,Power sector emissions,Fuel,Wind,ktCO2,0.0
India,IND,Uttar Pradesh,UP,state,2024,Power sector emissions,Total,Total emissions,ktCO2,131712.46
India,IND,Uttarakhand,UT,state,2019,Capacity,Fuel,Bioenergy,MW,130.5
India,IND,Uttarakhand,UT,state,2019,Capacity,Fuel,Coal,MW,0.0
India,IND,Uttarakhand,UT,state,2019,Capacity,Fuel,Gas,MW,450.0
India,IND,Uttarakhand,UT,state,2019,Capacity,Fuel,Hydro,MW,3970.67
India,IND,Uttarakhand,UT,state,2019,Capacity,Fuel,Nuclear,MW,0.0
India,IND,Uttarakhand,UT,state,2019,Capacity,Fuel,Other Fossil,MW,0.0
India,IND,Uttarakhand,UT,state,2019,Capacity,Fuel,Other Renewables,MW,0.0
India,IND,Uttarakhand,UT,state,2019,Capacity,Fuel,Solar,MW,315.49
India,IND,Uttarakhand,UT,state,2019,Capacity,Fuel,Wind,MW,0.0
India,IND,Uttarakhand,UT,state,2019,Electricity generation,Fuel,Bioenergy,%,0.64
India,IND,Uttarakhand,UT,state,2019,Electricity generation,Fuel,Coal,%,0.0
India,IND,Uttarakhand,UT,state,2019,Electricity generation,Fuel,Gas,%,10.64
India,IND,Uttarakhand,UT,state,2019,Electricity generation,Fuel,Hydro,%,86.78
India,IND,Uttarakhand,UT,state,2019,Electricity generation,Fuel,Nuclear,%,0.0
India,IND,Uttarakhand,UT,state,2019,Electricity generation,Fuel,Other Fossil,%,0.0
India,IND,Uttarakhand,UT,state,2019,Electricity generation,Fuel,Other Renewables,%,0.0
India,IND,Uttarakhand,UT,state,2019,Electricity generation,Fuel,Solar,%,1.93
India,IND,Uttarakhand,UT,state,2019,Electricity generation,Fuel,Wind,%,0.0
India,IND,Uttarakhand,UT,state,2019,Electricity generation,Fuel,Bioenergy,GWh,112.83
India,IND,Uttarakhand,UT,state,2019,Electricity generation,Fuel,Coal,GWh,0.0
India,IND,Uttarakhand,UT,state,2019,Electricity generation,Fuel,Gas,GWh,1862.94
India,IND,Uttarakhand,UT,state,2019,Electricity generation,Fuel,Hydro,GWh,15188.52
India,IND,Uttarakhand,UT,state,2019,Electricity generation,Fuel,Nuclear,GWh,0.0
India,IND,Uttarakhand,UT,state,2019,Electricity generation,Fuel,Other Fossil,GWh,0.0
India,IND,Uttarakhand,UT,state,2019,Electricity generation,Fuel,Other Renewables,GWh,0.0
India,IND,Uttarakhand,UT,state,2019,Electricity generation,Fuel,Solar,GWh,338.48
India,IND,Uttarakhand,UT,state,2019,Electricity generation,Fuel,Wind,GWh,0.0
India,IND,Uttarakhand,UT,state,2019,Electricity generation,Total,Total Generation,GWh,17502.77
India,IND,Uttarakhand,UT,state,2019,Power sector emissions,CO2 intensity,CO2 intensity,gCO2/kWh,75.39
India,IND,Uttarakhand,UT,state,2019,Power sector emissions,Fuel,Bioenergy,%,25.95
India,IND,Uttarakhand,UT,state,2019,Power sector emissions,Fuel,Coal,%,0.0
India,IND,Uttarakhand,UT,state,2019,Power sector emissions,Fuel,Gas,%,912.84
India,IND,Uttarakhand,UT,state,2019,Power sector emissions,Fuel,Hydro,%,364.52
India,IND,Uttarakhand,UT,state,2019,Power sector emissions,Fuel,Nuclear,%,0.0
India,IND,Uttarakhand,UT,state,2019,Power sector emissions,Fuel,Other Fossil,%,0.0
India,IND,Uttarakhand,UT,state,2019,Power sector emissions,Fuel,Other Renewables,%,0.0
India,IND,Uttarakhand,UT,state,2019,Power sector emissions,Fuel,Solar,%,16.25
India,IND,Uttarakhand,UT,state,2019,Power sector emissions,Fuel,Wind,%,0.0
India,IND,Uttarakhand,UT,state,2019,Power sector emissions,Fuel,Bioenergy,ktCO2,25.95
India,IND,Uttarakhand,UT,state,2019,Power sector emissions,Fuel,Coal,ktCO2,0.0
India,IND,Uttarakhand,UT,state,2019,Power sector emissions,Fuel,Gas,ktCO2,912.84
India,IND,Uttarakhand,UT,state,2019,Power sector emissions,Fuel,Hydro,ktCO2,364.52
India,IND,Uttarakhand,UT,state,2019,Power sector emissions,Fuel,Nuclear,ktCO2,0.0
India,IND,Uttarakhand,UT,state,2019,Power sector emissions,Fuel,Other Fossil,ktCO2,0.0
India,IND,Uttarakhand,UT,state,2019,Power sector emissions,Fuel,Other Renewables,ktCO2,0.0
India,IND,Uttarakhand,UT,state,2019,Power sector emissions,Fuel,Solar,ktCO2,16.25
India,IND,Uttarakhand,UT,state,2019,Power sector emissions,Fuel,Wind,ktCO2,0.0
India,IND,Uttarakhand,UT,state,2019,Power sector emissions,Total,Total emissions,ktCO2,1319.56
India,IND,Uttarakhand,UT,state,2020,Capacity,Fuel,Bioenergy,MW,130.22
India,IND,Uttarakhand,UT,state,2020,Capacity,Fuel,Coal,MW,0.0
India,IND,Uttarakhand,UT,state,2020,Capacity,Fuel,Gas,MW,450.0
India,IND,Uttarakhand,UT,state,2020,Capacity,Fuel,Hydro,MW,4069.67
India,IND,Uttarakhand,UT,state,2020,Capacity,Fuel,Nuclear,MW,0.0
India,IND,Uttarakhand,UT,state,2020,Capacity,Fuel,Other Fossil,MW,0.0
India,IND,Uttarakhand,UT,state,2020,Capacity,Fuel,Other Renewables,MW,0.0
India,IND,Uttarakhand,UT,state,2020,Capacity,Fuel,Solar,MW,320.44
India,IND,Uttarakhand,UT,state,2020,Capacity,Fuel,Wind,MW,0.0
India,IND,Uttarakhand,UT,state,2020,Electricity generation,Fuel,Bioenergy,%,0.6
India,IND,Uttarakhand,UT,state,2020,Electricity generation,Fuel,Coal,%,0.0
India,IND,Uttarakhand,UT,state,2020,Electricity generation,Fuel,Gas,%,3.92
India,IND,Uttarakhand,UT,state,2020,Electricity generation,Fuel,Hydro,%,93.31
India,IND,Uttarakhand,UT,state,2020,Electricity generation,Fuel,Nuclear,%,0.0
India,IND,Uttarakhand,UT,state,2020,Electricity generation,Fuel,Other Fossil,%,0.0
India,IND,Uttarakhand,UT,state,2020,Electricity generation,Fuel,Other Renewables,%,0.0
India,IND,Uttarakhand,UT,state,2020,Electricity generation,Fuel,Solar,%,2.17
India,IND,Uttarakhand,UT,state,2020,Electricity generation,Fuel,Wind,%,0.0
India,IND,Uttarakhand,UT,state,2020,Electricity generation,Fuel,Bioenergy,GWh,95.9
India,IND,Uttarakhand,UT,state,2020,Electricity generation,Fuel,Coal,GWh,0.0
India,IND,Uttarakhand,UT,state,2020,Electricity generation,Fuel,Gas,GWh,629.62
India,IND,Uttarakhand,UT,state,2020,Electricity generation,Fuel,Hydro,GWh,14974.83
India,IND,Uttarakhand,UT,state,2020,Electricity generation,Fuel,Nuclear,GWh,0.0
India,IND,Uttarakhand,UT,state,2020,Electricity generation,Fuel,Other Fossil,GWh,0.0
India,IND,Uttarakhand,UT,state,2020,Electricity generation,Fuel,Other Renewables,GWh,0.0
India,IND,Uttarakhand,UT,state,2020,Electricity generation,Fuel,Solar,GWh,347.57
India,IND,Uttarakhand,UT,state,2020,Electricity generation,Fuel,Wind,GWh,0.0
India,IND,Uttarakhand,UT,state,2020,Electricity generation,Total,Total Generation,GWh,16047.92
India,IND,Uttarakhand,UT,state,2020,Power sector emissions,CO2 intensity,CO2 intensity,gCO2/kWh,44.03
India,IND,Uttarakhand,UT,state,2020,Power sector emissions,Fuel,Bioenergy,%,22.06
India,IND,Uttarakhand,UT,state,2020,Power sector emissions,Fuel,Coal,%,0.0
India,IND,Uttarakhand,UT,state,2020,Power sector emissions,Fuel,Gas,%,308.51
India,IND,Uttarakhand,UT,state,2020,Power sector emissions,Fuel,Hydro,%,359.4
India,IND,Uttarakhand,UT,state,2020,Power sector emissions,Fuel,Nuclear,%,0.0
India,IND,Uttarakhand,UT,state,2020,Power sector emissions,Fuel,Other Fossil,%,0.0
India,IND,Uttarakhand,UT,state,2020,Power sector emissions,Fuel,Other Renewables,%,0.0
India,IND,Uttarakhand,UT,state,2020,Power sector emissions,Fuel,Solar,%,16.68
India,IND,Uttarakhand,UT,state,2020,Power sector emissions,Fuel,Wind,%,0.0
India,IND,Uttarakhand,UT,state,2020,Power sector emissions,Fuel,Bioenergy,ktCO2,22.06
India,IND,Uttarakhand,UT,state,2020,Power sector emissions,Fuel,Coal,ktCO2,0.0
India,IND,Uttarakhand,UT,state,2020,Power sector emissions,Fuel,Gas,ktCO2,308.51
India,IND,Uttarakhand,UT,state,2020,Power sector emissions,Fuel,Hydro,ktCO2,359.4
India,IND,Uttarakhand,UT,state,2020,Power sector emissions,Fuel,Nuclear,ktCO2,0.0
India,IND,Uttarakhand,UT,state,2020,Power sector emissions,Fuel,Other Fossil,ktCO2,0.0
India,IND,Uttarakhand,UT,state,2020,Power sector emissions,Fuel,Other Renewables,ktCO2,0.0
India,IND,Uttarakhand,UT,state,2020,Power sector emissions,Fuel,Solar,ktCO2,16.68
India,IND,Uttarakhand,UT,state,2020,Power sector emissions,Fuel,Wind,ktCO2,0.0
India,IND,Uttarakhand,UT,state,2020,Power sector emissions,Total,Total emissions,ktCO2,706.65
India,IND,Uttarakhand,UT,state,2021,Capacity,Fuel,Bioenergy,MW,139.44
India,IND,Uttarakhand,UT,state,2021,Capacity,Fuel,Coal,MW,0.0
India,IND,Uttarakhand,UT,state,2021,Capacity,Fuel,Gas,MW,450.0
India,IND,Uttarakhand,UT,state,2021,Capacity,Fuel,Hydro,MW,4069.67
India,IND,Uttarakhand,UT,state,2021,Capacity,Fuel,Nuclear,MW,0.0
India,IND,Uttarakhand,UT,state,2021,Capacity,Fuel,Other Fossil,MW,0.0
India,IND,Uttarakhand,UT,state,2021,Capacity,Fuel,Other Renewables,MW,0.0
India,IND,Uttarakhand,UT,state,2021,Capacity,Fuel,Solar,MW,552.86
India,IND,Uttarakhand,UT,state,2021,Capacity,Fuel,Wind,MW,0.0
India,IND,Uttarakhand,UT,state,2021,Electricity generation,Fuel,Bioenergy,%,1.47
India,IND,Uttarakhand,UT,state,2021,Electricity generation,Fuel,Coal,%,0.0
India,IND,Uttarakhand,UT,state,2021,Electricity generation,Fuel,Gas,%,9.88
India,IND,Uttarakhand,UT,state,2021,Electricity generation,Fuel,Hydro,%,86.87
India,IND,Uttarakhand,UT,state,2021,Electricity generation,Fuel,Nuclear,%,0.0
India,IND,Uttarakhand,UT,state,2021,Electricity generation,Fuel,Other Fossil,%,0.0
India,IND,Uttarakhand,UT,state,2021,Electricity generation,Fuel,Other Renewables,%,0.0
India,IND,Uttarakhand,UT,state,2021,Electricity generation,Fuel,Solar,%,1.78
India,IND,Uttarakhand,UT,state,2021,Electricity generation,Fuel,Wind,%,0.0
India,IND,Uttarakhand,UT,state,2021,Electricity generation,Fuel,Bioenergy,GWh,238.44
India,IND,Uttarakhand,UT,state,2021,Electricity generation,Fuel,Coal,GWh,0.0
India,IND,Uttarakhand,UT,state,2021,Electricity generation,Fuel,Gas,GWh,1601.95
India,IND,Uttarakhand,UT,state,2021,Electricity generation,Fuel,Hydro,GWh,14085.47
India,IND,Uttarakhand,UT,state,2021,Electricity generation,Fuel,Nuclear,GWh,0.0
India,IND,Uttarakhand,UT,state,2021,Electricity generation,Fuel,Other Fossil,GWh,0.0
India,IND,Uttarakhand,UT,state,2021,Electricity generation,Fuel,Other Renewables,GWh,0.0
India,IND,Uttarakhand,UT,state,2021,Electricity generation,Fuel,Solar,GWh,288.03
India,IND,Uttarakhand,UT,state,2021,Electricity generation,Fuel,Wind,GWh,0.0
India,IND,Uttarakhand,UT,state,2021,Electricity generation,Total,Total Generation,GWh,16213.89
India,IND,Uttarakhand,UT,state,2021,Power sector emissions,CO2 intensity,CO2 intensity,gCO2/kWh,73.5
India,IND,Uttarakhand,UT,state,2021,Power sector emissions,Fuel,Bioenergy,%,54.84
India,IND,Uttarakhand,UT,state,2021,Power sector emissions,Fuel,Coal,%,0.0
India,IND,Uttarakhand,UT,state,2021,Power sector emissions,Fuel,Gas,%,784.96
India,IND,Uttarakhand,UT,state,2021,Power sector emissions,Fuel,Hydro,%,338.05
India,IND,Uttarakhand,UT,state,2021,Power sector emissions,Fuel,Nuclear,%,0.0
India,IND,Uttarakhand,UT,state,2021,Power sector emissions,Fuel,Other Fossil,%,0.0
India,IND,Uttarakhand,UT,state,2021,Power sector emissions,Fuel,Other Renewables,%,0.0
India,IND,Uttarakhand,UT,state,2021,Power sector emissions,Fuel,Solar,%,13.83
India,IND,Uttarakhand,UT,state,2021,Power sector emissions,Fuel,Wind,%,0.0
India,IND,Uttarakhand,UT,state,2021,Power sector emissions,Fuel,Bioenergy,ktCO2,54.84
India,IND,Uttarakhand,UT,state,2021,Power sector emissions,Fuel,Coal,ktCO2,0.0
India,IND,Uttarakhand,UT,state,2021,Power sector emissions,Fuel,Gas,ktCO2,784.96
India,IND,Uttarakhand,UT,state,2021,Power sector emissions,Fuel,Hydro,ktCO2,338.05
India,IND,Uttarakhand,UT,state,2021,Power sector emissions,Fuel,Nuclear,ktCO2,0.0
India,IND,Uttarakhand,UT,state,2021,Power sector emissions,Fuel,Other Fossil,ktCO2,0.0
India,IND,Uttarakhand,UT,state,2021,Power sector emissions,Fuel,Other Renewables,ktCO2,0.0
India,IND,Uttarakhand,UT,state,2021,Power sector emissions,Fuel,Solar,ktCO2,13.83
India,IND,Uttarakhand,UT,state,2021,Power sector emissions,Fuel,Wind,ktCO2,0.0
India,IND,Uttarakhand,UT,state,2021,Power sector emissions,Total,Total emissions,ktCO2,1191.68
India,IND,Uttarakhand,UT,state,2022,Capacity,Fuel,Bioenergy,MW,139.44
India,IND,Uttarakhand,UT,state,2022,Capacity,Fuel,Coal,MW,0.0
India,IND,Uttarakhand,UT,state,2022,Capacity,Fuel,Gas,MW,450.0
India,IND,Uttarakhand,UT,state,2022,Capacity,Fuel,Hydro,MW,4194.17
India,IND,Uttarakhand,UT,state,2022,Capacity,Fuel,Nuclear,MW,0.0
India,IND,Uttarakhand,UT,state,2022,Capacity,Fuel,Other Fossil,MW,0.0
India,IND,Uttarakhand,UT,state,2022,Capacity,Fuel,Other Renewables,MW,
India,IND,Uttarakhand,UT,state,2022,Capacity,Fuel,Solar,MW,575.46
India,IND,Uttarakhand,UT,state,2022,Capacity,Fuel,Wind,MW,0.0
India,IND,Uttarakhand,UT,state,2022,Electricity generation,Fuel,Bioenergy,%,1.5
India,IND,Uttarakhand,UT,state,2022,Electricity generation,Fuel,Coal,%,0.0
India,IND,Uttarakhand,UT,state,2022,Electricity generation,Fuel,Gas,%,0.0
India,IND,Uttarakhand,UT,state,2022,Electricity generation,Fuel,Hydro,%,96.52
India,IND,Uttarakhand,UT,state,2022,Electricity generation,Fuel,Nuclear,%,0.0
India,IND,Uttarakhand,UT,state,2022,Electricity generation,Fuel,Other Fossil,%,0.0
India,IND,Uttarakhand,UT,state,2022,Electricity generation,Fuel,Other Renewables,%,0.0
India,IND,Uttarakhand,UT,state,2022,Electricity generation,Fuel,Solar,%,1.98
India,IND,Uttarakhand,UT,state,2022,Electricity generation,Fuel,Wind,%,0.0
India,IND,Uttarakhand,UT,state,2022,Electricity generation,Fuel,Bioenergy,GWh,248.07
India,IND,Uttarakhand,UT,state,2022,Electricity generation,Fuel,Coal,GWh,0.0
India,IND,Uttarakhand,UT,state,2022,Electricity generation,Fuel,Gas,GWh,0.0
India,IND,Uttarakhand,UT,state,2022,Electricity generation,Fuel,Hydro,GWh,15998.15
India,IND,Uttarakhand,UT,state,2022,Electricity generation,Fuel,Nuclear,GWh,0.0
India,IND,Uttarakhand,UT,state,2022,Electricity generation,Fuel,Other Fossil,GWh,0.0
India,IND,Uttarakhand,UT,state,2022,Electricity generation,Fuel,Other Renewables,GWh,0.0
India,IND,Uttarakhand,UT,state,2022,Electricity generation,Fuel,Solar,GWh,328.78
India,IND,Uttarakhand,UT,state,2022,Electricity generation,Fuel,Wind,GWh,0.0
India,IND,Uttarakhand,UT,state,2022,Electricity generation,Total,Total Generation,GWh,16575.0
India,IND,Uttarakhand,UT,state,2022,Power sector emissions,CO2 intensity,CO2 intensity,gCO2/kWh,27.56
India,IND,Uttarakhand,UT,state,2022,Power sector emissions,Fuel,Bioenergy,%,57.06
India,IND,Uttarakhand,UT,state,2022,Power sector emissions,Fuel,Coal,%,0.0
India,IND,Uttarakhand,UT,state,2022,Power sector emissions,Fuel,Gas,%,0.0
India,IND,Uttarakhand,UT,state,2022,Power sector emissions,Fuel,Hydro,%,383.96
India,IND,Uttarakhand,UT,state,2022,Power sector emissions,Fuel,Nuclear,%,0.0
India,IND,Uttarakhand,UT,state,2022,Power sector emissions,Fuel,Other Fossil,%,0.0
India,IND,Uttarakhand,UT,state,2022,Power sector emissions,Fuel,Other Renewables,%,0.0
India,IND,Uttarakhand,UT,state,2022,Power sector emissions,Fuel,Solar,%,15.78
India,IND,Uttarakhand,UT,state,2022,Power sector emissions,Fuel,Wind,%,0.0
India,IND,Uttarakhand,UT,state,2022,Power sector emissions,Fuel,Bioenergy,ktCO2,57.06
India,IND,Uttarakhand,UT,state,2022,Power sector emissions,Fuel,Coal,ktCO2,0.0
India,IND,Uttarakhand,UT,state,2022,Power sector emissions,Fuel,Gas,ktCO2,0.0
India,IND,Uttarakhand,UT,state,2022,Power sector emissions,Fuel,Hydro,ktCO2,383.96
India,IND,Uttarakhand,UT,state,2022,Power sector emissions,Fuel,Nuclear,ktCO2,0.0
India,IND,Uttarakhand,UT,state,2022,Power sector emissions,Fuel,Other Fossil,ktCO2,0.0
India,IND,Uttarakhand,UT,state,2022,Power sector emissions,Fuel,Other Renewables,ktCO2,0.0
India,IND,Uttarakhand,UT,state,2022,Power sector emissions,Fuel,Solar,ktCO2,15.78
India,IND,Uttarakhand,UT,state,2022,Power sector emissions,Fuel,Wind,ktCO2,0.0
India,IND,Uttarakhand,UT,state,2022,Power sector emissions,Total,Total emissions,ktCO2,456.8
India,IND,Uttarakhand,UT,state,2023,Capacity,Fuel,Bioenergy,MW,139.74
India,IND,Uttarakhand,UT,state,2023,Capacity,Fuel,Coal,MW,0.0
India,IND,Uttarakhand,UT,state,2023,Capacity,Fuel,Gas,MW,664.0
India,IND,Uttarakhand,UT,state,2023,Capacity,Fuel,Hydro,MW,4254.17
India,IND,Uttarakhand,UT,state,2023,Capacity,Fuel,Nuclear,MW,0.0
India,IND,Uttarakhand,UT,state,2023,Capacity,Fuel,Other Fossil,MW,0.0
India,IND,Uttarakhand,UT,state,2023,Capacity,Fuel,Other Renewables,MW,
India,IND,Uttarakhand,UT,state,2023,Capacity,Fuel,Solar,MW,575.53
India,IND,Uttarakhand,UT,state,2023,Capacity,Fuel,Wind,MW,0.0
India,IND,Uttarakhand,UT,state,2023,Electricity generation,Fuel,Bioenergy,%,1.61
India,IND,Uttarakhand,UT,state,2023,Electricity generation,Fuel,Coal,%,0.0
India,IND,Uttarakhand,UT,state,2023,Electricity generation,Fuel,Gas,%,2.3
India,IND,Uttarakhand,UT,state,2023,Electricity generation,Fuel,Hydro,%,93.94
India,IND,Uttarakhand,UT,state,2023,Electricity generation,Fuel,Nuclear,%,0.0
India,IND,Uttarakhand,UT,state,2023,Electricity generation,Fuel,Other Fossil,%,0.0
India,IND,Uttarakhand,UT,state,2023,Electricity generation,Fuel,Other Renewables,%,0.0
India,IND,Uttarakhand,UT,state,2023,Electricity generation,Fuel,Solar,%,2.15
India,IND,Uttarakhand,UT,state,2023,Electricity generation,Fuel,Wind,%,0.0
India,IND,Uttarakhand,UT,state,2023,Electricity generation,Fuel,Bioenergy,GWh,248.52
India,IND,Uttarakhand,UT,state,2023,Electricity generation,Fuel,Coal,GWh,0.0
India,IND,Uttarakhand,UT,state,2023,Electricity generation,Fuel,Gas,GWh,354.24
India,IND,Uttarakhand,UT,state,2023,Electricity generation,Fuel,Hydro,GWh,14496.5
India,IND,Uttarakhand,UT,state,2023,Electricity generation,Fuel,Nuclear,GWh,0.0
India,IND,Uttarakhand,UT,state,2023,Electricity generation,Fuel,Other Fossil,GWh,0.0
India,IND,Uttarakhand,UT,state,2023,Electricity generation,Fuel,Other Renewables,GWh,0.0
India,IND,Uttarakhand,UT,state,2023,Electricity generation,Fuel,Solar,GWh,331.8
India,IND,Uttarakhand,UT,state,2023,Electricity generation,Fuel,Wind,GWh,0.0
India,IND,Uttarakhand,UT,state,2023,Electricity generation,Total,Total Generation,GWh,15431.06
India,IND,Uttarakhand,UT,state,2023,Power sector emissions,CO2 intensity,CO2 intensity,gCO2/kWh,38.53
India,IND,Uttarakhand,UT,state,2023,Power sector emissions,Fuel,Bioenergy,%,57.16
India,IND,Uttarakhand,UT,state,2023,Power sector emissions,Fuel,Coal,%,0.0
India,IND,Uttarakhand,UT,state,2023,Power sector emissions,Fuel,Gas,%,173.58
India,IND,Uttarakhand,UT,state,2023,Power sector emissions,Fuel,Hydro,%,347.92
India,IND,Uttarakhand,UT,state,2023,Power sector emissions,Fuel,Nuclear,%,0.0
India,IND,Uttarakhand,UT,state,2023,Power sector emissions,Fuel,Other Fossil,%,0.0
India,IND,Uttarakhand,UT,state,2023,Power sector emissions,Fuel,Other Renewables,%,0.0
India,IND,Uttarakhand,UT,state,2023,Power sector emissions,Fuel,Solar,%,15.93
India,IND,Uttarakhand,UT,state,2023,Power sector emissions,Fuel,Wind,%,0.0
India,IND,Uttarakhand,UT,state,2023,Power sector emissions,Fuel,Bioenergy,ktCO2,57.16
India,IND,Uttarakhand,UT,state,2023,Power sector emissions,Fuel,Coal,ktCO2,0.0
India,IND,Uttarakhand,UT,state,2023,Power sector emissions,Fuel,Gas,ktCO2,173.58
India,IND,Uttarakhand,UT,state,2023,Power sector emissions,Fuel,Hydro,ktCO2,347.92
India,IND,Uttarakhand,UT,state,2023,Power sector emissions,Fuel,Nuclear,ktCO2,0.0
India,IND,Uttarakhand,UT,state,2023,Power sector emissions,Fuel,Other Fossil,ktCO2,0.0
India,IND,Uttarakhand,UT,state,2023,Power sector emissions,Fuel,Other Renewables,ktCO2,0.0
India,IND,Uttarakhand,UT,state,2023,Power sector emissions,Fuel,Solar,ktCO2,15.93
India,IND,Uttarakhand,UT,state,2023,Power sector emissions,Fuel,Wind,ktCO2,0.0
India,IND,Uttarakhand,UT,state,2023,Power sector emissions,Total,Total emissions,ktCO2,594.59
India,IND,Uttarakhand,UT,state,2024,Capacity,Fuel,Bioenergy,MW,142.24
India,IND,Uttarakhand,UT,state,2024,Capacity,Fuel,Coal,MW,0.0
India,IND,Uttarakhand,UT,state,2024,Capacity,Fuel,Gas,MW,664.0
India,IND,Uttarakhand,UT,state,2024,Capacity,Fuel,Hydro,MW,4269.17
India,IND,Uttarakhand,UT,state,2024,Capacity,Fuel,Nuclear,MW,0.0
India,IND,Uttarakhand,UT,state,2024,Capacity,Fuel,Other Fossil,MW,0.0
India,IND,Uttarakhand,UT,state,2024,Capacity,Fuel,Other Renewables,MW,
India,IND,Uttarakhand,UT,state,2024,Capacity,Fuel,Solar,MW,593.07
India,IND,Uttarakhand,UT,state,2024,Capacity,Fuel,Wind,MW,0.0
India,IND,Uttarakhand,UT,state,2024,Electricity generation,Fuel,Bioenergy,%,1.47
India,IND,Uttarakhand,UT,state,2024,Electricity generation,Fuel,Coal,%,0.0
India,IND,Uttarakhand,UT,state,2024,Electricity generation,Fuel,Gas,%,6.46
India,IND,Uttarakhand,UT,state,2024,Electricity generation,Fuel,Hydro,%,90.1
India,IND,Uttarakhand,UT,state,2024,Electricity generation,Fuel,Nuclear,%,0.0
India,IND,Uttarakhand,UT,state,2024,Electricity generation,Fuel,Other Fossil,%,0.0
India,IND,Uttarakhand,UT,state,2024,Electricity generation,Fuel,Other Renewables,%,0.0
India,IND,Uttarakhand,UT,state,2024,Electricity generation,Fuel,Solar,%,1.96
India,IND,Uttarakhand,UT,state,2024,Electricity generation,Fuel,Wind,%,0.0
India,IND,Uttarakhand,UT,state,2024,Electricity generation,Fuel,Bioenergy,GWh,248.52
India,IND,Uttarakhand,UT,state,2024,Electricity generation,Fuel,Coal,GWh,0.0
India,IND,Uttarakhand,UT,state,2024,Electricity generation,Fuel,Gas,GWh,1092.13
India,IND,Uttarakhand,UT,state,2024,Electricity generation,Fuel,Hydro,GWh,15220.59
India,IND,Uttarakhand,UT,state,2024,Electricity generation,Fuel,Nuclear,GWh,0.0
India,IND,Uttarakhand,UT,state,2024,Electricity generation,Fuel,Other Fossil,GWh,0.0
India,IND,Uttarakhand,UT,state,2024,Electricity generation,Fuel,Other Renewables,GWh,0.0
India,IND,Uttarakhand,UT,state,2024,Electricity generation,Fuel,Solar,GWh,331.8
India,IND,Uttarakhand,UT,state,2024,Electricity generation,Fuel,Wind,GWh,0.0
India,IND,Uttarakhand,UT,state,2024,Electricity generation,Total,Total Generation,GWh,16893.04
India,IND,Uttarakhand,UT,state,2024,Power sector emissions,CO2 intensity,CO2 intensity,gCO2/kWh,57.63
India,IND,Uttarakhand,UT,state,2024,Power sector emissions,Fuel,Bioenergy,%,57.16
India,IND,Uttarakhand,UT,state,2024,Power sector emissions,Fuel,Coal,%,0.0
India,IND,Uttarakhand,UT,state,2024,Power sector emissions,Fuel,Gas,%,535.14
India,IND,Uttarakhand,UT,state,2024,Power sector emissions,Fuel,Hydro,%,365.29
India,IND,Uttarakhand,UT,state,2024,Power sector emissions,Fuel,Nuclear,%,0.0
India,IND,Uttarakhand,UT,state,2024,Power sector emissions,Fuel,Other Fossil,%,0.0
India,IND,Uttarakhand,UT,state,2024,Power sector emissions,Fuel,Other Renewables,%,0.0
India,IND,Uttarakhand,UT,state,2024,Power sector emissions,Fuel,Solar,%,15.93
India,IND,Uttarakhand,UT,state,2024,Power sector emissions,Fuel,Wind,%,0.0
India,IND,Uttarakhand,UT,state,2024,Power sector emissions,Fuel,Bioenergy,ktCO2,57.16
India,IND,Uttarakhand,UT,state,2024,Power sector emissions,Fuel,Coal,ktCO2,0.0
India,IND,Uttarakhand,UT,state,2024,Power sector emissions,Fuel,Gas,ktCO2,535.14
India,IND,Uttarakhand,UT,state,2024,Power sector emissions,Fuel,Hydro,ktCO2,365.29
India,IND,Uttarakhand,UT,state,2024,Power sector emissions,Fuel,Nuclear,ktCO2,0.0
India,IND,Uttarakhand,UT,state,2024,Power sector emissions,Fuel,Other Fossil,ktCO2,0.0
India,IND,Uttarakhand,UT,state,2024,Power sector emissions,Fuel,Other Renewables,ktCO2,0.0
India,IND,Uttarakhand,UT,state,2024,Power sector emissions,Fuel,Solar,ktCO2,15.93
India,IND,Uttarakhand,UT,state,2024,Power sector emissions,Fuel,Wind,ktCO2,0.0
India,IND,Uttarakhand,UT,state,2024,Power sector emissions,Total,Total emissions,ktCO2,973.52
India,IND,West Bengal,WB,state,2019,Capacity,Fuel,Bioenergy,MW,319.92
India,IND,West Bengal,WB,state,2019,Capacity,Fuel,Coal,MW,14275.0
India,IND,West Bengal,WB,state,2019,Capacity,Fuel,Gas,MW,80.0
India,IND,West Bengal,WB,state,2019,Capacity,Fuel,Hydro,MW,1439.7
India,IND,West Bengal,WB,state,2019,Capacity,Fuel,Nuclear,MW,0.0
India,IND,West Bengal,WB,state,2019,Capacity,Fuel,Other Fossil,MW,0.0
India,IND,West Bengal,WB,state,2019,Capacity,Fuel,Other Renewables,MW,0.0
India,IND,West Bengal,WB,state,2019,Capacity,Fuel,Solar,MW,109.41
India,IND,West Bengal,WB,state,2019,Capacity,Fuel,Wind,MW,0.0
India,IND,West Bengal,WB,state,2019,Electricity generation,Fuel,Bioenergy,%,1.59
India,IND,West Bengal,WB,state,2019,Electricity generation,Fuel,Coal,%,94.34
India,IND,West Bengal,WB,state,2019,Electricity generation,Fuel,Gas,%,0.0
India,IND,West Bengal,WB,state,2019,Electricity generation,Fuel,Hydro,%,4.0
India,IND,West Bengal,WB,state,2019,Electricity generation,Fuel,Nuclear,%,0.0
India,IND,West Bengal,WB,state,2019,Electricity generation,Fuel,Other Fossil,%,0.0
India,IND,West Bengal,WB,state,2019,Electricity generation,Fuel,Other Renewables,%,0.0
India,IND,West Bengal,WB,state,2019,Electricity generation,Fuel,Solar,%,0.08
India,IND,West Bengal,WB,state,2019,Electricity generation,Fuel,Wind,%,0.0
India,IND,West Bengal,WB,state,2019,Electricity generation,Fuel,Bioenergy,GWh,1232.97
India,IND,West Bengal,WB,state,2019,Electricity generation,Fuel,Coal,GWh,73318.42
India,IND,West Bengal,WB,state,2019,Electricity generation,Fuel,Gas,GWh,0.0
India,IND,West Bengal,WB,state,2019,Electricity generation,Fuel,Hydro,GWh,3106.23
India,IND,West Bengal,WB,state,2019,Electricity generation,Fuel,Nuclear,GWh,0.0
India,IND,West Bengal,WB,state,2019,Electricity generation,Fuel,Other Fossil,GWh,0.0
India,IND,West Bengal,WB,state,2019,Electricity generation,Fuel,Other Renewables,GWh,0.0
India,IND,West Bengal,WB,state,2019,Electricity generation,Fuel,Solar,GWh,61.49
India,IND,West Bengal,WB,state,2019,Electricity generation,Fuel,Wind,GWh,0.0
India,IND,West Bengal,WB,state,2019,Electricity generation,Total,Total Generation,GWh,77719.11
India,IND,West Bengal,WB,state,2019,Power sector emissions,CO2 intensity,CO2 intensity,gCO2/kWh,778.22
India,IND,West Bengal,WB,state,2019,Power sector emissions,Fuel,Bioenergy,%,283.58
India,IND,West Bengal,WB,state,2019,Power sector emissions,Fuel,Coal,%,60121.11
India,IND,West Bengal,WB,state,2019,Power sector emissions,Fuel,Gas,%,0.0
India,IND,West Bengal,WB,state,2019,Power sector emissions,Fuel,Hydro,%,74.55
India,IND,West Bengal,WB,state,2019,Power sector emissions,Fuel,Nuclear,%,0.0
India,IND,West Bengal,WB,state,2019,Power sector emissions,Fuel,Other Fossil,%,0.0
India,IND,West Bengal,WB,state,2019,Power sector emissions,Fuel,Other Renewables,%,0.0
India,IND,West Bengal,WB,state,2019,Power sector emissions,Fuel,Solar,%,2.95
India,IND,West Bengal,WB,state,2019,Power sector emissions,Fuel,Wind,%,0.0
India,IND,West Bengal,WB,state,2019,Power sector emissions,Fuel,Bioenergy,ktCO2,283.58
India,IND,West Bengal,WB,state,2019,Power sector emissions,Fuel,Coal,ktCO2,60121.11
India,IND,West Bengal,WB,state,2019,Power sector emissions,Fuel,Gas,ktCO2,0.0
India,IND,West Bengal,WB,state,2019,Power sector emissions,Fuel,Hydro,ktCO2,74.55
India,IND,West Bengal,WB,state,2019,Power sector emissions,Fuel,Nuclear,ktCO2,0.0
India,IND,West Bengal,WB,state,2019,Power sector emissions,Fuel,Other Fossil,ktCO2,0.0
India,IND,West Bengal,WB,state,2019,Power sector emissions,Fuel,Other Renewables,ktCO2,0.0
India,IND,West Bengal,WB,state,2019,Power sector emissions,Fuel,Solar,ktCO2,2.95
India,IND,West Bengal,WB,state,2019,Power sector emissions,Fuel,Wind,ktCO2,0.0
India,IND,West Bengal,WB,state,2019,Power sector emissions,Total,Total emissions,ktCO2,60482.19
India,IND,West Bengal,WB,state,2020,Capacity,Fuel,Bioenergy,MW,319.92
India,IND,West Bengal,WB,state,2020,Capacity,Fuel,Coal,MW,14165.0
India,IND,West Bengal,WB,state,2020,Capacity,Fuel,Gas,MW,80.0
India,IND,West Bengal,WB,state,2020,Capacity,Fuel,Hydro,MW,1439.7
India,IND,West Bengal,WB,state,2020,Capacity,Fuel,Nuclear,MW,0.0
India,IND,West Bengal,WB,state,2020,Capacity,Fuel,Other Fossil,MW,0.0
India,IND,West Bengal,WB,state,2020,Capacity,Fuel,Other Renewables,MW,0.0
India,IND,West Bengal,WB,state,2020,Capacity,Fuel,Solar,MW,149.84
India,IND,West Bengal,WB,state,2020,Capacity,Fuel,Wind,MW,0.0
India,IND,West Bengal,WB,state,2020,Electricity generation,Fuel,Bioenergy,%,0.61
India,IND,West Bengal,WB,state,2020,Electricity generation,Fuel,Coal,%,93.86
India,IND,West Bengal,WB,state,2020,Electricity generation,Fuel,Gas,%,0.0
India,IND,West Bengal,WB,state,2020,Electricity generation,Fuel,Hydro,%,4.32
India,IND,West Bengal,WB,state,2020,Electricity generation,Fuel,Nuclear,%,0.0
India,IND,West Bengal,WB,state,2020,Electricity generation,Fuel,Other Fossil,%,0.0
India,IND,West Bengal,WB,state,2020,Electricity generation,Fuel,Other Renewables,%,1.12
India,IND,West Bengal,WB,state,2020,Electricity generation,Fuel,Solar,%,0.09
India,IND,West Bengal,WB,state,2020,Electricity generation,Fuel,Wind,%,0.0
India,IND,West Bengal,WB,state,2020,Electricity generation,Fuel,Bioenergy,GWh,441.32
India,IND,West Bengal,WB,state,2020,Electricity generation,Fuel,Coal,GWh,68393.52
India,IND,West Bengal,WB,state,2020,Electricity generation,Fuel,Gas,GWh,0.0
India,IND,West Bengal,WB,state,2020,Electricity generation,Fuel,Hydro,GWh,3146.08
India,IND,West Bengal,WB,state,2020,Electricity generation,Fuel,Nuclear,GWh,0.0
India,IND,West Bengal,WB,state,2020,Electricity generation,Fuel,Other Fossil,GWh,0.0
India,IND,West Bengal,WB,state,2020,Electricity generation,Fuel,Other Renewables,GWh,819.25
India,IND,West Bengal,WB,state,2020,Electricity generation,Fuel,Solar,GWh,65.37
India,IND,West Bengal,WB,state,2020,Electricity generation,Fuel,Wind,GWh,0.0
India,IND,West Bengal,WB,state,2020,Electricity generation,Total,Total Generation,GWh,72865.54
India,IND,West Bengal,WB,state,2020,Power sector emissions,CO2 intensity,CO2 intensity,gCO2/kWh,772.57
India,IND,West Bengal,WB,state,2020,Power sector emissions,Fuel,Bioenergy,%,101.5
India,IND,West Bengal,WB,state,2020,Power sector emissions,Fuel,Coal,%,56082.68
India,IND,West Bengal,WB,state,2020,Power sector emissions,Fuel,Gas,%,0.0
India,IND,West Bengal,WB,state,2020,Power sector emissions,Fuel,Hydro,%,75.51
India,IND,West Bengal,WB,state,2020,Power sector emissions,Fuel,Nuclear,%,0.0
India,IND,West Bengal,WB,state,2020,Power sector emissions,Fuel,Other Fossil,%,0.0
India,IND,West Bengal,WB,state,2020,Power sector emissions,Fuel,Other Renewables,%,31.13
India,IND,West Bengal,WB,state,2020,Power sector emissions,Fuel,Solar,%,3.14
India,IND,West Bengal,WB,state,2020,Power sector emissions,Fuel,Wind,%,0.0
India,IND,West Bengal,WB,state,2020,Power sector emissions,Fuel,Bioenergy,ktCO2,101.5
India,IND,West Bengal,WB,state,2020,Power sector emissions,Fuel,Coal,ktCO2,56082.68
India,IND,West Bengal,WB,state,2020,Power sector emissions,Fuel,Gas,ktCO2,0.0
India,IND,West Bengal,WB,state,2020,Power sector emissions,Fuel,Hydro,ktCO2,75.51
India,IND,West Bengal,WB,state,2020,Power sector emissions,Fuel,Nuclear,ktCO2,0.0
India,IND,West Bengal,WB,state,2020,Power sector emissions,Fuel,Other Fossil,ktCO2,0.0
India,IND,West Bengal,WB,state,2020,Power sector emissions,Fuel,Other Renewables,ktCO2,31.13
India,IND,West Bengal,WB,state,2020,Power sector emissions,Fuel,Solar,ktCO2,3.14
India,IND,West Bengal,WB,state,2020,Power sector emissions,Fuel,Wind,ktCO2,0.0
India,IND,West Bengal,WB,state,2020,Power sector emissions,Total,Total emissions,ktCO2,56293.96
India,IND,West Bengal,WB,state,2021,Capacity,Fuel,Bioenergy,MW,322.45
India,IND,West Bengal,WB,state,2021,Capacity,Fuel,Coal,MW,14177.0
India,IND,West Bengal,WB,state,2021,Capacity,Fuel,Gas,MW,80.0
India,IND,West Bengal,WB,state,2021,Capacity,Fuel,Hydro,MW,1439.7
India,IND,West Bengal,WB,state,2021,Capacity,Fuel,Nuclear,MW,0.0
India,IND,West Bengal,WB,state,2021,Capacity,Fuel,Other Fossil,MW,0.0
India,IND,West Bengal,WB,state,2021,Capacity,Fuel,Other Renewables,MW,0.0
India,IND,West Bengal,WB,state,2021,Capacity,Fuel,Solar,MW,164.97
India,IND,West Bengal,WB,state,2021,Capacity,Fuel,Wind,MW,0.0
India,IND,West Bengal,WB,state,2021,Electricity generation,Fuel,Bioenergy,%,0.0
India,IND,West Bengal,WB,state,2021,Electricity generation,Fuel,Coal,%,94.27
India,IND,West Bengal,WB,state,2021,Electricity generation,Fuel,Gas,%,0.0
India,IND,West Bengal,WB,state,2021,Electricity generation,Fuel,Hydro,%,3.84
India,IND,West Bengal,WB,state,2021,Electricity generation,Fuel,Nuclear,%,0.0
India,IND,West Bengal,WB,state,2021,Electricity generation,Fuel,Other Fossil,%,0.0
India,IND,West Bengal,WB,state,2021,Electricity generation,Fuel,Other Renewables,%,1.78
India,IND,West Bengal,WB,state,2021,Electricity generation,Fuel,Solar,%,0.11
India,IND,West Bengal,WB,state,2021,Electricity generation,Fuel,Wind,%,0.0
India,IND,West Bengal,WB,state,2021,Electricity generation,Fuel,Bioenergy,GWh,0.0
India,IND,West Bengal,WB,state,2021,Electricity generation,Fuel,Coal,GWh,82664.09
India,IND,West Bengal,WB,state,2021,Electricity generation,Fuel,Gas,GWh,0.0
India,IND,West Bengal,WB,state,2021,Electricity generation,Fuel,Hydro,GWh,3369.9
India,IND,West Bengal,WB,state,2021,Electricity generation,Fuel,Nuclear,GWh,0.0
India,IND,West Bengal,WB,state,2021,Electricity generation,Fuel,Other Fossil,GWh,0.0
India,IND,West Bengal,WB,state,2021,Electricity generation,Fuel,Other Renewables,GWh,1561.84
India,IND,West Bengal,WB,state,2021,Electricity generation,Fuel,Solar,GWh,96.69
India,IND,West Bengal,WB,state,2021,Electricity generation,Fuel,Wind,GWh,0.0
India,IND,West Bengal,WB,state,2021,Electricity generation,Total,Total Generation,GWh,87692.52
India,IND,West Bengal,WB,state,2021,Power sector emissions,CO2 intensity,CO2 intensity,gCO2/kWh,774.63
India,IND,West Bengal,WB,state,2021,Power sector emissions,Fuel,Bioenergy,%,0.0
India,IND,West Bengal,WB,state,2021,Power sector emissions,Fuel,Coal,%,67784.56
India,IND,West Bengal,WB,state,2021,Power sector emissions,Fuel,Gas,%,0.0
India,IND,West Bengal,WB,state,2021,Power sector emissions,Fuel,Hydro,%,80.88
India,IND,West Bengal,WB,state,2021,Power sector emissions,Fuel,Nuclear,%,0.0
India,IND,West Bengal,WB,state,2021,Power sector emissions,Fuel,Other Fossil,%,0.0
India,IND,West Bengal,WB,state,2021,Power sector emissions,Fuel,Other Renewables,%,59.35
India,IND,West Bengal,WB,state,2021,Power sector emissions,Fuel,Solar,%,4.64
India,IND,West Bengal,WB,state,2021,Power sector emissions,Fuel,Wind,%,0.0
India,IND,West Bengal,WB,state,2021,Power sector emissions,Fuel,Bioenergy,ktCO2,0.0
India,IND,West Bengal,WB,state,2021,Power sector emissions,Fuel,Coal,ktCO2,67784.56
India,IND,West Bengal,WB,state,2021,Power sector emissions,Fuel,Gas,ktCO2,0.0
India,IND,West Bengal,WB,state,2021,Power sector emissions,Fuel,Hydro,ktCO2,80.88
India,IND,West Bengal,WB,state,2021,Power sector emissions,Fuel,Nuclear,ktCO2,0.0
India,IND,West Bengal,WB,state,2021,Power sector emissions,Fuel,Other Fossil,ktCO2,0.0
India,IND,West Bengal,WB,state,2021,Power sector emissions,Fuel,Other Renewables,ktCO2,59.35
India,IND,West Bengal,WB,state,2021,Power sector emissions,Fuel,Solar,ktCO2,4.64
India,IND,West Bengal,WB,state,2021,Power sector emissions,Fuel,Wind,ktCO2,0.0
India,IND,West Bengal,WB,state,2021,Power sector emissions,Total,Total emissions,ktCO2,67929.43
India,IND,West Bengal,WB,state,2022,Capacity,Fuel,Bioenergy,MW,323.7
India,IND,West Bengal,WB,state,2022,Capacity,Fuel,Coal,MW,13697.0
India,IND,West Bengal,WB,state,2022,Capacity,Fuel,Gas,MW,80.0
India,IND,West Bengal,WB,state,2022,Capacity,Fuel,Hydro,MW,1439.7
India,IND,West Bengal,WB,state,2022,Capacity,Fuel,Nuclear,MW,0.0
India,IND,West Bengal,WB,state,2022,Capacity,Fuel,Other Fossil,MW,0.0
India,IND,West Bengal,WB,state,2022,Capacity,Fuel,Other Renewables,MW,
India,IND,West Bengal,WB,state,2022,Capacity,Fuel,Solar,MW,179.83
India,IND,West Bengal,WB,state,2022,Capacity,Fuel,Wind,MW,0.0
India,IND,West Bengal,WB,state,2022,Electricity generation,Fuel,Bioenergy,%,0.0
India,IND,West Bengal,WB,state,2022,Electricity generation,Fuel,Coal,%,94.2
India,IND,West Bengal,WB,state,2022,Electricity generation,Fuel,Gas,%,0.0
India,IND,West Bengal,WB,state,2022,Electricity generation,Fuel,Hydro,%,3.85
India,IND,West Bengal,WB,state,2022,Electricity generation,Fuel,Nuclear,%,0.0
India,IND,West Bengal,WB,state,2022,Electricity generation,Fuel,Other Fossil,%,0.0
India,IND,West Bengal,WB,state,2022,Electricity generation,Fuel,Other Renewables,%,1.81
India,IND,West Bengal,WB,state,2022,Electricity generation,Fuel,Solar,%,0.13
India,IND,West Bengal,WB,state,2022,Electricity generation,Fuel,Wind,%,0.0
India,IND,West Bengal,WB,state,2022,Electricity generation,Fuel,Bioenergy,GWh,0.0
India,IND,West Bengal,WB,state,2022,Electricity generation,Fuel,Coal,GWh,86338.64
India,IND,West Bengal,WB,state,2022,Electricity generation,Fuel,Gas,GWh,0.0
India,IND,West Bengal,WB,state,2022,Electricity generation,Fuel,Hydro,GWh,3532.72
India,IND,West Bengal,WB,state,2022,Electricity generation,Fuel,Nuclear,GWh,0.0
India,IND,West Bengal,WB,state,2022,Electricity generation,Fuel,Other Fossil,GWh,0.0
India,IND,West Bengal,WB,state,2022,Electricity generation,Fuel,Other Renewables,GWh,1662.6
India,IND,West Bengal,WB,state,2022,Electricity generation,Fuel,Solar,GWh,119.68
India,IND,West Bengal,WB,state,2022,Electricity generation,Fuel,Wind,GWh,0.0
India,IND,West Bengal,WB,state,2022,Electricity generation,Total,Total Generation,GWh,91653.64
India,IND,West Bengal,WB,state,2022,Power sector emissions,CO2 intensity,CO2 intensity,gCO2/kWh,774.13
India,IND,West Bengal,WB,state,2022,Power sector emissions,Fuel,Bioenergy,%,0.0
India,IND,West Bengal,WB,state,2022,Power sector emissions,Fuel,Coal,%,70797.69
India,IND,West Bengal,WB,state,2022,Power sector emissions,Fuel,Gas,%,0.0
India,IND,West Bengal,WB,state,2022,Power sector emissions,Fuel,Hydro,%,84.79
India,IND,West Bengal,WB,state,2022,Power sector emissions,Fuel,Nuclear,%,0.0
India,IND,West Bengal,WB,state,2022,Power sector emissions,Fuel,Other Fossil,%,0.0
India,IND,West Bengal,WB,state,2022,Power sector emissions,Fuel,Other Renewables,%,63.18
India,IND,West Bengal,WB,state,2022,Power sector emissions,Fuel,Solar,%,5.74
India,IND,West Bengal,WB,state,2022,Power sector emissions,Fuel,Wind,%,0.0
India,IND,West Bengal,WB,state,2022,Power sector emissions,Fuel,Bioenergy,ktCO2,0.0
India,IND,West Bengal,WB,state,2022,Power sector emissions,Fuel,Coal,ktCO2,70797.69
India,IND,West Bengal,WB,state,2022,Power sector emissions,Fuel,Gas,ktCO2,0.0
India,IND,West Bengal,WB,state,2022,Power sector emissions,Fuel,Hydro,ktCO2,84.79
India,IND,West Bengal,WB,state,2022,Power sector emissions,Fuel,Nuclear,ktCO2,0.0
India,IND,West Bengal,WB,state,2022,Power sector emissions,Fuel,Other Fossil,ktCO2,0.0
India,IND,West Bengal,WB,state,2022,Power sector emissions,Fuel,Other Renewables,ktCO2,63.18
India,IND,West Bengal,WB,state,2022,Power sector emissions,Fuel,Solar,ktCO2,5.74
India,IND,West Bengal,WB,state,2022,Power sector emissions,Fuel,Wind,ktCO2,0.0
India,IND,West Bengal,WB,state,2022,Power sector emissions,Total,Total emissions,ktCO2,70951.4
India,IND,West Bengal,WB,state,2023,Capacity,Fuel,Bioenergy,MW,343.46
India,IND,West Bengal,WB,state,2023,Capacity,Fuel,Coal,MW,13487.0
India,IND,West Bengal,WB,state,2023,Capacity,Fuel,Gas,MW,80.0
India,IND,West Bengal,WB,state,2023,Capacity,Fuel,Hydro,MW,1439.7
India,IND,West Bengal,WB,state,2023,Capacity,Fuel,Nuclear,MW,0.0
India,IND,West Bengal,WB,state,2023,Capacity,Fuel,Other Fossil,MW,0.0
India,IND,West Bengal,WB,state,2023,Capacity,Fuel,Other Renewables,MW,
India,IND,West Bengal,WB,state,2023,Capacity,Fuel,Solar,MW,194.06
India,IND,West Bengal,WB,state,2023,Capacity,Fuel,Wind,MW,0.0
India,IND,West Bengal,WB,state,2023,Electricity generation,Fuel,Bioenergy,%,0.0
India,IND,West Bengal,WB,state,2023,Electricity generation,Fuel,Coal,%,94.94
India,IND,West Bengal,WB,state,2023,Electricity generation,Fuel,Gas,%,0.0
India,IND,West Bengal,WB,state,2023,Electricity generation,Fuel,Hydro,%,3.28
India,IND,West Bengal,WB,state,2023,Electricity generation,Fuel,Nuclear,%,0.0
India,IND,West Bengal,WB,state,2023,Electricity generation,Fuel,Other Fossil,%,0.0
India,IND,West Bengal,WB,state,2023,Electricity generation,Fuel,Other Renewables,%,1.62
India,IND,West Bengal,WB,state,2023,Electricity generation,Fuel,Solar,%,0.16
India,IND,West Bengal,WB,state,2023,Electricity generation,Fuel,Wind,%,0.0
India,IND,West Bengal,WB,state,2023,Electricity generation,Fuel,Bioenergy,GWh,0.0
India,IND,West Bengal,WB,state,2023,Electricity generation,Fuel,Coal,GWh,90215.68
India,IND,West Bengal,WB,state,2023,Electricity generation,Fuel,Gas,GWh,0.0
India,IND,West Bengal,WB,state,2023,Electricity generation,Fuel,Hydro,GWh,3116.67
India,IND,West Bengal,WB,state,2023,Electricity generation,Fuel,Nuclear,GWh,0.0
India,IND,West Bengal,WB,state,2023,Electricity generation,Fuel,Other Fossil,GWh,0.0
India,IND,West Bengal,WB,state,2023,Electricity generation,Fuel,Other Renewables,GWh,1538.08
India,IND,West Bengal,WB,state,2023,Electricity generation,Fuel,Solar,GWh,152.33
India,IND,West Bengal,WB,state,2023,Electricity generation,Fuel,Wind,GWh,0.0
India,IND,West Bengal,WB,state,2023,Electricity generation,Total,Total Generation,GWh,95022.76
India,IND,West Bengal,WB,state,2023,Power sector emissions,CO2 intensity,CO2 intensity,gCO2/kWh,780.0
India,IND,West Bengal,WB,state,2023,Power sector emissions,Fuel,Bioenergy,%,0.0
India,IND,West Bengal,WB,state,2023,Power sector emissions,Fuel,Coal,%,73976.86
India,IND,West Bengal,WB,state,2023,Power sector emissions,Fuel,Gas,%,0.0
India,IND,West Bengal,WB,state,2023,Power sector emissions,Fuel,Hydro,%,74.8
India,IND,West Bengal,WB,state,2023,Power sector emissions,Fuel,Nuclear,%,0.0
India,IND,West Bengal,WB,state,2023,Power sector emissions,Fuel,Other Fossil,%,0.0
India,IND,West Bengal,WB,state,2023,Power sector emissions,Fuel,Other Renewables,%,58.45
India,IND,West Bengal,WB,state,2023,Power sector emissions,Fuel,Solar,%,7.31
India,IND,West Bengal,WB,state,2023,Power sector emissions,Fuel,Wind,%,0.0
India,IND,West Bengal,WB,state,2023,Power sector emissions,Fuel,Bioenergy,ktCO2,0.0
India,IND,West Bengal,WB,state,2023,Power sector emissions,Fuel,Coal,ktCO2,73976.86
India,IND,West Bengal,WB,state,2023,Power sector emissions,Fuel,Gas,ktCO2,0.0
India,IND,West Bengal,WB,state,2023,Power sector emissions,Fuel,Hydro,ktCO2,74.8
India,IND,West Bengal,WB,state,2023,Power sector emissions,Fuel,Nuclear,ktCO2,0.0
India,IND,West Bengal,WB,state,2023,Power sector emissions,Fuel,Other Fossil,ktCO2,0.0
India,IND,West Bengal,WB,state,2023,Power sector emissions,Fuel,Other Renewables,ktCO2,58.45
India,IND,West Bengal,WB,state,2023,Power sector emissions,Fuel,Solar,ktCO2,7.31
India,IND,West Bengal,WB,state,2023,Power sector emissions,Fuel,Wind,ktCO2,0.0
India,IND,West Bengal,WB,state,2023,Power sector emissions,Total,Total emissions,ktCO2,74117.42
India,IND,West Bengal,WB,state,2024,Capacity,Fuel,Bioenergy,MW,348.36
India,IND,West Bengal,WB,state,2024,Capacity,Fuel,Coal,MW,13487.0
India,IND,West Bengal,WB,state,2024,Capacity,Fuel,Gas,MW,80.0
India,IND,West Bengal,WB,state,2024,Capacity,Fuel,Hydro,MW,1439.7
India,IND,West Bengal,WB,state,2024,Capacity,Fuel,Nuclear,MW,0.0
India,IND,West Bengal,WB,state,2024,Capacity,Fuel,Other Fossil,MW,0.0
India,IND,West Bengal,WB,state,2024,Capacity,Fuel,Other Renewables,MW,
India,IND,West Bengal,WB,state,2024,Capacity,Fuel,Solar,MW,310.62
India,IND,West Bengal,WB,state,2024,Capacity,Fuel,Wind,MW,0.0
India,IND,West Bengal,WB,state,2024,Electricity generation,Fuel,Bioenergy,%,0.0
India,IND,West Bengal,WB,state,2024,Electricity generation,Fuel,Coal,%,95.31
India,IND,West Bengal,WB,state,2024,Electricity generation,Fuel,Gas,%,0.0
India,IND,West Bengal,WB,state,2024,Electricity generation,Fuel,Hydro,%,2.9
India,IND,West Bengal,WB,state,2024,Electricity generation,Fuel,Nuclear,%,0.0
India,IND,West Bengal,WB,state,2024,Electricity generation,Fuel,Other Fossil,%,0.0
India,IND,West Bengal,WB,state,2024,Electricity generation,Fuel,Other Renewables,%,1.52
India,IND,West Bengal,WB,state,2024,Electricity generation,Fuel,Solar,%,0.27
India,IND,West Bengal,WB,state,2024,Electricity generation,Fuel,Wind,%,0.0
India,IND,West Bengal,WB,state,2024,Electricity generation,Fuel,Bioenergy,GWh,2.49
India,IND,West Bengal,WB,state,2024,Electricity generation,Fuel,Coal,GWh,92597.58
India,IND,West Bengal,WB,state,2024,Electricity generation,Fuel,Gas,GWh,0.0
India,IND,West Bengal,WB,state,2024,Electricity generation,Fuel,Hydro,GWh,2817.56
India,IND,West Bengal,WB,state,2024,Electricity generation,Fuel,Nuclear,GWh,0.0
India,IND,West Bengal,WB,state,2024,Electricity generation,Fuel,Other Fossil,GWh,0.0
India,IND,West Bengal,WB,state,2024,Electricity generation,Fuel,Other Renewables,GWh,1473.54
India,IND,West Bengal,WB,state,2024,Electricity generation,Fuel,Solar,GWh,263.22
India,IND,West Bengal,WB,state,2024,Electricity generation,Fuel,Wind,GWh,0.0
India,IND,West Bengal,WB,state,2024,Electricity generation,Total,Total Generation,GWh,97154.39
India,IND,West Bengal,WB,state,2024,Power sector emissions,CO2 intensity,CO2 intensity,gCO2/kWh,782.95
India,IND,West Bengal,WB,state,2024,Power sector emissions,Fuel,Bioenergy,%,0.57
India,IND,West Bengal,WB,state,2024,Power sector emissions,Fuel,Coal,%,75930.01
India,IND,West Bengal,WB,state,2024,Power sector emissions,Fuel,Gas,%,0.0
India,IND,West Bengal,WB,state,2024,Power sector emissions,Fuel,Hydro,%,67.62
India,IND,West Bengal,WB,state,2024,Power sector emissions,Fuel,Nuclear,%,0.0
India,IND,West Bengal,WB,state,2024,Power sector emissions,Fuel,Other Fossil,%,0.0
India,IND,West Bengal,WB,state,2024,Power sector emissions,Fuel,Other Renewables,%,55.99
India,IND,West Bengal,WB,state,2024,Power sector emissions,Fuel,Solar,%,12.63
India,IND,West Bengal,WB,state,2024,Power sector emissions,Fuel,Wind,%,0.0
India,IND,West Bengal,WB,state,2024,Power sector emissions,Fuel,Bioenergy,ktCO2,0.57
India,IND,West Bengal,WB,state,2024,Power sector emissions,Fuel,Coal,ktCO2,75930.01
India,IND,West Bengal,WB,state,2024,Power sector emissions,Fuel,Gas,ktCO2,0.0
India,IND,West Bengal,WB,state,2024,Power sector emissions,Fuel,Hydro,ktCO2,67.62
India,IND,West Bengal,WB,state,2024,Power sector emissions,Fuel,Nuclear,ktCO2,0.0
India,IND,West Bengal,WB,state,2024,Power sector emissions,Fuel,Other Fossil,ktCO2,0.0
India,IND,West Bengal,WB,state,2024,Power sector emissions,Fuel,Other Renewables,ktCO2,55.99
India,IND,West Bengal,WB,state,2024,Power sector emissions,Fuel,Solar,ktCO2,12.63
India,IND,West Bengal,WB,state,2024,Power sector emissions,Fuel,Wind,ktCO2,0.0
India,IND,West Bengal,WB,state,2024,Power sector emissions,Total,Total emissions,ktCO2,76066.82
